date,BHP_AX,RIO_AX,S32_AX,2899_HK,0358_HK,1208_HK
2014-06-02,14.115579605102539,28.14164161682129,,,,
2014-06-03,14.042277336120605,28.34119415283203,,1.2374262809753418,8.86704158782959,1.8233879804611206
2014-06-04,13.949694633483887,28.241411209106445,,1.2378425598144531,8.717212677001953,1.8139890432357788
2014-06-05,13.965123176574707,28.34119415283203,,1.2451238632202148,8.689970970153809,1.795192003250122
2014-06-06,13.980557441711426,28.222414016723633,,1.2232797145843506,8.78531551361084,1.8421859741210938
2014-06-09,,,,1.2087165117263794,8.676349639892578,1.87978196144104
2014-06-10,13.99598503112793,28.33643913269043,,1.2159979343414307,8.73083209991455,1.8891810178756714
2014-06-11,13.864824295043945,28.222414016723633,,1.2305610179901123,8.649110794067383,1.8891810178756714
2014-06-12,13.776094436645508,27.899328231811523,,1.2524051666259766,8.73083209991455,1.8985799551010132
2014-06-13,13.614068031311035,27.367183685302734,,1.2596867084503174,8.744453430175781,1.8891810178756714
2014-06-16,13.741376876831055,27.566728591918945,,1.27424955368042,8.779150009155273,1.8891810178756714
2014-06-17,13.641073226928711,27.29591178894043,,1.2378425598144531,8.650254249572754,1.8421859741210938
2014-06-18,13.610206604003906,27.509723663330078,,1.2524051666259766,8.578644752502441,1.8985799551010132
2014-06-19,14.053852081298828,28.14638900756836,,1.2305610179901123,8.607290267944336,1.9549729824066162
2014-06-20,13.86867904663086,27.799551010131836,,1.27424955368042,8.650254249572754,1.8703830242156982
2014-06-23,14.061568260192871,28.507482528686523,,1.2596867084503174,8.707541465759277,1.8985799551010132
2014-06-24,14.065425872802734,28.284175872802734,,1.2669678926467896,8.707541465759277,1.9267760515213013
2014-06-25,13.96898078918457,28.06562042236328,,1.2669678926467896,8.678898811340332,1.91737699508667
2014-06-26,14.080855369567871,28.45996856689453,,1.2669678926467896,8.893721580505371,2.0771589279174805
2014-06-27,14.049997329711914,28.53598976135254,,1.27424955368042,8.850757598876953,2.189945936203003
2014-06-30,13.84939193725586,28.179645538330078,,1.2815308570861816,8.779150009155273,2.180546998977661
2014-07-01,13.887969017028809,28.72129249572754,,,,
2014-07-02,14.215875625610352,29.457731246948242,,1.2815308570861816,9.409300804138184,2.2557380199432373
2014-07-03,14.362475395202637,29.671537399291992,,1.3106564283370972,9.55251693725586,2.3027329444885254
2014-07-04,14.493640899658203,29.74280548095703,,1.3106564283370972,9.710054397583008,2.359126091003418
2014-07-07,14.532217025756836,29.590770721435547,,1.288812518119812,9.566838264465332,2.349726915359497
2014-07-08,14.501357078552246,29.643030166625977,,1.2815308570861816,9.581159591674805,2.3779239654541016
2014-07-09,14.37019157409668,29.524255752563477,,1.288812518119812,9.566838264465332,2.33092999458313
2014-07-10,14.43191146850586,29.652530670166016,,1.2960939407348633,9.48090648651123,2.3685250282287598
2014-07-11,14.4974946975708,29.524255752563477,,1.288812518119812,9.86759090423584,2.406121015548706
2014-07-14,14.605515480041504,29.619279861450195,,1.3179380893707275,9.967844009399414,2.443716049194336
2014-07-15,14.67109203338623,29.980363845825195,,1.3179380893707275,9.939199447631836,2.4813120365142822
2014-07-16,14.755966186523438,30.37947654724121,,1.3106564283370972,9.99648666381836,2.5940990447998047
2014-07-17,14.8717041015625,30.764333724975586,,1.3106564283370972,9.824626922607422,2.6034979820251465
2014-07-18,14.80997371673584,30.5457706451416,,1.3106564283370972,9.924877166748047,2.5471038818359375
2014-07-21,14.744393348693848,30.265443801879883,,1.2960939407348633,9.79598331451416,2.5471038818359375
2014-07-22,14.856269836425781,30.46975326538086,,1.3252195119857788,10.025129318237305,2.5565030574798584
2014-07-23,15.037583351135254,30.6597957611084,,1.3907521963119507,10.555028915405273,2.6128969192504883
2014-07-24,15.068443298339844,31.00188446044922,,1.398033857345581,10.48342227935791,2.6504929065704346
2014-07-25,15.04530143737793,30.92586326599121,,1.4125968217849731,10.66960334777832,2.7726778984069824
2014-07-28,15.083877563476562,31.054157257080078,,1.4417225122451782,10.755533218383789,2.894864082336426
2014-07-29,15.068443298339844,31.239456176757812,,1.4344409704208374,10.87010383605957,2.9982519149780273
2014-07-30,15.04530143737793,31.39149284362793,,1.398033857345581,10.626636505126953,2.9888529777526855
2014-07-31,14.921853065490723,31.53877830505371,,1.4708480834960938,10.626636505126953,2.9136619567871094
2014-08-01,14.817688941955566,31.073156356811523,,1.4271595478057861,10.411812782287598,2.791476011276245
2014-08-04,14.775253295898438,31.087411880493164,,1.463566541671753,10.540706634521484,2.838470935821533
2014-08-05,14.663379669189453,31.039905548095703,,1.4417225122451782,10.655279159545898,2.8290719985961914
2014-08-06,14.782970428466797,31.272703170776367,,1.4926923513412476,10.655279159545898,2.8290719985961914
2014-08-07,14.840837478637695,31.510269165039062,,1.4926923513412476,10.469099044799805,2.8102738857269287
2014-08-08,14.559221267700195,31.562538146972656,,1.4999736547470093,10.225631713867188,2.7726778984069824
2014-08-11,14.667236328125,31.714570999145508,,1.543662190437317,10.540706634521484,2.7632789611816406
2014-08-12,14.883275032043457,32.22296142578125,,1.5655065774917603,10.512063980102539,2.8196730613708496
2014-08-13,14.75210952758789,31.71198844909668,,1.5655065774917603,10.526386260986328,2.8666670322418213
2014-08-14,14.721245765686035,31.38391876220703,,1.543662190437317,10.35452651977539,2.8196730613708496
2014-08-15,15.06458854675293,31.499704360961914,,1.558225154876709,10.426135063171387,2.8102738857269287
2014-08-18,15.103165626525879,31.52865219116211,,1.5363810062408447,10.311562538146973,2.791476011276245
2014-08-19,15.307629585266113,32.03523254394531,,1.50725519657135,10.397491455078125,2.7820770740509033
2014-08-20,14.709670066833496,31.83260726928711,,1.50725519657135,10.297240257263184,2.5283069610595703
2014-08-21,14.67109203338623,31.649269104003906,,1.463566541671753,10.297240257263184,2.5940990447998047
2014-08-22,14.582364082336426,31.552778244018555,,1.4926923513412476,10.325883865356445,2.706886053085327
2014-08-25,14.37019157409668,31.137863159179688,,1.4490036964416504,10.368846893310547,2.669290065765381
2014-08-26,14.358617782592773,30.930402755737305,,1.463566541671753,10.340206146240234,2.6128969192504883
2014-08-27,14.40105152130127,30.940053939819336,,1.463566541671753,10.23995304107666,2.631695032119751
2014-08-28,14.227455139160156,30.423826217651367,,1.463566541671753,9.967844009399414,2.6034979820251465
2014-08-29,14.146438598632812,30.21636390686035,,1.4708480834960938,9.81030559539795,2.6504929065704346
2014-09-01,14.158012390136719,30.298383712768555,,1.4344409704208374,9.767338752746582,2.65989089012146
2014-09-02,14.235167503356934,30.40935707092285,,1.4490036964416504,9.896234512329102,2.669290065765381
2014-09-03,14.272873878479004,30.076457977294922,,1.4490036964416504,10.154024124145508,2.7726778984069824
2014-09-04,14.201905250549316,29.97996711730957,,1.478129506111145,10.139701843261719,2.8196730613708496
2014-09-05,14.056026458740234,29.574695587158203,,1.4999736547470093,10.182666778564453,2.800874948501587
2014-09-08,14.059964179992676,29.439603805541992,,1.4854108095169067,10.211310386657715,2.791476011276245
2014-09-09,14.23344898223877,29.801456451416016,,,,
2014-09-10,14.115165710449219,29.6856632232666,,1.4562852382659912,9.939199447631836,2.7726778984069824
2014-09-11,13.996879577636719,29.700145721435547,,1.4490036964416504,9.924877166748047,2.7726778984069824
2014-09-12,14.111223220825195,29.85934829711914,,1.4198782444000244,9.896234512329102,2.7538809776306152
2014-09-15,14.052082061767578,29.748382568359375,,1.4198782444000244,9.73869800567627,2.7256839275360107
2014-09-16,14.091506958007812,29.82075309753418,,1.4344409704208374,9.595479965209961,2.6880879402160645
2014-09-17,14.130937576293945,29.936540603637695,,1.4344409704208374,9.853271484375,2.7256839275360107
2014-09-18,14.067853927612305,29.90276527404785,,1.4271595478057861,9.781661033630371,2.7256839275360107
2014-09-19,13.988996505737305,29.714614868164062,,1.4198782444000244,9.838949203491211,2.7820770740509033
2014-09-22,13.744542121887207,28.97162628173828,,1.4271595478057861,9.538193702697754,2.706886053085327
2014-09-23,13.780030250549316,29.043994903564453,,1.4125968217849731,9.466585159301758,2.7444820404052734
2014-09-24,13.677515029907227,29.309341430664062,,1.4198782444000244,9.55251693725586,2.7256839275360107
2014-09-25,13.716944694519043,29.671188354492188,,1.4271595478057861,9.394980430603027,2.7256839275360107
2014-09-26,13.468549728393555,29.00057029724121,,1.4053150415420532,9.30904769897461,2.7350831031799316
2014-09-29,13.295066833496094,28.566354751586914,,1.4125968217849731,9.16583251953125,2.6880879402160645
2014-09-30,13.354207038879395,28.744873046875,,1.3761894702911377,9.151511192321777,2.5565030574798584
2014-10-01,13.401525497436523,28.590486526489258,,,,
2014-10-02,13.26746654510498,28.436092376708984,,,,
2014-10-03,13.18861198425293,28.368553161621094,,1.3616266250610352,9.065580368041992,2.6504929065704346
2014-10-06,12.892903327941895,27.784774780273438,,1.3907521963119507,9.266083717346191,2.631695032119751
2014-10-07,13.105813980102539,28.981273651123047,,1.4053150415420532,9.380658149719238,2.669290065765381
2014-10-08,12.948105812072754,28.508459091186523,,1.383471131324768,9.194476127624512,2.6504929065704346
2014-10-09,13.097928047180176,28.479516983032227,,1.4198782444000244,9.30904769897461,2.65989089012146
2014-10-10,12.739134788513184,27.625568389892578,,1.398033857345581,9.122867584228516,2.631695032119751
2014-10-13,12.853472709655762,28.156274795532227,,1.398033857345581,9.16583251953125,2.622296094894409
2014-10-14,13.18861198425293,29.30451774597168,,1.4053150415420532,9.208797454833984,2.622296094894409
2014-10-15,13.326607704162598,29.425138473510742,,1.4053150415420532,9.337691307067871,2.6128969192504883
2014-10-16,13.1412992477417,28.89443016052246,,1.398033857345581,9.194476127624512,2.5283069610595703
2014-10-17,13.168896675109863,28.643552780151367,,1.3907521963119507,9.266083717346191,2.4625139236450195
2014-10-20,13.342381477355957,28.817243576049805,,1.4053150415420532,9.194476127624512,2.5283069610595703
2014-10-21,13.30689525604248,28.933019638061523,,1.3907521963119507,9.151511192321777,2.443716049194336
2014-10-22,13.511920928955078,29.531267166137695,,1.4053150415420532,9.194476127624512,2.490710973739624
2014-10-23,13.26352310180664,28.884782791137695,,1.383471131324768,9.23744010925293,2.4249188899993896
2014-10-24,13.302955627441406,28.97162628173828,,1.3907521963119507,9.180152893066406,2.3873229026794434
2014-10-27,13.330549240112305,28.846187591552734,,1.3616266250610352,9.079903602600098,2.227541923522949
2014-10-28,13.137354850769043,28.479516983032227,,1.4053150415420532,9.22311782836914,2.359126091003418
2014-10-29,13.318721771240234,28.778648376464844,,1.4344409704208374,9.55251693725586,2.3685250282287598
2014-10-30,13.228042602539062,28.609779357910156,,1.4417225122451782,9.710054397583008,2.3873229026794434
2014-10-31,13.389693260192871,29.145305633544922,,1.4490036964416504,9.86759090423584,2.4343180656433105
2014-11-03,13.291123390197754,28.84136199951172,,1.4562852382659912,9.86759090423584,2.490710973739624
2014-11-04,13.409406661987305,29.11635971069336,,1.4490036964416504,9.953520774841309,2.5095090866088867
2014-11-05,13.334498405456543,29.02469825744629,,1.4417225122451782,9.781661033630371,2.3873229026794434
2014-11-06,13.318721771240234,28.9475040435791,,1.4271595478057861,9.667088508605957,2.3873229026794434
2014-11-07,13.59865951538086,29.285226821899414,,1.4198782444000244,9.73869800567627,2.3685250282287598
2014-11-10,13.67357349395752,29.545751571655273,,1.5290992259979248,10.039451599121094,2.4719130992889404
2014-11-11,13.472491264343262,29.193552017211914,,1.5509437322616577,9.781661033630371,2.443716049194336
2014-11-12,13.090043067932129,28.662853240966797,,1.5727882385253906,9.824626922607422,2.490710973739624
2014-11-13,13.10975456237793,28.80277442932129,,1.5946322679519653,9.939199447631836,2.490710973739624
2014-11-14,13.10975456237793,28.97162628173828,,1.5946322679519653,9.953520774841309,2.5283069610595703
2014-11-17,13.097928047180176,28.899253845214844,,1.4999736547470093,9.595479965209961,2.575300931930542
2014-11-18,13.082157135009766,28.691802978515625,,1.4490036964416504,9.538193702697754,2.4719130992889404
2014-11-19,12.881074905395508,27.972932815551758,,1.463566541671753,9.409300804138184,2.3967220783233643
2014-11-20,12.538049697875977,27.21547508239746,,1.4490036964416504,9.394980430603027,2.4343180656433105
2014-11-21,12.498624801635742,27.21547508239746,,1.4708480834960938,9.452264785766602,2.4625139236450195
2014-11-24,12.971758842468262,28.12731170654297,,1.4999736547470093,9.967844009399414,2.537705898284912
2014-11-25,12.656335830688477,27.697935104370117,,1.5363810062408447,9.924877166748047,2.5565030574798584
2014-11-26,12.825879096984863,28.17074203491211,,1.5363810062408447,10.082415580749512,2.584700107574463
2014-11-27,12.616907119750977,27.99222755432129,,1.5290992259979248,10.025129318237305,2.6034979820251465
2014-11-28,12.191084861755371,28.513288497924805,,1.50725519657135,9.967844009399414,2.5283069610595703
2014-12-01,11.54053020477295,27.33609390258789,,1.4490036964416504,9.394980430603027,2.4343180656433105
2014-12-02,11.986061096191406,27.948816299438477,,1.4999736547470093,9.423622131347656,2.5471038818359375
2014-12-03,12.001834869384766,27.972932815551758,,1.5218180418014526,9.609803199768066,2.4719130992889404
2014-12-04,12.1792573928833,28.551891326904297,,1.543662190437317,10.025129318237305,2.4719130992889404
2014-12-05,11.993946075439453,27.567670822143555,,1.5218180418014526,10.154024124145508,2.4813120365142822
2014-12-08,11.867781639099121,27.562847137451172,,1.5145366191864014,10.111059188842773,2.4625139236450195
2014-12-09,11.386759757995605,26.776437759399414,,1.5145366191864014,9.609803199768066,2.283935070037842
2014-12-10,11.587841987609863,27.210649490356445,,1.5509437322616577,9.710054397583008,2.3403279781341553
2014-12-11,11.434074401855469,26.55451011657715,,1.5218180418014526,9.652767181396484,2.3027329444885254
2014-12-12,11.221161842346191,25.89354133605957,,1.5290992259979248,9.538193702697754,2.312131881713867
2014-12-15,11.169905662536621,25.811525344848633,,1.5363810062408447,9.72437572479248,2.274535894393921
2014-12-16,10.811111450195312,25.401437759399414,,1.5363810062408447,9.538193702697754,2.199345111846924
2014-12-17,10.846599578857422,25.75362777709961,,1.50725519657135,9.380658149719238,2.1711480617523193
2014-12-18,11.05556583404541,26.404951095581055,,1.5218180418014526,9.48090648651123,2.2463390827178955
2014-12-19,11.426187515258789,27.157583236694336,,1.5800697803497314,9.595479965209961,2.2087440490722656
2014-12-22,11.765266418457031,27.852323532104492,,1.5946322679519653,9.767338752746582,2.2933340072631836
2014-12-23,11.359158515930176,26.926000595092773,,1.5509437322616577,9.609803199768066,2.283935070037842
2014-12-24,11.422246932983398,27.30231475830078,,1.558225154876709,9.55251693725586,2.283935070037842
2014-12-29,11.706128120422363,28.0067138671875,,1.6164766550064087,9.538193702697754,2.2463390827178955
2014-12-30,11.62332820892334,27.770299911499023,,1.5800697803497314,9.452264785766602,2.2463390827178955
2014-12-31,11.579955101013184,27.982580184936523,,1.6019136905670166,9.523872375488281,2.2557380199432373
2015-01-02,11.64698314666748,28.141801834106445,,1.6091952323913574,9.566838264465332,2.33092999458313
2015-01-05,11.62332820892334,28.21416473388672,,1.6674461364746094,9.98216438293457,2.359126091003418
2015-01-06,11.08316421508789,27.784774780273438,,1.6820094585418701,9.967844009399414,2.349726915359497
2015-01-07,11.08316421508789,27.640039443969727,,1.7184163331985474,9.98216438293457,2.349726915359497
2015-01-08,11.189620018005371,28.296184539794922,,1.783949613571167,10.082415580749512,2.359126091003418
2015-01-09,11.49715518951416,28.658031463623047,,1.7766677141189575,9.967844009399414,2.3685250282287598
2015-01-12,11.240877151489258,28.22381019592285,,1.7548238039016724,9.81030559539795,2.321531057357788
2015-01-13,11.027965545654297,27.722063064575195,,1.7985121011734009,9.753016471862793,2.33092999458313
2015-01-14,10.724370956420898,26.795734405517578,,1.6965724229812622,9.180152893066406,2.2181429862976074
2015-01-15,10.606087684631348,26.13959503173828,,1.6601650714874268,9.03693962097168,2.0865581035614014
2015-01-16,10.665230751037598,25.99968147277832,,1.7184163331985474,8.993972778320312,2.048962116241455
2015-01-19,10.925453186035156,26.12994384765625,,1.7475425004959106,9.022616386413574,2.0865581035614014
2015-01-20,10.834770202636719,25.90319061279297,,1.7475425004959106,9.208797454833984,2.1147549152374268
2015-01-21,11.059508323669434,26.578632354736328,,1.8349193334579468,9.280406951904297,2.2087440490722656
2015-01-22,11.374932289123535,27.25889778137207,,1.8567636013031006,9.394980430603027,2.2087440490722656
2015-01-23,11.583895683288574,27.432586669921875,,1.907733678817749,9.423622131347656,2.1711480617523193
2015-01-26,,,,1.9004521369934082,9.194476127624512,2.1523499488830566
2015-01-27,11.414360046386719,27.40363883972168,,1.8203566074371338,9.137189865112305,2.142951011657715
2015-01-28,11.410414695739746,27.4904727935791,,1.8276379108428955,9.137189865112305,2.1711480617523193
2015-01-29,11.414360046386719,27.52424430847168,,1.769386649131775,8.993972778320312,2.0865581035614014
2015-01-30,11.53658676147461,27.770299911499023,,1.711134910583496,9.065580368041992,2.0865581035614014
2015-02-02,11.67064094543457,27.726884841918945,,1.783949613571167,9.065580368041992,2.0865581035614014
2015-02-03,12.08463191986084,28.26241111755371,,1.7766677141189575,9.094225883483887,2.133552074432373
2015-02-04,12.612963676452637,29.299699783325195,,1.7256979942321777,9.280406951904297,2.2181429862976074
2015-02-05,12.364567756652832,29.043994903564453,,1.6892907619476318,9.22311782836914,2.274535894393921
2015-02-06,12.439485549926758,29.236982345581055,,1.6674461364746094,9.208797454833984,2.189945936203003
2015-02-09,12.313313484191895,29.097061157226562,,1.6601650714874268,9.180152893066406,2.142951011657715
2015-02-10,12.376397132873535,29.285226821899414,,1.6674461364746094,9.137189865112305,2.105355978012085
2015-02-11,12.210801124572754,28.851011276245117,,1.6674461364746094,9.122867584228516,2.0677599906921387
2015-02-12,12.104347229003906,28.899253845214844,,1.6747277975082397,9.16583251953125,2.048962116241455
2015-02-13,12.683937072753906,30.776018142700195,,1.6820094585418701,9.30904769897461,2.058361053466797
2015-02-16,12.837703704833984,30.660234451293945,,1.6747277975082397,9.409300804138184,2.0207650661468506
2015-02-17,12.833761215209961,30.6361083984375,,1.6456024646759033,9.36633586883545,2.0301640033721924
2015-02-18,13.003301620483398,30.57821273803711,,1.6528836488723755,9.323371887207031,2.0301640033721924
2015-02-19,12.814048767089844,30.703651428222656,,,,
2015-02-20,12.735193252563477,30.756725311279297,,,,
2015-02-23,12.66421890258789,30.838735580444336,,1.6528836488723755,9.30904769897461,2.0301640033721924
2015-02-24,13.034839630126953,30.462427139282227,,1.6310395002365112,9.266083717346191,2.0207650661468506
2015-02-25,13.208324432373047,30.67470359802246,,1.6528836488723755,9.394980430603027,2.1147549152374268
2015-02-26,13.23198413848877,30.73259925842285,,1.7184163331985474,9.581159591674805,2.105355978012085
2015-02-27,13.26746654510498,31.07514762878418,,1.6747277975082397,9.48090648651123,2.1711480617523193
2015-03-02,13.452781677246094,31.649269104003906,,1.6747277975082397,9.624124526977539,2.133552074432373
2015-03-03,13.224096298217773,31.263301849365234,,1.6747277975082397,9.380658149719238,2.058361053466797
2015-03-04,13.133411407470703,30.833314895629883,,1.6747277975082397,9.29472541809082,2.0301640033721924
2015-03-05,13.07426929473877,30.21566390991211,,1.6601650714874268,9.280406951904297,2.058361053466797
2015-03-06,12.869248390197754,29.840126037597656,,1.6820094585418701,9.394980430603027,2.0865581035614014
2015-03-09,12.67604923248291,29.252119064331055,,1.62375807762146,9.409300804138184,2.095957040786743
2015-03-10,12.581422805786133,28.930940628051758,,1.5800697803497314,9.437942504882812,2.058361053466797
2015-03-11,12.333928108215332,28.594938278198242,,1.558225154876709,9.36633586883545,2.0301640033721924
2015-03-12,12.281064987182617,28.4121036529541,,1.5800697803497314,9.29472541809082,1.9737709760665894
2015-03-13,12.102134704589844,28.31328010559082,,1.5509437322616577,9.337691307067871,2.048962116241455
2015-03-16,11.955739974975586,28.51093292236328,,1.543662190437317,9.30904769897461,2.048962116241455
2015-03-17,12.106203079223633,28.580116271972656,,1.558225154876709,9.337691307067871,2.039562940597534
2015-03-18,12.281064987182617,28.767881393432617,,1.558225154876709,9.423622131347656,2.0019679069519043
2015-03-19,12.435596466064453,28.80739974975586,,1.5800697803497314,9.581159591674805,2.039562940597534
2015-03-20,12.472195625305176,28.95071029663086,,1.5946322679519653,9.566838264465332,2.0301640033721924
2015-03-23,12.606392860412598,28.7629337310791,,1.5727882385253906,9.667088508605957,2.0865581035614014
2015-03-24,12.695859909057617,28.347881317138672,,1.6892907619476318,9.72437572479248,2.1617488861083984
2015-03-25,12.651126861572266,28.081052780151367,,1.6892907619476318,9.710054397583008,2.189945936203003
2015-03-26,12.516927719116211,27.917987823486328,,1.6528836488723755,9.581159591674805,2.321531057357788
2015-03-27,12.504729270935059,27.942689895629883,,1.6456024646759033,9.538193702697754,2.2933340072631836
2015-03-30,12.240400314331055,27.596811294555664,,1.7475425004959106,10.154024124145508,2.443716049194336
2015-03-31,12.618592262268066,28.2786922454834,,1.7912306785583496,10.325883865356445,2.3967220783233643
2015-04-01,12.337995529174805,27.87351417541504,,1.7912306785583496,10.254276275634766,2.4531149864196777
2015-04-02,12.289199829101562,27.562213897705078,,1.907733678817749,10.454778671264648,2.4625139236450195
2015-04-07,12.382728576660156,27.745040893554688,,,,
2015-04-08,12.500662803649902,28.1650447845459,,2.1043317317962646,12.230657577514648,2.7444820404052734
2015-04-09,12.27700138092041,27.957515716552734,,2.1553022861480713,11.8296537399292,2.9136619567871094
2015-04-10,12.256668090820312,28.110694885253906,,2.2790865898132324,11.657793045043945,2.885464906692505
2015-04-13,11.963872909545898,27.32503890991211,,2.31549334526062,12.101763725280762,2.932460069656372
2015-04-14,11.841876029968262,27.157041549682617,,2.3009305000305176,11.629148483276367,2.8666670322418213
2015-04-15,12.000473976135254,27.586929321289062,,2.2790865898132324,11.442967414855957,2.791476011276245
2015-04-16,12.293266296386719,27.606691360473633,,2.3082120418548584,11.672115325927734,2.894864082336426
2015-04-17,12.18753719329834,27.221271514892578,,2.3082120418548584,11.715080261230469,3.0358479022979736
2015-04-20,12.126537322998047,27.008798599243164,,2.191709280014038,11.185181617736816,2.9136619567871094
2015-04-21,12.443727493286133,27.42386245727539,,2.1771459579467773,11.32839584350586,2.9136619567871094
2015-04-22,12.30953311920166,27.275625228881836,,2.1771459579467773,11.571863174438477,2.9606568813323975
2015-04-23,12.630792617797852,27.81916046142578,,2.1771459579467773,11.600508689880371,2.9982519149780273
2015-04-24,13.033384323120117,28.555408477783203,,2.1771459579467773,11.457290649414062,3.0358479022979736
2015-04-27,13.244844436645508,29.533771514892578,,2.1771459579467773,11.786687850952148,3.1298370361328125
2015-04-28,13.183843612670898,29.04952621459961,,2.1771459579467773,11.543222427368164,3.1392359733581543
2015-04-29,13.029318809509277,28.5158748626709,,2.1771459579467773,11.786687850952148,3.167433023452759
2015-04-30,13.000850677490234,28.23917007446289,,2.1771459579467773,11.514577865600586,3.1298370361328125
2015-05-01,13.216379165649414,28.80246925354004,,,,
2015-05-04,13.562036514282227,29.598003387451172,,2.1771459579467773,11.958548545837402,3.2144269943237305
2015-05-05,13.240777969360352,29.390470504760742,,2.1771459579467773,11.528898239135742,3.0452470779418945
2015-05-06,13.155381202697754,29.21259307861328,,2.1771459579467773,11.614828109741211,2.9982519149780273
2015-05-07,12.968316078186035,28.926000595092773,,2.1771459579467773,11.242467880249023,2.923060894012451
2015-05-08,12.728392601013184,28.871646881103516,,2.1771459579467773,11.371360778808594,2.9888529777526855
2015-05-11,12.939854621887207,28.965530395507812,,2.1771459579467773,11.385683059692383,2.9982519149780273
2015-05-12,13.228580474853516,29.276826858520508,,2.1771459579467773,11.185181617736816,2.9982519149780273
2015-05-13,13.216379165649414,29.16318130493164,,2.1771459579467773,11.127893447875977,2.941859006881714
2015-05-14,13.000850677490234,28.51093292236328,,2.1771459579467773,11.113570213317871,3.07344388961792
2015-05-15,13.21231460571289,28.708580017089844,,2.1771459579467773,11.170858383178711,3.092241048812866
2015-05-18,13.11221694946289,28.387399673461914,1.4213541746139526,2.1771459579467773,10.99899959564209,3.0828421115875244
2015-05-19,12.894627571105957,28.387399673461914,1.6154899597167969,2.1771459579467773,11.170858383178711,3.101639986038208
2015-05-20,12.542121887207031,27.685749053955078,1.6362905502319336,2.1771459579467773,10.99899959564209,3.026448965072632
2015-05-21,12.72490119934082,28.11563491821289,1.6432241201400757,2.1771459579467773,10.927391052246094,2.9512579441070557
2015-05-22,12.729255676269531,28.041519165039062,1.601623296737671,2.1771459579467773,11.099249839782715,2.9888529777526855
2015-05-25,12.829347610473633,28.476350784301758,1.6085567474365234,,,
2015-05-26,12.977309226989746,28.80246925354004,1.594689965248108,2.1771459579467773,11.271109580993652,3.1204380989074707
2015-05-27,12.76841926574707,28.318227767944336,1.5600229501724243,2.533935785293579,11.242467880249023,3.0546460151672363
2015-05-28,12.707493782043457,28.486230850219727,1.511488914489746,2.482966423034668,10.9417142868042,3.0076510906219482
2015-05-29,12.877219200134277,28.757986068725586,1.518422245979309,2.5193734169006348,11.013320922851562,2.885464906692505
2015-06-01,12.703142166137695,28.372577667236328,1.4976218938827515,2.54121732711792,11.242467880249023,2.932460069656372
2015-06-02,12.328880310058594,27.913049697875977,1.483755350112915,2.4611220359802246,11.070608139038086,2.8666670322418213
2015-06-03,12.41591739654541,28.4121036529541,1.4906885623931885,2.351900577545166,10.927391052246094,2.857269048690796
2015-06-04,12.224435806274414,28.036577224731445,1.4906885623931885,2.2790865898132324,10.87010383605957,2.857269048690796
2015-06-05,12.141745567321777,28.174928665161133,1.483755350112915,2.257242202758789,10.755533218383789,2.8102738857269287
2015-06-08,,,,2.2718050479888916,10.66960334777832,2.7632789611816406
2015-06-09,12.011192321777344,27.85375213623047,1.4490876197814941,2.2277133464813232,10.526386260986328,2.8290719985961914
2015-06-10,12.037302017211914,27.705509185791016,1.4560213088989258,2.1599786281585693,10.469099044799805,2.706886053085327
2015-06-11,12.285361289978027,28.4022274017334,1.4768215417861938,2.1148223876953125,10.566329002380371,2.7820770740509033
2015-06-12,12.141745567321777,28.234224319458008,1.4560213088989258,2.1524527072906494,10.639199256896973,2.8196730613708496
2015-06-15,12.150452613830566,28.3083438873291,1.4421541690826416,2.1223485469818115,10.362287521362305,2.716284990310669
2015-06-16,12.076469421386719,27.62645721435547,1.4421541690826416,2.001932382583618,9.954209327697754,2.6410939693450928
2015-06-17,12.259248733520508,27.685749053955078,1.4421541690826416,2.016983985900879,10.129100799560547,2.65989089012146
2015-06-18,12.172212600708008,27.152095794677734,1.407487154006958,2.032036066055298,9.837615013122559,2.6504929065704346
2015-06-19,12.363693237304688,27.448572158813477,1.3589532375335693,2.0546138286590576,9.735595703125,2.5659019947052
2015-06-22,12.324527740478516,27.57210350036621,1.3104192018508911,2.001932382583618,9.939634323120117,2.669290065765381
2015-06-23,12.45073127746582,27.838924407958984,1.3138858079910278,2.062140464782715,10.143675804138184,2.6786890029907227
2015-06-24,12.4246244430542,27.50786018371582,1.3450863361358643,2.1072964668273926,10.056229591369629,2.706886053085327
2015-06-25,12.40721321105957,27.488100051879883,1.3381528854370117,2.1223485469818115,9.91048812866211,2.6974871158599854
2015-06-26,11.967673301696777,26.72220802307129,1.2653520107269287,2.024509906768799,9.633574485778809,2.6128969192504883
2015-06-29,11.728321075439453,26.331850051879883,1.2064176797866821,1.971827745437622,9.429536819458008,2.5471038818359375
2015-06-30,11.77183723449707,26.559146881103516,1.2410846948623657,2.0546138286590576,9.429536819458008,2.575300931930542
2015-07-01,11.597763061523438,26.193492889404297,1.251484990119934,,,
2015-07-02,11.750080108642578,26.203380584716797,1.2653520107269287,1.9191452264785767,9.19635009765625,2.537705898284912
2015-07-03,11.5716552734375,25.94149398803711,1.2410846948623657,1.8890405893325806,8.992307662963867,2.349726915359497
2015-07-06,11.319243431091309,25.279361724853516,1.2341512441635132,1.791202187538147,8.555079460144043,2.095957040786743
2015-07-07,11.423688888549805,25.56595230102539,1.2584185600280762,1.6557328701019287,7.957538604736328,1.9079790115356445
2015-07-08,11.066834449768066,24.73583221435547,1.1960176229476929,1.5052119493484497,7.31627082824707,1.6260110139846802
2015-07-09,11.26266860961914,25.145954132080078,1.2168177366256714,1.6557328701019287,7.782647132873535,1.8891810178756714
2015-07-10,11.597763061523438,25.729019165039062,1.2341512441635132,1.7460455894470215,8.27817153930664,2.0865581035614014
2015-07-13,11.493318557739258,25.462190628051758,1.1821504831314087,1.7610979080200195,8.336467742919922,2.105355978012085
2015-07-14,11.793599128723145,26.2231388092041,1.2202845811843872,1.7460455894470215,8.088706016540527,2.0865581035614014
2015-07-15,11.706563949584961,26.247848510742188,1.2272179126739502,1.7385196685791016,7.972110748291016,1.9925689697265625
2015-07-16,11.784893035888672,26.341737747192383,1.2306843996047974,1.7460455894470215,8.001260757446289,2.105355978012085
2015-07-17,11.793599128723145,26.193492889404297,1.2653520107269287,1.791202187538147,8.147003173828125,2.095957040786743
2015-07-20,11.745728492736816,26.61844253540039,1.2722851037979126,1.6783113479614258,8.059558868408203,2.039562940597534
2015-07-21,11.671746253967285,26.376319885253906,1.2653520107269287,1.6933631896972656,8.147003173828125,2.0301640033721924
2015-07-22,11.432391166687012,25.78337287902832,1.237618088722229,1.6858371496200562,8.001260757446289,2.039562940597534
2015-07-23,11.097297668457031,25.29912757873535,1.1960176229476929,1.730993390083313,8.147003173828125,2.039562940597534
2015-07-24,10.997203826904297,25.29912757873535,1.2306843996047974,1.6632591485977173,8.103280067443848,2.0207650661468506
2015-07-27,11.106002807617188,25.294187545776367,1.2202845811843872,1.6105767488479614,7.520310401916504,1.8703830242156982
2015-07-28,11.040721893310547,25.338665008544922,1.2064176797866821,1.51273775100708,7.505735874176025,1.8233879804611206
2015-07-29,11.267023086547852,25.585725784301758,1.2341512441635132,1.5955243110656738,7.7243499755859375,2.011367082595825
2015-07-30,11.53248405456543,26.18855094909668,1.248018503189087,1.5654202699661255,7.6223297119140625,2.0301640033721924
2015-07-31,11.510727882385254,26.119375228881836,1.237618088722229,1.5654202699661255,7.651479721069336,1.9831700325012207
2015-08-03,11.393224716186523,25.79325294494629,1.1960176229476929,1.5353158712387085,7.491161346435547,1.87978196144104
2015-08-04,11.271371841430664,25.70431137084961,1.1890839338302612,1.5428420305252075,7.564033508300781,1.9079790115356445
2015-08-05,11.52813720703125,26.178672790527344,1.192550778388977,1.527789831161499,7.564033508300781,1.8891810178756714
2015-08-06,11.615172386169434,26.46031951904297,1.2029507160186768,1.5503681898117065,7.447439670562744,1.851585030555725
2015-08-07,11.284431457519531,26.32196807861328,1.1752170324325562,1.587998390197754,7.68062686920166,1.87978196144104
2015-08-10,11.314891815185547,26.554201126098633,1.1682835817337036,1.6482069492340088,7.870092391967773,2.1617488861083984
2015-08-11,11.46285629272461,26.979150772094727,1.192550778388977,1.723467230796814,7.811795234680176,2.105355978012085
2015-08-12,10.966742515563965,26.217300415039062,1.1578837633132935,1.715941309928894,7.811795234680176,2.0301640033721924
2015-08-13,11.101649284362793,26.374652862548828,1.1613502502441406,1.723467230796814,8.001260757446289,2.0771589279174805
2015-08-14,11.018961906433105,25.95334815979004,1.1370835304260254,1.6707853078842163,7.840944290161133,2.0301640033721924
2015-08-17,10.966742515563965,25.83152961730957,1.119749665260315,1.6858371496200562,7.9283905029296875,2.124152898788452
2015-08-18,10.871001243591309,25.679248809814453,1.0989494323730469,1.6406809091567993,7.68062686920166,2.0301640033721924
2015-08-19,10.949334144592285,25.709707260131836,1.0920159816741943,1.6632591485977173,7.6223297119140625,1.9925689697265625
2015-08-20,10.609886169433594,25.080286026000977,1.053882360458374,1.6105767488479614,7.38914155960083,1.8703830242156982
2015-08-21,10.488033294677734,25.136125564575195,1.053882360458374,1.6557328701019287,7.279835224151611,1.776394009590149
2015-08-24,9.961456298828125,23.841758728027344,0.9741476774215698,1.520263910293579,6.857183456420898,1.550819993019104
2015-08-25,10.157289505004883,24.593000411987305,1.0608155727386475,1.4148991107940674,6.733300685882568,1.5132240056991577
2015-08-26,10.418405532836914,24.81633949279785,1.0192151069641113,1.3847949504852295,6.842608451843262,1.4756289720535278
2015-08-27,10.470623970031738,24.77573013305664,1.0330815315246582,1.4073729515075684,7.09765625,1.5602190494537354
2015-08-28,11.092944145202637,25.938125610351562,1.0712155103683472,1.4976857900619507,7.330846309661865,1.5696179866790771
2015-08-31,10.958036422729492,25.526973724365234,1.053882360458374,1.5052119493484497,7.134091854095459,1.5038249492645264
2015-09-01,10.727386474609375,25.05998420715332,1.046948790550232,1.4675816297531128,7.134091854095459,1.550819993019104
2015-09-02,10.718682289123535,25.14628028869629,1.0365484952926636,1.4299513101577759,6.631280422210693,1.4568309783935547
2015-09-03,10.583775520324707,25.00922203063965,1.046948790550232,,,
2015-09-04,10.744794845581055,25.25795555114746,1.067748785018921,1.4148991107940674,6.711440086364746,1.4380329847335815
2015-09-07,10.527200698852539,24.948320388793945,1.0781490802764893,1.4525293111801147,6.83532190322876,1.4098360538482666
2015-09-08,10.7491455078125,25.491439819335938,1.1370835304260254,1.4901597499847412,7.155952453613281,1.5038249492645264
2015-09-09,11.173351287841797,26.14623260498047,1.171750545501709,1.5428420305252075,7.578605651855469,1.5978139638900757
2015-09-10,10.842453956604004,26.024415969848633,1.1682835817337036,1.5503681898117065,7.6223297119140625,1.5978139638900757
2015-09-11,10.747264862060547,26.394960403442383,1.1682835817337036,1.4675816297531128,7.403716564178467,1.550819993019104
2015-09-14,10.7608642578125,26.323898315429688,1.1578837633132935,1.4675816297531128,7.4182915687561035,1.5602190494537354
2015-09-15,10.620349884033203,25.755386352539062,1.0712155103683472,1.4675816297531128,7.403716564178467,1.5978139638900757
2015-09-16,10.865119934082031,26.044721603393555,1.0885493755340576,1.4826334714889526,7.534884929656982,1.6166119575500488
2015-09-17,11.173351287841797,26.400033950805664,1.0781490802764893,1.5353158712387085,7.9283905029296875,1.607213020324707
2015-09-18,11.087226867675781,26.019338607788086,1.067748785018921,1.6105767488479614,7.913814544677734,1.6730060577392578
2015-09-21,10.810726165771484,25.268102645874023,1.0261484384536743,1.6482069492340088,7.6223297119140625,1.5978139638900757
2015-09-22,10.81525993347168,24.96861457824707,1.040015459060669,1.5729464292526245,7.345418930053711,1.5696179866790771
2015-09-23,10.334782600402832,24.359500885009766,0.9810808897018433,1.51273775100708,7.206964492797852,1.4756289720535278
2015-09-24,10.35744571685791,24.516857147216797,0.9984144568443298,1.5503681898117065,7.068507671356201,1.466230034828186
2015-09-25,10.393707275390625,24.846797943115234,0.9810808897018433,1.520263910293579,7.0539350509643555,1.4756289720535278
2015-09-28,10.493428230285645,24.74527359008789,1.0192151069641113,,,
2015-09-29,9.795376777648926,23.613340377807617,0.9602805972099304,1.4525293111801147,6.726013660430908,1.3534430265426636
2015-09-30,10.071880340576172,24.669130325317383,0.9464138150215149,1.520263910293579,6.8498945236206055,1.3722410202026367
2015-10-01,10.280386924743652,25.166582107543945,0.9290802478790283,,,
2015-10-02,10.24412727355957,24.735124588012695,0.925613522529602,1.5503681898117065,7.104943752288818,1.4286340475082397
2015-10-05,10.652078628540039,25.283327102661133,0.9533473253250122,1.6181029081344604,7.2506866455078125,1.4098360538482666
2015-10-06,10.824323654174805,25.643720626831055,0.9741476774215698,1.5955243110656738,7.2871222496032715,1.4568309783935547
2015-10-07,10.996570587158203,26.486330032348633,0.9914813041687012,1.6858371496200562,7.9283905029296875,1.5414210557937622
2015-10-08,11.331997871398926,26.993919372558594,1.0712155103683472,1.6331549882888794,7.753498077392578,1.550819993019104
2015-10-09,11.603965759277344,28.009117126464844,1.0712155103683472,1.6783113479614258,7.870092391967773,1.5978139638900757
2015-10-12,11.495177268981934,27.821306228637695,1.053882360458374,1.730993390083313,8.176152229309082,1.691804051399231
2015-10-13,11.24587631225586,27.105594635009766,1.046948790550232,1.708415150642395,8.07413101196289,1.6730060577392578
2015-10-14,11.186946868896484,26.917783737182617,1.0296151638031006,1.723467230796814,7.986687660217285,1.6166119575500488
2015-10-15,11.386390686035156,27.537050247192383,1.0434818267822266,1.806254506111145,8.132429122924805,1.6636070013046265
2015-10-16,11.331997871398926,27.252792358398438,1.0226819515228271,1.7610979080200195,8.044981956481934,1.6542079448699951
2015-10-19,11.200543403625488,27.08021354675293,1.0434818267822266,1.723467230796814,7.986687660217285,1.635409951210022
2015-10-20,10.874186515808105,26.466018676757812,1.0261484384536743,1.715941309928894,7.811795234680176,1.6166119575500488
2015-10-21,10.982972145080566,26.79088592529297,1.0053480863571167,,,
2015-10-22,10.924046516418457,26.729978561401367,1.0365484952926636,1.6632591485977173,7.738923072814941,1.635409951210022
2015-10-23,11.14615249633789,27.100515365600586,1.0608155727386475,1.6482069492340088,7.7972211837768555,1.6448090076446533
2015-10-26,11.13708782196045,27.31370735168457,1.040015459060669,1.6105767488479614,7.811795234680176,1.6448090076446533
2015-10-27,11.032835006713867,26.806116104125977,1.0296151638031006,1.6105767488479614,7.811795234680176,1.607213020324707
2015-10-28,10.7789945602417,26.430492401123047,1.046948790550232,1.6256288290023804,7.68062686920166,1.6166119575500488
2015-10-29,10.63847827911377,25.958431243896484,1.0330815315246582,1.6406809091567993,7.491161346435547,1.5978139638900757
2015-10-30,10.434501647949219,25.709707260131836,1.0157479047775269,1.5729464292526245,7.476588249206543,1.607213020324707
2015-11-02,10.334782600402832,25.765546798706055,0.9949477314949036,1.5503681898117065,7.403716564178467,1.5978139638900757
2015-11-03,10.434501647949219,25.68939971923828,1.0018812417984009,1.5654202699661255,7.491161346435547,1.607213020324707
2015-11-04,10.63847827911377,25.811222076416016,1.0261484384536743,1.5955243110656738,7.899240493774414,1.6542079448699951
2015-11-05,10.55235767364502,25.455913543701172,1.0365484952926636,1.5503681898117065,7.753498077392578,1.6636070013046265
2015-11-06,10.289453506469727,25.785837173461914,1.0365484952926636,1.5654202699661255,7.68062686920166,1.6166119575500488
2015-11-09,9.709254264831543,24.872169494628906,0.9914813041687012,1.5503681898117065,7.549458026885986,1.5978139638900757
2015-11-10,9.77724838256836,25.070138931274414,1.0053480863571167,1.5353158712387085,7.534884929656982,1.5790170431137085
2015-11-11,9.496212005615234,25.075212478637695,0.9845476746559143,1.527789831161499,7.38914155960083,1.5320219993591309
2015-11-12,9.342100143432617,25.1259708404541,0.942947268486023,1.520263910293579,7.432864189147949,1.5226229429244995
2015-11-13,9.169851303100586,24.694515228271484,0.8978797793388367,1.4675816297531128,7.141380310058594,1.5132240056991577
2015-11-16,9.110925674438477,24.065095901489258,0.8701460957527161,1.4374773502349854,6.9956374168396,1.4944260120391846
2015-11-17,9.233312606811523,24.415334701538086,0.8909463882446289,1.4525293111801147,7.075796127319336,1.5038249492645264
2015-11-18,8.979475021362305,23.75546646118164,0.8632126450538635,1.4374773502349854,6.908192157745361,1.5038249492645264
2015-11-19,9.255974769592285,24.70974349975586,0.9117466807365417,1.4675816297531128,6.9810638427734375,1.5696179866790771
2015-11-20,9.292236328125,24.674211502075195,0.8909463882446289,1.4751076698303223,7.141380310058594,1.5790170431137085
2015-11-23,9.09732723236084,24.430566787719727,0.845879077911377,1.4450033903121948,6.966488838195801,1.550819993019104
2015-11-24,8.934146881103516,24.070173263549805,0.8250786662101746,1.4525293111801147,6.871756553649902,1.550819993019104
2015-11-25,8.916014671325684,23.92804718017578,0.8181452751159668,1.4675816297531128,6.8498945236206055,1.550819993019104
2015-11-26,8.585122108459473,23.598114013671875,0.8320121169090271,1.4600555896759033,6.9300537109375,1.550819993019104
2015-11-27,8.508064270019531,23.466127395629883,0.849345862865448,1.4450033903121948,6.8061723709106445,1.5320219993591309
2015-11-30,8.199833869934082,23.303701400756836,0.8250786662101746,1.4600555896759033,6.755161762237549,1.5132240056991577
2015-12-01,8.49899959564209,23.81637191772461,0.8285455107688904,1.4751076698303223,6.7478766441345215,1.5414210557937622
2015-12-02,8.49899959564209,23.62856101989746,0.8250786662101746,1.4600555896759033,6.711440086364746,1.5414210557937622
2015-12-03,8.245161056518555,23.141271591186523,0.8077449798583984,1.4826334714889526,6.594845294952393,1.5414210557937622
2015-12-04,8.127307891845703,22.527082443237305,0.8008116483688354,1.4675816297531128,6.667717456817627,1.5132240056991577
2015-12-07,8.15450382232666,22.486473083496094,0.7765445709228516,1.5578944683074951,6.609419822692871,1.4850280284881592
2015-12-08,7.728420257568359,21.522045135498047,0.7141437530517578,1.5052119493484497,6.463676929473877,1.4004369974136353
2015-12-09,7.778282165527344,21.34438705444336,0.7245438098907471,1.520263910293579,6.237776756286621,1.4568309783935547
2015-12-10,7.923332214355469,21.857059478759766,0.703743577003479,1.4600555896759033,6.186766147613525,1.4380329847335815
2015-12-11,7.796413421630859,21.857059478759766,0.7002769708633423,1.4299513101577759,6.077460289001465,1.4380329847335815
2015-12-14,7.524446964263916,21.410375595092773,0.6898767352104187,1.4600555896759033,6.0264506340026855,1.4380329847335815
2015-12-15,7.374862194061279,21.197181701660156,0.6933434009552002,1.4525293111801147,6.055599212646484,1.4380329847335815
2015-12-16,7.787348747253418,21.836753845214844,0.7106770873069763,1.4901597499847412,6.368945121765137,1.4098360538482666
2015-12-17,7.714824676513672,22.009334564208984,0.7349439859390259,1.5052119493484497,6.252351760864258,1.4004369974136353
2015-12-18,7.646832466125488,21.552494049072266,0.7245438098907471,1.4374773502349854,6.208629131317139,1.3722410202026367
2015-12-21,7.76468563079834,21.765689849853516,0.7314772009849548,1.4525293111801147,6.3325090408325195,1.4286340475082397
2015-12-22,7.628699779510498,21.435752868652344,0.7210770845413208,1.4901597499847412,6.419954776763916,1.4192349910736084
2015-12-23,7.891602993011475,22.334197998046875,0.7418776750564575,1.4901597499847412,6.449102878570557,1.4380329847335815
2015-12-24,8.313152313232422,23.32400894165039,0.7661445736885071,1.4976857900619507,6.551123142242432,1.4568309783935547
2015-12-28,8.313152313232422,23.32400894165039,0.7661445736885071,1.520263910293579,6.500114440917969,1.4380329847335815
2015-12-29,8.20889949798584,22.72504425048828,0.755744457244873,1.5428420305252075,6.572984218597412,1.4286340475082397
2015-12-30,8.199833869934082,22.730121612548828,0.7522776126861572,1.527789831161499,6.485538482666016,1.4098360538482666
2015-12-31,8.09557819366455,22.694589614868164,0.7384107708930969,1.527789831161499,6.696865081787109,1.381639003753662
2016-01-04,8.068381309509277,22.653989791870117,0.7418776750564575,1.4901597499847412,6.237776756286621,1.3722410202026367
2016-01-05,7.9686598777771,22.374807357788086,0.7176104784011841,1.527789831161499,6.390806674957275,1.4192349910736084
2016-01-06,7.773749351501465,21.699703216552734,0.6829433441162109,1.5503681898117065,6.405379772186279,1.4192349910736084
2016-01-07,7.402059555053711,20.65913200378418,0.6309425234794617,1.51273775100708,6.033736705780029,1.391037940979004
2016-01-08,7.4111247062683105,21.26824951171875,0.6517428755760193,1.520263910293579,6.2450642585754395,1.381639003753662
2016-01-11,7.048502445220947,20.557619094848633,0.627475917339325,1.4600555896759033,6.041024684906006,1.3534430265426636
2016-01-12,6.803731441497803,19.872360229492188,0.6170756220817566,1.4450033903121948,5.997302055358887,1.3628419637680054
2016-01-13,6.694944858551025,20.075395584106445,0.6205423474311829,1.4374773502349854,6.048311710357666,1.3346450328826904
2016-01-14,6.744804859161377,19.72007942199707,0.627475917339325,1.4600555896759033,6.121181964874268,1.325245976448059
2016-01-15,6.830927848815918,20.05509376525879,0.6378759741783142,1.399847149848938,5.89528226852417,1.268852949142456
2016-01-18,6.6314849853515625,19.638864517211914,0.6240092515945435,1.369742751121521,5.829698085784912,1.2876499891281128
2016-01-19,6.676811695098877,19.70485496520996,0.6240092515945435,1.4148991107940674,6.011876106262207,1.3440439701080322
2016-01-20,6.441105842590332,19.16172218322754,0.6170756220817566,1.3471647500991821,5.669381618499756,1.306447982788086
2016-01-21,6.436573505401611,19.47136116027832,0.6170756220817566,1.2944821119308472,5.61837100982666,1.2970490455627441
2016-01-22,6.917050838470459,20.126161575317383,0.6656096577644348,1.324586272239685,5.771401882171631,1.306447982788086
2016-01-25,6.9261155128479,19.877431869506836,0.6898767352104187,1.362216591835022,5.844272613525391,1.3158470392227173
2016-01-26,,,,1.3020081520080566,5.421618938446045,1.278251051902771
2016-01-27,6.803731441497803,19.34446144104004,0.6621430516242981,1.3020081520080566,5.443480014801025,1.3158470392227173
2016-01-28,6.844526767730713,19.760684967041016,0.6725431680679321,1.2869560718536377,5.545500755310059,1.306447982788086
2016-01-29,6.957846641540527,19.862207412719727,0.6760098934173584,1.3170603513717651,5.669381618499756,1.3346450328826904
2016-02-01,6.912518501281738,19.780990600585938,0.6933434009552002,1.2944821119308472,5.52363920211792,1.2970490455627441
2016-02-02,6.762935638427734,19.055131912231445,0.6760098934173584,1.3020081520080566,5.407044887542725,1.3534430265426636
2016-02-03,6.46830415725708,18.79625701904297,0.6586763262748718,1.2869560718536377,5.326886177062988,1.306447982788086
2016-02-04,7.003174781799316,20.471324920654297,0.7522776126861572,1.392320990562439,5.545500755310059,1.3346450328826904
2016-02-05,7.343134880065918,21.126117706298828,0.7938781380653381,1.4826334714889526,5.8734211921691895,1.3628419637680054
2016-02-08,7.420191287994385,21.588029861450195,0.8216120600700378,,,
2016-02-09,7.275141716003418,21.31900405883789,0.7869448065757751,,,
2016-02-10,7.093830108642578,21.070287704467773,0.7904115319252014,,,
2016-02-11,6.907985687255859,20.806333541870117,0.769611120223999,1.6030504703521729,5.581935882568359,1.325245976448059
2016-02-12,6.839992046356201,20.54238510131836,0.7453442811965942,1.715941309928894,5.611084938049316,1.3722410202026367
2016-02-15,7.243411540985107,21.43067741394043,0.8042783737182617,1.715941309928894,5.880707740783691,1.4098360538482666
2016-02-16,7.519913673400879,21.928119659423828,0.8424122929573059,1.6632591485977173,5.89528226852417,1.447432041168213
2016-02-17,7.243411540985107,21.37484359741211,0.8354790210723877,1.6707853078842163,5.844272613525391,1.4944260120391846
2016-02-18,7.683094501495361,22.02964210510254,0.8805462718009949,1.6482069492340088,6.0045881271362305,1.5038249492645264
2016-02-19,7.528977870941162,21.63371467590332,0.8285455107688904,1.715941309928894,6.077460289001465,1.5132240056991577
2016-02-22,7.787348747253418,22.32912826538086,0.8320121169090271,1.6557328701019287,6.172194004058838,1.5320219993591309
2016-02-23,7.991324424743652,22.648910522460938,0.8320121169090271,1.7535721063613892,6.164906024932861,1.550819993019104
2016-02-24,7.334068298339844,22.080810546875,0.7834782004356384,1.7460455894470215,6.157618522644043,1.5226229429244995
2016-02-25,7.252477645874023,21.712961196899414,0.8112118244171143,1.7460455894470215,5.851559162139893,1.4850280284881592
2016-02-26,7.066634654998779,21.019330978393555,0.8389456272125244,1.768623948097229,6.113896369934082,1.5038249492645264
2016-02-29,7.057568073272705,21.166465759277344,0.866679310798645,1.7535721063613892,5.909855842590332,1.4944260120391846
2016-03-01,7.26607608795166,21.728734970092773,0.9013465046882629,1.8739886283874512,6.325222969055176,1.5132240056991577
2016-03-02,7.583373069763184,22.753421783447266,0.9186801314353943,1.8815146684646606,6.8061723709106445,1.5602190494537354
2016-03-03,7.819077491760254,23.22635841369629,0.9360136985778809,1.9266709089279175,6.733300685882568,1.7200000286102295
2016-03-04,8.009456634521484,23.594196319580078,0.942947268486023,2.009457588195801,7.148667335510254,1.7575960159301758
2016-03-07,8.408343315124512,24.419208526611328,1.0018812417984009,2.016983985900879,7.330846309661865,1.7669949531555176
2016-03-08,8.254225730895996,23.783370971679688,1.053882360458374,1.9944055080413818,7.359992980957031,1.776394009590149
2016-03-09,8.09557819366455,23.278911590576172,1.1058828830718994,1.8664628267288208,6.959202289581299,1.7293989658355713
2016-03-10,8.132323265075684,23.50486183166504,1.0885493755340576,1.8363580703735352,6.842608451843262,1.635409951210022
2016-03-11,8.090973854064941,23.420795440673828,1.126683235168457,1.9341975450515747,7.046647071838379,1.6260110139846802
2016-03-14,8.150702476501465,23.368242263793945,1.1440166234970093,1.8815146684646606,7.2215375900268555,1.6166119575500488
2016-03-15,7.870436191558838,22.580015182495117,1.0920159816741943,1.8739886283874512,6.93734073638916,1.5696179866790771
2016-03-16,7.755572319030762,22.432878494262695,1.0885493755340576,1.8514106273651123,6.83532190322876,1.5978139638900757
2016-03-17,7.943946361541748,22.979385375976562,1.095482587814331,1.9191452264785767,7.163240909576416,1.6448090076446533
2016-03-18,8.316104888916016,23.200082778930664,1.0885493755340576,1.9191452264785767,7.170529365539551,1.776394009590149
2016-03-21,8.348264694213867,23.173812866210938,1.074682354927063,1.8589364290237427,7.2433977127075195,1.7481969594955444
2016-03-22,8.224214553833008,23.047697067260742,1.0850824117660522,1.9040926694869995,7.09765625,1.7012020349502563
2016-03-23,8.086377143859863,23.047697067260742,1.050415277481079,1.8213063478469849,7.257974624633789,1.6730060577392578
2016-03-24,7.810708045959473,22.227941513061523,1.0712155103683472,1.791202187538147,6.966488838195801,1.5978139638900757
2016-03-29,7.677465438842773,22.14386558532715,1.0157479047775269,1.791202187538147,6.8644700050354,1.607213020324707
2016-03-30,7.636114120483398,22.06503677368164,0.9949477314949036,1.8739886283874512,6.908192157745361,1.635409951210022
2016-03-31,7.7463836669921875,22.432878494262695,1.0157479047775269,1.806254506111145,6.784312725067139,1.6260110139846802
2016-04-01,7.796921730041504,22.669342041015625,1.0018812417984009,1.8213063478469849,6.798884868621826,1.6260110139846802
2016-04-04,7.590168476104736,22.50119400024414,0.9880144000053406,,,
2016-04-05,7.342062473297119,22.049280166625977,0.9533473253250122,1.7761496305465698,6.762448787689209,1.6260110139846802
2016-04-06,7.4155755043029785,22.24896240234375,0.9949477314949036,1.7385196685791016,6.594845294952393,1.607213020324707
2016-04-07,7.530440807342529,22.580015182495117,0.9949477314949036,1.7535721063613892,6.682291507720947,1.607213020324707
2016-04-08,7.433954238891602,22.73240852355957,1.0122814178466797,1.768623948097229,6.609419822692871,1.5602190494537354
2016-04-11,7.603951454162598,23.26839828491211,1.0053480863571167,1.8815146684646606,6.828034400939941,1.5790170431137085
2016-04-12,7.764758586883545,23.820161819458008,1.0261484384536743,1.8965669870376587,6.9154791831970215,1.6260110139846802
2016-04-13,8.23340129852295,24.897397994995117,1.0712155103683472,1.8815146684646606,7.38914155960083,1.7106009721755981
2016-04-14,8.669882774353027,25.538480758666992,1.0712155103683472,1.806254506111145,7.112231731414795,1.7481969594955444
2016-04-15,8.858261108398438,25.328292846679688,1.074682354927063,1.8137803077697754,7.046647071838379,1.7200000286102295
2016-04-18,8.591777801513672,24.934179306030273,1.0365484952926636,1.8213063478469849,6.966488838195801,1.691804051399231
2016-04-19,9.037446022033691,25.901071548461914,1.074682354927063,1.8664628267288208,7.185102939605713,1.7106009721755981
2016-04-20,9.345279693603516,26.95729637145996,1.1232163906097412,1.8514106273651123,7.112231731414795,1.6730060577392578
2016-04-21,9.671492576599121,27.614147186279297,1.2133511304855347,1.8890405893325806,7.359992980957031,1.7200000286102295
2016-04-22,9.35446834564209,26.79964828491211,1.1578837633132935,1.8589364290237427,7.090370178222656,1.6542079448699951
2016-04-25,,,,1.8363580703735352,6.9956374168396,1.6636070013046265
2016-04-26,9.078794479370117,25.979888916015625,1.1162828207015991,1.8438845872879028,6.922766208648682,1.635409951210022
2016-04-27,9.028257369995117,25.443897247314453,1.126683235168457,1.8965669870376587,6.886330604553223,1.6448090076446533
2016-04-28,9.450955390930176,26.426549911499023,1.1440166234970093,1.9040926694869995,6.959202289581299,1.635409951210022
2016-04-29,9.501493453979492,27.088659286499023,1.1509500741958618,1.9341975450515747,6.9154791831970215,1.6448090076446533
2016-05-02,9.611762046813965,27.535324096679688,1.1370835304260254,,,
2016-05-03,9.524469375610352,27.193761825561523,1.1648168563842773,1.9567749500274658,6.733300685882568,1.6448090076446533
2016-05-04,8.633127212524414,25.144371032714844,1.067748785018921,1.8890405893325806,6.594845294952393,1.5978139638900757
2016-05-05,8.467723846435547,25.25472640991211,1.0850824117660522,1.8890405893325806,6.529261589050293,1.5884159803390503
2016-05-06,8.481510162353516,25.091821670532227,1.0920159816741943,1.8514106273651123,6.536549091339111,1.5884159803390503
2016-05-09,8.458534240722656,24.56109046936035,1.1370835304260254,1.9341975450515747,6.463676929473877,1.5226229429244995
2016-05-10,8.19205093383789,23.856943130493164,1.081615686416626,1.9040926694869995,6.3325090408325195,1.4756289720535278
2016-05-11,8.522860527038574,24.1774845123291,1.1232163906097412,1.9567749500274658,6.427241325378418,1.4850280284881592
2016-05-12,8.541236877441406,24.11968421936035,1.1648168563842773,1.9341975450515747,6.361657619476318,1.4944260120391846
2016-05-13,8.362048149108887,23.46282958984375,1.171750545501709,1.8589364290237427,6.157618522644043,1.447432041168213
2016-05-16,8.52745246887207,23.75710105895996,1.1544170379638672,1.8739886283874512,6.2013421058654785,1.447432041168213
2016-05-17,8.82609748840332,24.103914260864258,1.1474835872650146,1.911618709564209,6.383520126342773,1.4756289720535278
2016-05-18,8.927177429199219,24.07764434814453,1.1301498413085938,1.8664628267288208,6.2013421058654785,1.466230034828186
2016-05-19,8.5963716506958,23.27365493774414,1.0885493755340576,1.783676028251648,6.194054126739502,1.4756289720535278
2016-05-20,8.66069507598877,23.667762756347656,1.0920159816741943,1.7610979080200195,6.1357574462890625,1.4850280284881592
2016-05-23,8.440156936645508,23.121257781982422,1.1128160953521729,1.7535721063613892,6.150330543518066,1.4756289720535278
2016-05-24,8.444751739501953,23.22635841369629,1.0850824117660522,1.708415150642395,6.048311710357666,1.466230034828186
2016-05-25,8.683667182922363,23.66250991821289,1.1024161577224731,1.708415150642395,6.150330543518066,1.4756289720535278
2016-05-26,8.917986869812012,23.898977279663086,1.126683235168457,1.6933631896972656,6.230490207672119,1.5226229429244995
2016-05-27,8.899611473083496,23.557416915893555,1.1162828207015991,1.6783113479614258,6.2013421058654785,1.5320219993591309
2016-05-30,8.839882850646973,23.525888442993164,1.1093498468399048,1.6707853078842163,6.055599212646484,1.5790170431137085
2016-05-31,8.766368865966797,23.48384666442871,1.081615686416626,1.6858371496200562,6.084747791290283,1.5790170431137085
2016-06-01,8.495291709899902,23.010910034179688,1.0330815315246582,1.7008894681930542,6.062885761260986,1.607213020324707
2016-06-02,8.380428314208984,22.543231964111328,1.0053480863571167,1.7008894681930542,6.179479598999023,1.607213020324707
2016-06-03,8.513668060302734,22.879539489746094,1.0226819515228271,1.6783113479614258,6.121181964874268,1.6824049949645996
2016-06-06,8.830693244934082,23.76235580444336,1.0781490802764893,1.7535721063613892,6.252351760864258,1.6636070013046265
2016-06-07,9.087985038757324,24.193248748779297,1.0989494323730469,1.783676028251648,6.565698623657227,1.7106009721755981
2016-06-08,8.977718353271484,23.736080169677734,1.1093498468399048,1.715941309928894,6.383520126342773,1.7012020349502563
2016-06-09,9.009880065917969,23.87796401977539,1.1613502502441406,,,
2016-06-10,8.637721061706543,23.163301467895508,1.1301498413085938,1.715941309928894,6.27421236038208,1.6448090076446533
2016-06-13,,,,1.730993390083313,6.172194004058838,1.5884159803390503
2016-06-14,8.362048149108887,22.84275245666504,1.1128160953521729,1.723467230796814,6.092034339904785,1.5978139638900757
2016-06-15,8.187458992004395,22.574764251708984,1.0885493755340576,1.723467230796814,6.128469944000244,1.5978139638900757
2016-06-16,8.219619750976562,22.601030349731445,1.095482587814331,1.8815146684646606,6.113896369934082,1.5978139638900757
2016-06-17,8.306915283203125,22.816486358642578,1.081615686416626,1.8514106273651123,6.223202705383301,1.5978139638900757
2016-06-20,8.669882774353027,23.536396026611328,1.0989494323730469,1.8137803077697754,6.266926288604736,1.6260110139846802
2016-06-21,8.58718204498291,23.23161506652832,1.1440166234970093,1.7987284660339355,6.281499862670898,1.6260110139846802
2016-06-22,8.5963716506958,23.426040649414062,1.1890839338302612,1.8225713968276978,6.288786888122559,1.6542079448699951
2016-06-23,8.752585411071777,24.0671329498291,1.192550778388977,1.8225713968276978,6.223202705383301,1.6636070013046265
2016-06-24,8.05881118774414,22.506450653076172,1.0989494323730469,1.9001277685165405,6.113896369934082,1.6166119575500488
2016-06-27,8.306915283203125,23.158050537109375,1.1162828207015991,1.9466609954833984,6.2450642585754395,1.635409951210022
2016-06-28,8.283944129943848,23.22635841369629,1.081615686416626,1.9233944416046143,6.259637832641602,1.6730060577392578
2016-06-29,8.407994270324707,23.557416915893555,1.074682354927063,1.9389055967330933,6.223202705383301,1.7387980222702026
2016-06-30,8.568802833557129,23.909488677978516,1.067748785018921,2.0087063312530518,6.288786888122559,1.8045899868011475
2016-07-01,8.770962715148926,24.209012985229492,1.081615686416626,,,
2016-07-04,8.973122596740723,25.107589721679688,1.1058828830718994,2.1250405311584473,6.8061723709106445,1.8703830242156982
2016-07-05,8.93636703491211,25.10232925415039,1.119749665260315,2.0940182209014893,6.660430431365967,1.851585030555725
2016-07-06,8.5963716506958,24.597869873046875,1.1058828830718994,2.1793301105499268,6.711440086364746,1.832787036895752
2016-07-07,8.766368865966797,24.897397994995117,1.1405500173568726,2.272397518157959,6.696865081787109,1.8891810178756714
2016-07-08,8.752585411071777,25.38083839416504,1.1994842290878296,2.2568862438201904,6.631280422210693,1.832787036895752
2016-07-11,9.005285263061523,26.02193260192871,1.282685399055481,2.3421976566314697,6.828034400939941,1.91737699508667
2016-07-12,9.156905174255371,25.958871841430664,1.3520197868347168,2.3111753463745117,6.900905132293701,1.8421859741210938
2016-07-13,9.455549240112305,26.684043884277344,1.327752709388733,2.3577091693878174,7.155952453613281,1.87978196144104
2016-07-14,9.345279693603516,26.379262924194336,1.2930855751037598,2.303419828414917,7.134091854095459,1.8703830242156982
2016-07-15,9.359065055847168,26.56317710876465,1.3381528854370117,2.3189308643341064,7.010211944580078,1.832787036895752
2016-07-18,9.290144920349121,26.347728729248047,1.3658866882324219,2.2879085540771484,6.9154791831970215,1.795192003250122
2016-07-19,9.110958099365234,25.743425369262695,1.3034857511520386,2.2801530361175537,6.8790435791015625,1.795192003250122
2016-07-20,8.844476699829102,25.22319221496582,1.282685399055481,2.225863456726074,6.9154791831970215,1.8045899868011475
2016-07-21,8.849068641662598,25.496444702148438,1.2688186168670654,2.2181079387664795,6.9951701164245605,1.776394009590149
2016-07-22,8.867449760437012,25.407114028930664,1.2653520107269287,2.2413744926452637,6.943519115447998,1.776394009590149
2016-07-25,8.839882850646973,25.296762466430664,1.2757519483566284,2.1793301105499268,6.869731426239014,1.7481969594955444
2016-07-26,8.849068641662598,25.580524444580078,1.2722851037979126,2.225863456726074,6.788562297821045,1.8233879804611206
2016-07-27,9.12474250793457,26.063966751098633,1.2688186168670654,2.1870853900909424,6.788562297821045,1.7387980222702026
2016-07-28,9.175283432006836,26.610469818115234,1.2930855751037598,2.2879085540771484,6.744288921356201,1.7575960159301758
2016-07-29,8.968528747558594,26.042953491210938,1.2722851037979126,2.1870853900909424,6.559819221496582,1.7481969594955444
2016-08-01,9.037446022033691,26.116519927978516,1.289618730545044,2.2646420001983643,6.744288921356201,1.795192003250122
2016-08-02,8.839882850646973,25.964126586914062,1.296552300453186,2.2646420001983643,6.744288921356201,1.795192003250122
2016-08-03,8.770962715148926,25.969379425048828,1.3312193155288696,2.3189308643341064,6.648364543914795,1.7669949531555176
2016-08-04,8.87204360961914,25.54899787902832,1.3416194915771484,2.272397518157959,6.722153186798096,1.776394009590149
2016-08-05,9.202849388122559,26.02193260192871,1.3242861032485962,2.3111753463745117,6.766425609588623,1.7857929468154907
2016-08-08,9.409601211547852,26.337223052978516,1.3589532375335693,2.272397518157959,7.002548694610596,1.8045899868011475
2016-08-09,9.46014404296875,26.747100830078125,1.3485528230667114,2.2646420001983643,6.921382427215576,1.8045899868011475
2016-08-10,9.391225814819336,26.57368278503418,1.3346861600875854,2.3266866207122803,6.899245738983154,1.7857929468154907
2016-08-11,9.303929328918457,26.43082046508789,1.3658866882324219,2.334442377090454,6.950897216796875,1.9079790115356445
2016-08-12,9.501493453979492,26.44677734375,1.3797534704208374,2.2879085540771484,6.973033905029297,1.8985799551010132
2016-08-15,9.262577056884766,25.54288101196289,1.3658866882324219,2.2413744926452637,7.002548694610596,1.8985799551010132
2016-08-16,9.303929328918457,25.766193389892578,1.4005539417266846,2.272397518157959,6.950897216796875,1.9267760515213013
2016-08-17,9.607170104980469,26.3510684967041,1.4421541690826416,2.2413744926452637,6.744288921356201,1.860983967781067
2016-08-18,9.584197998046875,26.223459243774414,1.4421541690826416,2.2413744926452637,6.722153186798096,1.860983967781067
2016-08-19,9.781761169433594,26.473358154296875,1.4144206047058105,2.225863456726074,6.766425609588623,1.795192003250122
2016-08-22,9.625545501708984,26.159656524658203,1.4005539417266846,2.1870853900909424,6.63360595703125,1.795192003250122
2016-08-23,9.685275077819824,26.079898834228516,1.407487154006958,2.202597141265869,6.63360595703125,1.776394009590149
2016-08-24,9.8414888381958,26.489303588867188,1.4213541746139526,2.156062602996826,6.545060157775879,1.7481969594955444
2016-08-25,9.66230297088623,26.106483459472656,1.393620252609253,2.1172847747802734,6.567196369171143,1.7387980222702026
2016-08-26,9.593384742736816,25.957609176635742,1.3832200765609741,2.1250405311584473,6.700016021728516,1.7293989658355713
2016-08-29,9.61635684967041,25.798093795776367,1.3728201389312744,2.1095290184020996,6.648364543914795,1.6730060577392578
2016-08-30,9.699058532714844,26.00014305114746,1.3832200765609741,2.0940182209014893,6.6114702224731445,1.6730060577392578
2016-08-31,9.386630058288574,25.308927536010742,1.3312193155288696,2.000950336456299,6.6114702224731445,1.6730060577392578
2016-09-01,9.209317207336426,24.984594345092773,1.32081937789917,1.9931952953338623,6.6114702224731445,1.6636070013046265
2016-09-02,9.213958740234375,25.207910537719727,1.3658866882324219,2.024217367172241,6.648364543914795,1.635409951210022
2016-09-05,9.441407203674316,25.574779510498047,1.407487154006958,2.055239677429199,6.722153186798096,1.6542079448699951
2016-09-06,9.543525695800781,25.80341148376465,1.4629544019699097,2.070751428604126,6.8549723625183105,1.7481969594955444
2016-09-07,9.51567554473877,25.606685638427734,1.483755350112915,2.0862629413604736,6.79594087600708,1.7387980222702026
2016-09-08,9.404272079467773,25.532241821289062,1.4560213088989258,2.0629959106445312,6.818077564239502,1.7575960159301758
2016-09-09,9.645646095275879,25.840627670288086,1.5322891473770142,2.0629959106445312,6.877109050750732,1.795192003250122
2016-09-12,9.255733489990234,25.207910537719727,1.4698879718780518,2.000950336456299,6.648364543914795,1.691804051399231
2016-09-13,9.283584594726562,25.234498977661133,1.4698879718780518,1.9466609954833984,6.567196369171143,1.7106009721755981
2016-09-14,9.190747261047363,24.899524688720703,1.5045552253723145,1.9233944416046143,6.50816535949707,1.6824049949645996
2016-09-15,9.316079139709473,25.027132034301758,1.5625942945480347,1.9776839017868042,6.604090213775635,1.7200000286102295
2016-09-16,9.325362205505371,24.77723503112793,1.5904980897903442,,,
2016-09-19,9.348570823669434,24.740009307861328,1.6114256381988525,1.9854389429092407,6.618849754333496,1.7387980222702026
2016-09-20,9.566734313964844,25.122838973999023,1.6253771781921387,1.9544167518615723,6.6114702224731445,1.7293989658355713
2016-09-21,9.617794036865234,25.335521697998047,1.6602567434310913,1.9854389429092407,6.670501708984375,1.7481969594955444
2016-09-22,9.877735137939453,26.159656524658203,1.6811845302581787,2.0164613723754883,6.773806095123291,1.7669949531555176
2016-09-23,9.993781089782715,26.622230529785156,1.6742082834243774,1.9854389429092407,6.751668453216553,1.7857929468154907
2016-09-26,10.003063201904297,26.78706169128418,1.6951360702514648,1.9699280261993408,6.626226425170898,1.7387980222702026
2016-09-27,9.979854583740234,26.590330123901367,1.667232632637024,1.9544167518615723,6.604090213775635,1.7857929468154907
2016-09-28,9.928793907165527,26.585012435913086,1.6602567434310913,1.931149959564209,6.537680149078369,1.776394009590149
2016-09-29,10.397618293762207,27.56865692138672,1.702112078666687,1.931149959564209,6.677879333496094,1.776394009590149
2016-09-30,10.388331413269043,27.441057205200195,1.6811845302581787,1.931149959564209,6.537680149078369,1.832787036895752
2016-10-03,10.560080528259277,27.595245361328125,1.7230398654937744,1.9544167518615723,6.6114702224731445,1.87978196144104
2016-10-04,10.629703521728516,27.90362548828125,1.7230398654937744,1.9621721506118774,6.663122177124023,1.87978196144104
2016-10-05,10.60649585723877,27.595245361328125,1.730015516281128,1.9156386852264404,6.707395076751709,1.87978196144104
2016-10-06,10.731822967529297,27.760074615478516,1.7718706130981445,1.8768606185913086,6.736910343170166,1.860983967781067
2016-10-07,10.815377235412598,27.64841079711914,1.6951360702514648,1.853594183921814,6.729532241821289,1.87978196144104
2016-10-10,10.861794471740723,27.70690155029297,1.6881600618362427,,,
2016-10-11,11.047466278076172,28.286455154418945,1.7648944854736328,1.8691051006317139,6.677879333496094,1.860983967781067
2016-10-12,10.88036060333252,28.18011474609375,1.736991286277771,1.8380825519561768,6.604090213775635,1.860983967781067
2016-10-13,10.560080528259277,27.419784545898438,1.6881600618362427,1.8303265571594238,6.552438735961914,1.8703830242156982
2016-10-14,10.462600708007812,27.14329719543457,1.730015516281128,1.845838189125061,6.574574947357178,1.860983967781067
2016-10-17,10.392974853515625,26.9146671295166,1.736991286277771,1.8303265571594238,6.500786781311035,1.832787036895752
2016-10-18,10.509017944335938,26.909345626831055,1.7230398654937744,1.8691051006317139,6.604090213775635,1.87978196144104
2016-10-19,10.430110931396484,26.978471755981445,1.8067500591278076,1.8613497018814087,6.640985488891602,1.851585030555725
2016-10-20,10.60649585723877,27.095441818237305,1.7997740507125854,1.8768606185913086,6.648364543914795,1.8985799551010132
2016-10-21,10.694690704345703,27.090126037597656,1.8207015991210938,1.8768606185913086,6.648364543914795,1.8985799551010132
2016-10-24,10.717899322509766,27.23900604248047,1.8137257099151611,1.892371416091919,6.736910343170166,1.8985799551010132
2016-10-25,10.76431941986084,27.90362548828125,1.8416292667388916,1.8768606185913086,6.891867160797119,1.9079790115356445
2016-10-26,10.601855278015137,28.376842498779297,1.8207015991210938,1.9389055967330933,6.914003372192383,1.9079790115356445
2016-10-27,10.448677062988281,28.339624404907227,1.6742082834243774,1.9001277685165405,6.862350940704346,1.8985799551010132
2016-10-28,10.666839599609375,28.578889846801758,1.7648944854736328,1.8846163749694824,6.810698986053467,1.8891810178756714
2016-10-31,10.70861530303955,28.80752182006836,1.7927982807159424,1.892371416091919,6.759047985076904,1.91737699508667
2016-11-01,10.583288192749023,28.818161010742188,1.834653377532959,1.9156386852264404,6.847592830657959,1.9267760515213013
2016-11-02,10.471884727478027,28.65864372253418,1.8276774883270264,2.024217367172241,6.810698986053467,1.7012020349502563
2016-11-03,10.518301963806152,28.520402908325195,1.7997740507125854,2.024217367172241,6.759047985076904,1.7387980222702026
2016-11-04,10.337273597717285,28.344940185546875,1.7648944854736328,2.0164613723754883,6.82545804977417,1.7293989658355713
2016-11-07,10.536870956420898,28.669281005859375,1.7579190731048584,1.9854389429092407,7.157505512237549,1.7481969594955444
2016-11-08,10.815377235412598,29.131860733032227,1.8067500591278076,2.024217367172241,7.201780319213867,1.7200000286102295
2016-11-09,10.471884727478027,28.568256378173828,1.730015516281128,2.1250405311584473,7.45266056060791,1.7899999618530273
2016-11-10,11.335257530212402,30.907739639282227,1.869532823562622,2.0862629413604736,8.470945358276367,2.0
2016-11-11,11.576629638671875,31.66275405883789,1.9671947956085205,2.163818597793579,9.194075584411621,2.119999885559082
2016-11-14,11.530216217041016,31.604263305664062,1.932315468788147,2.070751428604126,8.795616149902344,2.2799999713897705
2016-11-15,11.395602226257324,31.343734741210938,1.8276774883270264,2.031973361968994,8.36764144897461,2.200000047683716
2016-11-16,11.131019592285156,30.275014877319336,1.8137257099151611,2.0397286415100098,8.441429138183594,2.2100000381469727
2016-11-17,11.168153762817383,30.620616912841797,1.8276774883270264,2.024217367172241,8.36764144897461,2.1700000762939453
2016-11-18,11.186721801757812,30.503644943237305,1.7997740507125854,1.9621721506118774,8.382396697998047,2.2200000286102295
2016-11-21,11.27027416229248,30.5142765045166,1.7997740507125854,1.9699280261993408,8.633280754089355,2.319999933242798
2016-11-22,11.715885162353516,31.194849014282227,1.897436499595642,1.9931952953338623,8.766098976135254,2.5
2016-11-23,12.026885032653809,31.98177146911621,2.009050130844116,1.9931952953338623,8.73658561706543,2.509999990463257
2016-11-24,12.026885032653809,32.061519622802734,1.9881224632263184,1.9466609954833984,9.297380447387695,2.5799999237060547
2016-11-25,12.300748825073242,32.837806701660156,1.9881224632263184,2.024217367172241,9.371167182922363,2.559999942779541
2016-11-28,11.98046588897705,32.46030044555664,1.9811465740203857,2.070751428604126,9.341650009155273,2.5199999809265137
2016-11-29,11.81800651550293,32.109378814697266,1.953243374824524,2.055239677429199,8.97270679473877,2.2899999618530273
2016-11-30,11.33061695098877,30.70569610595703,1.8904603719711304,2.0164613723754883,8.751341819763184,2.180000066757202
2016-12-01,11.887630462646484,31.21080780029297,2.009050130844116,2.0164613723754883,9.135043144226074,2.2300000190734863
2016-12-02,11.613767623901367,30.859888076782227,1.974170446395874,1.9699280261993408,8.913677215576172,2.140000104904175
2016-12-05,11.688035011291504,31.16295051574707,2.0230016708374023,1.9621721506118774,8.839889526367188,2.299999952316284
2016-12-06,11.827286720275879,31.44475746154785,2.085784673690796,1.9931952953338623,9.031739234924316,2.3499999046325684
2016-12-07,11.94333267211914,32.34333038330078,2.071833372116089,1.9931952953338623,9.326895713806152,2.359999895095825
2016-12-08,12.08722972869873,33.35355758666992,2.0927608013153076,2.031973361968994,9.194075584411621,2.3499999046325684
2016-12-09,12.059378623962402,33.3110237121582,2.043929100036621,2.000950336456299,9.12028694152832,2.309999942779541
2016-12-12,12.217199325561523,33.385459899902344,2.0578815937042236,1.9544167518615723,8.97270679473877,2.240000009536743
2016-12-13,12.12436294555664,32.566646575927734,2.016026258468628,1.9466609954833984,9.149801254272461,2.2799999713897705
2016-12-14,11.975826263427734,32.41244888305664,1.9811465740203857,2.000950336456299,9.076011657714844,2.25
2016-12-15,11.757658004760742,31.94987678527832,1.9113879203796387,1.9389055967330933,8.73658561706543,2.190000057220459
2016-12-16,11.60448169708252,31.524507522583008,1.8207015991210938,1.8613497018814087,8.3971586227417,2.1700000762939453
2016-12-19,11.646257400512695,31.66275405883789,1.855581283569336,1.9078831672668457,8.411913871765137,2.069999933242798
2016-12-20,11.562705039978027,31.508548736572266,1.8276774883270264,1.8691051006317139,8.249579429626465,1.9600000381469727
2016-12-21,11.683395385742188,31.96582794189453,1.8625565767288208,1.8613497018814087,8.249579429626465,1.9800000190734863
2016-12-22,11.669468879699707,31.94987678527832,1.8834843635559082,1.8303265571594238,7.851120471954346,1.9299999475479126
2016-12-23,11.43273639678955,31.24802589416504,1.9044123888015747,1.7993041276931763,7.8658766746521,1.9500000476837158
2016-12-28,11.808721542358398,31.99240493774414,1.9602187871932983,1.8613497018814087,7.954423427581787,1.9600000381469727
2016-12-29,11.83657169342041,32.290157318115234,1.9462673664093018,1.9156386852264404,8.042969703674316,1.909999966621399
2016-12-30,11.632332801818848,31.848846435546875,1.91836416721344,1.9389055967330933,7.9839396476745605,1.9900000095367432
2017-01-03,11.81800651550293,32.42308807373047,1.995098352432251,1.9466609954833984,8.190549850463867,1.9700000286102295
2017-01-04,11.887630462646484,32.11469650268555,1.9811465740203857,1.9776839017868042,8.057729721069336,1.940000057220459
2017-01-05,11.8969144821167,32.16786575317383,2.0020737648010254,2.0164613723754883,8.32336711883545,2.2100000381469727
2017-01-06,11.83657169342041,31.97113609313965,1.9602187871932983,2.000950336456299,8.382396697998047,2.190000057220459
2017-01-09,11.822649955749512,31.556413650512695,1.932315468788147,1.9699280261993408,8.249579429626465,2.140000104904175
2017-01-10,11.771584510803223,31.875429153442383,1.9671947956085205,2.0087063312530518,8.441429138183594,2.25
2017-01-11,12.0779447555542,33.11430358886719,2.0020737648010254,2.024217367172241,8.81037425994873,2.240000009536743
2017-01-12,12.23576831817627,33.42799758911133,1.9811465740203857,2.0474843978881836,8.751341819763184,2.1700000762939453
2017-01-13,12.221837997436523,33.013275146484375,1.9671947956085205,2.031973361968994,8.677555084228516,2.200000047683716
2017-01-16,12.426077842712402,33.614097595214844,1.995098352432251,2.0474843978881836,8.751341819763184,2.2300000190734863
2017-01-17,12.398226737976074,33.33761215209961,1.932315468788147,2.0629959106445312,8.721827507019043,2.2200000286102295
2017-01-18,12.310032844543457,33.57155227661133,1.9602187871932983,2.0862629413604736,8.825130462646484,2.259999990463257
2017-01-19,12.388944625854492,33.7789192199707,1.9392914772033691,2.0474843978881836,8.928435325622559,2.2699999809265137
2017-01-20,12.231122016906738,33.14087677001953,1.855581283569336,2.0474843978881836,8.854645729064941,2.2100000381469727
2017-01-23,12.240409851074219,33.1781005859375,1.7858221530914307,2.0862629413604736,9.031739234924316,2.3399999141693115
2017-01-24,12.537482261657715,34.43291473388672,1.897436499595642,2.1483073234558105,9.474471092224121,2.4200000762939453
2017-01-25,12.945960998535156,35.7462043762207,1.9881224632263184,2.0629959106445312,9.563018798828125,2.5299999713897705
2017-01-26,,,,2.055239677429199,9.946720123291016,2.5999999046325684
2017-01-27,12.774212837219238,36.07586669921875,1.9881224632263184,2.031973361968994,9.931962013244629,2.5899999141693115
2017-01-30,12.699944496154785,36.06523132324219,1.953243374824524,,,
2017-01-31,12.365739822387695,35.453773498535156,1.91836416721344,,,
2017-02-01,12.569974899291992,35.64518356323242,1.9392914772033691,2.0785069465637207,10.197602272033691,2.6700000762939453
2017-02-02,12.551408767700195,35.72493362426758,1.953243374824524,2.101773500442505,9.990992546081543,2.6500000953674316
2017-02-03,12.1614990234375,34.31061553955078,1.897436499595642,2.1250405311584473,9.76962661743164,2.680000066757202
2017-02-06,12.026885032653809,34.50202941894531,1.8137257099151611,2.1793301105499268,9.548260688781738,2.5999999046325684
2017-02-07,12.050092697143555,34.645591735839844,1.8276774883270264,2.233619451522827,9.636808395385742,2.640000104904175
2017-02-08,11.947978973388672,34.927391052246094,1.8416292667388916,2.2413744926452637,9.858172416687012,2.759999990463257
2017-02-09,11.799436569213867,34.69343948364258,1.7927982807159424,2.272397518157959,10.005751609802246,2.9600000381469727
2017-02-10,12.012960433959961,35.06563186645508,1.7718706130981445,2.225863456726074,10.168085098266602,3.009999990463257
2017-02-13,12.277544021606445,36.32576370239258,1.7858221530914307,2.2568862438201904,10.551787376403809,3.200000047683716
2017-02-14,12.166138648986816,36.426788330078125,1.8625565767288208,2.2413744926452637,10.448482513427734,3.25
2017-02-15,12.319319725036621,36.36830139160156,1.8625565767288208,2.171574115753174,10.094297409057617,3.2200000286102295
2017-02-16,12.504990577697754,36.830875396728516,1.8276774883270264,2.202597141265869,10.109055519104004,3.0999999046325684
2017-02-17,12.365739822387695,36.04396438598633,1.8765087127685547,2.2181079387664795,9.96147632598877,3.069999933242798
2017-02-20,12.286826133728027,35.96419906616211,1.8416292667388916,2.202597141265869,10.109055519104004,3.049999952316284
2017-02-21,12.407515525817871,36.682003021240234,1.7927982807159424,2.2103524208068848,10.241874694824219,3.2200000286102295
2017-02-22,12.32396125793457,36.88936233520508,1.8137257099151611,2.2568862438201904,10.537031173706055,3.450000047683716
2017-02-23,11.994393348693848,35.72196960449219,1.7439671754837036,2.233619451522827,10.271389961242676,3.440000057220459
2017-02-24,11.632332801818848,34.240821838378906,1.7160636186599731,2.233619451522827,9.754868507385254,3.119999885559082
2017-02-27,11.599842071533203,34.02845001220703,1.730015516281128,2.225863456726074,9.76962661743164,3.140000104904175
2017-02-28,11.60448169708252,33.75618362426758,1.736991286277771,2.272397518157959,9.651564598083496,3.059999942779541
2017-03-01,11.548779487609863,33.41856384277344,1.736991286277771,2.233619451522827,9.828658103942871,3.0899999141693115
2017-03-02,11.929404258728027,34.59477615356445,1.897436499595642,2.233619451522827,9.71059799194336,3.0899999141693115
2017-03-03,11.762303352355957,33.173519134521484,1.8834843635559082,2.1405515670776367,9.592534065246582,2.9700000286102295
2017-03-06,11.952614784240723,33.83242416381836,1.9392914772033691,2.163818597793579,9.636808395385742,2.9700000286102295
2017-03-07,11.83657169342041,33.54925537109375,1.9671947956085205,2.1483073234558105,9.607294082641602,2.940000057220459
2017-03-08,11.711243629455566,33.4294548034668,1.953243374824524,2.163818597793579,9.503988265991211,2.940000057220459
2017-03-09,11.391386032104492,32.748775482177734,1.8948007822036743,2.156062602996826,9.253105163574219,2.9200000762939453
2017-03-10,11.253509521484375,32.111663818359375,1.8877041339874268,2.1483073234558105,9.149801254272461,2.930000066757202
2017-03-13,11.243998527526855,32.21512222290039,1.838027834892273,2.2491302490234375,9.518744468688965,3.0899999141693115
2017-03-14,11.348594665527344,32.400264739990234,1.916090726852417,2.2568862438201904,9.503988265991211,3.0399999618530273
2017-03-15,11.514995574951172,33.124507904052734,1.916090726852417,2.2879085540771484,9.607294082641602,3.059999942779541
2017-03-16,11.942888259887695,33.88686752319336,1.9515743255615234,2.4119982719421387,9.828658103942871,3.25
2017-03-17,11.80976676940918,34.26805114746094,1.987057089805603,2.4585323333740234,9.725354194641113,3.1700000762939453
2017-03-20,11.828783988952637,33.973995208740234,1.972864031791687,2.3964874744415283,9.651564598083496,3.059999942779541
2017-03-21,11.714677810668945,33.54380416870117,1.9302841424942017,2.4275100231170654,9.563018798828125,3.0399999618530273
2017-03-22,11.372365951538086,32.672542572021484,1.8806078433990479,2.404243230819702,9.38592529296875,2.950000047683716
2017-03-23,11.500732421875,32.672542572021484,1.9515743255615234,2.3964874744415283,9.371167182922363,2.9600000381469727
2017-03-24,11.534012794494629,32.73243713378906,1.9302841424942017,2.3809757232666016,9.312135696411133,2.9200000762939453
2017-03-27,11.19645881652832,32.138885498046875,1.8948007822036743,2.3111753463745117,9.031739234924316,2.7799999713897705
2017-03-28,11.3628568649292,32.63441848754883,1.916090726852417,2.2956643104553223,9.105528831481934,2.8499999046325684
2017-03-29,11.396139144897461,32.863128662109375,1.9444772005081177,2.3111753463745117,9.149801254272461,2.9200000762939453
2017-03-30,11.443680763244629,32.939361572265625,1.9799606800079346,2.2801530361175537,9.12028694152832,2.890000104904175
2017-03-31,11.42941665649414,32.92302703857422,1.9586703777313232,2.233619451522827,8.928435325622559,2.9000000953674316
2017-04-03,11.410400390625,32.677982330322266,1.9799606800079346,2.3111753463745117,9.341650009155273,2.9100000858306885
2017-04-04,11.372365951538086,32.61808395385742,2.029637336730957,,,
2017-04-05,11.766976356506348,33.60914993286133,2.1006035804748535,2.3266866207122803,9.356410026550293,2.940000057220459
2017-04-06,11.728941917419434,33.04283142089844,2.0935065746307373,2.3111753463745117,9.326895713806152,2.9100000858306885
2017-04-07,11.69090461730957,32.677982330322266,2.065120220184326,2.3577091693878174,9.459712982177734,2.869999885559082
2017-04-10,12.232901573181152,33.12995147705078,2.1147964000701904,2.2879085540771484,9.356410026550293,2.680000066757202
2017-04-11,12.080761909484863,33.7779655456543,2.1147964000701904,2.3266866207122803,9.41543960571289,2.6600000858306885
2017-04-12,12.03797435760498,33.70173263549805,2.1006035804748535,2.3577091693878174,9.430198669433594,2.700000047683716
2017-04-13,11.557785034179688,32.20967483520508,2.0083467960357666,2.373220443725586,9.194075584411621,2.690000057220459
2017-04-18,11.377120018005371,31.583454132080078,1.9799606800079346,2.272397518157959,9.061256408691406,2.569999933242798
2017-04-19,11.372365951538086,32.07354736328125,1.9444772005081177,2.225863456726074,8.898921012878418,2.5999999046325684
2017-04-20,11.243998527526855,31.948291778564453,1.9302841424942017,2.233619451522827,8.898921012878418,2.5399999618530273
2017-04-21,11.42941665649414,32.8032341003418,1.972864031791687,2.225863456726074,8.928435325622559,2.609999895095825
2017-04-24,11.381876945495605,32.574520111083984,1.972864031791687,2.1793301105499268,8.825130462646484,2.5799999237060547
2017-04-25,,,,2.1948413848876953,8.854645729064941,2.6600000858306885
2017-04-26,11.448434829711914,32.94480895996094,1.972864031791687,2.163818597793579,8.898921012878418,2.5999999046325684
2017-04-27,11.348594665527344,32.56363296508789,1.9941539764404297,2.156062602996826,8.839889526367188,2.5999999046325684
2017-04-28,11.2772798538208,32.912139892578125,1.972864031791687,2.132796287536621,8.957950592041016,2.6600000858306885
2017-05-01,11.353350639343262,32.59085464477539,1.9302841424942017,,,
2017-05-02,11.296297073364258,32.650760650634766,1.9515743255615234,2.1095290184020996,8.943193435668945,2.700000047683716
2017-05-03,11.034807205200195,32.340370178222656,1.9302841424942017,,,
2017-05-04,11.049074172973633,31.757707595825195,1.9018977880477905,2.055239677429199,8.721827507019043,2.5299999713897705
2017-05-05,10.754303932189941,31.12059211730957,1.8593177795410156,2.0087063312530518,8.515219688415527,2.299999952316284
2017-05-08,10.920703887939453,31.844837188720703,1.9089943170547485,1.9931952953338623,8.441429138183594,2.299999952316284
2017-05-09,11.011035919189453,32.01364517211914,1.9373811483383179,2.0087063312530518,8.529976844787598,2.390000104904175
2017-05-10,11.177436828613281,32.672542572021484,1.8877041339874268,1.9621721506118774,8.456185340881348,2.380000114440918
2017-05-11,11.220229148864746,32.44384002685547,1.8806078433990479,1.9854389429092407,8.485701560974121,2.4100000858306885
2017-05-12,11.291543006896973,32.56363296508789,1.8735110759735107,2.0087063312530518,8.515219688415527,2.369999885559082
2017-05-15,11.324824333190918,32.36759567260742,1.9018977880477905,2.0087063312530518,8.662795066833496,2.4700000286102295
2017-05-16,11.419909477233887,32.825016021728516,1.9302841424942017,2.0164613723754883,8.73658561706543,2.4700000286102295
2017-05-17,11.443680763244629,33.55469512939453,1.8948007822036743,2.0474843978881836,8.69231128692627,2.509999990463257
2017-05-18,11.386630058288574,33.658164978027344,1.8593177795410156,2.0164613723754883,8.589007377624512,2.4700000286102295
2017-05-19,11.543519973754883,34.442298889160156,1.8593177795410156,2.0164613723754883,8.633280754089355,2.509999990463257
2017-05-22,11.709922790527344,35.5041618347168,1.9089943170547485,2.000950336456299,8.751341819763184,2.5199999809265137
2017-05-23,11.572047233581543,35.253665924072266,1.9089943170547485,1.9776839017868042,8.589007377624512,2.569999933242798
2017-05-24,11.505487442016602,34.785362243652344,1.8735110759735107,1.9776839017868042,8.515219688415527,2.5799999237060547
2017-05-25,11.648119926452637,35.286338806152344,1.9373811483383179,1.9931952953338623,8.648038864135742,2.690000057220459
2017-05-26,11.415154457092285,34.65467071533203,1.916090726852417,2.0087063312530518,8.73658561706543,2.5999999046325684
2017-05-29,11.334332466125488,34.12645721435547,1.923187255859375,2.0164613723754883,8.766098976135254,2.6500000953674316
2017-05-30,11.410400390625,34.453189849853516,1.923187255859375,,,
2017-05-31,11.3628568649292,34.20270919799805,1.8735110759735107,1.9854389429092407,8.648038864135742,2.569999933242798
2017-06-01,11.282033920288086,33.625492095947266,1.838027834892273,1.9931952953338623,8.589007377624512,2.490000009536743
2017-06-02,11.443680763244629,34.20814895629883,1.8593177795410156,1.9931952953338623,8.50046157836914,2.4800000190734863
2017-06-05,11.24875259399414,33.76161575317383,1.8593177795410156,1.9776839017868042,8.441429138183594,2.490000009536743
2017-06-06,11.096613883972168,33.47301483154297,1.8593177795410156,1.9854389429092407,8.426671981811523,2.5
2017-06-07,11.025301933288574,33.58736801147461,1.8877041339874268,2.024217367172241,8.780858993530273,2.630000114440918
2017-06-08,11.082353591918945,33.81607437133789,1.8948007822036743,2.000950336456299,8.780858993530273,2.5999999046325684
2017-06-09,11.191702842712402,34.273494720458984,1.8948007822036743,1.9931952953338623,8.751341819763184,2.619999885559082
2017-06-12,,,,1.9544167518615723,8.87952709197998,2.5899999141693115
2017-06-13,11.253509521484375,34.09379577636719,1.9373811483383179,2.0164613723754883,9.164031028747559,2.700000047683716
2017-06-14,11.263018608093262,34.08291244506836,1.9657673835754395,2.0474843978881836,9.149057388305664,2.680000066757202
2017-06-15,10.939720153808594,32.825016021728516,1.8877041339874268,2.024217367172241,8.95439624786377,2.559999942779541
2017-06-16,10.930211067199707,32.716102600097656,1.8522210121154785,2.0087063312530518,8.804659843444824,2.490000009536743
2017-06-19,10.934969902038574,32.69976806640625,1.8451244831085205,2.0164613723754883,8.92444896697998,2.509999990463257
2017-06-20,10.915949821472168,32.52006530761719,1.8238345384597778,2.0164613723754883,8.969369888305664,2.5
2017-06-21,10.507078170776367,31.583454132080078,1.781254768371582,2.031973361968994,8.909475326538086,2.369999885559082
2017-06-22,10.530847549438477,31.78492546081543,1.7883518934249878,2.031973361968994,8.939422607421875,2.390000104904175
2017-06-23,10.654463768005371,32.035423278808594,1.8238345384597778,2.024217367172241,8.909475326538086,2.380000114440918
2017-06-26,10.673478126525879,32.43838119506836,1.838027834892273,2.031973361968994,8.92444896697998,2.380000114440918
2017-06-27,10.678232192993164,32.59085464477539,1.8664145469665527,2.031973361968994,8.894500732421875,2.4000000953674316
2017-06-28,10.882669448852539,33.402225494384766,1.9089943170547485,2.000950336456299,9.014291763305664,2.5299999713897705
2017-06-29,11.163176536560059,34.51853942871094,1.9586703777313232,2.000950336456299,9.283821105957031,2.7200000286102295
2017-06-30,11.06808853149414,34.453189849853516,1.9018977880477905,2.000950336456299,9.598274230957031,2.880000114440918
2017-07-03,11.044318199157715,34.63289260864258,1.9018977880477905,2.0164613723754883,9.58329963684082,2.859999895095825
2017-07-04,11.296297073364258,34.90515899658203,1.9373811483383179,2.0074403285980225,9.328743934631348,2.799999952316284
2017-07-05,11.481714248657227,35.5041618347168,1.9586703777313232,1.9994741678237915,9.478482246398926,2.8399999141693115
2017-07-06,11.553030014038086,35.04674530029297,1.987057089805603,2.0154058933258057,9.433562278747559,2.819999933242798
2017-07-07,11.69090461730957,35.417030334472656,1.9941539764404297,2.0074403285980225,9.523404121398926,2.859999895095825
2017-07-10,11.657624244689941,35.4496955871582,1.9302841424942017,1.9994741678237915,9.35869312286377,2.7699999809265137
2017-07-11,11.781238555908203,35.73286437988281,1.9657673835754395,1.9994741678237915,9.343716621398926,2.8299999237060547
2017-07-12,11.828783988952637,35.760093688964844,1.9586703777313232,1.9915083646774292,9.298796653747559,2.819999933242798
2017-07-13,11.885835647583008,35.60762023925781,1.9799606800079346,2.0154058933258057,9.508430480957031,2.869999885559082
2017-07-14,11.947639465332031,35.68385696411133,1.9586703777313232,2.0154058933258057,9.523404121398926,2.8499999046325684
2017-07-17,11.966657638549805,35.89622497558594,2.050926685333252,2.0632026195526123,9.58329963684082,2.950000047683716
2017-07-18,11.933378219604492,35.36257553100586,2.050926685333252,2.1508290767669678,9.987595558166504,2.990000009536743
2017-07-19,11.805009841918945,35.12297821044922,2.015443801879883,2.2703192234039307,10.25712776184082,3.0199999809265137
2017-07-20,11.871572494506836,35.0576286315918,1.9799606800079346,2.2464213371276855,9.912726402282715,2.9000000953674316
2017-07-21,11.643362045288086,34.333396911621094,1.9302841424942017,2.190659284591675,9.837857246398926,2.940000057220459
2017-07-24,11.60057544708252,34.099239349365234,1.9586703777313232,2.15879487991333,9.733038902282715,2.9000000953674316
2017-07-25,11.676644325256348,34.30616760253906,1.9373811483383179,2.1428630352020264,9.882779121398926,3.0
2017-07-26,12.061744689941406,35.20465850830078,2.022540330886841,2.1826930046081543,10.346969604492188,3.190000057220459
2017-07-27,12.194868087768555,35.417030334472656,2.065120220184326,2.1826930046081543,10.406866073608398,3.319999933242798
2017-07-28,12.042726516723633,34.98139953613281,2.022540330886841,2.134896993637085,10.182257652282715,3.2200000286102295
2017-07-31,12.28995132446289,35.8254280090332,2.065120220184326,2.254387855529785,10.676395416259766,3.4800000190734863
2017-08-01,12.437337875366211,35.912567138671875,2.1006035804748535,2.2623538970947266,10.421838760375977,3.7100000381469727
2017-08-02,12.242411613464355,35.852657318115234,2.0864102840423584,2.278285264968872,10.391891479492188,3.740000009536743
2017-08-03,12.19011116027832,34.95961380004883,2.0722169876098633,2.2225229740142822,10.287074089050293,3.7699999809265137
2017-08-04,12.228142738342285,35.52593994140625,2.065120220184326,2.3021833896636963,10.287074089050293,3.640000104904175
2017-08-07,12.437337875366211,36.1303825378418,2.1360864639282227,2.349979877471924,10.436812400817871,3.869999885559082
2017-08-08,12.408811569213867,35.96702575683594,2.1360864639282227,2.3659117221832275,10.526657104492188,3.809999942779541
2017-08-09,12.461109161376953,36.16849899291992,2.157376766204834,2.437605857849121,10.646449089050293,3.890000104904175
2017-08-10,12.394548416137695,36.15026092529297,2.164472818374634,2.3818435668945312,10.25712776184082,3.700000047683716
2017-08-11,12.147322654724121,35.132652282714844,2.1147964000701904,2.2862513065338135,9.688117027282715,3.359999895095825
2017-08-14,12.194868087768555,35.26610565185547,2.17156982421875,2.2862513065338135,9.792935371398926,3.5
2017-08-15,12.175847053527832,34.932464599609375,2.1431829929351807,2.238455295562744,9.538378715515137,3.25
2017-08-16,12.20437240600586,34.89353561401367,2.1147964000701904,2.2225229740142822,9.673145294189453,3.430000066757202
2017-08-17,12.323234558105469,35.371761322021484,2.1431829929351807,2.2703192234039307,9.927699089050293,3.5799999237060547
2017-08-18,12.071252822875977,35.13821029663086,2.0935065746307373,2.2623538970947266,9.777962684631348,3.5899999141693115
2017-08-21,12.21863842010498,35.672035217285156,2.0864102840423584,2.2464213371276855,9.71806526184082,3.609999895095825
2017-08-22,12.351759910583496,36.01679992675781,2.079313039779663,2.2703192234039307,9.792935371398926,3.7699999809265137
2017-08-23,12.380284309387207,36.128021240234375,2.050926685333252,2.2703192234039307,9.792935371398926,3.7699999809265137
2017-08-24,12.646530151367188,37.23460388183594,2.0864102840423584,2.2623538970947266,9.628222465515137,3.509999990463257
2017-08-25,12.684562683105469,37.440345764160156,2.022540330886841,2.2464213371276855,9.882779121398926,3.6500000953674316
2017-08-28,12.784402847290039,36.97880935668945,2.043830394744873,2.278285264968872,9.837857246398926,3.6500000953674316
2017-08-29,12.774895668029785,37.03441619873047,2.043830394744873,2.349979877471924,9.987595558166504,3.700000047683716
2017-08-30,12.812929153442383,37.090023040771484,2.058023691177368,2.318115711212158,10.06246566772461,3.859999895095825
2017-08-31,13.017363548278809,37.723941802978516,2.0722169876098633,2.2862513065338135,10.167283058166504,3.819999933242798
2017-09-01,13.036380767822266,37.96861267089844,2.0864102840423584,2.3818435668945312,10.287074089050293,3.8499999046325684
2017-09-04,13.064909934997559,37.63498306274414,2.1147964000701904,2.413707733154297,10.346969604492188,4.0
2017-09-05,13.131468772888184,37.87964630126953,2.1431829929351807,2.437605857849121,10.391891479492188,3.990000009536743
2017-09-06,13.183768272399902,37.951934814453125,2.185763120651245,2.413707733154297,10.212204933166504,3.990000009536743
2017-09-07,13.27834415435791,38.22997283935547,2.192859411239624,2.3579459190368652,10.047492027282715,3.869999885559082
2017-09-08,13.25890827178955,38.0909538269043,2.2141494750976562,2.397775888442993,10.107386589050293,3.7799999713897705
2017-09-11,13.020841598510742,37.55156707763672,2.192859411239624,2.3579459190368652,10.01754379272461,3.809999942779541
2017-09-12,13.176316261291504,38.257774353027344,2.2780189514160156,2.3579459190368652,10.227178573608398,3.9000000953674316
2017-09-13,13.302633285522461,38.66371154785156,2.292212724685669,2.3579459190368652,10.182257652282715,3.7899999618530273
2017-09-14,13.064566612243652,38.024227142333984,2.3284807205200195,2.3021833896636963,9.703093528747559,3.700000047683716
2017-09-15,12.758481979370117,37.15119171142578,2.2629919052124023,2.294217824935913,9.58329963684082,3.630000114440918
2017-09-18,12.768199920654297,37.073341369628906,2.3212039470672607,2.2703192234039307,9.673145294189453,3.7300000190734863
2017-09-19,12.777915000915527,37.1956787109375,2.2848219871520996,2.278285264968872,9.568325996398926,3.6700000762939453
2017-09-20,12.724474906921387,36.734134674072266,2.2848219871520996,2.3260817527770996,9.733038902282715,3.880000114440918
2017-09-21,12.627304077148438,36.42273712158203,2.3066513538360596,2.2623538970947266,9.523404121398926,3.619999885559082
2017-09-22,12.607868194580078,36.68409729003906,2.343033790588379,2.2464213371276855,9.448534965515137,3.559999942779541
2017-09-25,12.622442245483398,36.70633316040039,2.3503105640411377,2.190659284591675,9.253873825073242,3.319999933242798
2017-09-26,12.530133247375488,36.61736297607422,2.3212039470672607,2.174726724624634,9.074187278747559,3.380000114440918
2017-09-27,12.549562454223633,37.145633697509766,2.3721392154693604,2.174726724624634,9.149057388305664,3.4200000762939453
2017-09-28,12.4281005859375,36.40605926513672,2.3503105640411377,2.1269309520721436,9.08916187286377,3.369999885559082
2017-09-29,12.525274276733398,36.995487213134766,2.379415988922119,2.134896993637085,9.238901138305664,3.4800000190734863
2017-10-02,12.690461158752441,37.81291961669922,2.495839834213257,,,
2017-10-03,12.705039024353027,38.085391998291016,2.4376282691955566,2.15879487991333,9.283821105957031,3.549999952316284
2017-10-04,12.632160186767578,37.4959602355957,2.408522367477417,2.198625087738037,9.328743934631348,3.6600000858306885
2017-10-05,12.675889015197754,37.8073616027832,2.386692762374878,,,
2017-10-06,12.928529739379883,38.50800323486328,2.4230751991271973,2.198625087738037,9.598274230957031,3.809999942779541
2017-10-09,12.9042387008667,38.480201721191406,2.379415988922119,2.198625087738037,9.343716621398926,3.740000009536743
2017-10-10,12.875086784362793,38.45796203613281,2.386692762374878,2.1826930046081543,9.253873825073242,3.640000104904175
2017-10-11,12.938249588012695,38.2410888671875,2.3721392154693604,2.214556932449341,9.283821105957031,3.569999933242798
2017-10-12,12.734189987182617,37.70725631713867,2.3503105640411377,2.190659284591675,9.388639450073242,3.5199999809265137
2017-10-13,12.807066917419434,37.929691314697266,2.3503105640411377,2.2304887771606445,9.388639450073242,3.5299999713897705
2017-10-16,13.093720436096191,39.230899810791016,2.3575868606567383,2.294217824935913,9.703093528747559,3.759999990463257
2017-10-17,13.268628120422363,39.73693084716797,2.33575701713562,2.2703192234039307,9.927699089050293,3.75
2017-10-18,13.200605392456055,39.43665313720703,2.3503105640411377,2.238455295562744,9.792935371398926,3.700000047683716
2017-10-19,12.9042387008667,38.43572235107422,2.292098045349121,2.214556932449341,9.508430480957031,3.549999952316284
2017-10-20,12.962539672851562,38.4023551940918,2.3212039470672607,2.2464213371276855,9.658169746398926,3.680000066757202
2017-10-23,12.870226860046387,38.51356887817383,2.2629919052124023,2.2304887771606445,9.568325996398926,3.700000047683716
2017-10-24,12.899381637573242,38.58586120605469,2.292098045349121,2.278285264968872,9.613247871398926,3.759999990463257
2017-10-25,13.030562400817871,38.72487258911133,2.364863157272339,2.278285264968872,9.643196105957031,3.7300000190734863
2017-10-26,12.94310474395752,38.735992431640625,2.401245594024658,2.214556932449341,9.688117027282715,3.799999952316284
2017-10-27,12.91881275177002,38.91950607299805,2.517669439315796,2.15879487991333,9.478482246398926,3.690000057220459
2017-10-30,12.938249588012695,38.913944244384766,2.495839834213257,2.1269309520721436,9.238901138305664,3.640000104904175
2017-10-31,12.89452075958252,38.61921310424805,2.452181100845337,2.1508290767669678,9.313770294189453,3.5299999713897705
2017-11-01,13.093720436096191,38.930633544921875,2.5467755794525146,2.134896993637085,9.373665809631348,3.6500000953674316
2017-11-02,13.288061141967773,40.22626495361328,2.626817464828491,2.1508290767669678,9.343716621398926,3.6700000762939453
2017-11-03,13.453251838684082,40.65444564819336,2.626817464828491,2.134896993637085,9.283821105957031,3.630000114440918
2017-11-06,13.443534851074219,40.7211799621582,2.583158493041992,2.1269309520721436,9.238901138305664,3.619999885559082
2017-11-07,13.968255043029785,41.56085205078125,2.5540523529052734,2.1428630352020264,9.313770294189453,3.6600000858306885
2017-11-08,13.841931343078613,41.282806396484375,2.5249459743499756,2.1428630352020264,9.298796653747559,3.7200000286102295
2017-11-09,13.909952163696289,41.5052375793457,2.5249459743499756,2.15879487991333,9.298796653747559,3.759999990463257
2017-11-10,13.637873649597168,40.56547546386719,2.4449045658111572,2.1428630352020264,9.238901138305664,3.8399999141693115
2017-11-13,13.739903450012207,41.01032638549805,2.4449045658111572,2.095066785812378,9.19398021697998,3.8399999141693115
2017-11-14,13.579570770263672,40.61552810668945,2.4157986640930176,2.095066785812378,9.164031028747559,3.7799999713897705
2017-11-15,13.288061141967773,39.50893783569336,2.364863157272339,2.079134464263916,9.04423999786377,3.5799999237060547
2017-11-16,13.249192237854004,39.59235382080078,2.401245594024658,2.0632026195526123,8.864554405212402,3.509999990463257
2017-11-17,13.176316261291504,39.41996765136719,2.401245594024658,2.0472707748413086,8.729787826538086,3.5799999237060547
2017-11-20,13.176316261291504,39.36992263793945,2.3939690589904785,2.03930401802063,8.580047607421875,3.559999942779541
2017-11-21,13.22976016998291,39.5367431640625,2.4230751991271973,2.0074403285980225,8.624969482421875,3.390000104904175
2017-11-22,13.409523010253906,39.898189544677734,2.4157986640930176,1.9915083646774292,8.804659843444824,3.5299999713897705
2017-11-23,13.584432601928711,40.04276657104492,2.4667341709136963,2.1030328273773193,8.984344482421875,3.5799999237060547
2017-11-24,13.589290618896484,40.09280776977539,2.4885637760162354,2.1189651489257812,9.059213638305664,3.5399999618530273
2017-11-27,13.579570770263672,40.08725357055664,2.4230751991271973,2.095066785812378,9.014291763305664,3.549999952316284
2017-11-28,13.302633285522461,39.78141784667969,2.4157986640930176,2.134896993637085,9.104135513305664,3.549999952316284
2017-11-29,13.428958892822266,39.87038803100586,2.4376282691955566,2.1508290767669678,9.119111061096191,3.640000104904175
2017-11-30,13.263768196105957,39.45332717895508,2.3721392154693604,2.15879487991333,9.104135513305664,3.569999933242798
2017-12-01,13.39980697631836,39.57566452026367,2.33575701713562,2.1109986305236816,8.909475326538086,3.5299999713897705
2017-12-04,13.608722686767578,40.06502151489258,2.3721392154693604,2.1109986305236816,9.04423999786377,3.5899999141693115
2017-12-05,13.482404708862305,39.24201965332031,2.4594576358795166,2.095066785812378,9.014291763305664,3.5899999141693115
2017-12-06,13.215182304382324,38.27445983886719,2.3575868606567383,2.0154058933258057,8.565074920654297,3.259999990463257
2017-12-07,13.186030387878418,38.62478256225586,2.343033790588379,2.0154058933258057,8.370414733886719,3.130000114440918
2017-12-08,13.200605392456055,38.480201721191406,2.343033790588379,2.0154058933258057,8.415334701538086,3.359999895095825
2017-12-11,13.215182304382324,38.635902404785156,2.364863157272339,2.0074403285980225,8.38538646697998,3.4000000953674316
2017-12-12,13.433816909790039,39.064083099365234,2.3503105640411377,2.0074403285980225,8.355440139770508,3.380000114440918
2017-12-13,13.453251838684082,39.00291061401367,2.299374580383301,2.0074403285980225,8.445281982421875,3.369999885559082
2017-12-14,13.45810604095459,38.8027229309082,2.3721392154693604,2.0472707748413086,8.490206718444824,3.390000104904175
2017-12-15,13.462966918945312,39.24201965332031,2.343033790588379,2.0711681842803955,8.38538646697998,3.4000000953674316
2017-12-18,13.72532844543457,39.720245361328125,2.379415988922119,2.079134464263916,8.445281982421875,3.3499999046325684
2017-12-19,13.832216262817383,40.22071075439453,2.452181100845337,2.1428630352020264,8.639944076538086,3.380000114440918
2017-12-20,13.817639350891113,40.57659912109375,2.4812870025634766,2.1109986305236816,8.624969482421875,3.4000000953674316
2017-12-21,14.011979103088379,40.960289001464844,2.4667341709136963,2.1508290767669678,8.774710655212402,3.619999885559082
2017-12-22,14.1383056640625,41.305049896240234,2.4449045658111572,2.2065908908843994,8.804659843444824,3.700000047683716
2017-12-27,14.25976276397705,41.49412536621094,2.4812870025634766,2.2862513065338135,9.104135513305664,3.7699999809265137
2017-12-28,14.33750057220459,41.644248962402344,2.5249459743499756,2.3898098468780518,9.313770294189453,3.880000114440918
2017-12-29,14.366653442382812,42.15584182739258,2.539499282836914,2.349979877471924,9.283821105957031,3.880000114440918
2018-01-02,14.420099258422852,42.53953170776367,2.5540523529052734,2.5013341903686523,9.598274230957031,4.019999980926514
2018-01-03,14.663025856018066,43.47929000854492,2.604987859725952,2.477436065673828,9.58329963684082,3.9700000286102295
2018-01-04,14.735901832580566,43.29023361206055,2.5904345512390137,2.5889604091644287,9.703093528747559,4.039999961853027
2018-01-05,14.857365608215332,43.512664794921875,2.6559231281280518,2.59692645072937,9.688117027282715,4.230000019073486
2018-01-08,14.842789649963379,43.395877838134766,2.6559231281280518,2.748281240463257,9.89775276184082,4.489999771118164
2018-01-09,15.090572357177734,44.41349411010742,2.71413516998291,2.7403151988983154,9.777962684631348,4.429999828338623
2018-01-10,15.041987419128418,44.07429504394531,2.6850292682647705,2.7642135620117188,9.957648277282715,4.599999904632568
2018-01-11,14.983685493469238,44.0687255859375,2.7068583965301514,2.708451271057129,9.987595558166504,4.5
2018-01-12,15.318924903869629,44.83055114746094,2.8160064220428467,2.7642135620117188,9.942675590515137,4.619999885559082
2018-01-15,15.498688697814941,45.48671340942383,2.8887717723846436,2.692519187927246,9.777962684631348,4.590000152587891
2018-01-16,15.38208293914795,45.18642807006836,2.896047592163086,2.7004852294921875,9.748016357421875,4.679999828338623
2018-01-17,14.935098648071289,43.623870849609375,2.852389097213745,2.5411641597747803,9.508430480957031,4.519999980926514
2018-01-18,14.954533576965332,43.83517837524414,2.779623508453369,2.636756658554077,9.418587684631348,4.579999923706055
2018-01-19,14.910806655883789,43.37920379638672,2.801452875137329,2.6606547832489014,9.553352355957031,4.699999809265137
2018-01-22,14.954533576965332,43.457054138183594,2.7286882400512695,2.7164173126220703,9.628222465515137,4.78000020980835
2018-01-23,14.959392547607422,43.6572380065918,2.7723472118377686,2.7562472820281982,9.658169746398926,4.730000019073486
2018-01-24,14.905950546264648,43.4848518371582,2.779623508453369,2.772179126739502,9.658169746398926,4.659999847412109
2018-01-25,14.988541603088379,43.824058532714844,2.786900043487549,3.0031938552856445,9.972622871398926,5.199999809265137
2018-01-26,,,,2.9952285289764404,10.06246566772461,5.300000190734863
2018-01-29,14.930242538452148,43.97420120239258,2.8887717723846436,3.1386170387268066,10.287074089050293,5.5
2018-01-30,14.740758895874023,43.68503952026367,2.786900043487549,3.011160135269165,10.15230941772461,5.480000019073486
2018-01-31,14.67273998260498,42.734161376953125,2.779623508453369,3.1386170387268066,9.912726402282715,5.75
2018-02-01,14.896233558654785,43.20682144165039,2.830559015274048,3.0031938552856445,9.688117027282715,5.650000095367432
2018-02-02,14.96911334991455,43.512664794921875,2.786900043487549,3.3138697147369385,10.406866073608398,6.179999828338623
2018-02-05,14.648447036743164,42.53953170776367,2.71413516998291,3.4174277782440186,10.541629791259766,6.239999771118164
2018-02-06,14.250049591064453,41.94453811645508,2.626817464828491,3.1704812049865723,9.76298713684082,5.519999980926514
2018-02-07,14.507549285888672,43.5460205078125,2.69230580329895,2.8837037086486816,9.493457794189453,5.28000020980835
2018-02-08,14.30835247039795,43.11784744262695,2.69958233833313,2.748281240463257,9.268848419189453,4.849999904632568
2018-02-09,14.152881622314453,42.739723205566406,2.6631994247436523,2.65268874168396,8.95439624786377,4.75
2018-02-12,14.36179256439209,43.3736457824707,2.73596453666687,2.65268874168396,8.909475326538086,5.150000095367432
2018-02-13,14.526985168457031,43.85742950439453,2.69958233833313,2.7243831157684326,9.029265403747559,5.300000190734863
2018-02-14,14.585286140441895,43.86854934692383,2.69230580329895,2.907601833343506,9.134081840515137,5.449999809265137
2018-02-15,15.250905990600586,45.647972106933594,2.5467755794525146,3.122685194015503,9.508430480957031,5.539999961853027
2018-02-16,15.314065933227539,45.86483383178711,2.4157986640930176,,,
2018-02-19,15.270339965820312,45.597930908203125,2.386692762374878,,,
2018-02-20,15.207178115844727,45.37549591064453,2.33575701713562,2.971329927444458,9.313770294189453,5.699999809265137
2018-02-21,14.483258247375488,44.63036346435547,2.2775449752807617,3.050990581512451,9.343716621398926,5.699999809265137
2018-02-22,14.67273998260498,44.552520751953125,2.2848219871520996,3.0589566230773926,9.35869312286377,5.800000190734863
2018-02-23,14.905950546264648,44.95844650268555,2.4376282691955566,3.090820789337158,9.58329963684082,5.940000057220459
2018-02-26,14.993403434753418,44.819427490234375,2.4376282691955566,3.186413288116455,9.673145294189453,6.059999942779541
2018-02-27,15.114866256713867,45.381065368652344,2.4594576358795166,2.98726224899292,9.388639450073242,5.650000095367432
2018-02-28,14.818496704101562,45.13083267211914,2.4157986640930176,2.8677713871002197,9.268848419189453,5.489999771118164
2018-03-01,14.624153137207031,44.54450607299805,2.430351734161377,2.947432279586792,9.164031028747559,5.449999809265137
2018-03-02,14.395801544189453,43.97804641723633,2.401245594024658,2.8837037086486816,8.984344482421875,5.369999885559082
2018-03-05,14.143163681030273,43.331485748291016,2.3939690589904785,2.8199758529663086,8.849579811096191,5.150000095367432
2018-03-06,14.439530372619629,43.537471771240234,2.495839834213257,2.9155678749084473,9.08916187286377,5.570000171661377
2018-03-07,14.29377555847168,43.10832595825195,2.430351734161377,2.8359079360961914,8.894500732421875,5.21999979019165
2018-03-08,14.390007019042969,43.37725830078125,2.432948589324951,3.082854986190796,8.95439624786377,5.340000152587891
2018-03-09,14.140353202819824,42.2271728515625,2.3955185413360596,2.9952285289764404,8.894500732421875,5.300000190734863
2018-03-12,14.434944152832031,43.18844223022461,2.4254629611968994,3.0748884677886963,9.029265403747559,5.550000190734863
2018-03-13,14.315113067626953,42.34160232543945,2.380547285079956,3.0589566230773926,9.059213638305664,5.579999923706055
2018-03-14,14.300132751464844,42.68491744995117,2.380547285079956,3.0987868309020996,9.04423999786377,5.5
2018-03-15,14.409978866577148,43.520301818847656,2.3955185413360596,3.1306509971618652,8.92444896697998,5.369999885559082
2018-03-16,14.559770584106445,43.84073257446289,2.530266523361206,3.082854986190796,8.81963062286377,5.179999828338623
2018-03-19,14.59472370147705,43.852169036865234,2.552724599838257,3.011160135269165,8.849579811096191,5.119999885559082
2018-03-20,14.315113067626953,43.04539108276367,2.4778647422790527,2.9792962074279785,8.744763374328613,4.840000152587891
2018-03-21,14.439937591552734,43.04539108276367,2.462892532348633,2.9553983211517334,8.624969482421875,4.860000133514404
2018-03-22,14.829394340515137,43.932273864746094,2.530266523361206,2.9553983211517334,8.639944076538086,4.96999979019165
2018-03-23,14.36503791809082,42.021183013916016,2.3955185413360596,2.812009572982788,8.370414733886719,4.650000095367432
2018-03-26,14.280159950256348,41.9525146484375,2.373060703277588,2.8677713871002197,8.460258483886719,4.690000057220459
2018-03-27,14.474886894226074,42.43315124511719,2.455406665802002,2.8837037086486816,8.445281982421875,4.960000038146973
2018-03-28,14.315113067626953,41.99256896972656,2.4254629611968994,2.7801451683044434,8.34046745300293,4.829999923706055
2018-03-29,14.085424423217773,41.59775924682617,2.4104907512664795,2.7960774898529053,8.38538646697998,4.789999961853027
2018-04-03,14.335079193115234,42.450321197509766,2.455406665802002,2.8040432929992676,8.25062370300293,4.989999771118164
2018-04-04,14.335079193115234,42.44459915161133,2.4853506088256836,2.7562472820281982,8.145806312561035,4.929999828338623
2018-04-05,14.235222816467285,41.94107437133789,2.440434217453003,,,
2018-04-06,14.300132751464844,41.895301818847656,2.447920560836792,2.7960774898529053,8.160778999328613,5.110000133514404
2018-04-09,14.310118675231934,42.03834533691406,2.4778647422790527,2.851840019226074,8.085909843444824,5.070000171661377
2018-04-10,14.419965744018555,43.19987487792969,2.605126142501831,2.9792962074279785,8.310519218444824,5.179999828338623
2018-04-11,14.699575424194336,43.77206039428711,2.545238971710205,2.9952285289764404,8.460258483886719,5.289999961853027
2018-04-12,14.79943561553955,43.88650131225586,2.5901544094085693,2.9792962074279785,8.265596389770508,5.25
2018-04-13,14.844375610351562,44.75049591064453,2.605126142501831,2.9394659996032715,8.280570983886719,5.190000057220459
2018-04-16,14.969204902648926,44.60745620727539,2.6874728202819824,2.8837037086486816,8.160778999328613,5.079999923706055
2018-04-17,14.944233894348145,44.68183898925781,2.709930658340454,2.9394659996032715,8.055961608886719,5.139999866485596
2018-04-18,15.014138221740723,45.17963409423828,2.7773044109344482,2.8916704654693604,8.100883483886719,4.989999771118164
2018-04-19,15.438549041748047,46.58720016479492,2.9045662879943848,3.0191264152526855,8.639944076538086,5.639999866485596
2018-04-20,15.408589363098145,46.077964782714844,2.9419960975646973,2.8916704654693604,8.520153045654297,5.46999979019165
2018-04-23,15.593334197998047,46.72454071044922,2.964454174041748,2.8757376670837402,8.47523021697998,5.650000095367432
2018-04-24,15.613306045532227,45.50006103515625,2.6799864768981934,2.8837037086486816,8.535125732421875,5.789999961853027
2018-04-25,,,,2.8757376670837402,8.400362968444824,5.869999885559082
2018-04-26,15.493470191955566,45.431396484375,2.7398741245269775,2.8598058223724365,8.310519218444824,5.730000019073486
2018-04-27,15.533417701721191,45.57444381713867,2.792276620864868,2.8757376670837402,8.34046745300293,5.840000152587891
2018-04-30,15.453531265258789,45.69459915161133,2.784790277481079,2.8837037086486816,8.430310249328613,5.909999847412109
2018-05-01,15.603322982788086,45.603050231933594,2.7623322010040283,,,
2018-05-02,15.578353881835938,45.780426025390625,2.792276620864868,2.8199758529663086,8.460258483886719,5.860000133514404
2018-05-03,15.73813247680664,46.55860137939453,2.9045662879943848,2.788111448287964,8.34046745300293,5.880000114440918
2018-05-04,15.723154067993164,46.312557220458984,2.8147342205047607,2.748281240463257,8.235648155212402,5.909999847412109
2018-05-07,15.952836036682129,46.346900939941406,2.882107973098755,2.772179126739502,8.265596389770508,6.099999904632568
2018-05-08,15.882928848266602,46.40409851074219,2.8446784019470215,2.8199758529663086,8.355440139770508,6.070000171661377
2018-05-09,16.07267189025879,46.730255126953125,2.882107973098755,2.7960774898529053,8.325491905212402,6.0
2018-05-10,16.352279663085938,47.462642669677734,2.9195380210876465,2.827941656112671,8.445281982421875,6.119999885559082
2018-05-11,16.55699348449707,47.99478530883789,2.9494826793670654,2.8040432929992676,8.50517749786377,6.170000076293945
2018-05-14,16.87156105041504,48.34952926635742,3.0018842220306396,2.8677713871002197,8.535125732421875,6.170000076293945
2018-05-15,16.751726150512695,47.84029006958008,2.964454174041748,2.8598058223724365,8.639944076538086,6.28000020980835
2018-05-16,16.98140525817871,48.45253372192383,2.971940517425537,2.8438737392425537,8.595022201538086,5.840000152587891
2018-05-17,17.196107864379883,49.63695526123047,3.0168564319610596,2.8040432929992676,8.535125732421875,6.050000190734863
2018-05-18,17.016355514526367,49.099082946777344,3.0018842220306396,2.8438737392425537,8.624969482421875,6.230000019073486
2018-05-21,16.946453094482422,48.6356315612793,2.9120523929595947,2.8694660663604736,8.60999584197998,6.21999979019165
2018-05-22,16.831615447998047,48.40675354003906,2.882107973098755,,,
2018-05-23,16.91649627685547,48.4983024597168,2.8521642684936523,2.8448002338409424,8.50517749786377,6.03000020980835
2018-05-24,16.931472778320312,48.01194381713867,2.82222056388855,2.8694660663604736,8.550101280212402,5.900000095367432
2018-05-25,16.51205825805664,47.58853530883789,2.80724835395813,2.7872467041015625,8.520153045654297,6.179999828338623
2018-05-28,16.03272247314453,47.559932708740234,2.7623322010040283,2.7296924591064453,8.550101280212402,6.239999771118164
2018-05-29,16.11760711669922,47.49126434326172,2.7623322010040283,2.7132492065429688,8.520153045654297,6.059999942779541
2018-05-30,16.077659606933594,46.93051528930664,2.732388496398926,2.6721386909484863,8.460258483886719,5.849999904632568
2018-05-31,16.372251510620117,47.474098205566406,2.784790277481079,2.6885831356048584,8.535125732421875,5.699999809265137
2018-06-01,16.51704978942871,47.20515823364258,2.8371922969818115,2.680360794067383,8.460258483886719,5.820000171661377
2018-06-04,16.576967239379883,47.54848098754883,2.9045662879943848,2.7296924591064453,8.580047607421875,6.269999980926514
2018-06-05,16.3472843170166,46.89046859741211,2.8521642684936523,2.737914562225342,8.595022201538086,6.389999866485596
2018-06-06,16.671833038330078,48.06916046142578,2.867136240005493,2.8694660663604736,8.83460521697998,6.400000095367432
2018-06-07,17.016355514526367,49.19063949584961,2.9045662879943848,2.9023540019989014,8.92444896697998,6.449999809265137
2018-06-08,17.01136589050293,49.551116943359375,2.882107973098755,2.8859097957611084,8.87952709197998,6.449999809265137
2018-06-11,,,,2.951685667037964,8.95439624786377,6.440000057220459
2018-06-12,16.821630477905273,48.69285202026367,2.8371922969818115,2.9434638023376465,8.894500732421875,6.429999828338623
2018-06-13,16.601932525634766,48.12638473510742,2.8147342205047607,2.9023540019989014,8.714815139770508,6.260000228881836
2018-06-14,16.666841506958008,48.418190002441406,2.8521642684936523,2.87768816947937,8.69983959197998,6.269999980926514
2018-06-15,16.7567195892334,49.03615188598633,2.9195380210876465,2.8036904335021973,8.48947811126709,6.190000057220459
2018-06-18,16.357271194458008,48.06916046142578,2.882107973098755,,,
2018-06-19,16.157550811767578,46.999176025390625,2.79976224899292,2.705026626586914,8.229438781738281,6.03000020980835
2018-06-20,16.27738380432129,47.348209381103516,2.792276620864868,2.639251232147217,8.152955055236816,5.820000171661377
2018-06-21,16.357271194458008,47.54848098754883,2.8147342205047607,2.581697702407837,8.061180114746094,5.829999923706055
2018-06-22,16.23743438720703,47.182273864746094,2.717416286468506,2.6145851612091064,7.984697341918945,5.820000171661377
2018-06-25,16.467119216918945,47.63430404663086,2.702444553375244,2.5159218311309814,7.801140308380127,5.5
2018-06-26,16.297361373901367,46.76457977294922,2.6650142669677734,2.491255283355713,7.724658489227295,5.360000133514404
2018-06-27,16.591949462890625,46.96485137939453,2.6725003719329834,2.4172580242156982,7.571694374084473,5.150000095367432
2018-06-28,16.886539459228516,47.53131103515625,2.6799864768981934,2.4419240951538086,7.533454895019531,5.090000152587891
2018-06-29,16.931472778320312,47.74302291870117,2.702444553375244,2.4665892124176025,7.648177146911621,5.489999771118164
2018-07-02,16.776691436767578,47.66291427612305,2.724902391433716,,,
2018-07-03,16.502071380615234,46.23245620727539,2.6725003719329834,2.4583683013916016,7.357545852661133,5.300000190734863
2018-07-04,16.502071380615234,45.849090576171875,2.6650142669677734,2.433701753616333,7.296361446380615,4.909999847412109
2018-07-05,16.41219711303711,45.32268142700195,2.6425564289093018,2.376148223876953,7.105156421661377,4.829999923706055
2018-07-06,16.552003860473633,45.63739013671875,2.709930658340454,2.3021504878997803,6.990434646606445,4.889999866485596
2018-07-09,16.906509399414062,46.29539108276367,2.732388496398926,2.3843703269958496,7.151045799255371,5.309999942779541
2018-07-10,17.09125328063965,46.70165252685547,2.7623322010040283,2.4172580242156982,7.151045799255371,5.28000020980835
2018-07-11,16.86656379699707,45.86625289916992,2.724902391433716,2.3185946941375732,6.921600818634033,5.03000020980835
2018-07-12,16.76171112060547,45.74610137939453,2.6949586868286133,2.335038185119629,6.998081684112549,5.179999828338623
2018-07-13,16.641876220703125,45.683162689208984,2.717416286468506,2.3021504878997803,6.990434646606445,5.28000020980835
2018-07-16,16.51205825805664,45.43711471557617,2.717416286468506,2.3103725910186768,7.021027088165283,5.300000190734863
2018-07-17,16.227453231811523,45.2940788269043,2.6575284004211426,2.277484178543091,6.921600818634033,5.139999866485596
2018-07-18,16.76171112060547,45.494346618652344,2.6799864768981934,2.236374616622925,6.990434646606445,4.800000190734863
2018-07-19,16.781681060791016,46.12946701049805,2.732388496398926,2.2281529903411865,7.074563503265381,4.429999828338623
2018-07-20,16.43216896057129,45.82048034667969,2.65004301071167,2.2117092609405518,7.135749340057373,4.510000228881836
2018-07-23,16.202491760253906,45.70603561401367,2.61261248588562,2.2528188228607178,7.204582691192627,4.639999866485596
2018-07-24,16.482097625732422,46.289669036865234,2.6725003719329834,2.3843703269958496,7.441676139831543,5.0
2018-07-25,16.851585388183594,46.976295471191406,2.717416286468506,2.392592191696167,7.479916572570801,4.769999980926514
2018-07-26,16.796663284301758,46.35261535644531,2.709930658340454,2.392592191696167,7.449324131011963,4.820000171661377
2018-07-27,17.176132202148438,46.5643196105957,2.717416286468506,2.392592191696167,7.365194320678711,4.869999885559082
2018-07-30,17.0712833404541,46.03219223022461,2.6799864768981934,2.3843703269958496,7.533454895019531,4.889999866485596
2018-07-31,17.405813217163086,46.46133041381836,2.6725003719329834,2.3843703269958496,7.571694374084473,4.789999961853027
2018-08-01,17.51566505432129,46.71881103515625,2.702444553375244,2.367926597595215,7.518158435821533,4.769999980926514
2018-08-02,16.936464309692383,44.43008804321289,2.635070323944092,2.3103725910186768,7.326953411102295,4.480000019073486
2018-08-03,16.666841506958008,43.79494857788086,2.5676963329315186,2.261040687561035,7.227527141571045,4.230000019073486
2018-08-06,17.02634048461914,44.06959533691406,2.605126142501831,2.2857062816619873,7.196934700012207,4.139999866485596
2018-08-07,16.78667449951172,43.71484375,2.605126142501831,2.335038185119629,7.357545852661133,4.420000076293945
2018-08-08,16.946453094482422,44.1668815612793,2.635070323944092,2.3432602882385254,7.388139247894287,4.429999828338623
2018-08-09,16.956438064575195,44.43510437011719,2.717416286468506,2.4008140563964844,7.434028148651123,4.5
2018-08-10,16.836606979370117,44.10157012939453,2.717416286468506,2.4172580242156982,7.395787715911865,4.300000190734863
2018-08-13,16.631887435913086,43.41696548461914,2.6575284004211426,2.35970401763916,7.219879627227783,4.070000171661377
2018-08-14,16.886539459228516,43.46377182006836,2.6425564289093018,2.3021504878997803,7.135749340057373,4.119999885559082
2018-08-15,16.82662010192871,43.15364456176758,2.545238971710205,2.2281529903411865,6.944544315338135,3.7100000381469727
2018-08-16,16.397218704223633,42.66798782348633,2.530266523361206,2.1952648162841797,6.8910088539123535,3.75
2018-08-17,16.3472843170166,42.785011291503906,2.515294313430786,2.1870431900024414,6.860414981842041,3.759999990463257
2018-08-20,16.561988830566406,42.91960144042969,2.522780418395996,2.203486919403076,6.998081684112549,3.700000047683716
2018-08-21,16.252416610717773,42.71479415893555,2.462892532348633,2.2528188228607178,7.112804412841797,4.079999923706055
2018-08-22,16.017742156982422,41.948280334472656,2.440434217453003,2.261040687561035,7.089860439300537,3.990000009536743
2018-08-23,16.217466354370117,42.11797332763672,2.5602104663848877,2.2281529903411865,7.082211971282959,3.799999952316284
2018-08-24,16.332305908203125,42.08870315551758,2.537752389907837,2.219931125640869,6.967489242553711,3.75
2018-08-27,16.51704978942871,42.58606719970703,2.530266523361206,2.367926597595215,7.105156421661377,4.139999866485596
2018-08-28,16.666841506958008,42.995670318603516,2.620098352432251,2.3843703269958496,7.189286708831787,4.199999809265137
2018-08-29,16.881546020507812,43.07758712768555,2.6725003719329834,2.4172580242156982,7.357545852661133,4.210000038146973
2018-08-30,16.86656379699707,42.796722412109375,2.6799864768981934,2.4172580242156982,7.219879627227783,4.070000171661377
2018-08-31,16.581958770751953,42.56266784667969,2.605126142501831,2.4090359210968018,7.112804412841797,3.930000066757202
2018-09-03,16.482097625732422,41.995086669921875,2.620098352432251,2.376148223876953,6.913952350616455,3.869999885559082
2018-09-04,16.51704978942871,41.77859115600586,2.597640037536621,2.35970401763916,6.975138187408447,4.019999980926514
2018-09-05,16.077659606933594,40.772159576416016,2.537752389907837,2.3185946941375732,6.776284694671631,3.9000000953674316
2018-09-06,16.16069221496582,41.13494110107422,2.597640037536621,2.2528188228607178,6.791581153869629,3.799999952316284
2018-09-07,16.10922622680664,41.83710861206055,2.61261248588562,2.244596481323242,6.692154407501221,3.7899999618530273
2018-09-10,16.057758331298828,41.51527404785156,2.6575284004211426,2.203486919403076,6.523894309997559,3.559999942779541
2018-09-11,16.057758331298828,41.731773376464844,2.717416286468506,2.1541550159454346,6.378580570220947,3.450000047683716
2018-09-12,16.00629425048828,41.579647064208984,2.724902391433716,2.1294891834259033,6.340338706970215,3.4600000381469727
2018-09-13,16.1143741607666,42.28765106201172,2.8296380043029785,2.1952648162841797,6.592728614807129,3.8499999046325684
2018-09-14,16.376855850219727,42.80257034301758,2.8756487369537354,2.203486919403076,6.6386189460754395,3.7699999809265137
2018-09-17,16.268775939941406,42.720645904541016,2.921658754348755,2.1870431900024414,6.569783687591553,3.7799999713897705
2018-09-18,16.201868057250977,42.80842208862305,2.921658754348755,2.1870431900024414,6.707450866699219,3.5299999713897705
2018-09-19,16.675365447998047,44.1191291809082,2.9830057621002197,2.2528188228607178,6.837470054626465,3.5899999141693115
2018-09-20,16.865793228149414,45.69898223876953,2.9523322582244873,2.35970401763916,6.8680620193481445,3.859999895095825
2018-09-21,17.282682418823242,46.512325286865234,2.9906744956970215,2.4665892124176025,7.051620006561279,4.039999961853027
2018-09-24,17.411348342895508,45.94472885131836,2.9523322582244873,2.4830336570739746,6.998081684112549,3.9000000953674316
2018-09-25,17.55030632019043,46.289974212646484,2.9906744956970215,,,
2018-09-26,17.756175994873047,46.82829284667969,3.0060112476348877,2.4172580242156982,6.998081684112549,3.8299999237060547
2018-09-27,17.745885848999023,46.36019515991211,2.9830057621002197,2.433701753616333,7.005730628967285,3.8399999141693115
2018-09-28,17.823083877563477,46.08517837524414,3.0060112476348877,2.4748117923736572,6.982786178588867,4.050000190734863
2018-10-01,17.812789916992188,46.02080535888672,2.9753377437591553,,,
2018-10-02,17.859113693237305,45.681434631347656,2.9983432292938232,2.4419240951538086,6.898656368255615,3.950000047683716
2018-10-03,18.054689407348633,46.51818084716797,3.03668475151062,2.5241434574127197,6.975138187408447,3.990000009536743
2018-10-04,18.224529266357422,46.7814826965332,3.2590675354003906,2.491255283355713,6.906304359436035,3.950000047683716
2018-10-05,18.270851135253906,46.84585189819336,3.2437314987182617,2.425480365753174,6.852766513824463,3.630000114440918
2018-10-08,17.756175994873047,46.08517837524414,3.0673587322235107,2.351482391357422,6.646265506744385,3.3499999046325684
2018-10-09,17.823083877563477,46.0559196472168,3.0826950073242188,2.351482391357422,6.669210433959961,3.299999952316284
2018-10-10,17.86940574645996,46.3250846862793,3.0136795043945312,2.335038185119629,6.630970001220703,3.380000114440918
2018-10-11,17.190034866333008,44.82714080810547,2.921658754348755,2.261040687561035,6.347986698150635,3.0799999237060547
2018-10-12,17.416492462158203,45.65802001953125,2.9753377437591553,2.3843703269958496,6.500950813293457,3.2899999618530273
2018-10-15,17.159160614013672,45.347904205322266,2.9293272495269775,2.4090359210968018,6.585080623626709,3.25
2018-10-16,17.447370529174805,46.05006790161133,2.9523322582244873,2.351482391357422,6.669210433959961,3.1600000858306885
2018-10-17,17.323850631713867,45.93888854980469,2.9293272495269775,,,
2018-10-18,17.08710479736328,46.10272216796875,2.9523322582244873,2.3103725910186768,6.523894309997559,3.119999885559082
2018-10-19,17.0356388092041,45.31864929199219,2.8833167552948,2.351482391357422,6.455061435699463,3.299999952316284
2018-10-22,17.06651496887207,45.804317474365234,2.898653984069824,2.433701753616333,6.653914928436279,3.359999895095825
2018-10-23,16.876089096069336,45.447383880615234,2.860311985015869,2.425480365753174,6.539191246032715,3.0999999046325684
2018-10-24,16.505523681640625,45.05533218383789,2.798964738845825,2.4090359210968018,6.585080623626709,3.119999885559082
2018-10-25,15.851890563964844,43.01906967163086,2.699275493621826,2.450146198272705,6.562136650085449,3.130000114440918
2018-10-26,16.057758331298828,43.393558502197266,2.6916069984436035,2.392592191696167,6.478006362915039,3.0199999809265137
2018-10-29,16.28936004638672,43.709529876708984,2.699275493621826,2.4172580242156982,6.439764976501465,2.8299999237060547
2018-10-30,16.582721710205078,44.76276779174805,2.7682905197143555,2.4008140563964844,6.424468517303467,2.8499999046325684
2018-10-31,16.577579498291016,44.70426559448242,2.7759592533111572,2.392592191696167,6.608026027679443,2.940000057220459
2018-11-01,17.04078483581543,45.640480041503906,2.7529537677764893,2.4008140563964844,6.730396747589111,3.0199999809265137
2018-11-02,17.241504669189453,45.856971740722656,2.806633472442627,2.4748117923736572,6.929248332977295,3.5399999618530273
2018-11-05,17.04078483581543,46.582542419433594,2.7912964820861816,2.450146198272705,6.967489242553711,3.4100000858306885
2018-11-06,17.267240524291992,47.54216003417969,2.8296380043029785,2.4830336570739746,7.089860439300537,3.450000047683716
2018-11-07,17.18488883972168,47.54216003417969,2.806633472442627,2.4583683013916016,7.074563503265381,3.440000057220459
2018-11-08,17.154010772705078,47.67673873901367,2.7912964820861816,2.4419240951538086,7.082211971282959,3.4000000953674316
2018-11-09,17.1951847076416,47.53045654296875,2.7146120071411133,2.4090359210968018,7.043972015380859,3.430000066757202
2018-11-12,17.1951847076416,48.32038497924805,2.706943988800049,2.367926597595215,7.028674125671387,3.3399999141693115
2018-11-13,16.90696907043457,47.10916519165039,2.6379284858703613,2.35970401763916,7.066915988922119,3.549999952316284
2018-11-14,16.526111602783203,45.89792251586914,2.5689127445220947,2.3432602882385254,7.028674125671387,3.390000104904175
2018-11-15,16.49008560180664,45.54685592651367,2.5535762310028076,2.335038185119629,7.036322116851807,3.4700000286102295
2018-11-16,16.6547794342041,46.40699768066406,2.5919182300567627,2.3432602882385254,7.105156421661377,3.6500000953674316
2018-11-19,16.675365447998047,46.48306655883789,2.5382394790649414,2.376148223876953,7.166341781616211,3.6500000953674316
2018-11-20,16.824621200561523,46.74051284790039,2.507565498352051,2.367926597595215,7.135749340057373,3.559999942779541
2018-11-21,16.263629913330078,45.23088073730469,2.400207996368408,2.351482391357422,7.181638717651367,3.5299999713897705
2018-11-22,16.356271743774414,45.06703567504883,2.4155447483062744,2.3432602882385254,7.158694267272949,3.640000104904175
2018-11-23,16.237899780273438,44.92660903930664,2.423213005065918,2.3432602882385254,7.105156421661377,3.630000114440918
2018-11-26,15.66146183013916,43.329193115234375,2.3772027492523193,2.335038185119629,7.097507953643799,3.5999999046325684
2018-11-27,15.887916564941406,43.06587600708008,2.384871244430542,2.335038185119629,7.051620006561279,3.609999895095825
2018-11-28,15.754104614257812,42.129661560058594,2.369534730911255,2.335038185119629,7.151045799255371,3.609999895095825
2018-11-29,15.944531440734863,42.861087799072266,2.4078762531280518,2.4008140563964844,7.196934700012207,3.7899999618530273
2018-11-30,15.795278549194336,42.87864303588867,2.3772027492523193,2.425480365753174,7.227527141571045,3.880000114440918
2018-12-03,16.376855850219727,43.87921142578125,2.5459065437316895,2.4419240951538086,7.411083698272705,4.010000228881836
2018-12-04,16.273921966552734,43.013221740722656,2.461555242538452,2.4419240951538086,7.426380634307861,3.940000057220459
2018-12-05,16.381999969482422,43.13024139404297,2.4768919944763184,2.425480365753174,7.372843265533447,3.880000114440918
2018-12-06,16.16069221496582,42.25254440307617,2.3925395011901855,2.3843703269958496,7.227527141571045,3.609999895095825
2018-12-07,16.047466278076172,42.31691360473633,2.369534730911255,2.376148223876953,7.135749340057373,3.640000104904175
2018-12-10,16.104080200195312,42.10041427612305,2.3311922550201416,2.392592191696167,7.105156421661377,3.4000000953674316
2018-12-11,16.32539176940918,42.64458465576172,2.369534730911255,2.4090359210968018,7.028674125671387,3.440000057220459
2018-12-12,16.567289352416992,43.35845184326172,2.4385499954223633,2.4090359210968018,7.036322116851807,3.4000000953674316
2018-12-13,16.886383056640625,44.288818359375,2.4922287464141846,2.4583683013916016,7.158694267272949,3.630000114440918
2018-12-14,16.675365447998047,43.63346862792969,2.5152335166931152,2.4419240951538086,7.120452880859375,3.5299999713897705
2018-12-17,17.256946563720703,44.569679260253906,2.576580762863159,2.507699489593506,7.128101348876953,3.4600000381469727
2018-12-18,17.241504669189453,44.49945831298828,2.5535762310028076,2.5405874252319336,7.128101348876953,3.380000114440918
2018-12-19,17.236356735229492,44.8212890625,2.5382394790649414,2.5899195671081543,7.128101348876953,3.430000066757202
2018-12-20,16.788593292236328,43.94942855834961,2.4155447483062744,2.5570313930511475,7.120452880859375,3.390000104904175
2018-12-21,17.16945457458496,44.271263122558594,2.4385499954223633,2.5241434574127197,7.043972015380859,3.2799999713897705
2018-12-24,17.241504669189453,45.18406295776367,2.484560489654541,2.5159218311309814,6.944544315338135,3.2200000286102295
2018-12-27,17.5760440826416,45.441532135009766,2.5689127445220947,2.4583683013916016,6.982786178588867,3.2300000190734863
2018-12-28,17.473108291625977,45.68728256225586,2.5995864868164062,2.4583683013916016,6.975138187408447,3.2699999809265137
2018-12-31,17.617218017578125,45.91549301147461,2.5689127445220947,2.4419240951538086,7.043972015380859,3.369999885559082
2019-01-02,17.334144592285156,44.85053634643555,2.507565498352051,2.3185946941375732,6.936896800994873,3.2300000190734863
2019-01-03,17.334144592285156,44.85053634643555,2.4922287464141846,2.293928623199463,6.898656368255615,3.069999933242798
2019-01-04,17.179744720458984,44.95586395263672,2.5152335166931152,2.3103725910186768,6.8680620193481445,3.1600000858306885
2019-01-07,17.69956398010254,46.16709899902344,2.584249258041382,2.293928623199463,7.082211971282959,3.2200000286102295
2019-01-08,17.72014808654785,46.401153564453125,2.5995864868164062,2.2692623138427734,7.105156421661377,3.2699999809265137
2019-01-09,17.65324592590332,46.82243347167969,2.607254981994629,2.293928623199463,7.074563503265381,3.2200000286102295
2019-01-10,17.88346290588379,46.88680648803711,2.6302602291107178,2.3185946941375732,7.135749340057373,3.200000047683716
2019-01-11,17.694591522216797,46.6059455871582,2.607254981994629,2.3021504878997803,7.227527141571045,3.2200000286102295
2019-01-14,17.65142059326172,46.459659576416016,2.607254981994629,2.2857062816619873,7.166341781616211,3.180000066757202
2019-01-15,17.840293884277344,46.81074905395508,2.607254981994629,2.3021504878997803,7.265767574310303,3.2799999713897705
2019-01-16,17.770143508911133,46.60009002685547,2.5535762310028076,2.261040687561035,7.2351765632629395,3.319999933242798
2019-01-17,17.737762451171875,47.044795989990234,2.645596504211426,2.2528188228607178,7.166341781616211,3.309999942779541
2019-01-18,17.86727523803711,47.19107437133789,2.6149230003356934,2.2528188228607178,7.2351765632629395,3.559999942779541
2019-01-21,17.915842056274414,47.10916519165039,2.5995864868164062,2.2528188228607178,7.227527141571045,2.799999952316284
2019-01-22,17.68379783630371,46.816593170166016,2.576580762863159,2.2281529903411865,7.2351765632629395,2.640000104904175
2019-01-23,17.608253479003906,46.57668685913086,2.561244487762451,2.219931125640869,7.158694267272949,2.7300000190734863
2019-01-24,17.602853775024414,46.57668685913086,2.5382394790649414,2.2692623138427734,7.158694267272949,2.759999990463257
2019-01-25,17.834897994995117,47.085750579833984,2.522902488708496,2.261040687561035,7.189286708831787,2.7100000381469727
2019-01-28,,,,2.3103725910186768,7.2351765632629395,2.7300000190734863
2019-01-29,18.207242965698242,48.87625503540039,2.584249258041382,2.3268163204193115,7.242825031280518,2.630000114440918
2019-01-30,18.671329498291016,51.08222198486328,2.6379284858703613,2.3432602882385254,7.265767574310303,2.6500000953674316
2019-01-31,18.79544448852539,50.93593978881836,2.706943988800049,2.4008140563964844,7.602287292480469,2.859999895095825
2019-02-01,18.887182235717773,51.24020767211914,2.683939218521118,2.4419240951538086,7.770547389984131,3.0299999713897705
2019-02-04,18.887182235717773,50.71358871459961,2.645596504211426,2.425480365753174,7.770547389984131,2.9800000190734863
2019-02-05,19.097640991210938,52.229095458984375,2.6916069984436035,,,
2019-02-06,19.416025161743164,53.23551940917969,2.706943988800049,,,
2019-02-07,19.35666275024414,53.949378967285156,2.837306261062622,,,
2019-02-08,19.065261840820312,52.995601654052734,2.7912964820861816,2.4419240951538086,7.7858452796936035,3.140000104904175
2019-02-11,19.448400497436523,53.949378967285156,2.837306261062622,2.425480365753174,7.755250453948975,3.059999942779541
2019-02-12,19.57791519165039,53.84404373168945,2.8296380043029785,2.425480365753174,7.724658489227295,3.0999999046325684
2019-02-13,19.469987869262695,53.282318115234375,2.8143017292022705,2.4830336570739746,7.847030162811279,3.299999952316284
2019-02-14,19.788372039794922,53.773841857910156,2.913990020751953,2.4994778633117676,7.877622127532959,3.3299999237060547
2019-02-15,19.680442810058594,53.422760009765625,2.921658754348755,2.4830336570739746,7.770547389984131,3.0999999046325684
2019-02-18,19.966445922851562,54.183433532714844,2.9523322582244873,2.622807025909424,7.877622127532959,3.2899999618530273
2019-02-19,19.971847534179688,54.13663101196289,2.9830057621002197,2.581697702407837,7.923511505126953,3.319999933242798
2019-02-20,20.473709106445312,55.55265426635742,2.9983432292938232,2.795468807220459,8.061180114746094,3.6500000953674316
2019-02-21,20.42513656616211,55.4063720703125,2.9676694869995117,2.795468807220459,8.137660026550293,3.809999942779541
2019-02-22,20.338794708251953,55.41221237182617,2.9369959831237793,2.795468807220459,8.183548927307129,3.8299999237060547
2019-02-25,20.522274017333984,55.663818359375,3.0136795043945312,2.87768816947937,8.428291320800781,3.869999885559082
2019-02-26,20.263246536254883,55.33028793334961,2.9830057621002197,2.8201346397399902,8.48947811126709,3.930000066757202
2019-02-27,20.333402633666992,55.65797805786133,3.0290167331695557,2.8201346397399902,8.412995338439941,3.799999952316284
2019-02-28,20.090566635131836,56.266517639160156,2.9983432292938232,2.762580394744873,8.198844909667969,3.7200000286102295
2019-03-01,20.06358528137207,55.540950775146484,2.9983432292938232,2.779024839401245,8.198844909667969,3.8299999237060547
2019-03-04,20.301023483276367,56.42449188232422,2.9983432292938232,2.7543585300445557,8.412995338439941,3.869999885559082
2019-03-05,20.128339767456055,55.94469451904297,2.9906744956970215,2.7132492065429688,8.351810455322266,3.7100000381469727
2019-03-06,20.301023483276367,56.553226470947266,2.9830057621002197,2.762580394744873,8.443589210510254,3.7699999809265137
2019-03-07,20.647397994995117,57.360774993896484,3.003354072570801,2.7296924591064453,8.367106437683105,3.5799999237060547
2019-03-08,20.376672744750977,56.45719528198242,2.971905469894409,2.622807025909424,8.137660026550293,3.299999952316284
2019-03-11,20.17776107788086,56.07707977294922,2.964043617248535,2.639251232147217,8.152955055236816,3.2899999618530273
2019-03-12,20.39324188232422,56.78746032714844,2.9876296520233154,2.721470594406128,8.290624618530273,3.299999952316284
2019-03-13,20.37114143371582,56.65037155151367,3.003354072570801,2.6721386909484863,8.275327682495117,3.25
2019-03-14,20.531370162963867,57.186283111572266,3.0269408226013184,2.6556947231292725,8.229438781738281,3.180000066757202
2019-03-15,20.15566062927246,57.11149978637695,2.9954919815063477,2.6721386909484863,8.137660026550293,3.180000066757202
2019-03-18,20.431917190551758,58.05867385864258,3.0348029136657715,2.663917064666748,8.214141845703125,3.259999990463257
2019-03-19,20.768951416015625,59.04326629638672,3.050527334213257,2.6556947231292725,8.275327682495117,3.2899999618530273
2019-03-20,20.553470611572266,57.38568878173828,3.019078493118286,2.647473096847534,8.229438781738281,3.2699999809265137
2019-03-21,20.81867790222168,58.26431655883789,3.019078493118286,2.795468807220459,8.290624618530273,3.619999885559082
2019-03-22,20.78000259399414,58.681827545166016,3.0426652431488037,2.7296924591064453,8.275327682495117,3.5299999713897705
2019-03-25,20.514793395996094,58.03376388549805,2.956181287765503,2.6721386909484863,8.091772079467773,3.2899999618530273
2019-03-26,20.74684715270996,58.45127868652344,2.9325942993164062,2.7132492065429688,8.076475143432617,3.2899999618530273
2019-03-27,20.940229415893555,59.34238052368164,2.8932838439941406,2.696805000305176,8.076475143432617,3.130000114440918
2019-03-28,21.128084182739258,60.07768630981445,2.9404566287994385,2.663917064666748,7.969400405883789,3.140000104904175
2019-03-29,21.266212463378906,61.012413024902344,2.9325942993164062,2.6721386909484863,7.969400405883789,3.190000057220459
2019-04-01,21.575618743896484,62.02192306518555,2.9483187198638916,2.7708027362823486,8.107068061828613,3.4800000190734863
2019-04-02,21.5645694732666,61.33644104003906,2.9954919815063477,2.762580394744873,8.152955055236816,3.490000009536743
2019-04-03,22.050779342651367,62.514198303222656,3.0741138458251953,2.853022336959839,8.244734764099121,3.559999942779541
2019-04-04,21.780046463012695,62.084228515625,3.050527334213257,2.87768816947937,8.244734764099121,3.609999895095825
2019-04-05,21.669546127319336,62.25870132446289,3.003354072570801,,,
2019-04-08,22.039731979370117,63.23705291748047,3.050527334213257,2.935242176055908,8.412995338439941,3.700000047683716
2019-04-09,22.117080688476562,63.299373626708984,2.964043617248535,2.8694660663604736,8.45888614654541,3.75
2019-04-10,22.039731979370117,63.455162048339844,2.909008264541626,2.836578130722046,8.412995338439941,3.75
2019-04-11,21.901599884033203,62.6139030456543,2.8146615028381348,2.779024839401245,8.290624618530273,3.700000047683716
2019-04-12,21.868452072143555,62.626380920410156,2.7832131385803223,2.737914562225342,8.260030746459961,3.619999885559082
2019-04-15,21.84635353088379,62.78216552734375,2.7517642974853516,2.737914562225342,8.305919647216797,3.690000057220459
2019-04-16,21.752424240112305,63.06257247924805,2.7674882411956787,2.836578130722046,8.428291320800781,3.7799999713897705
2019-04-17,21.16123390197754,60.07145690917969,2.7596263885498047,2.8201346397399902,8.611846923828125,3.950000047683716
2019-04-18,21.12255859375,60.90647888183594,2.7439022064208984,2.7872467041015625,8.565958023071289,3.869999885559082
2019-04-23,21.177810668945312,61.82250213623047,2.728177547454834,2.7296924591064453,8.321216583251953,3.5
2019-04-24,21.105987548828125,61.31151580810547,2.673142433166504,2.6721386909484863,8.351810455322266,3.549999952316284
2019-04-25,,,,2.647473096847534,8.244734764099121,3.440000057220459
2019-04-26,20.77447509765625,60.831703186035156,2.681004762649536,2.647473096847534,8.122364044189453,3.390000104904175
2019-04-29,20.896032333374023,60.9127082824707,2.618107557296753,2.5899195671081543,8.045883178710938,3.3499999046325684
2019-04-30,20.663972854614258,59.42962646484375,2.625969171524048,2.5159218311309814,7.954104423522949,3.390000104904175
2019-05-01,20.708175659179688,59.560482025146484,2.618107557296753,,,
2019-05-02,20.45401954650879,58.85631561279297,2.625969171524048,2.433701753616333,7.831733226776123,3.2699999809265137
2019-05-03,20.409818649291992,58.843849182128906,2.6023831367492676,2.425480365753174,7.847030162811279,3.2799999713897705
2019-05-06,20.332462310791016,58.538516998291016,2.5945208072662354,2.4172580242156982,7.709362506866455,3.0799999237060547
2019-05-07,20.608722686767578,59.853363037109375,2.6416940689086914,2.4090359210968018,7.663473606109619,3.25
2019-05-08,20.542421340942383,59.7910270690918,2.5945208072662354,2.3843703269958496,7.625233173370361,3.109999895095825
2019-05-09,20.431917190551758,59.41714859008789,2.57879638671875,2.335038185119629,7.541103363037109,2.9100000858306885
2019-05-10,20.332462310791016,59.3672981262207,2.586658000946045,2.3432602882385254,7.502861976623535,2.940000057220459
2019-05-13,20.404296875,59.840904235839844,2.625969171524048,,,
2019-05-14,20.17776107788086,59.959293365478516,2.673142433166504,2.3268163204193115,7.334601402282715,2.759999990463257
2019-05-15,20.553470611572266,61.26167297363281,2.720315933227539,2.376148223876953,7.281064510345459,2.8399999141693115
2019-05-16,20.741323471069336,61.866127014160156,2.7674882411956787,2.376148223876953,7.334601402282715,2.8499999046325684
2019-05-17,21.249637603759766,63.15604782104492,2.7674882411956787,2.3021504878997803,7.334601402282715,2.700000047683716
2019-05-20,21.111509323120117,63.81035614013672,2.7596263885498047,2.2528188228607178,7.258120059967041,2.559999942779541
2019-05-21,20.96233367919922,63.10618591308594,2.720315933227539,2.2857062816619873,7.288712978363037,2.640000104904175
2019-05-22,21.034156799316406,63.374149322509766,2.736039876937866,2.2692623138427734,7.304009437561035,2.4700000286102295
2019-05-23,20.61977195739746,62.92547607421875,2.712453603744507,2.2117092609405518,7.196934700012207,2.2799999713897705
2019-05-24,20.69159698486328,63.093719482421875,2.7045912742614746,2.244596481323242,7.21223258972168,2.259999990463257
2019-05-27,20.96233367919922,64.19668579101562,2.720315933227539,2.2528188228607178,7.258120059967041,2.2699999809265137
2019-05-28,21.32699203491211,65.62370300292969,2.7045912742614746,2.3161404132843018,7.456973075866699,2.3399999141693115
2019-05-29,21.194385528564453,65.13764190673828,2.6416940689086914,2.33329701423645,7.418732166290283,2.3399999141693115
2019-05-30,20.829727172851562,62.96910095214844,2.586658000946045,2.3161404132843018,7.487565994262695,2.380000114440918
2019-05-31,20.862876892089844,62.501739501953125,2.6102447509765625,2.376188278198242,7.487565994262695,2.390000104904175
2019-06-03,20.337993621826172,60.51390075683594,2.5709338188171387,2.410501718521118,7.510509490966797,2.440000057220459
2019-06-04,20.614246368408203,61.417457580566406,2.5473477840423584,2.410501718521118,7.548750877380371,2.3299999237060547
2019-06-05,20.741323471069336,62.00945281982422,2.539485216140747,2.401923179626465,7.510509490966797,2.450000047683716
2019-06-06,20.470598220825195,60.27085494995117,2.5158987045288086,2.401923179626465,7.510509490966797,2.430000066757202
2019-06-07,20.907079696655273,61.06848907470703,2.5473477840423584,,,
2019-06-10,,,,2.359031915664673,7.556398868560791,2.5
2019-06-11,21.38223648071289,62.65751647949219,2.531623363494873,2.3933448791503906,7.739955425262451,2.740000009536743
2019-06-12,21.96238136291504,63.816585540771484,2.5552101135253906,2.4619712829589844,7.755250453948975,2.5799999237060547
2019-06-13,21.857402801513672,63.467620849609375,2.531623363494873,2.4705498218536377,7.694065570831299,2.549999952316284
2019-06-14,22.26626205444336,65.64240264892578,2.6023831367492676,2.513441324234009,7.579344272613525,2.5899999141693115
2019-06-17,22.188905715942383,64.72014617919922,2.49231219291687,2.4619712829589844,7.525805473327637,2.5299999713897705
2019-06-18,22.188905715942383,64.62043762207031,2.49231219291687,2.513441324234009,7.541103363037109,2.549999952316284
2019-06-19,22.641963958740234,65.87297058105469,2.531623363494873,2.513441324234009,7.816437244415283,2.75
2019-06-20,22.570144653320312,63.230812072753906,2.5080366134643555,2.7278990745544434,7.892919063568115,2.869999885559082
2019-06-21,22.669593811035156,63.274436950683594,2.531623363494873,2.7364766597747803,7.969400405883789,2.869999885559082
2019-06-24,22.763525009155273,63.392845153808594,2.5473477840423584,2.7021636962890625,7.954104423522949,2.759999990463257
2019-06-25,22.78562355041504,63.79788589477539,2.531623363494873,2.762211799621582,7.892919063568115,2.7200000286102295
2019-06-26,22.741418838500977,64.28392791748047,2.5158987045288086,2.7021636962890625,7.938808441162109,2.7200000286102295
2019-06-27,23.177906036376953,66.2156982421875,2.5552101135253906,2.7021636962890625,8.045883178710938,2.799999952316284
2019-06-28,22.741418838500977,64.6578140258789,2.500174045562744,2.71932053565979,8.129862785339355,2.7300000190734863
2019-07-01,23.028728485107422,65.27474975585938,2.5158987045288086,,,
2019-07-02,23.227630615234375,66.33409118652344,2.586658000946045,2.7021636962890625,8.14549732208252,2.7899999618530273
2019-07-03,23.24973487854004,66.7079849243164,2.57879638671875,2.7107419967651367,8.129862785339355,2.6600000858306885
2019-07-04,23.12265396118164,66.17829895019531,2.539485216140747,2.67642879486084,7.9735188484191895,2.640000104904175
2019-07-05,22.81324577331543,64.76376342773438,2.484450578689575,2.6935856342315674,7.942249774932861,2.640000104904175
2019-07-08,22.409914016723633,64.1281509399414,2.484450578689575,2.6935856342315674,7.895347595214844,2.609999895095825
2019-07-09,22.669593811035156,65.02548217773438,2.4687259197235107,2.6592724323272705,7.832810401916504,2.5
2019-07-10,22.630918502807617,64.60174560546875,2.4058282375335693,2.6592724323272705,7.817174911499023,2.490000009536743
2019-07-11,22.78009605407715,65.12519073486328,2.4765877723693848,2.685007095336914,7.864079475402832,2.509999990463257
2019-07-12,22.636445999145508,64.5269775390625,2.4608635902404785,2.642115592956543,7.817174911499023,2.440000057220459
2019-07-15,22.65302085876465,64.75128936767578,2.445139169692993,2.6506941318511963,7.817174911499023,2.450000047683716
2019-07-16,22.741418838500977,64.34002685546875,2.390103578567505,2.6592724323272705,7.707735538482666,2.4600000381469727
2019-07-17,23.06188201904297,64.3088607788086,2.3822414875030518,2.6506941318511963,7.770270824432373,2.440000057220459
2019-07-18,22.71932029724121,63.78541946411133,2.342930793762207,2.685007095336914,7.778090000152588,2.4700000286102295
2019-07-19,22.686172485351562,63.76049041748047,2.3665173053741455,2.7450549602508545,7.809357643127441,2.619999885559082
2019-07-22,22.840871810913086,64.2901611328125,2.4294145107269287,2.7450549602508545,7.809357643127441,2.549999952316284
2019-07-23,22.97347640991211,64.03467559814453,2.4530012607574463,2.7364766597747803,7.793724060058594,2.559999942779541
2019-07-24,22.83534812927246,62.63260269165039,2.4608635902404785,2.71932053565979,7.74682092666626,2.549999952316284
2019-07-25,22.42648696899414,60.0029182434082,2.484450578689575,2.753633975982666,7.793724060058594,2.5999999046325684
2019-07-26,22.570144653320312,61.23051834106445,2.484450578689575,2.6935856342315674,7.731186389923096,2.509999990463257
2019-07-29,22.43201446533203,61.55455017089844,2.49231219291687,2.67642879486084,7.699918270111084,2.4700000286102295
2019-07-30,22.559093475341797,61.6916389465332,2.484450578689575,2.6935856342315674,7.668650150299072,2.4800000190734863
2019-07-31,22.520416259765625,61.62932586669922,2.4687259197235107,2.7107419967651367,7.621747016906738,2.4700000286102295
2019-08-01,22.244163513183594,60.950096130371094,2.43727707862854,2.6249592304229736,7.645196914672852,2.450000047683716
2019-08-02,21.426437377929688,59.05573654174805,2.342930793762207,2.6249592304229736,7.4263176918029785,2.2899999618530273
2019-08-05,20.757902145385742,57.11773681640625,2.248584508895874,2.642115592956543,7.254339694976807,2.0799999237060547
2019-08-06,20.49822235107422,56.94948959350586,2.193549394607544,2.5906455516815186,7.0589094161987305,2.0
2019-08-07,20.304841995239258,55.771732330322266,2.1778249740600586,2.6506941318511963,7.113630294799805,1.9700000286102295
2019-08-08,20.608722686767578,57.124202728271484,2.2249979972839355,2.7021636962890625,7.105813026428223,2.059999942779541
2019-08-09,20.60319709777832,56.58858871459961,2.2643086910247803,2.6678502559661865,7.1214470863342285,2.009999990463257
2019-08-12,20.4484920501709,55.03335952758789,2.2171359062194824,2.5906455516815186,7.090177059173584,2.0
2019-08-13,20.4484920501709,55.36892318725586,2.2407219409942627,2.71932053565979,7.0041890144348145,1.8799999952316284
2019-08-14,20.675024032592773,56.74992752075195,2.303619623184204,2.6249592304229736,6.957286834716797,1.8600000143051147
2019-08-15,20.105932235717773,55.23986053466797,2.201411247253418,2.599224090576172,6.9260172843933105,1.8300000429153442
2019-08-16,19.98438262939453,54.67197036743164,2.1699626445770264,2.642115592956543,6.894749164581299,1.7799999713897705
2019-08-19,20.028583526611328,54.82686233520508,2.2171359062194824,2.616380453109741,6.965103626251221,1.8700000047683716
2019-08-20,20.05620574951172,55.38827896118164,2.2249979972839355,2.5820674896240234,6.933835506439209,1.7699999809265137
2019-08-21,19.476070404052734,54.013736724853516,2.1621005535125732,2.5820674896240234,6.933835506439209,1.7599999904632568
2019-08-22,19.448448181152344,54.342864990234375,2.0677545070648193,2.556332588195801,6.918201446533203,1.659999966621399
2019-08-23,19.56999969482422,54.852664947509766,1.934097170829773,2.5391759872436523,6.918201446533203,1.6200000047683716
2019-08-26,19.166664123535156,53.4200439453125,1.9419593811035156,2.522019386291504,6.840028285980225,1.5299999713897705
2019-08-27,19.31031608581543,54.052459716796875,1.9262351989746094,2.4705498218536377,6.793124675750732,1.5700000524520874
2019-08-28,19.56999969482422,55.38827896118164,1.9969947338104248,2.479128122329712,6.793124675750732,1.5499999523162842
2019-08-29,19.614200592041016,55.291473388671875,2.020581007003784,2.5048632621765137,6.824394226074219,1.5199999809265137
2019-08-30,20.05068588256836,56.517601013183594,2.0756168365478516,2.513441324234009,6.894749164581299,1.6200000047683716
2019-09-02,20.210914611816406,57.32427215576172,2.0756168365478516,2.479128122329712,6.949469089508057,1.5700000524520874
2019-09-03,20.128034591674805,56.88544464111328,2.1227898597717285,2.436236619949341,6.949469089508057,1.6699999570846558
2019-09-04,20.0672607421875,57.05323028564453,2.1070656776428223,2.45339298248291,7.043274402618408,1.7599999904632568
2019-09-05,20.655349731445312,58.098655700683594,2.1306519508361816,2.487706184387207,7.160533428192139,1.8700000047683716
2019-09-06,20.79278564453125,58.31807327270508,2.193549394607544,2.410501718521118,7.21525239944458,1.9500000476837158
2019-09-09,20.689708709716797,58.27935028076172,2.154238224029541,2.401923179626465,7.191801071166992,1.8600000143051147
2019-09-10,20.798513412475586,58.105106353759766,2.1149275302886963,2.4190800189971924,7.2621564865112305,1.9600000381469727
2019-09-11,21.14210319519043,59.434471130371094,2.1856868267059326,2.4190800189971924,7.3637800216674805,1.9199999570846558
2019-09-12,21.170732498168945,59.80875778198242,2.2024855613708496,2.444814682006836,7.473219394683838,2.0
2019-09-13,21.262353897094727,60.202415466308594,2.2423858642578125,2.5048632621765137,7.520122528076172,2.0799999237060547
2019-09-16,21.932353973388672,60.73157501220703,2.2423858642578125,2.513441324234009,7.5748419761657715,2.1500000953674316
2019-09-17,21.697568893432617,59.78940963745117,2.1785457134246826,2.4705498218536377,7.371597766876221,2.009999990463257
2019-09-18,21.640304565429688,59.963645935058594,2.1705658435821533,2.45339298248291,7.4263176918029785,2.059999942779541
2019-09-19,21.577312469482422,60.04107666015625,2.1785457134246826,2.4276580810546875,7.285606861114502,2.059999942779541
2019-09-20,21.61739730834961,59.65388870239258,2.210465669631958,2.444814682006836,7.309059143066406,2.0
2019-09-23,21.54295539855957,59.912017822265625,2.186525821685791,2.436236619949341,7.246521949768066,1.8700000047683716
2019-09-24,21.331071853637695,60.04107666015625,2.114706039428711,2.410501718521118,7.269972801208496,1.9299999475479126
2019-09-25,20.918766021728516,58.731082916259766,2.0827853679656982,2.401923179626465,7.168350696563721,1.899999976158142
2019-09-26,20.901588439941406,58.80849838256836,2.0508651733398438,2.367610454559326,7.082361221313477,1.8300000429153442
2019-09-27,21.096290588378906,59.111812591552734,2.098745822906494,2.33329701423645,7.0589094161987305,1.7999999523162842
2019-09-30,21.027572631835938,59.802310943603516,2.0907657146453857,2.324718475341797,7.097995758056641,1.850000023841858
2019-10-01,21.187908172607422,59.757137298583984,2.114706039428711,,,
2019-10-02,20.787057876586914,58.7827033996582,2.0349056720733643,2.3161404132843018,7.0589094161987305,1.7899999618530273
2019-10-03,20.128517150878906,56.30465316772461,1.963085412979126,2.3161404132843018,6.980737209320068,1.7799999713897705
2019-10-04,20.214414596557617,56.562767028808594,1.9391453266143799,2.3075618743896484,6.9260172843933105,1.75
2019-10-07,20.260229110717773,56.530513763427734,1.9471251964569092,,,
2019-10-08,20.391935348510742,57.162925720214844,1.9710651636123657,2.290405511856079,6.886931896209717,1.7400000095367432
2019-10-09,20.117067337036133,56.6273078918457,1.9231855869293213,2.2989838123321533,6.871297836303711,1.809999942779541
2019-10-10,20.082706451416016,56.73701858520508,1.931165337562561,2.290405511856079,6.824394226074219,1.690000057220459
2019-10-11,20.512189865112305,58.0599365234375,1.9551053047180176,2.33329701423645,6.9260172843933105,1.649999976158142
2019-10-14,20.918766021728516,59.31187438964844,1.9950051307678223,2.33329701423645,6.957286834716797,1.6799999475479126
2019-10-15,20.66107749938965,58.46648406982422,1.9710651636123657,2.3161404132843018,6.949469089508057,1.6399999856948853
2019-10-16,20.63817024230957,57.9566764831543,1.963085412979126,2.281827449798584,6.957286834716797,1.6200000047683716
2019-10-17,19.962446212768555,56.28529357910156,1.9950051307678223,2.290405511856079,6.941652297973633,1.6100000143051147
2019-10-18,19.922365188598633,56.70476150512695,1.963085412979126,2.2732486724853516,6.902565956115723,1.5700000524520874
2019-10-21,20.031164169311523,56.86606979370117,1.9471251964569092,2.281827449798584,6.9260172843933105,1.5
2019-10-22,20.265953063964844,57.71146011352539,2.074805498123169,2.2646708488464355,6.972921848297119,1.5
2019-10-23,20.27167510986328,57.95022964477539,2.0508651733398438,2.2560923099517822,7.0041890144348145,1.5499999523162842
2019-10-24,20.472105026245117,58.33095932006836,2.058845281600952,2.290405511856079,7.012006759643555,1.6299999952316284
2019-10-25,20.483558654785156,58.602020263671875,2.074805498123169,2.3161404132843018,6.957286834716797,1.649999976158142
2019-10-28,20.712614059448242,58.885963439941406,2.0668253898620605,2.359031915664673,6.996371269226074,1.649999976158142
2019-10-29,20.97031021118164,59.4990119934082,2.1067259311676025,2.3504536151885986,6.933835506439209,1.6399999856948853
2019-10-30,20.729795455932617,58.853675842285156,2.098745822906494,2.3504536151885986,7.090177059173584,1.659999966621399
2019-10-31,20.586633682250977,58.64718246459961,2.0349056720733643,2.324718475341797,7.183982849121094,1.6399999856948853
2019-11-01,20.44347381591797,58.3955078125,2.0189452171325684,2.359031915664673,7.137081146240234,1.7200000286102295
2019-11-04,20.89013671875,60.460548400878906,2.0827853679656982,2.4276580810546875,7.168350696563721,1.8300000429153442
2019-11-05,21.159278869628906,61.20267105102539,2.058845281600952,2.4619712829589844,7.285606861114502,1.8799999952316284
2019-11-06,21.474233627319336,61.37691116333008,2.114706039428711,2.530597686767578,7.3637800216674805,1.899999976158142
2019-11-07,21.38833999633789,61.409175872802734,2.1705658435821533,2.5391759872436523,7.285606861114502,1.909999966621399
2019-11-08,21.35970687866211,61.454345703125,2.186525821685791,2.5391759872436523,7.238705158233643,1.8600000143051147
2019-11-11,21.29098892211914,60.00236511230469,2.1945059299468994,2.530597686767578,7.113630294799805,1.7899999618530273
2019-11-12,21.245180130004883,60.247589111328125,2.186525821685791,2.487706184387207,7.144900321960449,1.7300000190734863
2019-11-13,21.067655563354492,59.240875244140625,2.162585735321045,2.513441324234009,7.074543476104736,1.659999966621399
2019-11-14,21.079113006591797,59.602256774902344,2.1546061038970947,2.4619712829589844,7.137081146240234,1.6200000047683716
2019-11-15,21.34825325012207,60.36375427246094,2.1466257572174072,2.444814682006836,7.066727638244629,1.6200000047683716
2019-11-18,21.394065856933594,60.88645935058594,2.1466257572174072,2.410501718521118,7.090177059173584,1.6699999570846558
2019-11-19,21.457059860229492,61.43498229980469,2.1466257572174072,2.45339298248291,7.144900321960449,1.7300000190734863
2019-11-20,21.325345993041992,60.92518615722656,2.1067259311676025,2.4705498218536377,7.144900321960449,1.7200000286102295
2019-11-21,21.033296585083008,60.20887756347656,2.074805498123169,2.45339298248291,7.113630294799805,1.6399999856948853
2019-11-22,21.296714782714844,60.69286346435547,2.1067259311676025,2.4705498218536377,7.0198235511779785,1.5800000429153442
2019-11-25,21.674657821655273,61.89962387084961,2.1067259311676025,2.564910888671875,7.1214470863342285,1.7000000476837158
2019-11-26,21.70329475402832,61.938350677490234,2.1067259311676025,2.5477542877197266,7.168350696563721,1.7100000381469727
2019-11-27,21.96098518371582,62.5965690612793,2.1306657791137695,2.5477542877197266,7.246521949768066,1.8700000047683716
2019-11-28,22.04688262939453,62.848236083984375,2.138646125793457,2.5477542877197266,7.176167011260986,1.7799999713897705
2019-11-29,21.89226722717285,62.53203201293945,2.1546061038970947,2.513441324234009,7.0589094161987305,1.7100000381469727
2019-12-02,21.938077926635742,62.93214797973633,2.1306657791137695,2.5906455516815186,7.0276408195495605,1.7200000286102295
2019-12-03,21.62885093688965,62.60947036743164,2.0668253898620605,2.607802391052246,7.168350696563721,1.6799999475479126
2019-12-04,21.090564727783203,61.32527160644531,2.0827853679656982,2.599224090576172,7.097995758056641,1.600000023841858
2019-12-05,21.42269515991211,61.815731048583984,2.074805498123169,2.5906455516815186,7.183982849121094,1.6699999570846558
2019-12-06,21.394065856933594,61.815731048583984,2.026925563812256,2.573489189147949,7.230887413024902,1.7699999809265137
2019-12-09,21.7891902923584,62.867618560791016,2.1226861476898193,2.67642879486084,7.332510471343994,1.8200000524520874
2019-12-10,22.02397918701172,63.700069427490234,2.162585735321045,2.7278990745544434,7.4263176918029785,1.8799999952316284
2019-12-11,22.104148864746094,63.951744079589844,2.226426124572754,2.7278990745544434,7.567025661468506,1.899999976158142
2019-12-12,22.104148864746094,63.90013122558594,2.234405517578125,2.7793684005737305,7.817174911499023,2.059999942779541
2019-12-13,22.533632278442383,64.91974639892578,2.298246145248413,2.847994804382324,7.848443984985352,2.1500000953674316
2019-12-16,22.900123596191406,65.68123626708984,2.330166816711426,2.8308379650115967,7.864079475402832,2.109999895095825
2019-12-17,23.020381927490234,66.662109375,2.298246145248413,2.839416265487671,7.957886219024658,2.119999885559082
2019-12-18,22.934484481811523,65.97807312011719,2.282285690307617,2.8308379650115967,7.910982131958008,2.190000057220459
2019-12-19,22.78559684753418,65.99098205566406,2.282285690307617,2.8994643688201904,7.910982131958008,2.1500000953674316
2019-12-20,22.74551010131836,66.89444732666016,2.2184455394744873,2.8051035404205322,7.926616191864014,2.109999895095825
2019-12-23,22.459186553955078,65.7135009765625,2.162585735321045,2.8136818408966064,7.87971305847168,2.0899999141693115
2019-12-24,22.46491241455078,65.82320404052734,2.1466257572174072,2.839416265487671,8.004788398742676,2.0999999046325684
2019-12-27,22.699697494506836,66.15231323242188,2.186525821685791,3.191127061843872,8.348745346069336,2.2899999618530273
2019-12-30,22.573715209960938,65.5650634765625,2.1546061038970947,3.2940659523010254,8.458184242248535,2.3499999046325684
2019-12-31,22.28739356994629,64.79067993164062,2.1546061038970947,3.3283796310424805,8.380013465881348,2.3399999141693115
2020-01-02,22.304574966430664,65.27466583251953,2.138646125793457,3.431319236755371,8.505086898803711,2.430000066757202
2020-01-03,22.41910743713379,65.41019439697266,2.1306657791137695,3.4742109775543213,8.489452362060547,2.2699999809265137
2020-01-06,22.562265396118164,65.26176452636719,2.1705658435821533,3.5171022415161133,8.458184242248535,2.119999885559082
2020-01-07,22.648160934448242,65.65541076660156,2.234405517578125,3.4484758377075195,8.505086898803711,2.1500000953674316
2020-01-08,22.659610748291016,65.08753204345703,2.1945059299468994,3.499945640563965,8.426916122436523,2.069999933242798
2020-01-09,22.92302894592285,65.94580841064453,2.226426124572754,3.4742109775543213,8.489452362060547,2.109999895095825
2020-01-10,22.848583221435547,66.10070037841797,2.234405517578125,3.388427495956421,8.489452362060547,2.0799999237060547
2020-01-13,22.636707305908203,65.87483215332031,2.226426124572754,3.431319236755371,8.4738187789917,2.0799999237060547
2020-01-14,22.934484481811523,67.09449768066406,2.3062264919281006,3.499945640563965,8.520721435546875,2.109999895095825
2020-01-15,23.008928298950195,66.72019958496094,2.274306535720825,3.3712711334228516,8.411280632019043,2.049999952316284
2020-01-16,22.98029899597168,66.7266616821289,2.274306535720825,3.3283796310424805,8.36437702178955,2.0899999141693115
2020-01-17,23.249439239501953,67.91404724121094,2.298246145248413,3.379849433898926,8.426916122436523,2.069999933242798
2020-01-20,23.61593246459961,68.52710723876953,2.330166816711426,3.3712711334228516,8.301839828491211,2.059999942779541
2020-01-21,23.59303092956543,68.69490051269531,2.274306535720825,3.2854878902435303,8.004788398742676,1.9299999475479126
2020-01-22,23.598751068115234,69.29505157470703,2.2663257122039795,3.3026444911956787,8.036056518554688,1.9700000286102295
2020-01-23,23.524309158325195,68.52710723876953,2.2184455394744873,3.2082831859588623,7.770270824432373,1.809999942779541
2020-01-24,23.16353988647461,66.58468627929688,2.1785457134246826,3.242596387863159,7.715551853179932,1.8799999952316284
2020-01-28,22.390474319458008,64.52609252929688,2.138646125793457,,,
2020-01-29,22.527908325195312,64.8100357055664,2.1546061038970947,3.079608678817749,7.473219394683838,1.7899999618530273
2020-01-30,22.333206176757812,64.00984191894531,2.0907657146453857,2.968090772628784,7.3637800216674805,1.7400000095367432
2020-01-31,22.562265396118164,63.738800048828125,2.1067259311676025,2.925199508666992,7.2074360847473145,1.7699999809265137
2020-02-03,21.903724670410156,62.50621032714844,2.0189452171325684,2.8222601413726807,7.152716159820557,1.7400000095367432
2020-02-04,21.938077926635742,62.81597137451172,2.026925563812256,2.925199508666992,7.2074360847473145,1.809999942779541
2020-02-05,22.27021598815918,63.51937484741211,2.0668253898620605,2.925199508666992,7.285606861114502,1.7699999809265137
2020-02-06,22.642436981201172,63.977569580078125,2.1226861476898193,3.0195605754852295,7.402866363525391,1.840000033378601
2020-02-07,22.20149803161621,63.51937484741211,2.0907657146453857,3.036717176437378,7.246521949768066,1.7899999618530273
2020-02-10,21.98961639404297,63.44194412231445,2.026925563812256,3.028139114379883,7.277790069580078,1.8200000524520874
2020-02-11,22.08124351501465,63.64846420288086,2.0349056720733643,3.113922357559204,7.332510471343994,1.8899999856948853
2020-02-12,21.98961639404297,62.91923904418945,2.0349056720733643,3.1653919219970703,7.371597766876221,1.9500000476837158
2020-02-13,22.069786071777344,63.24835205078125,2.0668253898620605,3.199704647064209,7.535757541656494,1.8700000047683716
2020-02-14,22.132780075073242,63.01603317260742,2.098745822906494,3.2854878902435303,7.606111526489258,1.850000023841858
2020-02-17,22.02970314025879,63.138648986816406,2.0827853679656982,3.3369576930999756,7.660831928253174,1.850000023841858
2020-02-18,22.20722007751465,63.44194412231445,2.074805498123169,3.2854878902435303,7.535757541656494,1.7999999523162842
2020-02-19,22.04688262939453,63.299964904785156,2.074805498123169,3.34553599357605,7.559208869934082,1.7799999713897705
2020-02-20,22.058332443237305,63.332244873046875,2.0827853679656982,3.2854878902435303,7.559208869934082,1.7799999713897705
2020-02-21,21.88654136657715,63.041847229003906,2.0428855419158936,3.3283796310424805,7.4654035568237305,1.7699999809265137
2020-02-24,21.239450454711914,61.47370910644531,1.9710651636123657,3.3026444911956787,7.348145484924316,1.7000000476837158
2020-02-25,20.804237365722656,60.40247344970703,1.9231855869293213,3.1482348442077637,7.301241397857666,1.7000000476837158
2020-02-26,20.357580184936523,59.29896545410156,1.7955049276351929,3.122500419616699,7.254339694976807,1.6699999570846558
2020-02-27,20.15142250061035,58.343875885009766,1.779544711112976,3.1396570205688477,7.301241397857666,1.649999976158142
2020-02-28,19.240917205810547,56.31755828857422,1.7715646028518677,3.00240421295166,7.144900321960449,1.590000033378601
2020-03-02,19.09775161743164,55.67222213745117,1.8274248838424683,3.0195605754852295,7.183982849121094,1.559999942779541
2020-03-03,19.464244842529297,57.304901123046875,1.8354049921035767,3.0109825134277344,7.1292643547058105,1.6299999952316284
2020-03-04,19.275272369384766,58.07929992675781,1.8274248838424683,3.045295476913452,7.137081146240234,1.590000033378601
2020-03-05,19.794347763061523,59.38680648803711,1.8788286447525024,3.00240421295166,7.199618816375732,1.6299999952316284
2020-03-06,19.065832138061523,57.909698486328125,1.7411558628082275,2.9766690731048584,7.066727638244629,1.5499999523162842
2020-03-09,16.317602157592773,54.23033142089844,1.4536625146865845,2.839416265487671,6.675868511199951,1.3799999952316284
2020-03-10,17.32449722290039,56.13715744018555,1.6358767747879028,2.8051035404205322,6.644599437713623,1.4199999570846558
2020-03-11,16.892122268676758,55.532875061035156,1.5467942953109741,2.796525001525879,6.6055121421813965,1.3899999856948853
2020-03-12,15.595008850097656,51.967655181884766,1.4253183603286743,2.642115592956543,6.300643444061279,1.2799999713897705
2020-03-13,15.826003074645996,54.4384765625,1.567040205001831,2.599224090576172,6.097397327423096,1.2599999904632568
2020-03-16,14.925718307495117,52.13551712036133,1.433416724205017,2.3418750762939453,5.800344467163086,1.2000000476837158
2020-03-17,16.708511352539062,55.727596282958984,1.591335415840149,2.2389354705810547,5.683086395263672,1.2100000381469727
2020-03-18,16.07476234436035,53.652915954589844,1.4253183603286743,2.1102614402770996,5.41730260848999,1.090000033378601
2020-03-19,16.193220138549805,54.062469482421875,1.4172199964523315,2.024477958679199,5.18278694152832,1.059999942779541
2020-03-20,15.997764587402344,55.05617904663086,1.433416724205017,2.281827449798584,5.300045013427734,1.149999976158142
2020-03-23,16.009611129760742,52.84720993041992,1.3483833074569702,2.1874659061431885,4.9795403480529785,1.0499999523162842
2020-03-24,16.8210506439209,53.41120529174805,1.4172199964523315,2.359031915664673,5.245325088500977,1.0800000429153442
2020-03-25,18.5386905670166,56.278160095214844,1.514400601387024,2.5048632621765137,5.604915142059326,1.1799999475479126
2020-03-26,18.16554832458496,59.171958923339844,1.5224989652633667,2.4705498218536377,5.432936668395996,1.1399999856948853
2020-03-27,17.194190979003906,57.5941276550293,1.433416724205017,2.45339298248291,5.526743412017822,1.100000023841858
2020-03-30,17.887174606323242,58.77582550048828,1.5063022375106812,2.479128122329712,5.4563889503479,1.059999942779541
2020-03-31,17.164579391479492,56.781707763671875,1.4293675422668457,2.5048632621765137,5.597097873687744,1.1100000143051147
2020-04-01,17.90494155883789,59.35324478149414,1.5346466302871704,2.444814682006836,5.503291606903076,1.090000033378601
2020-04-02,17.67987060546875,58.681819915771484,1.4982038736343384,2.5048632621765137,5.526743412017822,1.1299999952316284
2020-04-03,17.964168548583984,59.70909881591797,1.4820071458816528,2.522019386291504,5.518925666809082,1.1200000047683716
2020-04-06,18.828916549682617,60.68264389038086,1.550843358039856,2.5048632621765137,5.565829277038574,1.1200000047683716
2020-04-07,18.77560806274414,60.86393356323242,1.494154691696167,2.67642879486084,5.878515243530273,1.3600000143051147
2020-04-08,18.550539016723633,59.93065643310547,1.5710896253585815,2.6249592304229736,5.870698928833008,1.350000023841858
2020-04-09,18.657150268554688,60.0179443359375,1.6439749002456665,2.67642879486084,5.980139255523682,1.4199999570846558
2020-04-14,18.751914978027344,60.98478317260742,1.6682701110839844,2.8222601413726807,6.128665924072266,1.4500000476837158
2020-04-15,18.615690231323242,60.27979278564453,1.68446683883667,2.796525001525879,6.0348591804504395,1.3799999952316284
2020-04-16,18.236623764038086,59.4539680480957,1.6115814447402954,2.847994804382324,5.84724760055542,1.3700000047683716
2020-04-17,18.52684783935547,61.44135284423828,1.6682701110839844,2.8308379650115967,5.90978479385376,1.409999966621399
2020-04-20,18.254392623901367,59.70237350463867,1.6115814447402954,2.8565731048583984,5.9410529136657715,1.4199999570846558
2020-04-21,17.798328399658203,58.45353698730469,1.514400601387024,2.8651509284973145,5.776893138885498,1.3600000143051147
2020-04-22,17.158655166625977,57.16442108154297,1.4658100605010986,2.847994804382324,5.737806797027588,1.350000023841858
2020-04-23,17.620641708374023,57.74185562133789,1.494154691696167,2.9337775707244873,5.675269603729248,1.2799999713897705
2020-04-24,18.08854866027832,58.59454345703125,1.494154691696167,2.985247850418091,5.675269603729248,1.2699999809265137
2020-04-27,18.064861297607422,58.41326141357422,1.5386956930160522,2.839416265487671,5.815978527069092,1.309999942779541
2020-04-28,18.058937072753906,57.5806999206543,1.5022531747817993,2.7450549602508545,5.761258602142334,1.340000033378601
2020-04-29,18.43208122253418,57.412841796875,1.514400601387024,2.7450549602508545,5.925418853759766,1.3600000143051147
2020-04-30,19.160594940185547,58.75569534301758,1.607532262802124,,,
2020-05-01,17.6739444732666,55.45231246948242,1.5265482664108276,,,
2020-05-04,17.697641372680664,54.586185455322266,1.4820071458816528,2.685007095336914,5.58146333694458,1.2300000190734863
2020-05-05,18.17739486694336,55.55973434448242,1.530597448348999,2.796525001525879,5.4798407554626465,1.2699999809265137
2020-05-06,18.011552810668945,55.04945755004883,1.5063022375106812,2.796525001525879,5.667452812194824,1.309999942779541
2020-05-07,18.361003875732422,54.7271842956543,1.5103514194488525,2.753633975982666,5.55019474029541,1.2999999523162842
2020-05-08,18.59792137145996,55.727596282958984,1.4982038736343384,2.847994804382324,5.737806797027588,1.3899999856948853
2020-05-11,18.686767578125,56.39228820800781,1.5589418411254883,2.796525001525879,5.808161735534668,1.399999976158142
2020-05-12,18.19516372680664,55.45903015136719,1.494154691696167,2.7107419967651367,5.706538200378418,1.3600000143051147
2020-05-13,18.366928100585938,56.21100997924805,1.4982038736343384,2.7278990745544434,5.636183738708496,1.3799999952316284
2020-05-14,18.1300106048584,55.902164459228516,1.4455641508102417,2.71932053565979,5.526743412017822,1.3700000047683716
2020-05-15,18.757837295532227,57.31214141845703,1.5103514194488525,2.7793684005737305,5.526743412017822,1.3799999952316284
2020-05-18,19.604816436767578,60.628929138183594,1.5224989652633667,2.916621446609497,5.722172737121582,1.409999966621399
2020-05-19,20.759780883789062,63.46229934692383,1.6115814447402954,2.890885829925537,5.808161735534668,1.4900000095367432
2020-05-20,20.56432342529297,63.22060012817383,1.603482961654663,2.968090772628784,5.823795318603516,1.4700000286102295
2020-05-21,20.439945220947266,62.56932830810547,1.5791879892349243,2.8565731048583984,5.800344467163086,1.3600000143051147
2020-05-22,20.327409744262695,61.320491790771484,1.5427451133728027,2.7278990745544434,5.58146333694458,1.2999999523162842
2020-05-25,20.588014602661133,62.11277770996094,1.5346466302871704,2.67642879486084,5.565829277038574,1.3200000524520874
2020-05-26,21.02631378173828,62.9788932800293,1.550843358039856,2.7021636962890625,5.558011531829834,1.3300000429153442
2020-05-27,20.41033172607422,61.44805908203125,1.5994337797164917,2.6592724323272705,5.573646068572998,1.350000023841858
2020-05-28,20.824932098388672,62.864749908447266,1.5791879892349243,2.7107419967651367,5.503291606903076,1.340000033378601
2020-05-29,20.516942977905273,62.71031951904297,1.5467942953109741,2.6592724323272705,5.55019474029541,1.340000033378601
2020-06-01,21.150691986083984,65.2818603515625,1.5791879892349243,2.7364766597747803,5.597097873687744,1.399999976158142
2020-06-02,20.973005294799805,65.10728454589844,1.6358767747879028,2.6935856342315674,5.784709930419922,1.399999976158142
2020-06-03,21.523832321166992,65.40943145751953,1.7492542266845703,2.71932053565979,6.07394552230835,1.4500000476837158
2020-06-04,21.506065368652344,66.06741333007812,1.7897464036941528,2.7278990745544434,5.9410529136657715,1.4700000286102295
2020-06-05,21.51791000366211,66.20169830322266,1.7735494375228882,2.6935856342315674,6.214653968811035,1.5299999713897705
2020-06-08,,,,2.796525001525879,6.339728832244873,1.690000057220459
2020-06-09,22.293811798095703,68.0615234375,1.8950252532958984,2.8737294673919678,6.519524097442627,1.7200000286102295
2020-06-10,22.210891723632812,67.46395874023438,1.8545334339141846,2.8737294673919678,6.472621440887451,1.7400000095367432
2020-06-11,21.772598266601562,66.37625885009766,1.7735494375228882,2.925199508666992,6.214653968811035,1.7400000095367432
2020-06-12,21.3165340423584,65.6712646484375,1.700663685798645,2.882308006286621,6.1052141189575195,1.75
2020-06-15,20.878238677978516,65.04014587402344,1.615630865097046,2.753633975982666,5.9617204666137695,1.600000023841858
2020-06-16,21.488298416137695,66.84624481201172,1.6682701110839844,2.824246406555176,6.072710037231445,1.7300000190734863
2020-06-17,21.334304809570312,66.38297271728516,1.6601718664169312,2.83312726020813,5.985504627227783,1.7100000381469727
2020-06-18,21.13884735107422,65.53699493408203,1.6682701110839844,2.9841086864471436,6.025142669677734,1.7000000476837158
2020-06-19,20.7360897064209,64.64400482177734,1.615630865097046,2.9752275943756104,6.017215728759766,1.659999966621399
2020-06-22,20.943391799926758,64.9260025024414,1.6682701110839844,3.0373964309692383,6.017215728759766,1.600000023841858
2020-06-23,21.109230041503906,65.8324203491211,1.6763687133789062,3.090684175491333,6.009287357330322,1.649999976158142
2020-06-24,21.263227462768555,66.25540161132812,1.6601718664169312,3.11732816696167,6.088565349578857,1.6200000047683716
2020-06-25,20.759780883789062,65.16770935058594,1.5953847169876099,,,
2020-06-26,21.35207176208496,66.46356201171875,1.6196798086166382,3.1350905895233154,6.112349033355713,1.590000033378601
2020-06-29,20.95524024963379,65.30870819091797,1.5994337797164917,3.1439716815948486,6.025142669677734,1.5499999523162842
2020-06-30,21.215845108032227,65.7719955444336,1.6520735025405884,3.2061407566070557,6.1916279792785645,1.600000023841858
2020-07-01,21.215845108032227,65.22813415527344,1.6520735025405884,,,
2020-07-02,21.328384399414062,65.6712646484375,1.6763687133789062,3.339359998703003,6.580090522766113,1.7300000190734863
2020-07-03,21.476451873779297,64.71784973144531,1.7249590158462524,3.3837664127349854,6.556307792663574,1.7400000095367432
2020-07-06,21.115156173706055,64.08673095703125,1.68446683883667,3.756779909133911,7.03197717666626,1.9700000286102295
2020-07-07,21.381685256958008,64.65071868896484,1.6682701110839844,3.712373733520508,6.9051313400268555,1.8799999952316284
2020-07-08,21.17438507080078,64.14715576171875,1.6682701110839844,4.138675212860107,7.452151298522949,1.9900000095367432
2020-07-09,21.594913482666016,66.24869537353516,1.6925655603408813,4.378468990325928,7.975388526916504,2.069999933242798
2020-07-10,21.43499183654785,65.79212188720703,1.6520735025405884,4.218606472015381,7.610706806182861,2.059999942779541
2020-07-13,21.8969783782959,67.03425598144531,1.7168606519699097,4.440638065338135,8.086376190185547,2.4000000953674316
2020-07-14,21.96213150024414,67.98094177246094,1.6763687133789062,4.2630133628845215,8.007098197937012,2.2799999713897705
2020-07-15,22.507036209106445,70.48533630371094,1.7330576181411743,4.174200057983398,7.793046474456787,2.2200000286102295
2020-07-16,22.36488914489746,69.49834442138672,1.7249590158462524,3.9166431427001953,7.40458345413208,2.049999952316284
2020-07-17,22.459657669067383,69.92134094238281,1.7978445291519165,4.023218631744385,7.372872352600098,2.049999952316284
2020-07-20,22.732112884521484,70.57261657714844,1.7573524713516235,4.174200057983398,7.7534074783325195,2.1700000762939453
2020-07-21,22.98086929321289,71.23059844970703,1.7816475629806519,4.218606472015381,7.491789817810059,2.0999999046325684
2020-07-22,22.210891723632812,70.14962005615234,1.7573524713516235,4.28077507019043,7.499717712402344,2.069999933242798
2020-07-23,22.062820434570312,69.47149658203125,1.7897464036941528,4.289656639099121,7.460078716278076,2.0399999618530273
2020-07-24,21.96213150024414,69.10221099853516,1.7735494375228882,4.156437397003174,7.230172157287598,1.9199999570846558
2020-07-27,22.151662826538086,69.08206939697266,1.8059430122375488,4.440638065338135,7.372872352600098,1.9700000286102295
2020-07-28,22.536653518676758,69.90119171142578,1.7816475629806519,4.191961765289307,7.3490891456604,1.9900000095367432
2020-07-29,22.09243392944336,69.42449188232422,1.7330576181411743,4.218606472015381,7.412511825561523,2.0399999618530273
2020-07-30,22.40635108947754,70.16305541992188,1.7573524713516235,4.085386753082275,7.33323335647583,2.009999990463257
2020-07-31,21.766677856445312,68.48451232910156,1.6682701110839844,4.2718939781188965,7.31737756729126,2.0399999618530273
2020-08-03,22.11612892150879,69.15593719482422,1.6520735025405884,4.218606472015381,7.547285079956055,2.0799999237060547
2020-08-04,22.459657669067383,70.56591033935547,1.700663685798645,4.218606472015381,7.602779865264893,2.069999933242798
2020-08-05,22.477426528930664,69.82062530517578,1.7249590158462524,4.387350559234619,7.840613842010498,2.059999942779541
2020-08-06,23.585006713867188,72.34033203125,1.7897464036941528,4.67155122756958,7.864397048950195,2.2200000286102295
2020-08-07,23.277015686035156,70.24898529052734,1.7897464036941528,4.84029483795166,7.705841064453125,2.1500000953674316
2020-08-10,23.596853256225586,69.88555908203125,1.7978445291519165,4.573857307434082,7.269811630249023,2.0399999618530273
2020-08-11,23.81007957458496,70.48210906982422,1.8140414953231812,4.360706329345703,7.253955841064453,1.9900000095367432
2020-08-12,23.6383113861084,69.52902221679688,1.8059430122375488,4.085386753082275,7.166750431060791,1.9299999475479126
2020-08-13,23.6383113861084,69.60443115234375,1.7816475629806519,4.067625045776367,7.095398426055908,1.9199999570846558
2020-08-14,23.697542190551758,69.35758209228516,1.7735494375228882,4.112030982971191,7.222244739532471,1.9299999475479126
2020-08-17,23.60869598388672,69.17244720458984,1.7330576181411743,4.289656639099121,7.357017517089844,1.9500000476837158
2020-08-18,23.484315872192383,69.9335708618164,1.7330576181411743,4.582738399505615,7.499717712402344,1.9700000286102295
2020-08-19,23.134864807128906,69.71414184570312,1.7411558628082275,4.520570278167725,7.555212497711182,2.0
2020-08-20,22.933486938476562,69.4261474609375,1.7330576181411743,4.511688232421875,7.531429767608643,2.069999933242798
2020-08-21,22.72026252746582,69.05587768554688,1.8059430122375488,4.431756019592285,7.4680070877075195,2.0199999809265137
2020-08-24,22.844642639160156,69.18616485595703,1.765451192855835,4.627145290374756,7.380800247192383,1.9500000476837158
2020-08-25,22.69064712524414,69.18616485595703,1.765451192855835,4.724839210510254,7.396656513214111,1.8899999856948853
2020-08-26,22.518884658813477,68.08219909667969,1.7249590158462524,4.609382629394531,7.388727188110352,1.8799999952316284
2020-08-27,22.76764678955078,68.65132904052734,1.7168606519699097,4.662670135498047,7.33323335647583,1.8799999952316284
2020-08-28,22.347116470336914,67.11537170410156,1.700663685798645,4.618264198303223,7.238099575042725,2.059999942779541
2020-08-31,22.4537296295166,67.19766998291016,1.700663685798645,4.698195457458496,7.246028900146484,2.069999933242798
2020-09-01,22.210891723632812,66.84110260009766,1.700663685798645,4.982396125793457,7.483861446380615,2.180000066757202
2020-09-02,22.80318260192871,67.87650299072266,1.7573524713516235,5.053446292877197,7.40458345413208,2.1500000953674316
2020-09-03,22.777406692504883,67.41021728515625,1.8140414953231812,5.151139736175537,7.325305461883545,2.0999999046325684
2020-09-04,21.917423248291016,65.53828430175781,1.7411558628082275,5.106734275817871,7.301522254943848,2.059999942779541
2020-09-07,22.444311141967773,67.15652465820312,1.7573524713516235,5.106734275817871,7.626562595367432,2.059999942779541
2020-09-08,22.656278610229492,68.07534790039062,1.7816475629806519,4.804769992828369,7.578995227813721,2.119999885559082
2020-09-09,22.274734497070312,67.93820190429688,1.7411558628082275,4.636025905609131,7.674129486083984,2.109999895095825
2020-09-10,22.395862579345703,68.8775863647461,1.744162678718567,4.884702682495117,7.563140392303467,2.069999933242798
2020-09-11,22.135446548461914,68.4730453491211,1.7360121011734009,4.795889377593994,7.515572547912598,2.049999952316284
2020-09-14,22.553325653076172,71.12666320800781,1.7686132192611694,4.964633464813232,7.610706806182861,2.0899999141693115
2020-09-15,22.704729080200195,70.02954864501953,1.7767637968063354,5.0179219245910645,7.793046474456787,2.130000114440918
2020-09-16,23.01359748840332,70.47525024414062,1.7849140167236328,5.009039878845215,7.602779865264893,2.180000066757202
2020-09-17,22.595718383789062,68.09591674804688,1.7604631185531616,4.946871280670166,7.444223880767822,2.059999942779541
2020-09-18,22.892473220825195,68.95988464355469,1.8256654739379883,5.248834133148193,7.594851970672607,2.119999885559082
2020-09-21,22.619945526123047,68.15763854980469,1.8501163721084595,5.151139736175537,7.626562595367432,2.200000047683716
2020-09-22,22.20812225341797,66.51197052001953,1.7686132192611694,4.82253360748291,7.388727188110352,2.0299999713897705
2020-09-23,22.49881935119629,66.85482025146484,1.8093645572662354,4.7514824867248535,7.2143168449401855,2.0
2020-09-24,22.353469848632812,66.64225006103516,1.7686132192611694,4.342944622039795,6.992337703704834,1.9199999570846558
2020-09-25,22.771347045898438,67.19766998291016,1.7604631185531616,4.396231651306152,6.936842441558838,1.9700000286102295
2020-09-28,22.48670768737793,66.20339965820312,1.7686132192611694,4.3695878982543945,6.976482391357422,1.9800000190734863
2020-09-29,22.34135627746582,65.70284271240234,1.7604631185531616,4.3695878982543945,6.889274597167969,1.9299999475479126
2020-09-30,21.560108184814453,64.67432403564453,1.6626596450805664,4.35182523727417,6.8575639724731445,1.9299999475479126
2020-10-01,21.97798728942871,65.41486358642578,1.7034111022949219,,,
2020-10-02,21.269407272338867,64.18061828613281,1.6708099842071533,,,
2020-10-05,21.887142181396484,65.62055969238281,1.7278618812561035,4.325181484222412,6.746575832366943,1.9199999570846558
2020-10-06,21.9719295501709,65.8399887084961,1.744162678718567,4.591619491577148,7.0161213874816895,2.0
2020-10-07,21.729679107666016,65.87428283691406,1.7523127794265747,4.582738399505615,7.063687801361084,1.9500000476837158
2020-10-08,22.196008682250977,67.17023468017578,1.7767637968063354,4.636025905609131,7.2063889503479,2.0399999618530273
2020-10-09,22.153614044189453,66.85482025146484,1.7849140167236328,4.644907474517822,7.182605266571045,2.0299999713897705
2020-10-12,22.068830490112305,66.26512145996094,1.7849140167236328,4.831414699554443,7.246028900146484,1.9800000190734863
2020-10-13,21.990095138549805,66.20339965820312,1.7604631185531616,,,
2020-10-14,21.82052230834961,65.36685943603516,1.7034111022949219,4.858057975769043,7.182605266571045,1.940000057220459
2020-10-15,22.2686824798584,66.01141357421875,1.7360121011734009,4.902464866638184,7.079543113708496,1.899999976158142
2020-10-16,21.953760147094727,65.44914245605469,1.719711422920227,4.982396125793457,7.135037899017334,1.899999976158142
2020-10-19,22.105165481567383,65.52457427978516,1.793063998222351,4.89358377456665,7.174676895141602,1.909999966621399
2020-10-20,21.741792678833008,64.5440444946289,1.7849140167236328,5.0268025398254395,7.246028900146484,1.909999966621399
2020-10-21,21.86897087097168,65.3462905883789,1.8093645572662354,5.204428672790527,7.475935459136963,2.009999990463257
2020-10-22,22.09305191040039,65.97713470458984,1.8093645572662354,5.257716178894043,7.364944934844971,2.0
2020-10-23,21.802356719970703,65.41486358642578,1.8093645572662354,5.151139736175537,7.475935459136963,1.9900000095367432
2020-10-26,21.638837814331055,64.90745544433594,1.8012146949768066,,,
2020-10-27,21.160398483276367,63.289222717285156,1.7604631185531616,5.177784442901611,7.238099575042725,1.9299999475479126
2020-10-28,21.05743980407715,63.04237365722656,1.7278618812561035,5.151139736175537,7.253955841064453,1.909999966621399
2020-10-29,20.5971736907959,62.37040710449219,1.6708099842071533,5.115614891052246,7.253955841064453,1.8799999952316284
2020-10-30,20.457876205444336,63.378353118896484,1.6545090675354004,4.982396125793457,7.309450626373291,1.8300000429153442
2020-11-02,20.476045608520508,63.42636489868164,1.6708099842071533,5.373172760009766,7.523500442504883,1.8899999856948853
2020-11-03,21.01504898071289,64.99658966064453,1.7360121011734009,5.515273094177246,7.7534074783325195,1.9900000095367432
2020-11-04,20.760684967041016,63.584083557128906,1.7115610837936401,5.550797939300537,7.594851970672607,1.9900000095367432
2020-11-05,20.736461639404297,63.04922866821289,1.6952605247497559,5.55967903137207,7.7534074783325195,2.0
2020-11-06,20.99687957763672,64.0434799194336,1.7360121011734009,5.932692050933838,7.888181209564209,2.0799999237060547
2020-11-09,21.729679107666016,65.88798522949219,1.793063998222351,6.128081321716309,8.118087768554688,2.1700000762939453
2020-11-10,21.82052230834961,65.44229125976562,1.8093645572662354,5.861641883850098,8.133942604064941,2.25
2020-11-11,22.31713104248047,66.62167358398438,1.841965913772583,5.72842264175415,8.165654182434082,2.2799999713897705
2020-11-12,22.07488441467285,66.15541076660156,1.8175150156021118,6.0037431716918945,8.070521354675293,2.2200000286102295
2020-11-13,21.663061141967773,65.88798522949219,1.8012146949768066,5.8438801765441895,7.975388526916504,2.240000009536743
2020-11-16,22.099111557006836,67.0742416381836,1.8256654739379883,6.394519329071045,8.673035621643066,2.490000009536743
2020-11-17,22.414030075073242,67.74622344970703,1.8664168119430542,6.31458854675293,8.609612464904785,2.700000047683716
2020-11-18,22.305021286010742,67.27994537353516,1.8664168119430542,6.572144985198975,8.768170356750488,2.700000047683716
2020-11-19,22.111221313476562,67.8284912109375,1.8745671510696411,6.421163082122803,8.56204605102539,2.7100000381469727
2020-11-20,21.887142181396484,68.19190216064453,1.8908677101135254,6.767532825469971,8.910869598388672,2.8299999237060547
2020-11-23,22.438257217407227,69.17931365966797,1.9234691858291626,7.140546798706055,9.2438383102417,3.0299999713897705
2020-11-24,23.195283889770508,70.71524047851562,1.9805210828781128,6.918514728546143,9.59266185760498,3.200000047683716
2020-11-25,23.897804260253906,71.5037841796875,2.004971981048584,6.474449634552002,9.323116302490234,3.119999885559082
2020-11-26,23.746395111083984,70.53011322021484,1.9886711835861206,6.785295486450195,9.798786163330078,3.319999933242798
2020-11-27,23.449642181396484,69.94041442871094,2.004971981048584,6.705364227294922,9.640230178833008,3.3399999141693115
2020-11-30,23.055992126464844,69.52902221679688,1.956070065498352,6.865226745605469,10.068330764770508,3.380000114440918
2020-12-01,23.352745056152344,70.59183502197266,1.9805210828781128,6.962921142578125,10.115898132324219,3.390000104904175
2020-12-02,23.806961059570312,71.99063110351562,1.9968215227127075,6.98068380355835,10.242743492126465,3.2899999618530273
2020-12-03,24.981863021850586,76.93446350097656,2.070174217224121,6.705364227294922,9.941486358642578,3.190000057220459
2020-12-04,25.133272171020508,77.62015533447266,2.1272261142730713,6.882988929748535,10.004907608032227,3.2300000190734863
2020-12-07,25.672273635864258,79.52638244628906,2.1190757751464844,6.696482181549072,9.798786163330078,3.200000047683716
2020-12-08,25.587486267089844,78.86810302734375,2.1109256744384766,6.740889072418213,9.449962615966797,3.0999999046325684
2020-12-09,25.878185272216797,79.15609741210938,2.135376453399658,6.589907169342041,9.608516693115234,3.1500000953674316
2020-12-10,25.72677993774414,79.12181091308594,2.1272261142730713,6.492212772369385,9.830495834350586,3.180000066757202
2020-12-11,25.93269157409668,79.54009246826172,2.0946247577667236,6.332350254058838,9.640230178833008,3.140000104904175
2020-12-14,25.884241104125977,78.12757110595703,2.1190757751464844,6.501094818115234,9.513384819030762,3.200000047683716
2020-12-15,25.302839279174805,77.08531951904297,2.086474657058716,6.358994007110596,9.449962615966797,3.130000114440918
2020-12-16,25.76917266845703,78.42242431640625,2.1190757751464844,6.474449634552002,9.354827880859375,3.2699999809265137
2020-12-17,26.223384857177734,79.84180450439453,2.143527030944824,6.90075159072876,9.941486358642578,3.609999895095825
2020-12-18,26.132543563842773,80.58919525146484,2.0946247577667236,7.282647132873535,9.941486358642578,3.440000057220459
2020-12-21,26.44141387939453,81.32288360595703,2.086474657058716,7.513559818267822,10.068330764770508,3.630000114440918
2020-12-22,25.975082397460938,79.13552856445312,2.0457234382629395,7.184953212738037,9.370682716369629,3.200000047683716
2020-12-23,25.70860481262207,78.75153350830078,2.0294227600097656,7.176071643829346,9.434104919433594,3.1600000858306885
2020-12-24,26.01141929626465,79.09439086914062,2.0538740158081055,7.282647132873535,9.497527122497559,3.2799999713897705
2020-12-28,,,,7.682303428649902,9.846351623535156,3.4200000762939453
2020-12-29,25.993249893188477,79.04638671875,2.0457234382629395,7.469154357910156,9.687795639038086,3.299999952316284
2020-12-30,26.126483917236328,79.38922882080078,2.0375726222991943,7.629016876220703,9.656085014343262,3.2699999809265137
2020-12-31,25.696496963500977,78.05213165283203,2.0131218433380127,7.788879871368408,9.671940803527832,3.3499999046325684
2021-01-04,26.078039169311523,79.10123443603516,2.0375726222991943,8.437212944030762,10.258598327636719,3.680000066757202
2021-01-05,26.82901382446289,80.7674560546875,2.0375726222991943,8.375043869018555,10.147610664367676,3.640000104904175
2021-01-06,26.774503707885742,79.3686752319336,2.0212724208831787,8.517145156860352,10.89282512664795,3.700000047683716
2021-01-07,28.403623580932617,86.16385650634766,2.135376453399658,8.836870193481445,11.527050018310547,3.700000047683716
2021-01-08,28.26432991027832,85.032470703125,2.0946247577667236,8.6592435836792,12.224698066711426,3.5
2021-01-11,28.1613712310791,83.92851257324219,2.1190757751464844,8.268468856811523,11.495339393615723,3.299999952316284
2021-01-12,27.858566284179688,83.24966430664062,2.1272261142730713,8.16189193725586,11.495339393615723,3.3399999141693115
2021-01-13,27.99180030822754,82.79025268554688,2.2087290287017822,8.037554740905762,11.638040542602539,3.299999952316284
2021-01-14,27.894901275634766,82.04971313476562,2.2087290287017822,7.948742866516113,11.479482650756836,3.200000047683716
2021-01-15,28.355173110961914,82.63939666748047,2.1842784881591797,8.206298828125,11.431917190551758,3.240000009536743
2021-01-18,27.525474548339844,81.45316314697266,2.1109256744384766,8.259587287902832,11.352639198303223,3.2100000381469727
2021-01-19,27.779834747314453,82.02913665771484,2.143527030944824,8.224061965942383,11.03552532196045,3.1700000762939453
2021-01-20,28.04024887084961,82.14572143554688,2.1761281490325928,8.721412658691406,11.558760643005371,3.359999895095825
2021-01-21,28.47629737854004,83.57194519042969,2.167978048324585,8.899038314819336,11.98686408996582,3.799999952316284
2021-01-22,27.93729591369629,81.81658172607422,2.2576305866241455,8.543787956237793,11.352639198303223,3.549999952316284
2021-01-25,28.23404884338379,83.49652099609375,2.24133038520813,8.916803359985352,11.463628768920898,3.700000047683716
2021-01-26,,,,8.70365047454834,11.130659103393555,3.5
2021-01-27,27.283233642578125,80.26007843017578,2.159827709197998,8.472737312316895,10.845258712768555,3.319999933242798
2021-01-28,26.816896438598633,77.96300506591797,2.1027750968933105,7.771116733551025,10.433011054992676,3.059999942779541
2021-01-29,26.38084602355957,75.63850402832031,2.070174217224121,7.673423767089844,10.147610664367676,3.009999990463257
2021-02-01,26.719993591308594,76.29676818847656,2.151677131652832,8.774701118469238,10.607422828674316,3.380000114440918
2021-02-02,27.313505172729492,78.87496948242188,2.2739315032958984,8.970088958740234,10.876969337463379,3.4600000381469727
2021-02-03,26.726057052612305,78.00413513183594,2.2087290287017822,8.801345825195312,10.718413352966309,3.490000009536743
2021-02-04,26.592817306518555,78.36070251464844,2.225029468536377,8.428332328796387,10.702556610107422,3.3299999237060547
2021-02-05,26.52619743347168,77.70928955078125,2.159827709197998,8.197417259216309,10.512289047241211,3.259999990463257
2021-02-08,27.15604591369629,80.36289978027344,2.135376453399658,8.916803359985352,11.146516799926758,3.559999942779541
2021-02-09,27.010698318481445,79.93092346191406,2.0946247577667236,9.52072811126709,11.606328964233398,3.950000047683716
2021-02-10,27.289281845092773,80.52062225341797,2.1190757751464844,10.19570541381836,11.971009254455566,4.199999809265137
2021-02-11,27.543642044067383,81.40516662597656,2.135376453399658,10.071369171142578,12.12956428527832,4.380000114440918
2021-02-12,27.0833740234375,80.46577453613281,2.1109256744384766,,,
2021-02-15,27.707157135009766,81.94000244140625,2.1190757751464844,,,
2021-02-16,28.46419334411621,84.37420654296875,2.151677131652832,11.865384101867676,13.730985641479492,4.949999809265137
2021-02-17,29.433183670043945,87.40496063232422,2.2087290287017822,12.256162643432617,14.238364219665527,5.03000020980835
2021-02-18,29.37867546081543,87.42552185058594,2.2005791664123535,12.149585723876953,14.270075798034668,4.880000114440918
2021-02-19,28.657987594604492,84.51820373535156,2.1842784881591797,12.433788299560547,14.951870918273926,5.230000019073486
2021-02-22,29.6148681640625,87.590087890625,2.2494804859161377,12.948899269104004,17.24300765991211,5.789999961853027
2021-02-23,30.541467666625977,89.1397476196289,2.32283353805542,12.273923873901367,18.035791397094727,6.300000190734863
2021-02-24,29.590646743774414,86.7055435180664,2.282081365585327,11.066071510314941,15.72879409790039,5.289999961853027
2021-02-25,30.5535831451416,88.37178039550781,2.3309831619262695,11.51013469696045,16.212392807006836,5.610000133514404
2021-02-26,29.75415802001953,87.21295928955078,2.2576305866241455,10.213468551635742,14.920157432556152,4.889999866485596
2021-03-01,30.335556030273438,87.56266784667969,2.2739315032958984,10.408857345581055,14.793313026428223,5.050000190734863
2021-03-02,29.75415802001953,87.20611572265625,2.233180046081543,9.893742561340332,14.127375602722168,4.699999809265137
2021-03-03,30.807939529418945,88.96832275390625,2.3391335010528564,10.941732406616211,15.01529312133789,5.159999847412109
2021-03-04,30.747285842895508,86.89093780517578,2.3554346561431885,9.52072811126709,13.699274063110352,4.900000095367432
2021-03-05,30.0799503326416,84.04147338867188,2.32283353805542,9.254290580749512,13.04919147491455,4.579999923706055
2021-03-08,30.797178268432617,86.49099731445312,2.3309831619262695,8.86351203918457,12.668657302856445,4.510000228881836
2021-03-09,30.5539493560791,86.56243133544922,2.3309831619262695,9.236528396606445,12.922344207763672,4.449999809265137
2021-03-10,29.687030792236328,81.76332092285156,2.2494804859161377,9.272051811218262,13.033336639404297,4.449999809265137
2021-03-11,29.188087463378906,82.62743377685547,2.264320135116577,10.426618576049805,14.159086227416992,5.0
2021-03-12,29.91779327392578,83.30589294433594,2.3217484951019287,9.68058967590332,13.6199951171875,4.860000133514404
2021-03-15,29.861661911010742,81.5062255859375,2.313544750213623,9.538490295410156,13.6199951171875,4.800000190734863
2021-03-16,29.213043212890625,80.59925079345703,2.2889325618743896,9.858217239379883,13.699274063110352,4.849999904632568
2021-03-17,28.732803344726562,79.83509826660156,2.223299741744995,9.858217239379883,13.445582389831543,4.849999904632568
2021-03-18,28.495811462402344,79.12808227539062,2.2397079467773438,9.929266929626465,13.30288314819336,4.860000133514404
2021-03-19,28.003101348876953,77.88545227050781,2.2150959968566895,9.502964973449707,12.906490325927734,4.599999904632568
2021-03-22,27.753637313842773,76.99276733398438,2.2479121685028076,9.48520278930664,13.017481803894043,4.659999847412109
2021-03-23,28.034292221069336,76.95706176757812,2.223299741744995,8.934564590454102,12.367400169372559,4.46999979019165
2021-03-24,27.990631103515625,78.34251403808594,2.2150959968566895,8.215180397033691,11.209938049316406,4.130000114440918
2021-03-25,27.990631103515625,77.12846374511719,2.231503963470459,8.499380111694336,11.574617385864258,4.239999771118164
2021-03-26,28.109132766723633,78.7924575805664,2.2561161518096924,8.605956077575684,11.780740737915039,4.369999885559082
2021-03-29,28.601837158203125,80.17076110839844,2.3299524784088135,8.677007675170898,11.971009254455566,4.400000095367432
2021-03-30,28.009340286254883,78.27111053466797,2.297136068344116,8.78358268737793,12.050285339355469,4.53000020980835
2021-03-31,28.25257682800293,79.0923843383789,2.30534029006958,8.490501403808594,11.780740737915039,4.340000152587891
2021-04-01,28.470863342285156,79.98507690429688,2.3381569385528564,8.739175796508789,12.14542007446289,4.5
2021-04-06,28.595598220825195,80.0707778930664,2.313544750213623,,,
2021-04-07,28.614309310913086,81.01345825195312,2.3709731101989746,9.005616188049316,12.430821418762207,4.739999771118164
2021-04-08,29.35024642944336,82.75599670410156,2.4119930267333984,9.307578086853027,13.096758842468262,4.78000020980835
2021-04-09,29.10701560974121,82.48461151123047,2.395585536956787,9.272051811218262,13.096758842468262,4.769999980926514
2021-04-12,28.80141258239746,82.04183959960938,2.3709731101989746,8.543787956237793,12.494245529174805,4.590000152587891
2021-04-13,28.495811462402344,81.07772827148438,2.354564666748047,8.543787956237793,12.462532997131348,4.71999979019165
2021-04-14,28.69538688659668,81.64905548095703,2.346360445022583,9.094428062438965,12.890634536743164,5.019999980926514
2021-04-15,29.518644332885742,84.06288146972656,2.4119930267333984,9.449678421020508,13.79440689086914,5.179999828338623
2021-04-16,29.66832733154297,84.8984375,2.3627688884735107,9.449678421020508,14.000530242919922,5.210000038146973
2021-04-19,29.662086486816406,86.30532836914062,2.3709731101989746,9.822690963745117,14.349353790283203,5.389999866485596
2021-04-20,29.593477249145508,85.84114074707031,2.3381569385528564,9.822690963745117,14.127375602722168,5.320000171661377
2021-04-21,29.443798065185547,85.7625732421875,2.3381569385528564,9.698352813720703,13.873684883117676,5.150000095367432
2021-04-22,29.71822166442871,86.07678985595703,2.3299524784088135,9.751641273498535,14.39692211151123,5.050000190734863
2021-04-23,29.662086486816406,86.51956176757812,2.3791770935058594,10.000316619873047,14.349353790283203,4.900000095367432
2021-04-26,29.836713790893555,87.49082946777344,2.354564666748047,10.19570541381836,14.777454376220703,4.920000076293945
2021-04-27,30.173507690429688,88.29782104492188,2.3709731101989746,10.248993873596191,15.364112854003906,5.019999980926514
2021-04-28,30.07371711730957,87.22657775878906,2.4037890434265137,9.911503791809082,14.825023651123047,4.829999923706055
2021-04-29,30.34813117980957,87.99786376953125,2.387380838394165,10.33780574798584,15.459250450134277,5.099999904632568
2021-04-30,29.749399185180664,86.51956176757812,2.3627688884735107,9.716115951538086,15.062859535217285,5.059999942779541
2021-05-03,29.331531524658203,85.7625732421875,2.3381569385528564,9.609539985656738,14.825023651123047,4.960000038146973
2021-05-04,30.0799503326416,87.93359375,2.4037890434265137,10.817394256591797,16.014196395874023,5.449999809265137
2021-05-05,30.41050148010254,88.9405517578125,2.4201974868774414,10.79963207244873,16.450225830078125,5.599999904632568
2021-05-06,31.059120178222656,89.81182098388672,2.4448094367980957,10.728581428527832,16.252031326293945,5.489999771118164
2021-05-07,31.239988327026367,90.77591705322266,2.4612174034118652,10.923970222473145,16.053834915161133,5.440000057220459
2021-05-10,32.212928771972656,94.93943786621094,2.5268497467041016,11.812098503112793,18.035791397094727,6.050000190734863
2021-05-11,31.98216438293457,93.27545166015625,2.5268497467041016,10.906207084655762,16.648422241210938,5.829999923706055
2021-05-12,31.80754280090332,92.8683853149414,2.469421863555908,11.11935806274414,16.450225830078125,5.5
2021-05-13,31.402145385742188,91.41151428222656,2.4201974868774414,10.320043563842773,15.110424995422363,5.130000114440918
2021-05-14,30.915681838989258,89.5761489868164,2.4037890434265137,10.391092300415039,14.428633689880371,5.110000133514404
2021-05-17,30.934391021728516,90.01177978515625,2.428400993347168,10.941732406616211,14.603044509887695,5.119999885559082
2021-05-18,31.508167266845703,91.91856384277344,2.4858295917510986,11.066071510314941,14.983579635620117,5.190000057220459
2021-05-19,30.429208755493164,88.46919250488281,2.395585536956787,,,
2021-05-20,30.111135482788086,88.02643585205078,2.3299524784088135,10.444382667541504,13.937108993530273,4.710000038146973
2021-05-21,29.780588150024414,87.21229553222656,2.354564666748047,10.19570541381836,14.174942016601562,4.710000038146973
2021-05-24,29.23175621032715,85.34121704101562,2.313544750213623,9.858217239379883,13.572427749633789,4.619999885559082
2021-05-25,29.612194061279297,86.73381042480469,2.3709731101989746,10.28451919555664,13.857828140258789,4.659999847412109
2021-05-26,28.907442092895508,84.7984619140625,2.346360445022583,10.479907035827637,14.000530242919922,4.670000076293945
2021-05-27,29.188087463378906,85.60545349121094,2.3299524784088135,10.444382667541504,13.984675407409668,4.5
2021-05-28,30.036293029785156,87.85502624511719,2.4612174034118652,10.67529582977295,14.39692211151123,4.71999979019165
2021-05-31,29.842954635620117,88.3620834350586,2.4448094367980957,10.817394256591797,14.587187767028809,4.53000020980835
2021-06-01,29.880374908447266,88.98339080810547,2.469421863555908,10.959495544433594,14.587187767028809,4.300000190734863
2021-06-02,30.803415298461914,90.66165161132812,2.518646001815796,10.604244232177734,14.349353790283203,4.199999809265137
2021-06-03,30.928150177001953,90.70450592041016,2.510441780090332,10.515432357788086,14.190796852111816,4.150000095367432
2021-06-04,30.404260635375977,88.99768829345703,2.4940338134765625,10.088384628295898,13.730985641479492,3.940000057220459
2021-06-07,30.466630935668945,89.50472259521484,2.4612174034118652,10.35812759399414,13.699274063110352,4.099999904632568
2021-06-08,30.173507690429688,88.66917419433594,2.4448094367980957,10.178298950195312,13.382158279418945,3.799999952316284
2021-06-09,30.354368209838867,89.12622833251953,2.4530134201049805,10.340145111083984,13.461438179016113,3.880000114440918
2021-06-10,30.123613357543945,89.21192169189453,2.4448094367980957,10.160317420959473,13.144327163696289,3.869999885559082
2021-06-11,30.529001235961914,89.22620391845703,2.4201974868774414,10.340145111083984,13.513060569763184,3.8499999046325684
2021-06-15,30.697389602661133,90.32600402832031,2.395585536956787,9.872590065002441,13.09776496887207,3.6700000762939453
2021-06-16,30.16726303100586,89.77610778808594,2.346360445022583,8.982439994812012,12.426904678344727,3.440000057220459
2021-06-17,29.7431697845459,88.71916198730469,2.297136068344116,9.09932804107666,12.299120903015137,3.4800000190734863
2021-06-18,29.01346206665039,88.17640686035156,2.2807281017303467,8.946474075317383,12.187311172485352,3.390000104904175
2021-06-21,28.4459171295166,85.73400115966797,2.297136068344116,8.892524719238281,11.94771671295166,3.369999885559082
2021-06-22,29.11324691772461,87.11946105957031,2.3381569385528564,9.20722484588623,12.347039222717285,3.380000114440918
2021-06-23,29.412612915039062,87.73363494873047,2.354564666748047,9.297139167785645,12.58663272857666,3.490000009536743
2021-06-24,29.687030792236328,88.81201171875,2.387380838394165,9.22520923614502,12.618578910827637,3.4800000190734863
2021-06-25,29.874135971069336,89.42618560791016,2.4037890434265137,9.764694213867188,13.177630424499512,3.630000114440918
2021-06-28,30.185976028442383,90.0189208984375,2.428400993347168,9.441001892089844,13.001927375793457,3.4600000381469727
2021-06-29,29.97392463684082,89.2690658569336,2.3791770935058594,9.297139167785645,12.666497230529785,3.319999933242798
2021-06-30,30.29199981689453,90.44026947021484,2.4037890434265137,9.387053489685059,12.698442459106445,3.4200000762939453
2021-07-01,30.07371711730957,89.97607421875,2.4201974868774414,,,
2021-07-02,30.27952766418457,89.77610778808594,2.4201974868774414,9.405035972595215,12.5546875,3.390000104904175
2021-07-05,30.2171573638916,90.0760498046875,2.4201974868774414,9.6028470993042,12.938036918640137,3.509999990463257
2021-07-06,30.466630935668945,89.56187438964844,2.395585536956787,9.584866523742676,12.874143600463867,3.5299999713897705
2021-07-07,30.43544578552246,90.01177978515625,2.387380838394165,9.692761421203613,12.954009056091309,3.5399999618530273
2021-07-08,30.971805572509766,90.14032745361328,2.4119930267333984,9.261173248291016,12.506769180297852,3.4100000858306885
2021-07-09,30.85955047607422,89.55471801757812,2.4037890434265137,9.54889965057373,12.922063827514648,3.5899999141693115
2021-07-12,31.838722229003906,91.12586212158203,2.436605453491211,9.782676696777344,13.337358474731445,3.5999999046325684
2021-07-13,31.62042808532715,91.66862487792969,2.4119930267333984,9.764694213867188,13.177630424499512,3.569999933242798
2021-07-14,31.782590866088867,91.61148071289062,2.387380838394165,9.476968765258789,12.762333869934082,3.440000057220459
2021-07-15,32.138092041015625,93.65396118164062,2.428400993347168,9.746712684631348,12.938036918640137,3.5199999809265137
2021-07-16,32.35013198852539,93.26830291748047,2.436605453491211,9.746712684631348,13.017899513244629,3.4700000286102295
2021-07-19,31.49570083618164,91.29011535644531,2.354564666748047,9.566883087158203,12.58663272857666,3.3399999141693115
2021-07-20,30.709861755371094,88.8548583984375,2.30534029006958,9.09932804107666,12.251202583312988,3.299999952316284
2021-07-21,31.115257263183594,89.890380859375,2.3299524784088135,9.171258926391602,12.2352294921875,3.4800000190734863
2021-07-22,32.08819580078125,90.99017333984375,2.395585536956787,9.387053489685059,12.666497230529785,3.859999895095825
2021-07-23,31.975927352905273,90.76876831054688,2.4201974868774414,9.512933731079102,12.650524139404297,3.859999895095825
2021-07-26,32.37508010864258,92.91838073730469,2.4530134201049805,9.441001892089844,12.5546875,3.6600000858306885
2021-07-27,33.279415130615234,94.60377502441406,2.477625846862793,9.89057445526123,12.90609073638916,3.930000066757202
2021-07-28,32.72433853149414,94.42523956298828,2.4037890434265137,9.405035972595215,12.810254096984863,3.75
2021-07-29,33.26070022583008,95.81783294677734,2.436605453491211,9.800658226013184,13.177630424499512,3.9800000190734863
2021-07-30,33.360496520996094,95.28221130371094,2.436605453491211,9.908557891845703,13.017899513244629,3.9600000381469727
2021-08-02,33.49147033691406,95.14653015136719,2.4530134201049805,10.519973754882812,13.385275840759277,4.159999847412109
2021-08-03,33.02994155883789,94.5466537475586,2.4612174034118652,10.196284294128418,13.001927375793457,3.869999885559082
2021-08-04,33.71598434448242,95.9820785522461,2.4612174034118652,10.232248306274414,13.09776496887207,3.8399999141693115
2021-08-05,33.1422119140625,94.36097717285156,2.428400993347168,9.9445219039917,12.58663272857666,3.7200000286102295
2021-08-06,32.493587493896484,92.87552642822266,2.436605453491211,10.304180145263672,12.698442459106445,3.8399999141693115
2021-08-09,32.23787307739258,91.59719848632812,2.428400993347168,10.124351501464844,12.506769180297852,3.740000009536743
2021-08-10,32.281532287597656,91.054443359375,2.4037890434265137,9.9445219039917,12.426904678344727,3.7100000381469727
2021-08-11,32.75552749633789,92.22564697265625,2.4119930267333984,9.92654037475586,12.618578910827637,3.819999933242798
2021-08-12,33.04865264892578,91.25482177734375,2.4612174034118652,10.37611198425293,12.77830696105957,3.8499999046325684
2021-08-13,32.9363899230957,91.3307113647461,2.469421863555908,10.861648559570312,12.826226234436035,3.9000000953674316
2021-08-16,32.474876403808594,89.91172790527344,2.436605453491211,10.71778678894043,12.36301326751709,3.700000047683716
2021-08-17,32.01334762573242,88.30304718017578,2.395585536956787,10.196284294128418,12.07550048828125,3.450000047683716
2021-08-18,29.749399185180664,86.26942443847656,2.3709731101989746,10.124351501464844,11.819934844970703,3.430000066757202
2021-08-19,27.859657287597656,81.32197570800781,2.354564666748047,9.351088523864746,11.053235054016113,3.0299999713897705
2021-08-20,27.65384864807129,81.36749267578125,2.2807281017303467,8.82059383392334,10.781695365905762,2.9100000858306885
2021-08-23,27.728689193725586,80.95774841308594,2.3299524784088135,9.189242362976074,11.037261962890625,3.0899999141693115
2021-08-24,28.015579223632812,82.02765655517578,2.3627688884735107,9.297139167785645,11.40463924407959,3.140000104904175
2021-08-25,28.364837646484375,84.15992736816406,2.4119930267333984,9.441001892089844,11.867852210998535,3.380000114440918
2021-08-26,28.034292221069336,82.99136352539062,2.3709731101989746,9.279155731201172,11.835907936096191,3.390000104904175
2021-08-27,27.878366470336914,83.24175262451172,2.3791770935058594,9.351088523864746,11.931744575500488,3.4600000381469727
2021-08-30,28.58312225341797,85.83690643310547,2.5268497467041016,9.92654037475586,12.442877769470215,3.6700000762939453
2021-08-31,28.4459171295166,85.03256225585938,2.5760746002197266,9.962504386901855,12.634552001953125,3.7699999809265137
2021-09-01,28.084184646606445,83.00653076171875,2.6170947551727295,9.6028470993042,12.522741317749023,3.7200000286102295
2021-09-02,28.057069778442383,82.44501495361328,2.6252987384796143,9.692761421203613,12.682469367980957,3.7200000286102295
2021-09-03,28.331350326538086,84.50897216796875,2.690931558609009,9.89057445526123,12.666497230529785,3.7799999713897705
2021-09-06,28.224315643310547,83.99298858642578,2.748359441757202,9.998469352722168,12.698442459106445,3.740000009536743
2021-09-07,28.12397003173828,82.48294830322266,2.6991350650787354,9.9445219039917,12.77830696105957,3.819999933242798
2021-09-08,27.836305618286133,82.08077239990234,2.756563425064087,9.728726387023926,12.954009056091309,3.7899999618530273
2021-09-09,27.374710083007812,80.05474853515625,2.7101125717163086,10.088384628295898,13.065818786621094,3.9200000762939453
2021-09-10,27.595470428466797,80.60108947753906,2.8695309162139893,10.73576831817627,13.656816482543945,3.990000009536743
2021-09-13,27.749340057373047,80.44933319091797,2.8863120079040527,11.149373054504395,14.455460548400879,4.179999828338623
2021-09-14,27.916584014892578,80.93498992919922,2.861140489578247,10.645854949951172,13.640843391418457,3.869999885559082
2021-09-15,26.933183670043945,79.39458465576172,2.8275787830352783,10.555939674377441,13.497086524963379,3.809999942779541
2021-09-16,27.194080352783203,78.6661148071289,2.945044994354248,10.016454696655273,13.145682334899902,3.7300000190734863
2021-09-17,26.19729995727539,74.970703125,2.8443596363067627,9.566883087158203,12.474822044372559,3.640000104904175
2021-09-20,25.106861114501953,72.26932525634766,2.7856266498565674,9.171258926391602,11.883825302124023,3.440000057220459
2021-09-21,25.254039764404297,72.62596893310547,2.7604551315307617,9.171258926391602,11.660205841064453,3.4200000762939453
2021-09-22,25.862810134887695,74.56854248046875,2.8024075031280518,,,
2021-09-23,25.67549705505371,75.0162353515625,2.8695309162139893,9.09932804107666,11.564367294311523,3.490000009536743
2021-09-24,25.23396873474121,75.37287139892578,2.8443596363067627,8.955465316772461,11.324774742126465,3.359999895095825
2021-09-27,25.23396873474121,76.23792266845703,2.819187879562378,8.77563762664795,11.149072647094727,3.109999895095825
2021-09-28,24.665332794189453,73.96148681640625,2.852750062942505,8.838576316833496,11.30880355834961,3.309999942779541
2021-09-29,24.344223022460938,73.52137756347656,2.8443596363067627,8.586816787719727,11.037261962890625,3.1600000858306885
2021-09-30,25.160383224487305,76.01786804199219,2.9618256092071533,8.649755477905273,11.228937149047852,3.2899999618530273
2021-10-01,24.65195083618164,73.81729888916016,2.945044994354248,,,
2021-10-04,24.71216583251953,73.98426055908203,3.003777503967285,8.119260787963867,10.909480094909668,3.1700000762939453
2021-10-05,24.431188583374023,73.70348358154297,3.037339687347412,8.451944351196289,11.133099555969238,3.3299999237060547
2021-10-06,24.518157958984375,73.26337432861328,3.0205585956573486,8.299089431762695,10.973371505737305,3.4100000858306885
2021-10-07,24.51146697998047,73.25579071044922,3.0205585956573486,8.505894660949707,11.212964057922363,3.369999885559082
2021-10-08,25.247352600097656,76.18480682373047,3.003777503967285,8.6587495803833,11.181018829345703,3.3399999141693115
2021-10-11,25.474802017211914,77.59619903564453,3.0625112056732178,9.261173248291016,11.196992874145508,3.319999933242798
2021-10-12,25.407901763916016,77.88455200195312,3.07090163230896,9.22520923614502,11.212964057922363,3.4200000762939453
2021-10-13,25.147003173828125,75.40323638916016,3.0625112056732178,,,
2021-10-14,25.28748893737793,76.26827239990234,3.213538408279419,,,
2021-10-15,25.996610641479492,75.5777587890625,3.205148696899414,9.92654037475586,11.915772438049316,3.7200000286102295
2021-10-18,26.217369079589844,76.98155975341797,3.331005334854126,10.340145111083984,12.506769180297852,3.9100000858306885
2021-10-19,25.68218421936035,74.47747802734375,3.255491018295288,10.555939674377441,12.458849906921387,3.940000057220459
2021-10-20,25.80259895324707,74.42436218261719,3.213538408279419,10.412076950073242,12.171337127685547,3.9000000953674316
2021-10-21,25.742395401000977,73.44549560546875,3.2219293117523193,10.214263916015625,12.10744571685791,3.8399999141693115
2021-10-22,25.18714141845703,72.10997772216797,3.1883673667907715,10.124351501464844,11.883825302124023,3.7200000286102295
2021-10-25,25.374454498291016,73.1799087524414,3.1883673667907715,10.25023078918457,11.69215202331543,3.7899999618530273
2021-10-26,25.5617733001709,72.76255798339844,3.121243953704834,10.394094467163086,11.72409725189209,3.7899999618530273
2021-10-27,25.193828582763672,71.43463134765625,3.129634380340576,10.016454696655273,11.468531608581543,3.6600000858306885
2021-10-28,24.765682220458984,70.3874740600586,3.003777503967285,9.620830535888672,10.845587730407715,3.490000009536743
2021-10-29,24.471330642700195,68.51321411132812,2.995387554168701,9.746712684631348,10.877532958984375,3.5999999046325684
2021-11-01,24.357603073120117,69.02920532226562,3.0121684074401855,9.458984375,10.749751091003418,3.4100000858306885
2021-11-02,23.788969039916992,67.2763442993164,2.9366543292999268,9.261173248291016,10.574049949645996,3.25
2021-11-03,24.043180465698242,68.06551361083984,2.9702160358428955,9.369070053100586,10.76572322845459,3.240000009536743
2021-11-04,24.103389739990234,67.01835632324219,2.9618256092071533,9.333105087280273,10.637941360473633,3.2200000286102295
2021-11-05,24.143526077270508,67.3901596069336,2.9366543292999268,9.171258926391602,10.398347854614258,3.119999885559082
2021-11-08,24.337533950805664,67.64816284179688,2.9786064624786377,9.638813972473145,10.605995178222656,3.2200000286102295
2021-11-09,24.571674346923828,67.5191650390625,2.9702160358428955,9.530916213989258,10.76572322845459,3.130000114440918
2021-11-10,23.909385681152344,66.40372467041016,2.903092622756958,9.512933731079102,10.558075904846191,3.109999895095825
2021-11-11,24.52484703063965,67.64056396484375,2.9114830493927,9.692761421203613,10.829615592956543,3.200000047683716
2021-11-12,25.220590591430664,69.97013092041016,2.9786064624786377,9.710746765136719,10.781695365905762,3.190000057220459
2021-11-15,25.060033798217773,69.68936157226562,2.9366543292999268,9.710746765136719,10.70183277130127,3.119999885559082
2021-11-16,24.41112518310547,68.13379669189453,2.8863120079040527,9.728726387023926,10.717805862426758,3.0999999046325684
2021-11-17,24.056562423706055,67.46604919433594,2.9282641410827637,9.620830535888672,10.749751091003418,3.130000114440918
2021-11-18,24.11008071899414,67.92134094238281,2.9282641410827637,9.638813972473145,10.605995178222656,3.0899999141693115
2021-11-19,24.384363174438477,68.48287200927734,2.945044994354248,9.800658226013184,10.717805862426758,3.1700000762939453
2021-11-22,24.471330642700195,69.67417907714844,3.003777503967285,9.800658226013184,10.685858726501465,3.1500000953674316
2021-11-23,25.45473289489746,72.18585968017578,3.003777503967285,9.728726387023926,10.76572322845459,3.130000114440918
2021-11-24,25.58184051513672,72.14034271240234,2.986997127532959,9.441001892089844,10.669885635375977,3.0899999141693115
2021-11-25,25.836050033569336,73.32408142089844,3.037339687347412,9.54889965057373,10.717805862426758,3.1700000762939453
2021-11-26,25.441354751586914,71.67745971679688,2.986997127532959,9.243189811706543,10.478211402893066,3.0399999618530273
2021-11-29,25.80259895324707,72.3831558227539,2.995387554168701,9.20722484588623,10.222646713256836,2.8299999237060547
2021-11-30,26.337785720825195,70.9489974975586,2.9618256092071533,9.315123558044434,10.030972480773926,2.8299999237060547
2021-12-01,26.692346572875977,72.6639175415039,3.079291582107544,9.153277397155762,10.078889846801758,2.8399999141693115
2021-12-02,26.56524085998535,71.48015594482422,3.11285400390625,8.991430282592773,9.77540397644043,2.799999952316284
2021-12-03,26.913110733032227,72.48180389404297,3.1464152336120605,9.045379638671875,10.046943664550781,2.859999895095825
2021-12-06,26.48496437072754,71.19181823730469,3.1044631004333496,8.964455604553223,9.967079162597656,2.6700000762939453
2021-12-07,26.72579574584961,71.8216323852539,3.079291582107544,9.171258926391602,10.062917709350586,2.7799999713897705
2021-12-08,27.22083854675293,73.3847885131836,3.1799771785736084,9.171258926391602,10.35042953491211,2.799999952316284
2021-12-09,26.89304542541504,72.69426727294922,3.1883673667907715,9.369070053100586,10.478211402893066,2.7799999713897705
2021-12-10,26.732484817504883,72.71703338623047,3.205148696899414,9.081345558166504,10.414321899414062,2.7200000286102295
2021-12-13,27.45498275756836,74.40160369873047,3.213538408279419,9.11731243133545,10.494185447692871,2.7300000190734863
2021-12-14,27.615543365478516,74.43953704833984,3.196758270263672,8.75765323638916,10.158754348754883,2.4600000381469727
2021-12-15,27.475055694580078,74.62165069580078,3.196758270263672,8.469927787780762,9.791378021240234,2.430000066757202
2021-12-16,27.200773239135742,74.36365509033203,3.213538408279419,8.577824592590332,9.967079162597656,2.299999952316284
2021-12-17,27.695819854736328,74.36365509033203,3.2722721099853516,8.667738914489746,10.254591941833496,2.450000047683716
2021-12-20,27.495126724243164,74.5381851196289,3.3058338165283203,8.380013465881348,9.887215614318848,2.319999933242798
2021-12-21,27.903202056884766,76.9436264038086,3.322614908218384,8.406987190246582,9.919161796569824,2.319999933242798
2021-12-22,27.689128875732422,75.3880386352539,3.331005334854126,8.424969673156738,9.983053207397461,2.359999895095825
2021-12-23,27.602161407470703,75.28939819335938,3.3561761379241943,8.685722351074219,10.174726486206055,2.5
2021-12-24,27.64229965209961,75.19834899902344,3.3645670413970947,8.541858673095703,10.222646713256836,2.4600000381469727
2021-12-28,,,,8.496901512145996,10.222646713256836,2.440000057220459
2021-12-29,27.648988723754883,74.970703125,3.372957706451416,8.344047546386719,10.158754348754883,2.4100000858306885
2021-12-30,27.883134841918945,75.5322265625,3.389738082885742,8.299089431762695,9.951106071472168,2.380000114440918
2021-12-31,27.762720108032227,75.96475219726562,3.3645670413970947,8.344047546386719,9.967079162597656,2.5
2022-01-03,,,,8.344047546386719,10.142781257629395,2.549999952316284
2022-01-04,28.35141944885254,75.64604949951172,3.414909839630127,8.20018482208252,10.062917709350586,2.440000057220459
2022-01-05,28.518665313720703,76.24551391601562,3.372957706451416,8.164219856262207,9.919161796569824,2.369999885559082
2022-01-06,28.552114486694336,76.79944610595703,3.331005334854126,8.02934741973877,9.855269432067871,2.3299999237060547
2022-01-07,29.254545211791992,78.63577270507812,3.289052963256836,7.8585100173950195,9.8392972946167,2.3399999141693115
2022-01-10,29.956974029541016,80.42656707763672,3.4065191745758057,8.182201385498047,10.014998435974121,2.4100000858306885
2022-01-11,29.870006561279297,80.71492004394531,3.3981287479400635,8.335057258605957,10.318482398986816,2.5399999618530273
2022-01-12,30.184429168701172,81.39784240722656,3.4316904544830322,8.739670753479004,10.76572322845459,2.7200000286102295
2022-01-13,31.341764450073242,84.75938415527344,3.557546854019165,8.991430282592773,10.973371505737305,2.759999990463257
2022-01-14,31.22803497314453,83.92469787597656,3.507204532623291,8.928491592407227,11.02129077911377,2.7200000286102295
2022-01-17,30.87348175048828,83.49215698242188,3.3981287479400635,8.829584121704102,10.781695365905762,2.640000104904175
2022-01-18,31.241416931152344,83.20382690429688,3.4820327758789062,9.045379638671875,10.7976713180542,2.7100000381469727
2022-01-19,31.147764205932617,83.40113067626953,3.4400806427001953,9.081345558166504,10.909480094909668,2.700000047683716
2022-01-20,32.11778259277344,86.05696105957031,3.507204532623291,9.441001892089844,11.053235054016113,2.890000104904175
2022-01-21,30.57244110107422,82.49812316894531,3.4316904544830322,9.872590065002441,11.149072647094727,2.930000066757202
2022-01-24,30.505542755126953,81.92141723632812,3.3058338165283203,9.638813972473145,10.86156177520752,2.869999885559082
2022-01-25,30.124221801757812,81.25367736816406,3.1380252838134766,9.530916213989258,10.38237476348877,2.700000047683716
2022-01-26,,,,9.638813972473145,10.558075904846191,2.7799999713897705
2022-01-27,30.5523681640625,82.93064880371094,3.205148696899414,9.297139167785645,10.430294036865234,2.7100000381469727
2022-01-28,31.388599395751953,86.32254791259766,3.238710403442383,9.063362121582031,10.174726486206055,2.509999990463257
2022-01-31,31.007280349731445,84.65314483642578,3.2303194999694824,8.883533477783203,10.030972480773926,2.5
2022-02-01,30.057323455810547,82.63471221923828,3.213538408279419,,,
2022-02-02,30.532299041748047,84.55451965332031,3.297443151473999,,,
2022-02-03,31.475568771362305,86.61089324951172,3.33939528465271,,,
2022-02-04,31.31501007080078,86.967529296875,3.4484715461730957,9.333105087280273,10.35042953491211,2.5999999046325684
2022-02-07,31.70301055908203,87.02824401855469,3.4820327758789062,9.315123558044434,10.558075904846191,2.5799999237060547
2022-02-08,32.88042449951172,88.91768646240234,3.5155951976776123,9.171258926391602,10.733778953552246,2.5799999237060547
2022-02-09,32.325172424316406,88.4244613647461,3.7085752487182617,9.872590065002441,11.053235054016113,2.7300000190734863
2022-02-10,32.29841232299805,90.26837158203125,3.6917943954467773,10.448042869567871,11.883825302124023,3.0299999713897705
2022-02-11,32.68642044067383,92.84834289550781,3.7085752487182617,10.430058479309082,11.676177978515625,2.9800000190734863
2022-02-14,32.33185577392578,92.25646209716797,3.8008697032928467,10.555939674377441,11.819934844970703,2.9600000381469727
2022-02-15,32.23151397705078,90.10902404785156,3.725355625152588,10.106369018554688,11.484502792358398,2.8399999141693115
2022-02-16,31.662879943847656,89.96484375,3.73374605178833,10.37611198425293,11.676177978515625,2.9700000286102295
2022-02-17,32.09102249145508,91.01202392578125,3.775698661804199,10.71778678894043,11.708125114440918,2.9800000190734863
2022-02-18,32.08433532714844,90.4884262084961,3.8344318866729736,10.699801445007324,11.708125114440918,2.990000009536743
2022-02-21,32.27164840698242,91.20930480957031,3.826040506362915,10.663836479187012,11.5963134765625,2.9800000190734863
2022-02-22,31.98398780822754,89.91931915283203,3.7001843452453613,10.573923110961914,11.484502792358398,2.930000066757202
2022-02-23,32.1779899597168,90.95889282226562,3.826040506362915,10.214263916015625,11.484502792358398,2.930000066757202
2022-02-24,31.479520797729492,87.529052734375,3.809260129928589,10.232248306274414,11.228937149047852,2.809999942779541
2022-02-25,31.42327117919922,86.91441345214844,3.876383066177368,10.070402145385742,11.02129077911377,2.809999942779541
2022-02-28,32.80845642089844,89.66889953613281,4.035802364349365,10.412076950073242,11.212964057922363,2.819999933242798
2022-03-01,32.73110580444336,89.40333557128906,3.985460042953491,10.214263916015625,11.101154327392578,2.809999942779541
2022-03-02,33.97566604614258,93.5312728881836,4.220392227172852,10.645854949951172,11.388666152954102,3.140000104904175
2022-03-03,35.19912338256836,97.01422119140625,4.295905590057373,10.969545364379883,11.772015571594238,3.25
2022-03-04,35.114749908447266,96.03534698486328,4.337857246398926,10.843667030334473,11.772015571594238,3.319999933242798
2022-03-07,35.42413330078125,95.59523010253906,4.4972758293151855,11.131392478942871,11.72409725189209,3.3299999237060547
2022-03-08,34.12332534790039,91.44454193115234,4.203610897064209,10.573923110961914,10.829615592956543,3.049999952316284
2022-03-09,34.09519577026367,90.96647644042969,4.1364874839782715,10.484007835388184,10.398347854614258,2.940000057220459
2022-03-10,33.57487106323242,88.84467315673828,4.084452152252197,10.466025352478027,10.574049949645996,2.9100000858306885
2022-03-11,33.532684326171875,89.7201919555664,4.204835891723633,10.466025352478027,10.462239265441895,2.75
2022-03-14,33.3006477355957,89.25432586669922,4.17903995513916,9.6567964553833,9.791378021240234,2.440000057220459
2022-03-15,31.901405334472656,85.7442398071289,3.9898650646209717,8.586816787719727,8.785086631774902,2.1700000762939453
2022-03-16,31.76780891418457,85.87275695800781,4.101649761199951,9.261173248291016,9.248300552368164,2.5199999809265137
2022-03-17,32.11937713623047,87.22216033935547,4.084452152252197,10.016454696655273,10.174726486206055,2.7300000190734863
2022-03-18,32.52016830444336,88.6278076171875,4.144644737243652,10.070402145385742,10.494185447692871,2.880000114440918
2022-03-21,32.66079330444336,88.7081298828125,4.196237087249756,10.052419662475586,10.238618850708008,2.7899999618530273
2022-03-22,34.32722854614258,91.35877990722656,4.325221061706543,10.519973754882812,10.605995178222656,2.9100000858306885
2022-03-23,34.06003952026367,91.31058502197266,4.325221061706543,10.627870559692383,10.526130676269531,2.950000047683716
2022-03-24,34.664737701416016,93.18209075927734,4.3682146072387695,11.023494720458984,10.781695365905762,2.990000009536743
2022-03-25,34.995216369628906,93.87286376953125,4.385412216186523,10.987528800964355,10.733778953552246,3.2799999713897705
2022-03-28,35.803829193115234,95.15803527832031,4.471400737762451,11.023494720458984,10.717805862426758,3.2100000381469727
2022-03-29,35.59288024902344,93.8487777709961,4.437005519866943,11.149373054504395,10.781695365905762,3.140000104904175
2022-03-30,35.56475830078125,93.90499877929688,4.282225608825684,10.879631996154785,10.70183277130127,3.1700000762939453
2022-03-31,36.387428283691406,95.6720962524414,4.31662130355835,10.843667030334473,10.494185447692871,3.1600000858306885
2022-04-01,36.837440490722656,96.66004943847656,4.565988063812256,11.221304893493652,10.54210376739502,3.180000066757202
2022-04-04,36.88665771484375,96.9170913696289,4.522993564605713,11.50903034210205,10.893507957458496,3.369999885559082
2022-04-05,36.52805709838867,96.57974243164062,4.402609825134277,,,
2022-04-06,36.14836502075195,95.46324920654297,4.31662130355835,11.29323673248291,10.717805862426758,3.509999990463257
2022-04-07,35.90929412841797,95.3749008178711,4.273626804351807,11.239288330078125,10.558075904846191,3.8299999237060547
2022-04-08,36.521026611328125,95.56766510009766,4.31662130355835,11.688858032226562,10.845587730407715,3.819999933242798
2022-04-11,36.33820343017578,94.37889862060547,4.351016521453857,11.401135444641113,10.430294036865234,3.6600000858306885
2022-04-12,36.366336822509766,94.85279083251953,4.3424177169799805,11.401135444641113,10.334454536437988,3.549999952316284
2022-04-13,36.40852355957031,96.78856658935547,4.402609825134277,12.318260192871094,11.037261962890625,3.75
2022-04-14,36.91478729248047,96.82071685791016,4.44560432434082,12.48010540008545,11.276856422424316,3.9800000190734863
2022-04-19,37.385894775390625,97.72032165527344,4.505795955657959,12.192381858825684,11.40463924407959,3.890000104904175
2022-04-20,36.77415466308594,95.02149200439453,4.44560432434082,11.221304893493652,10.70183277130127,3.5
2022-04-21,35.64912796020508,93.4632339477539,4.3768134117126465,10.987528800964355,10.446266174316406,3.299999952316284
2022-04-22,34.09519577026367,91.24633026123047,4.161841869354248,11.113408088684082,10.35042953491211,3.2799999713897705
2022-04-25,,,,10.214263916015625,9.727486610412598,3.0399999618530273
2022-04-26,32.105316162109375,87.35871887207031,3.835085868835449,9.746712684631348,9.280244827270508,3.0999999046325684
2022-04-27,32.35141372680664,87.51936340332031,3.9554691314697266,10.304180145263672,9.551783561706543,3.2300000190734863
2022-04-28,33.76472473144531,90.6037368774414,4.084452152252197,10.304180145263672,9.855269432067871,3.390000104904175
2022-04-29,33.7576904296875,90.62783813476562,4.101649761199951,10.519973754882812,9.999027252197266,3.390000104904175
2022-05-02,33.736602783203125,91.23827362060547,4.101649761199951,,,
2022-05-03,33.511592864990234,89.8406753540039,4.101649761199951,9.980488777160645,9.807352066040039,3.2899999618530273
2022-05-04,33.32878112792969,89.24629211425781,3.9898650646209717,9.962504386901855,9.6316499710083,3.180000066757202
2022-05-05,33.36393737792969,89.62381744384766,4.101649761199951,10.214263916015625,9.791378021240234,3.1600000858306885
2022-05-06,32.90689468383789,87.76033020019531,3.981266498565674,9.476968765258789,9.23232650756836,3.0
2022-05-09,32.49203872680664,85.7844009399414,3.981266498565674,,,
2022-05-10,31.655303955078125,82.70804595947266,3.843684673309326,8.892524719238281,9.072598457336426,2.9000000953674316
2022-05-11,32.105316162109375,84.85264587402344,3.792091131210327,8.982439994812012,9.08857250213623,3.0799999237060547
2022-05-12,31.606082916259766,83.07752227783203,3.7576956748962402,8.631773948669434,8.864951133728027,3.0
2022-05-13,32.23188018798828,84.81249237060547,3.792091131210327,8.685722351074219,8.992734909057617,3.069999933242798
2022-05-16,31.859214782714844,83.85665130615234,3.7834932804107666,8.77563762664795,9.184408187866211,3.069999933242798
2022-05-17,32.03499984741211,85.67996215820312,3.843684673309326,9.387053489685059,9.439974784851074,3.299999952316284
2022-05-18,33.05455017089844,87.43903350830078,4.0414581298828125,9.243189811706543,9.439974784851074,3.299999952316284
2022-05-19,32.506099700927734,85.7442398071289,3.9984636306762695,9.162785530090332,9.551783561706543,3.2300000190734863
2022-05-20,33.1740837097168,87.0293960571289,4.058655261993408,9.530769348144531,9.807352066040039,3.309999942779541
2022-05-23,33.631126403808594,87.9531021118164,4.015661239624023,9.475570678710938,9.919161796569824,3.3399999141693115
2022-05-24,33.61003494262695,88.73222351074219,4.024259567260742,9.254780769348145,9.791378021240234,3.2300000190734863
2022-05-25,33.97210693359375,89.92903900146484,4.024259567260742,9.32837963104248,9.759432792663574,3.2799999713897705
2022-05-26,33.65623474121094,88.98123931884766,3.9984636306762695,9.383574485778809,9.77540397644043,3.299999952316284
2022-05-27,34.48540115356445,91.07763671875,4.0500569343566895,9.475570678710938,9.74345874786377,3.2899999618530273
2022-05-30,35.4646110534668,91.4069595336914,4.196237087249756,9.549168586730957,9.807352066040039,3.2799999713897705
2022-05-31,35.227699279785156,91.9290542602539,4.2994232177734375,9.806756973266602,10.190701484680176,3.3399999141693115
2022-06-01,36.048973083496094,92.2985610961914,4.26502799987793,9.512369155883789,10.078889846801758,3.3299999237060547
2022-06-02,36.01738739013672,90.77241516113281,4.282225608825684,9.512369155883789,10.014998435974121,3.259999990463257
2022-06-03,36.92551803588867,93.19816589355469,4.3682146072387695,,,
2022-06-06,36.59385681152344,92.98931884765625,4.3338189125061035,10.119542121887207,10.302510261535645,3.440000057220459
2022-06-07,36.5622673034668,93.61583709716797,4.3768134117126465,9.972350120544434,10.302510261535645,3.299999952316284
2022-06-08,37.407222747802734,95.51947784423828,4.44560432434082,10.119542121887207,10.366401672363281,3.369999885559082
2022-06-09,36.51488494873047,94.35479736328125,4.308022499084473,9.972350120544434,10.206672668457031,3.3499999046325684
2022-06-10,36.49909210205078,93.09373474121094,4.127447128295898,9.861953735351562,10.014998435974121,3.5399999618530273
2022-06-13,,,,9.733159065246582,9.791378021240234,3.319999933242798
2022-06-14,34.95131301879883,89.19810485839844,3.860882520675659,9.585965156555176,9.727486610412598,3.2100000381469727
2022-06-15,34.667030334472656,89.12580108642578,3.7233002185821533,9.64116382598877,9.77540397644043,3.130000114440918
2022-06-16,34.75389099121094,89.7201919555664,3.800689935684204,9.475570678710938,9.5198392868042,3.130000114440918
2022-06-17,33.577274322509766,85.95307922363281,3.577120065689087,9.530769348144531,9.439974784851074,3.1700000762939453
2022-06-20,31.792587280273438,81.5995864868164,3.491131544113159,9.116787910461426,9.360109329223633,3.0399999618530273
2022-06-21,32.337467193603516,83.45504760742188,3.577120065689087,9.217982292175293,9.439974784851074,3.130000114440918
2022-06-22,32.40065002441406,83.93698120117188,3.5169286727905273,8.914396286010742,9.360109329223633,3.049999952316284
2022-06-23,31.98211097717285,82.4349365234375,3.4825332164764404,8.785602569580078,9.013444900512695,3.069999933242798
2022-06-24,31.603069305419922,81.44698333740234,3.4309401512145996,8.57401180267334,8.862101554870605,2.8399999141693115
2022-06-27,32.53489303588867,83.38274383544922,3.4739341735839844,8.923596382141113,9.282504081726074,3.009999990463257
2022-06-28,33.94052505493164,85.88078308105469,3.602916955947876,9.089188575744629,9.484296798706055,3.109999895095825
2022-06-29,33.76678466796875,85.32655334472656,3.4997308254241943,8.69360637664795,9.215238571166992,2.950000047683716
2022-06-30,32.574371337890625,82.49117279052734,3.3879456520080566,8.840799331665039,9.030261993408203,2.9200000762939453
2022-07-01,31.626758575439453,80.59557342529297,3.327753782272339,,,
2022-07-04,31.50830841064453,80.9168472290039,3.344951629638672,8.52801513671875,8.929366111755371,2.9000000953674316
2022-07-05,31.587276458740234,80.94898223876953,3.310556173324585,8.57401180267334,8.979813575744629,2.859999895095825
2022-07-06,29.818382263183594,74.9970932006836,3.0353927612304688,8.307223320007324,8.660305976867676,2.7100000381469727
2022-07-07,30.750207901000977,78.057373046875,3.1815736293792725,8.29802417755127,8.626675605773926,2.7200000286102295
2022-07-08,30.97132110595703,78.2581787109375,3.2073700428009033,8.482016563415527,8.660305976867676,2.809999942779541
2022-07-11,30.007904052734375,76.59551239013672,3.1213815212249756,8.224427223205566,8.458514213562012,2.7200000286102295
2022-07-12,29.581480026245117,76.63567352294922,3.052590847015381,8.095632553100586,8.130598068237305,2.6700000762939453
2022-07-13,29.15505027770996,75.58344268798828,3.009596347808838,8.068035125732422,8.189454078674316,2.569999933242798
2022-07-14,29.53409767150879,77.11759948730469,3.043991804122925,7.847245216369629,8.071742057800293,2.559999942779541
2022-07-15,28.50751304626465,74.91675567626953,2.932206869125366,7.534459114074707,7.752236366271973,2.4100000858306885
2022-07-18,29.19454002380371,76.52320861816406,2.992398738861084,7.9944376945495605,8.206271171569824,2.549999952316284
2022-07-19,28.910245895385742,76.87663269042969,2.9236080646514893,7.902442455291748,8.147414207458496,2.5799999237060547
2022-07-20,29.305091857910156,78.55537414550781,3.018195629119873,8.160030364990234,8.147414207458496,2.5799999237060547
2022-07-21,29.052392959594727,76.9730224609375,3.0697884559631348,7.9944376945495605,8.08014965057373,2.609999895095825
2022-07-22,29.020803451538086,77.31841278076172,3.0353927612304688,8.114032745361328,8.046517372131348,2.5299999713897705
2022-07-25,29.494611740112305,78.0252456665039,3.061189651489258,8.150832176208496,8.029702186584473,2.5199999809265137
2022-07-26,30.22112464904785,79.48712158203125,3.1557767391204834,8.408418655395508,8.181046485900879,2.6500000953674316
2022-07-27,29.628864288330078,77.896728515625,3.1643760204315186,8.261225700378418,8.021293640136719,2.390000104904175
2022-07-28,30.26060676574707,78.47505187988281,3.250364303588867,8.52801513671875,8.189454078674316,2.390000104904175
2022-07-29,30.544893264770508,78.5794677734375,3.276160955429077,8.454416275024414,8.08014965057373,2.319999933242798
2022-08-01,30.876554489135742,79.4549789428711,3.319154977798462,8.362421989440918,8.08014965057373,2.309999942779541
2022-08-02,30.465923309326172,78.15375518798828,3.2159693241119385,8.068035125732422,7.836316108703613,2.2200000286102295
2022-08-03,30.489614486694336,77.75215148925781,3.2417654991149902,8.095632553100586,7.752236366271973,2.2300000190734863
2022-08-04,30.142152786254883,76.54730987548828,3.2159693241119385,8.132431983947754,7.777459621429443,2.240000009536743
2022-08-05,30.64755630493164,78.5071792602539,3.293358087539673,8.371621131896973,8.122191429138184,2.2799999713897705
2022-08-08,30.892353057861328,79.9770736694336,3.3707480430603027,8.316422462463379,8.206271171569824,2.2799999713897705
2022-08-09,30.65544891357422,79.8324966430664,3.3535501956939697,8.408418655395508,8.223087310791016,2.319999933242798
2022-08-10,30.24481201171875,79.66382598876953,3.336352825164795,8.362421989440918,8.172638893127441,2.2699999809265137
2022-08-11,30.916040420532227,79.6111831665039,3.4739341735839844,8.59241008758545,8.382841110229492,2.4100000858306885
2022-08-12,30.66334342956543,79.71980285644531,3.4825332164764404,8.739603996276855,8.59304141998291,2.4200000762939453
2022-08-15,30.73441505432129,79.60282135009766,3.508329391479492,8.463615417480469,8.408064842224121,2.390000104904175
2022-08-16,31.99001121520996,80.15428924560547,3.508329391479492,8.54641342163086,8.35761547088623,2.369999885559082
2022-08-17,32.25850296020508,80.83108520507812,3.551323890686035,8.47281551361084,8.298760414123535,2.25
2022-08-18,32.49540710449219,81.13187408447266,3.542725086212158,8.307223320007324,8.239904403686523,2.240000009536743
2022-08-19,32.811275482177734,82.32672119140625,3.602916955947876,8.316422462463379,8.181046485900879,2.2100000381469727
2022-08-22,32.65333938598633,82.04264068603516,3.59431791305542,8.518814086914062,8.332392692565918,2.25
2022-08-23,32.740203857421875,81.59978485107422,3.542725086212158,8.463615417480469,8.307167053222656,2.2200000286102295
2022-08-24,33.095558166503906,81.13187408447266,3.637312650680542,8.17842960357666,8.206271171569824,2.1500000953674316
2022-08-25,33.31667709350586,81.26557159423828,3.6717076301574707,8.54641342163086,8.458514213562012,2.240000009536743
2022-08-26,33.80628204345703,82.43534088134766,3.637312650680542,8.666007995605469,8.59304141998291,2.2699999809265137
2022-08-29,33.31667709350586,80.45508575439453,3.5169286727905273,8.42681884765625,8.441696166992188,2.180000066757202
2022-08-30,32.969215393066406,79.81170654296875,3.568521022796631,8.29802417755127,8.332392692565918,2.1600000858306885
2022-08-31,32.061073303222656,78.9594497680664,3.568521022796631,8.224427223205566,8.147414207458496,2.1600000858306885
2022-09-01,31.60759925842285,77.3050537109375,3.491131544113159,7.939241409301758,8.038110733032227,2.0899999141693115
2022-09-02,30.958765029907227,75.35823059082031,3.4395387172698975,7.718450546264648,7.928805828094482,2.0199999809265137
2022-09-05,31.94466209411621,76.67839813232422,3.568521022796631,7.755249500274658,7.93721342086792,2.069999933242798
2022-09-06,31.405364990234375,75.86792755126953,3.559922456741333,8.05883502960205,8.105374336242676,2.119999885559082
2022-09-07,30.56271743774414,74.70650482177734,3.4825332164764404,8.003637313842773,8.164231300354004,2.130000114440918
2022-09-08,31.11043930053711,76.75360870361328,3.5341265201568604,8.160030364990234,8.181046485900879,2.0799999237060547
2022-09-09,32.096336364746094,78.84248352050781,3.654510259628296,8.52801513671875,8.441696166992188,2.200000047683716
2022-09-12,33.208621978759766,80.24620056152344,3.654510259628296,,,
2022-09-13,33.115936279296875,80.83944702148438,3.7061028480529785,8.55561351776123,8.525777816772461,2.2100000381469727
2022-09-14,32.52608108520508,79.23518371582031,3.714702606201172,8.334823608398438,8.382841110229492,2.1600000858306885
2022-09-15,32.6440544128418,79.07642364501953,3.6519880294799805,8.32562255859375,8.315576553344727,2.0199999809265137
2022-09-16,32.054203033447266,77.24657440185547,3.542428493499756,8.068035125732422,8.071742057800293,1.9800000190734863
2022-09-19,31.860397338867188,77.19644165039062,3.5698184967041016,7.902442455291748,8.004477500915527,1.9700000286102295
2022-09-20,33.01482009887695,79.14327239990234,3.670248031616211,8.003637313842773,8.029702186584473,2.009999990463257
2022-09-21,31.986791610717773,76.22720336914062,3.5606882572174072,7.930039882659912,8.071742057800293,1.9900000095367432
2022-09-22,,,,7.874844551086426,8.172638893127441,1.9600000381469727
2022-09-23,32.16374588012695,77.70613098144531,3.5241684913635254,7.709251880645752,8.046517372131348,1.8899999856948853
2022-09-26,30.503740310668945,73.34456634521484,3.2776591777801514,7.019282341003418,7.794275760650635,1.7699999809265137
2022-09-27,31.346384048461914,75.52534484863281,3.378089427947998,7.0560808181762695,7.752236366271973,1.850000023841858
2022-09-28,31.388511657714844,75.19947814941406,3.341569185256958,6.6237006187438965,7.558849334716797,1.7799999713897705
2022-09-29,32.16374588012695,75.9598388671875,3.341569185256958,6.890487194061279,7.483177661895752,1.8200000524520874
2022-09-30,32.45866775512695,78.0320053100586,3.3141791820526123,7.03768253326416,7.634522914886475,1.8799999952316284
2022-10-03,32.52608108520508,77.7896728515625,3.2502694129943848,7.111278057098389,7.600890159606934,1.8899999856948853
2022-10-04,33.764766693115234,80.18770599365234,3.423738718032837,,,
2022-10-05,34.127105712890625,81.758544921875,3.551558494567871,7.654052257537842,7.861541271209717,1.9500000476837158
2022-10-06,34.346195220947266,81.9256591796875,3.5606882572174072,7.681652545928955,8.012885093688965,1.9900000095367432
2022-10-07,33.756343841552734,80.77259826660156,3.505908250808716,7.470061302185059,7.718603610992432,1.9600000381469727
2022-10-10,33.764766693115234,81.45774841308594,3.4511289596557617,7.166476249694824,7.6597466468811035,1.9199999570846558
2022-10-11,33.63837432861328,80.96477508544922,3.350698947906494,7.028481960296631,7.525218486785889,1.940000057220459
2022-10-12,33.318172454833984,79.44407653808594,3.378089427947998,7.166476249694824,7.634522914886475,2.0399999618530273
2022-10-13,33.056949615478516,79.91197967529297,3.423738718032837,7.010082721710205,7.575666427612305,2.009999990463257
2022-10-14,33.72264099121094,80.72246551513672,3.505908250808716,7.120478630065918,7.617707252502441,2.0
2022-10-17,32.93898010253906,78.65865325927734,3.4328689575195312,7.2124738693237305,7.525218486785889,1.899999976158142
2022-10-18,33.394012451171875,78.76727294921875,3.51503849029541,7.1296772956848145,7.617707252502441,1.840000033378601
2022-10-19,33.07380676269531,78.55004119873047,3.4419989585876465,7.000883102416992,7.542034149169922,1.7000000476837158
2022-10-20,32.3154182434082,77.08782958984375,3.350698947906494,7.0560808181762695,7.474769592285156,1.6799999475479126
2022-10-21,32.07948303222656,76.45279693603516,3.3963491916656494,7.111278057098389,7.600890159606934,1.659999966621399
2022-10-24,32.91370391845703,77.36355590820312,3.3324391841888428,6.936485767364502,7.4915852546691895,1.5700000524520874
2022-10-25,32.44181823730469,76.30240631103516,3.2867889404296875,7.028481960296631,7.407505035400391,1.6299999952316284
2022-10-26,32.47552490234375,76.75360870361328,3.3233091831207275,6.982484340667725,7.457953453063965,1.6299999952316284
2022-10-27,33.25075912475586,77.37190246582031,3.423738718032837,7.414865016937256,7.743827819824219,1.6799999475479126
2022-10-28,31.58232307434082,73.98793029785156,3.2867889404296875,7.1940741539001465,7.474769592285156,1.6200000047683716
2022-10-31,31.481203079223633,73.69548797607422,3.2867889404296875,6.899688243865967,7.2141194343566895,1.5499999523162842
2022-11-01,32.37440490722656,75.60889434814453,3.3963491916656494,7.221673011779785,7.373872756958008,1.6799999475479126
2022-11-02,33.06538009643555,77.39696502685547,3.469388484954834,7.414865016937256,7.76064395904541,1.7300000190734863
2022-11-03,32.00364303588867,75.6673812866211,3.3598291873931885,7.221673011779785,7.558849334716797,1.590000033378601
2022-11-04,32.49238204956055,77.53902435302734,3.4785189628601074,7.442463397979736,7.802682876586914,1.6799999475479126
2022-11-07,34.11025619506836,80.44673156738281,3.6063387393951416,8.20602798461914,8.27353572845459,1.9500000476837158
2022-11-08,34.00071334838867,80.50521850585938,3.5606882572174072,8.215228080749512,8.399656295776367,2.059999942779541
2022-11-09,34.700103759765625,82.4102783203125,3.5789482593536377,8.454416275024414,8.492145538330078,2.119999885559082
2022-11-10,34.17766571044922,82.1345443725586,3.5332984924316406,8.353221893310547,8.340801239013672,2.0
2022-11-11,35.46691131591797,85.75247192382812,3.7341578006744385,9.273180961608887,8.946181297302246,2.0799999237060547
2022-11-14,37.08478546142578,88.56826782226562,3.9532766342163086,9.291579246520996,8.962996482849121,2.049999952316284
2022-11-15,37.02580642700195,88.91919708251953,3.907627820968628,9.512369155883789,9.030261993408203,2.0999999046325684
2022-11-16,37.4555549621582,90.2978744506836,3.8528475761413574,9.457170486450195,9.030261993408203,2.0299999713897705
2022-11-17,36.9078369140625,88.69361114501953,3.6519880294799805,9.052390098571777,8.962996482849121,1.9500000476837158
2022-11-18,37.02580642700195,88.88577270507812,3.5698184967041016,9.024792671203613,8.929366111755371,1.9700000286102295
2022-11-21,36.191593170166016,86.83868408203125,3.51503849029541,8.69360637664795,8.778018951416016,1.9500000476837158
2022-11-22,36.63819122314453,87.73271179199219,3.588078498840332,8.748805046081543,8.794836044311523,1.909999966621399
2022-11-23,37.00895309448242,88.15049743652344,3.661118268966675,8.868398666381836,8.845285415649414,1.940000057220459
2022-11-24,37.53982162475586,88.96099090576172,3.6519880294799805,9.061590194702148,8.996628761291504,1.9900000095367432
2022-11-25,37.24488830566406,88.27583312988281,3.670248031616211,9.153585433959961,9.131157875061035,1.9700000286102295
2022-11-28,36.983673095703125,87.02251434326172,3.6063387393951416,8.960393905639648,8.946181297302246,2.0399999618530273
2022-11-29,37.767333984375,90.09732818603516,3.715898036956787,9.199583053588867,9.282504081726074,2.0299999713897705
2022-11-30,38.3571891784668,91.59297180175781,3.670248031616211,9.32837963104248,9.501113891601562,2.0199999809265137
2022-12-01,39.16612243652344,94.60929870605469,3.916757106781006,9.751558303833008,9.585193634033203,2.0899999141693115
2022-12-02,38.55941390991211,93.53144836425781,3.8254575729370117,9.733159065246582,9.501113891601562,1.9500000476837158
2022-12-05,39.44419860839844,97.03238677978516,3.962407350540161,10.101142883300781,9.753355979919434,2.1500000953674316
2022-12-06,39.23353576660156,96.97390747070312,3.9258875846862793,10.064343452453613,9.871068954467773,2.2699999809265137
2022-12-07,39.26723861694336,96.5060043334961,3.9532766342163086,9.604365348815918,9.450664520263672,2.059999942779541
2022-12-08,38.95546340942383,95.67045593261719,3.752418041229248,9.825155258178711,9.702906608581543,2.140000104904175
2022-12-09,40.008766174316406,97.89302062988281,3.8254575729370117,10.358731269836426,10.072860717773438,2.319999933242798
2022-12-12,39.427345275878906,97.2162094116211,3.7432875633239746,9.84355354309082,9.786988258361816,2.180000066757202
2022-12-13,38.829071044921875,95.33622741699219,3.7067677974700928,9.861953735351562,9.786988258361816,2.130000114440918
2022-12-14,39.02287673950195,95.81248474121094,3.8437178134918213,9.990748405456543,9.854251861572266,2.1500000953674316
2022-12-15,38.71109390258789,94.95187377929688,3.8254575729370117,9.880352020263672,9.938333511352539,2.1500000953674316
2022-12-16,38.483577728271484,95.71223449707031,3.7432875633239746,9.84355354309082,9.98878002166748,2.2100000381469727
2022-12-19,38.75322723388672,95.77906799316406,3.7706775665283203,9.751558303833008,9.71972370147705,2.049999952316284
2022-12-20,38.138092041015625,94.60094451904297,3.6793782711029053,9.530769348144531,9.467480659484863,2.0399999618530273
2022-12-21,39.03972625732422,96.18013763427734,3.7432875633239746,9.84355354309082,9.63564395904541,2.0399999618530273
2022-12-22,38.972312927246094,95.9294662475586,3.7432875633239746,9.78835678100586,9.534745216369629,2.0799999237060547
2022-12-23,38.89647674560547,96.44751739501953,3.715898036956787,9.622763633728027,9.450664520263672,2.0399999618530273
2022-12-28,39.20825958251953,98.42776489257812,3.752418041229248,9.880352020263672,9.837435722351074,2.119999885559082
2022-12-29,38.58470153808594,97.82616424560547,3.6428582668304443,9.659562110900879,9.66927433013916,2.0299999713897705
2022-12-30,38.44987869262695,97.26634979248047,3.6519880294799805,9.733159065246582,9.686090469360352,2.0
2023-01-03,38.197086334228516,96.44751739501953,3.597208261489868,10.34033203125,9.921516418457031,2.0799999237060547
2023-01-04,38.79536437988281,98.04340362548828,3.715898036956787,10.248336791992188,9.786988258361816,2.109999895095825
2023-01-05,38.80378723144531,97.59221649169922,3.715898036956787,10.432329177856445,9.786988258361816,2.180000066757202
2023-01-06,40.0340461730957,99.95681762695312,3.880237579345703,10.432329177856445,9.837435722351074,2.140000104904175
2023-01-09,40.44694137573242,99.2466049194336,4.0263166427612305,11.499479293823242,10.594161987304688,2.240000009536743
2023-01-10,40.27841567993164,98.78704833984375,4.062836647033691,11.425884246826172,10.62779426574707,2.2200000286102295
2023-01-11,40.87668991088867,99.78134155273438,4.108486175537109,11.462681770324707,10.69505786895752,2.319999933242798
2023-01-12,41.60979080200195,101.23521423339844,4.154137134552002,11.462681770324707,10.880035400390625,2.5999999046325684
2023-01-13,41.828880310058594,102.17938995361328,4.1997857093811035,11.481080055236816,10.997748374938965,2.5799999237060547
2023-01-16,41.87100601196289,102.07910919189453,4.291085720062256,11.481080055236816,10.863219261169434,2.559999942779541
2023-01-17,41.40755844116211,100.82579040527344,4.163266181945801,11.149895668029785,10.779138565063477,2.5
2023-01-18,41.356998443603516,101.92871856689453,4.117616653442383,11.297088623046875,11.031380653381348,2.5899999141693115
2023-01-19,41.86258316040039,105.245849609375,4.163266181945801,11.573076248168945,11.149094581604004,2.5799999237060547
2023-01-20,42.0900993347168,106.28193664550781,4.172397136688232,11.977859497070312,11.535865783691406,2.6700000762939453
2023-01-23,41.626651763916016,105.5967788696289,4.227176666259766,,,
2023-01-24,41.88786697387695,106.48246765136719,4.409775733947754,,,
2023-01-25,41.49182891845703,105.69705200195312,4.3458662033081055,,,
2023-01-26,,,,12.290642738342285,11.720841407775879,2.7100000381469727
2023-01-27,41.7446174621582,106.08975219726562,4.300216197967529,12.364239692687988,11.720841407775879,2.6700000762939453
2023-01-30,41.4833984375,104.87820434570312,4.26369571685791,11.738668441772461,11.418150901794434,2.4700000286102295
2023-01-31,41.60979080200195,105.81401824951172,4.14500617980957,11.867462158203125,11.317255973815918,2.5299999713897705
2023-02-01,41.7530403137207,107.30965423583984,4.227176666259766,12.327441215515137,11.569497108459473,2.680000066757202
2023-02-02,41.16319274902344,104.80300903320312,4.309345722198486,12.014656066894531,11.50223159790039,2.569999933242798
2023-02-03,40.37110137939453,102.72249603271484,4.272825241088867,11.885862350463867,11.06501293182373,2.450000047683716
2023-02-06,40.615474700927734,103.61653137207031,4.208916187286377,11.278690338134766,10.795955657958984,2.3299999237060547
2023-02-07,40.45536804199219,102.68907165527344,4.236306190490723,11.33388614654541,10.913667678833008,2.380000114440918
2023-02-08,40.53120422363281,103.76692962646484,4.327606201171875,11.168293952941895,10.880035400390625,2.359999895095825
2023-02-09,40.54806137084961,103.48283386230469,4.281955718994141,11.186694145202637,10.896851539611816,2.4100000858306885
2023-02-10,40.44694137573242,102.39662170410156,4.181525707244873,10.947503089904785,10.678241729736328,2.259999990463257
2023-02-13,40.337398529052734,102.20445251464844,4.181525707244873,11.039499282836914,10.846403121948242,2.2799999713897705
2023-02-14,40.21099853515625,101.51929473876953,4.236306190490723,11.444280624389648,11.115460395812988,2.319999933242798
2023-02-15,40.39638137817383,103.04835510253906,4.218046188354492,11.297088623046875,11.283622741699219,2.2699999809265137
2023-02-16,40.54806137084961,103.3407974243164,4.254566192626953,11.113096237182617,11.031380653381348,2.240000009536743
2023-02-17,40.44694137573242,103.8254165649414,4.135876655578613,11.186694145202637,11.199542045593262,2.240000009536743
2023-02-20,40.83456039428711,104.56905364990234,4.090227127075195,11.407483100891113,11.334070205688477,2.3499999046325684
2023-02-21,40.699729919433594,105.38789367675781,4.181525707244873,11.793866157531738,11.434968948364258,2.369999885559082
2023-02-22,40.73344421386719,104.86986541748047,4.190656661987305,11.683470726013184,11.350887298583984,2.3399999141693115
2023-02-23,39.343082427978516,103.10684967041016,4.117616653442383,11.683470726013184,11.266806602478027,2.309999942779541
2023-02-24,38.71109390258789,99.36357116699219,4.0263166427612305,11.223491668701172,11.031380653381348,2.190000057220459
2023-02-27,37.53982162475586,96.47257995605469,3.916757106781006,10.89230728149414,10.644609451293945,2.190000057220459
2023-02-28,38.08754348754883,97.53372955322266,3.962407350540161,10.89230728149414,10.392367362976074,2.2100000381469727
2023-03-01,38.94703674316406,99.95681762695312,4.08109712600708,11.53627872467041,11.031380653381348,2.3499999046325684
2023-03-02,40.48907470703125,103.97582244873047,4.291085720062256,11.720269203186035,11.233174324035645,2.3399999141693115
2023-03-03,40.71658706665039,105.63855743408203,4.3458662033081055,11.683470726013184,11.283622741699219,2.3299999237060547
2023-03-06,40.77557373046875,104.75286865234375,4.309345722198486,11.665072441101074,11.30043888092041,2.380000114440918
2023-03-07,40.38795471191406,104.44371795654297,4.227176666259766,11.53627872467041,11.18272590637207,2.390000104904175
2023-03-08,40.13516616821289,104.34344482421875,4.135876655578613,11.297088623046875,10.9304838180542,2.2300000190734863
2023-03-09,40.41591262817383,104.01304626464844,4.15754508972168,10.96590518951416,10.66142749786377,2.140000104904175
2023-03-10,39.045291900634766,100.6240234375,4.018341064453125,10.818711280822754,10.3755521774292,2.059999942779541
2023-03-13,39.75662612915039,101.63643646240234,3.9812204837799072,11.591476440429688,10.560529708862305,2.1500000953674316
2023-03-14,39.06264114379883,100.82994079589844,3.8605775833129883,11.60987377166748,10.45963191986084,2.200000047683716
2023-03-15,39.52240753173828,102.5716552734375,3.897698163986206,11.425884246826172,10.526897430419922,2.190000057220459
2023-03-16,37.63998031616211,98.4361801147461,3.7120938301086426,10.947503089904785,10.089677810668945,2.0999999046325684
2023-03-17,37.63998031616211,98.49622344970703,3.851297378540039,11.076298713684082,10.22420597076416,2.1500000953674316
2023-03-20,37.2669563293457,97.80126190185547,3.730654239654541,11.517879486083984,10.341919898986816,2.140000104904175
2023-03-21,37.76142120361328,98.75362396240234,3.7863352298736572,11.444280624389648,10.526897430419922,2.180000066757202
2023-03-22,38.03034591674805,99.05391693115234,3.8605775833129883,11.389084815979004,10.560529708862305,2.2100000381469727
2023-03-23,37.74407196044922,97.96428680419922,3.777055263519287,12.014656066894531,10.728691101074219,2.240000009536743
2023-03-24,37.856842041015625,98.17877960205078,3.823456287384033,11.775465965270996,10.728691101074219,2.2100000381469727
2023-03-27,37.778770446777344,97.59535217285156,3.823456287384033,11.591476440429688,10.711874008178711,2.200000047683716
2023-03-28,38.51612854003906,98.18734741210938,3.8884189128875732,11.849063873291016,11.081830024719238,2.3399999141693115
2023-03-29,39.03662109375,98.822265625,3.925539016723633,11.830663681030273,11.098645210266113,2.299999952316284
2023-03-30,39.97350311279297,100.59828186035156,4.009061813354492,11.977859497070312,11.317255973815918,2.309999942779541
2023-03-31,40.97109603881836,103.07785034179688,4.05546236038208,12.069854736328125,11.18272590637207,2.299999952316284
2023-04-03,40.74555587768555,101.92815399169922,4.027621269226074,11.720269203186035,11.18272590637207,2.259999990463257
2023-04-04,39.85205078125,101.0186996459961,4.046182155609131,11.81226634979248,11.165909767150879,2.2799999713897705
2023-04-05,39.244815826416016,100.06633758544922,3.962660074234009,,,
2023-04-06,39.079994201660156,99.7917709350586,3.8884189128875732,12.437836647033691,11.434968948364258,2.299999952316284
2023-04-11,39.88674545288086,101.705078125,3.962660074234009,12.934614181518555,11.552680969238281,2.390000104904175
2023-04-12,40.632781982421875,104.45919799804688,4.064742565155029,12.971413612365723,11.855371475219727,2.4200000762939453
2023-04-13,40.251094818115234,103.69559478759766,4.027621269226074,13.008211135864258,11.804922103881836,2.4800000190734863
2023-04-14,40.294464111328125,103.76424407958984,4.120423793792725,13.37619400024414,12.191694259643555,3.140000104904175
2023-04-17,40.43326187133789,104.03020477294922,4.1389851570129395,13.229001998901367,12.359854698181152,3.2799999713897705
2023-04-18,40.40724182128906,104.53641510009766,4.111143112182617,13.210600852966309,12.359854698181152,3.2899999618530273
2023-04-19,41.00579833984375,105.6947021484375,4.176105499267578,13.137004852294922,12.410304069519043,3.359999895095825
2023-04-20,39.956146240234375,103.2408676147461,4.1389851570129395,12.87941837310791,12.32622241973877,3.200000047683716
2023-04-21,39.05397033691406,100.38379669189453,4.129704475402832,12.419439315795898,12.124429702758789,3.1500000953674316
2023-04-24,38.316612243652344,97.10629272460938,3.823456287384033,12.10665225982666,12.02353286743164,3.069999933242798
2023-04-25,,,,11.996255874633789,11.720841407775879,2.930000066757202
2023-04-26,38.16913604736328,96.04241180419922,3.8605775833129883,11.941059112548828,11.636760711669922,2.9700000286102295
2023-04-27,38.455406188964844,96.23974609375,3.8420169353485107,12.125051498413086,11.535865783691406,2.8399999141693115
2023-04-28,38.51612854003906,96.30838012695312,3.934819459915161,12.161849021911621,11.704026222229004,2.859999895095825
2023-05-01,38.325286865234375,96.31696319580078,3.9069788455963135,,,
2023-05-02,37.848175048828125,95.35602569580078,3.8605775833129883,12.290642738342285,11.821739196777344,2.880000114440918
2023-05-03,37.53587341308594,93.32259368896484,3.7863352298736572,12.52983283996582,11.704026222229004,2.819999933242798
2023-05-04,38.14311599731445,94.49803161621094,3.823456287384033,12.585030555725098,11.97308349609375,2.880000114440918
2023-05-05,38.2125129699707,93.83739471435547,3.8327367305755615,12.52983283996582,12.02353286743164,2.869999885559082
2023-05-08,38.79372787475586,96.05956268310547,3.897698163986206,12.364239692687988,12.225326538085938,2.9800000190734863
2023-05-09,38.57685470581055,95.61341857910156,3.8791379928588867,11.959457397460938,11.872187614440918,2.880000114440918
2023-05-10,38.55950164794922,95.16726684570312,3.851297378540039,11.720269203186035,11.737658500671387,2.930000066757202
2023-05-11,38.16913604736328,93.52851867675781,3.767775058746338,11.425884246826172,11.317255973815918,2.75
2023-05-12,37.71805191040039,92.62764739990234,3.730654239654541,10.450725555419922,10.594161987304688,2.569999933242798
2023-05-15,38.03901290893555,93.48562622070312,3.7492146492004395,10.653118133544922,10.678241729736328,2.680000066757202
2023-05-16,38.23854064941406,93.32259368896484,3.767775058746338,10.781912803649902,10.880035400390625,2.740000009536743
2023-05-17,37.92625045776367,93.03089141845703,3.7120938301086426,10.469125747680664,10.66142749786377,2.640000104904175
2023-05-18,38.37733840942383,94.36076354980469,3.767775058746338,10.48752498626709,10.74550724029541,2.680000066757202
2023-05-19,38.30793380737305,93.88028717041016,3.767775058746338,10.413928031921387,10.711874008178711,2.6600000858306885
2023-05-22,38.34263610839844,93.7258529663086,3.7399346828460693,10.358731269836426,10.678241729736328,2.5899999141693115
2023-05-23,37.995643615722656,93.8459701538086,3.721374034881592,10.174738883972168,10.425999641418457,2.5399999618530273
2023-05-24,37.145511627197266,91.8554458618164,3.7028136253356934,10.229935646057129,10.241023063659668,2.4800000190734863
2023-05-25,36.564300537109375,90.43121337890625,3.6007308959960938,9.953948020935059,10.072860717773438,2.4100000858306885
2023-05-26,37.08478546142578,92.46461486816406,3.64713191986084,,,
2023-05-29,37.613948822021484,93.6057357788086,3.6656925678253174,9.990748405456543,10.056045532226562,2.369999885559082
2023-05-30,37.72673034667969,93.77734375,3.7028136253356934,9.936971664428711,10.056045532226562,2.390000104904175
2023-05-31,36.4515266418457,91.8039779663086,3.6007308959960938,9.974540710449219,9.904699325561523,2.3499999046325684
2023-06-01,36.49490737915039,92.16432189941406,3.5821704864501953,10.181171417236328,10.005596160888672,2.390000104904175
2023-06-02,37.518531799316406,94.50662994384766,3.64713191986084,10.74470329284668,10.476448059082031,2.5
2023-06-05,38.16913604736328,95.74211120605469,3.693533182144165,10.613212585449219,10.291470527648926,2.4700000286102295
2023-06-06,37.822139739990234,95.51902770996094,3.610011339187622,10.707133293151855,10.341919898986816,2.450000047683716
2023-06-07,37.83949279785156,95.77642059326172,3.5543296337127686,10.74470329284668,10.358736038208008,2.4800000190734863
2023-06-08,38.28191375732422,97.80984497070312,3.6285719871520996,10.801055908203125,10.526897430419922,2.450000047683716
2023-06-09,38.79372787475586,98.30747985839844,3.610011339187622,10.913763046264648,10.560529708862305,2.430000066757202
2023-06-12,,,,10.87619400024414,10.51008129119873,2.4100000858306885
2023-06-13,38.42070770263672,96.84890747070312,3.6192917823791504,10.913763046264648,10.45963191986084,2.390000104904175
2023-06-14,39.817352294921875,99.65451049804688,3.6192917823791504,11.101606369018555,10.66142749786377,2.490000009536743
2023-06-15,40.120967864990234,101.02727508544922,3.6378519535064697,11.25188159942627,11.024423599243164,2.5199999809265137
2023-06-16,40.26844024658203,101.24176788330078,3.64713191986084,11.57121753692627,11.112338066101074,2.5999999046325684
2023-06-19,39.9908447265625,100.06633758544922,3.6285719871520996,11.364590644836426,10.9892578125,2.4200000762939453
2023-06-20,40.5286865234375,100.72698974609375,3.656412363052368,11.25188159942627,10.90134334564209,2.369999885559082
2023-06-21,40.09495162963867,99.34562683105469,3.572890043258667,11.176743507385254,10.795846939086914,2.369999885559082
2023-06-22,39.140716552734375,98.14447021484375,3.526488780975342,,,
2023-06-23,38.68962478637695,97.06340789794922,3.452247142791748,11.082823753356934,10.778264045715332,2.259999990463257
2023-06-26,38.55950164794922,96.7287826538086,3.442966938018799,10.988900184631348,10.831010818481445,2.25
2023-06-27,39.13203811645508,98.35894775390625,3.4615275859832764,11.176743507385254,10.866177558898926,2.319999933242798
2023-06-28,39.40095901489258,99.34562683105469,3.4986484050750732,11.101606369018555,10.795846939086914,2.299999952316284
2023-06-29,38.99325180053711,98.20452117919922,3.4708077907562256,10.83862590789795,10.514520645141602,2.2300000190734863
2023-06-30,39.0279426574707,98.40185546875,3.489368200302124,10.801055908203125,10.584853172302246,2.2699999809265137
2023-07-03,39.26216506958008,99.08824157714844,3.53576922416687,11.289453506469727,10.795846939086914,2.359999895095825
2023-07-04,39.21011734008789,97.93854522705078,3.53576922416687,11.25188159942627,10.795846939086914,2.390000104904175
2023-07-05,39.03662109375,97.93854522705078,3.572890043258667,11.270666122436523,10.81342887878418,2.490000009536743
2023-07-06,38.14311599731445,96.59151458740234,3.489368200302124,10.913763046264648,10.496938705444336,2.4700000286102295
2023-07-07,37.47515106201172,95.87939453125,3.405846118927002,10.763487815856934,10.409024238586426,2.4600000381469727
2023-07-10,37.05876159667969,94.78975677490234,3.3037631511688232,10.74470329284668,10.409024238586426,2.569999933242798
2023-07-11,37.587928771972656,96.01667022705078,3.4244062900543213,11.082823753356934,10.461772918701172,2.5899999141693115
2023-07-12,38.229862213134766,97.59535217285156,3.4615275859832764,11.25188159942627,10.479355812072754,2.7100000381469727
2023-07-13,38.802398681640625,100.55538177490234,3.5821704864501953,11.852985382080078,10.90134334564209,2.9000000953674316
2023-07-14,39.487709045410156,102.11689758300781,3.6656925678253174,12.02204418182373,11.147502899169922,2.9000000953674316
2023-07-17,39.26216506958008,101.11306762695312,3.656412363052368,,,
2023-07-18,38.88047409057617,100.28083038330078,3.6192917823791504,11.89055347442627,10.936508178710938,2.799999952316284
2023-07-19,38.75035095214844,99.53438568115234,3.5543296337127686,11.871769905090332,10.971674919128418,2.7799999713897705
2023-07-20,38.706974029541016,99.89473724365234,3.53576922416687,11.965691566467285,11.006840705871582,2.8299999237060547
2023-07-21,39.05397033691406,100.19503784179688,3.5450496673583984,11.965691566467285,10.971674919128418,2.7799999713897705
2023-07-24,38.464080810546875,98.88233184814453,3.452247142791748,11.721492767333984,10.549687385559082,2.7200000286102295
2023-07-25,39.74795150756836,102.25419616699219,3.572890043258667,12.341381072998047,11.21783447265625,2.859999895095825
2023-07-26,40.66748809814453,103.65270233154297,3.64713191986084,12.660715103149414,11.358495712280273,2.950000047683716
2023-07-27,40.06024932861328,101.07017517089844,3.610011339187622,12.510441780090332,11.340913772583008,2.9600000381469727
2023-07-28,39.7306022644043,100.0577621459961,3.572890043258667,12.172320365905762,11.463993072509766,3.0299999713897705
2023-07-31,39.91277313232422,100.44385528564453,3.6007308959960938,12.548008918762207,11.463993072509766,2.8499999046325684
2023-08-01,40.22507095336914,100.27225494384766,3.6192917823791504,12.510441780090332,11.674986839294434,2.990000009536743
2023-08-02,39.77397918701172,99.37136840820312,3.6378519535064697,12.191104888916016,11.551907539367676,2.940000057220459
2023-08-03,39.305538177490234,97.70687866210938,3.610011339187622,11.946907997131348,11.4464111328125,2.9000000953674316
2023-08-04,39.7306022644043,98.52197265625,3.656412363052368,12.115965843200684,11.58707332611084,2.9700000286102295
2023-08-07,39.53107833862305,97.75837707519531,3.6285719871520996,12.02204418182373,11.639822006225586,2.940000057220459
2023-08-08,39.314208984375,97.34654235839844,3.6007308959960938,12.13475227355957,11.569489479064941,2.9600000381469727
2023-08-09,39.470359802246094,96.82316589355469,3.610011339187622,12.153536796569824,11.58707332611084,2.930000066757202
2023-08-10,39.7132568359375,96.30402374267578,3.610011339187622,12.097183227539062,11.604655265808105,2.9100000858306885
2023-08-11,39.66987991333008,95.7331314086914,3.572890043258667,11.852985382080078,11.252999305725098,2.799999952316284
2023-08-14,38.81975173950195,93.55496978759766,3.53576922416687,11.683924674987793,11.252999305725098,2.799999952316284
2023-08-15,38.706974029541016,93.14219665527344,3.526488780975342,11.533649444580078,11.094754219055176,2.7100000381469727
2023-08-16,37.3970832824707,91.03430938720703,3.442966938018799,11.383374214172363,10.883760452270508,2.5999999046325684
2023-08-17,37.3970832824707,92.01797485351562,3.4151265621185303,11.439726829528809,10.72551441192627,2.559999942779541
2023-08-18,37.90021514892578,92.82601165771484,3.4244062900543213,11.214314460754395,10.567269325256348,2.509999990463257
2023-08-21,37.75274658203125,92.06189727783203,3.4151265621185303,11.045254707336426,10.338693618774414,2.4800000190734863
2023-08-22,37.483829498291016,92.50103759765625,3.4615275859832764,11.496081352233887,10.496938705444336,2.5399999618530273
2023-08-23,38.19516372680664,94.71430969238281,3.480087995529175,11.364590644836426,10.461772918701172,2.450000047683716
2023-08-24,37.97829055786133,95.58381652832031,3.3965659141540527,11.721492767333984,10.637600898742676,2.609999895095825
2023-08-25,37.319007873535156,94.76701354980469,3.2295217514038086,11.496081352233887,10.5321044921875,2.619999885559082
2023-08-28,37.778770446777344,95.45207977294922,3.1831204891204834,11.25188159942627,10.62001895904541,2.5999999046325684
2023-08-29,38.247215270996094,96.50601959228516,3.164560079574585,11.345804214477539,10.84859561920166,2.640000104904175
2023-08-30,38.802398681640625,98.56999969482422,3.164560079574585,11.608787536621094,10.936508178710938,2.6500000953674316
2023-08-31,38.906494140625,99.15843963623047,3.1552798748016357,11.59000301361084,10.760680198669434,2.609999895095825
2023-09-01,38.811073303222656,100.3265609741211,3.1552798748016357,,,
2023-09-04,39.84337615966797,102.86480712890625,3.2759227752685547,12.529226303100586,11.657404899597168,2.7799999713897705
2023-09-05,39.9908447265625,103.04045867919922,3.2295217514038086,12.191104888916016,11.569489479064941,2.7300000190734863
2023-09-06,39.9908447265625,101.86357116699219,3.1924009323120117,12.228675842285156,11.534324645996094,2.700000047683716
2023-09-07,38.97492218017578,99.33409881591797,3.081037759780884,11.946907997131348,11.288166046142578,2.690000057220459
2023-09-08,38.511253356933594,97.63900756835938,3.043916940689087,,,
2023-09-11,38.93033981323242,98.71930694580078,3.053197145462036,12.003260612487793,11.288166046142578,2.759999990463257
2023-09-12,39.402923583984375,100.2211685180664,3.0253565311431885,11.81541633605957,11.024423599243164,2.559999942779541
2023-09-13,39.05517578125,99.58880615234375,3.0253565311431885,11.759063720703125,10.971674919128418,2.5
2023-09-14,39.358341217041016,101.3980712890625,3.062887668609619,12.02204418182373,11.252999305725098,2.5
2023-09-15,40.73151779174805,104.43693542480469,3.1665546894073486,12.3601655960083,11.463993072509766,2.569999933242798
2023-09-18,40.8028450012207,104.78825378417969,3.1948277950286865,12.153536796569824,11.393661499023438,2.5399999618530273
2023-09-19,40.2143440246582,104.11196899414062,3.204252004623413,12.416518211364746,11.622238159179688,2.569999933242798
2023-09-20,39.804176330566406,102.7857666015625,3.138282060623169,12.378950119018555,11.481575965881348,2.5399999618530273
2023-09-21,39.32267379760742,101.79330444335938,3.1854031085968018,12.078398704528809,11.305747032165527,2.4800000190734863
2023-09-22,39.53667449951172,100.62517547607422,3.157130002975464,12.0408296585083,11.270581245422363,2.490000009536743
2023-09-25,39.36725616455078,99.40436553955078,3.138282060623169,11.83420181274414,11.112338066101074,2.4100000858306885
2023-09-26,38.609336853027344,97.40187072753906,3.11000919342041,11.627573013305664,10.918926239013672,2.390000104904175
2023-09-27,38.77875518798828,97.53362274169922,3.0723118782043457,11.383374214172363,10.743098258972168,2.380000114440918
2023-09-28,38.99275588989258,98.71930694580078,3.0817363262176514,11.101606369018555,10.707932472229004,2.359999895095825
2023-09-29,39.45642852783203,99.72933959960938,3.1948277950286865,11.25188159942627,10.795846939086914,2.4000000953674316
2023-10-02,39.76850891113281,100.86231231689453,3.2890703678131104,,,
2023-10-03,39.09083938598633,99.07061004638672,3.2136759757995605,10.83862590789795,10.268362998962402,2.2899999618530273
2023-10-04,38.98384475708008,99.79081726074219,3.1477060317993164,10.707133293151855,10.110116958618164,2.2300000190734863
2023-10-05,38.725257873535156,98.28895568847656,3.175978899002075,10.594427108764648,10.057368278503418,2.240000009536743
2023-10-06,39.20676040649414,99.41314697265625,3.175978899002075,10.688349723815918,10.039785385131836,2.25
2023-10-09,39.260257720947266,99.42192840576172,3.175978899002075,11.082823753356934,10.250779151916504,2.2699999809265137
2023-10-10,39.36725616455078,98.54364013671875,3.2325246334075928,11.195530891418457,10.373860359191895,2.2799999713897705
2023-10-11,39.884429931640625,99.94011688232422,3.2325246334075928,11.176743507385254,10.391440391540527,2.3299999237060547
2023-10-12,39.982513427734375,100.87109375,3.2702219486236572,11.289453506469727,10.584853172302246,2.309999942779541
2023-10-13,40.13409423828125,100.77449035644531,3.298494338989258,11.101606369018555,10.21561336517334,2.259999990463257
2023-10-16,40.285682678222656,101.63520812988281,3.298494338989258,11.045254707336426,10.127699851989746,2.2300000190734863
2023-10-17,40.633426666259766,102.85601806640625,3.2607975006103516,11.101606369018555,10.145282745361328,2.25
2023-10-18,40.909847259521484,103.1195068359375,3.298494338989258,11.082823753356934,10.039785385131836,2.240000009536743
2023-10-19,40.330265045166016,101.4156265258789,3.1948277950286865,10.988900184631348,9.758460998535156,2.190000057220459
2023-10-20,39.61692428588867,100.6690902709961,3.175978899002075,10.913763046264648,9.758460998535156,2.190000057220459
2023-10-23,38.662841796875,98.23624420166016,3.0817363262176514,,,
2023-10-24,38.867923736572266,99.77323913574219,3.0346145629882812,10.857410430908203,9.582632064819336,2.2300000190734863
2023-10-25,39.875511169433594,102.1182632446289,3.062887668609619,11.101606369018555,9.512301445007324,2.3299999237060547
2023-10-26,40.06276321411133,103.34786224365234,3.0534634590148926,10.988900184631348,9.56505012512207,2.299999952316284
2023-10-27,40.17868423461914,103.40055847167969,3.138282060623169,11.101606369018555,9.600214958190918,2.369999885559082
2023-10-30,40.2232666015625,103.90119171142578,3.138282060623169,11.51486587524414,9.84637451171875,2.369999885559082
2023-10-31,39.67934799194336,103.26882934570312,3.128857374191284,11.420943260192871,9.740877151489258,2.309999942779541
2023-11-01,40.29459762573242,105.78072357177734,3.128857374191284,11.214314460754395,9.740877151489258,2.2699999809265137
2023-11-02,40.464012145996094,106.94005584716797,3.128857374191284,11.270666122436523,9.600214958190918,2.319999933242798
2023-11-03,40.571014404296875,107.67780303955078,3.128857374191284,11.25188159942627,9.688129425048828,2.319999933242798
2023-11-06,40.51751708984375,106.71170043945312,3.0817363262176514,11.157960891723633,9.89912223815918,2.3499999046325684
2023-11-07,40.62451934814453,106.98396301269531,3.062887668609619,11.214314460754395,9.811208724975586,2.2699999809265137
2023-11-08,39.85768127441406,104.84095001220703,2.93094801902771,10.95133113861084,9.24855899810791,2.200000047683716
2023-11-09,40.080596923828125,105.49966430664062,3.0157663822174072,11.026469230651855,9.406805038452148,2.190000057220459
2023-11-10,40.365928649902344,105.76314544677734,2.9686453342437744,10.801055908203125,9.389222145080566,2.130000114440918
2023-11-13,40.48184585571289,105.5084457397461,2.88382625579834,10.95133113861084,9.47713565826416,2.1600000858306885
2023-11-14,41.03468322753906,107.58120727539062,2.9874935150146484,10.819840431213379,9.371638298034668,2.1600000858306885
2023-11-15,41.76585006713867,107.58120727539062,2.9874935150146484,11.383374214172363,9.79362678527832,2.259999990463257
2023-11-16,41.51618576049805,109.93500518798828,2.9874935150146484,11.25188159942627,9.79362678527832,2.2699999809265137
2023-11-17,41.560768127441406,110.33023834228516,2.9874935150146484,11.064038276672363,9.52988338470459,2.2300000190734863
2023-11-20,41.67668914794922,109.78569793701172,3.0063419342041016,11.157960891723633,9.740877151489258,2.2799999713897705
2023-11-21,42.26519012451172,111.86722564697266,3.0534634590148926,11.364590644836426,9.758460998535156,2.359999895095825
2023-11-22,42.65752410888672,112.20977020263672,3.0534634590148926,11.439726829528809,9.79362678527832,2.3299999237060547
2023-11-23,42.042274475097656,111.1031265258789,2.9592206478118896,11.308236122131348,9.776041984558105,2.3299999237060547
2023-11-24,42.095767974853516,111.36662292480469,2.9592206478118896,11.120391845703125,9.740877151489258,2.319999933242798
2023-11-27,41.48052215576172,109.95258331298828,2.9120993614196777,11.101606369018555,9.705713272094727,2.2799999713897705
2023-11-28,41.4002685546875,109.6802978515625,2.9215235710144043,11.082823753356934,9.652962684631348,2.2799999713897705
2023-11-29,41.18627166748047,109.41681671142578,2.88382625579834,11.477296829223633,9.705713272094727,2.2699999809265137
2023-11-30,41.28435134887695,109.82083129882812,2.902675151824951,11.627573013305664,9.740877151489258,2.240000009536743
2023-12-01,41.32001876831055,109.70665740966797,2.9120993614196777,11.402158737182617,9.635380744934082,2.25
2023-12-04,42.033355712890625,111.47200775146484,2.9403724670410156,11.83420181274414,9.84637451171875,2.2699999809265137
2023-12-05,41.48052215576172,110.31267547607422,2.88382625579834,11.439726829528809,9.56505012512207,2.2200000286102295
2023-12-06,42.11360549926758,111.05921173095703,2.9403724670410156,11.439726829528809,9.688129425048828,2.2100000381469727
2023-12-07,42.283023834228516,112.20977020263672,2.949796438217163,11.270666122436523,9.547466278076172,2.2100000381469727
2023-12-08,42.568355560302734,113.20223236083984,2.949796438217163,10.932547569274902,9.24855899810791,2.140000104904175
2023-12-11,42.39002227783203,113.21101379394531,2.9120993614196777,10.95133113861084,9.055148124694824,2.140000104904175
2023-12-12,42.40785598754883,112.88604736328125,2.8744022846221924,10.965429306030273,9.055148124694824,2.130000114440918
2023-12-13,42.68427658081055,113.73799133300781,2.8649775981903076,10.79556941986084,8.844155311584473,2.0899999141693115
2023-12-14,43.023109436035156,114.21224975585938,2.978069305419922,10.701203346252441,8.914485931396484,2.119999885559082
2023-12-15,44.05744552612305,116.68901062011719,3.0534634590148926,11.229655265808105,9.301307678222656,2.180000066757202
2023-12-18,43.99502944946289,117.04033660888672,3.062887668609619,11.248531341552734,9.125479698181152,2.0999999046325684
2023-12-19,44.24469757080078,117.90106201171875,3.062887668609619,11.267403602600098,9.002399444580078,2.0799999237060547
2023-12-20,44.40519714355469,118.01522827148438,3.0817363262176514,11.607123374938965,9.143061637878418,2.0899999141693115
2023-12-21,44.35169982910156,118.04158020019531,3.062887668609619,11.607123374938965,9.354056358337402,2.180000066757202
2023-12-22,44.34278106689453,118.04158020019531,3.0534634590148926,11.70149040222168,9.318890571594238,2.180000066757202
2023-12-27,44.815364837646484,118.67393493652344,3.119433641433716,11.984590530395508,9.47713565826416,2.240000009536743
2023-12-28,45.22554016113281,119.70153045654297,3.1477060317993164,12.078957557678223,9.863957405090332,2.319999933242798
2023-12-29,44.949119567871094,119.14823150634766,3.138282060623169,12.00346565246582,9.705713272094727,2.309999942779541
2024-01-02,45.06503677368164,119.94746398925781,3.175978899002075,12.135578155517578,9.670546531677246,2.369999885559082
2024-01-03,44.378448486328125,118.3226318359375,3.1477060317993164,12.022337913513184,9.512301445007324,2.3499999046325684
2024-01-04,44.20903396606445,118.12940979003906,3.091160774230957,11.927971839904785,9.582632064819336,2.3499999046325684
2024-01-05,43.7542839050293,116.24989318847656,3.0817363262176514,11.890225410461426,9.652962684631348,2.369999885559082
2024-01-08,43.388694763183594,115.51213073730469,3.0817363262176514,11.758111000061035,9.56505012512207,2.390000104904175
2024-01-09,43.66510772705078,115.84587097167969,3.175978899002075,11.795857429504395,9.776041984558105,2.380000114440918
2024-01-10,42.675357818603516,113.21101379394531,3.1854031085968018,11.720365524291992,9.582632064819336,2.319999933242798
2024-01-11,42.630775451660156,112.77185821533203,3.345615863800049,11.531630516052246,9.512301445007324,2.3499999046325684
2024-01-12,42.54160690307617,113.43058013916016,3.3550400733947754,11.625996589660645,9.723295211791992,2.369999885559082
2024-01-15,42.149269104003906,112.95630645751953,3.3409039974212646,11.66374397277832,9.863957405090332,2.369999885559082
2024-01-16,41.462684631347656,111.24365234375,3.2136759757995605,11.456136703491211,9.79362678527832,2.369999885559082
2024-01-17,41.52510452270508,111.13825988769531,3.1005847454071045,10.776694297790527,9.301307678222656,2.259999990463257
2024-01-18,40.77609634399414,111.4193115234375,3.025190830230713,10.776694297790527,9.336472511291504,2.180000066757202
2024-01-19,40.77609634399414,112.4205551147461,3.0534634590148926,10.81444263458252,9.19581127166748,2.0999999046325684
2024-01-22,40.883094787597656,112.4468994140625,2.9686453342437744,10.45584774017334,8.87932014465332,1.9800000190734863
2024-01-23,41.28435134887695,112.24490356445312,3.091160774230957,10.41810131072998,9.055148124694824,1.9500000476837158
2024-01-24,41.78369140625,113.31641387939453,3.1477060317993164,10.908809661865234,9.459552764892578,2.0399999618530273
2024-01-25,42.39002227783203,116.48701477050781,3.157130002975464,11.66374397277832,9.98703670501709,2.1500000953674316
2024-01-26,,,,11.34289836883545,9.881540298461914,2.069999933242798
2024-01-29,41.792606353759766,115.7756118774414,3.1665546894073486,11.418391227722168,9.916706085205078,2.069999933242798
2024-01-30,41.953102111816406,116.33770751953125,3.1477060317993164,11.059797286987305,9.705713272094727,2.009999990463257
2024-01-31,42.149269104003906,116.74171447753906,3.157130002975464,10.927682876586914,9.600214958190918,1.9900000095367432
2024-02-01,42.00660705566406,116.18840026855469,3.1005847454071045,11.116415977478027,9.723295211791992,2.0
2024-02-02,42.45244598388672,115.93370056152344,3.1477060317993164,11.210783004760742,9.582632064819336,1.9299999475479126
2024-02-05,41.4181022644043,113.40423583984375,3.044039011001587,10.908809661865234,9.28372573852539,1.8300000429153442
2024-02-06,40.98118591308594,112.7806625366211,2.9592206478118896,11.022048950195312,9.635380744934082,1.9199999570846558
2024-02-07,41.409183502197266,113.83458709716797,3.0346145629882812,11.022048950195312,9.758460998535156,1.940000057220459
2024-02-08,41.39134979248047,113.54476165771484,2.996918201446533,10.946555137634277,9.811208724975586,1.940000057220459
2024-02-09,41.28435134887695,114.06295013427734,2.9592206478118896,10.81444263458252,9.635380744934082,1.8799999952316284
2024-02-12,41.07926559448242,113.23735809326172,2.9120993614196777,,,
2024-02-13,41.302181243896484,113.29884338378906,2.902675151824951,,,
2024-02-14,40.972267150878906,112.6489028930664,2.902675151824951,10.757821083068848,9.318890571594238,1.8200000524520874
2024-02-15,40.27676010131836,111.88480377197266,2.770735263824463,10.776694297790527,9.318890571594238,1.7899999618530273
2024-02-16,40.669097900390625,113.26372528076172,2.7141897678375244,11.078669548034668,9.705713272094727,1.9299999475479126
2024-02-19,41.05251693725586,115.02029418945312,2.770735263824463,11.64487075805664,9.881540298461914,1.9700000286102295
2024-02-20,40.6066780090332,112.45567321777344,2.676492691040039,11.70149040222168,10.039785385131836,1.9800000190734863
2024-02-21,39.65259552001953,110.48833465576172,2.6859166622161865,12.022337913513184,10.198031425476074,2.0399999618530273
2024-02-22,39.50101089477539,109.22359466552734,2.695341110229492,12.305438041687012,10.5321044921875,2.059999942779541
2024-02-23,39.72392654418945,109.25872802734375,2.723613977432251,12.664033889770508,10.760680198669434,2.0799999237060547
2024-02-26,39.20676040649414,107.6602554321289,2.7330384254455566,12.362058639526367,10.672767639160156,2.200000047683716
2024-02-27,39.2691764831543,108.14330291748047,2.6670684814453125,12.362058639526367,10.72551441192627,2.190000057220459
2024-02-28,39.188926696777344,108.36287689208984,2.657644033432007,12.00346565246582,10.391440391540527,2.109999895095825
2024-02-29,39.17108917236328,108.71419525146484,2.7801594734191895,11.946844100952148,10.250779151916504,2.0999999046325684
2024-03-01,40.0538444519043,109.6715316772461,2.846129894256592,12.116705894470215,10.62001895904541,2.200000047683716
2024-03-04,39.438594818115234,108.38923645019531,2.7801594734191895,12.362058639526367,10.567269325256348,2.180000066757202
2024-03-05,39.795265197753906,109.58370208740234,2.770735263824463,12.5319185256958,10.391440391540527,2.200000047683716
2024-03-06,39.54559326171875,108.59123229980469,2.7518868446350098,13.3057279586792,10.655183792114258,2.25
2024-03-07,40.09981918334961,109.4146957397461,2.776489019393921,13.739815711975098,11.059588432312012,2.5799999237060547
2024-03-08,40.182106018066406,108.75251007080078,2.8237080574035645,13.853055000305176,11.12992000579834,2.5899999141693115
2024-03-11,39.148983001708984,104.85196685791016,2.757601499557495,13.777562141418457,11.024423599243164,2.8299999237060547
2024-03-12,38.87469482421875,104.63426208496094,2.7292697429656982,13.62657356262207,10.936508178710938,2.700000047683716
2024-03-13,38.35356521606445,106.08563232421875,2.7103822231292725,14.098408699035645,11.059588432312012,2.759999990463257
2024-03-14,39.368408203125,108.11754608154297,2.8520398139953613,14.589116096496582,11.710151672363281,2.9700000286102295
2024-03-15,38.77412796020508,106.08563232421875,2.8331520557403564,14.966583251953125,11.938729286193848,3.0999999046325684
2024-03-18,38.77412796020508,106.56639862060547,2.9653658866882324,14.721230506896973,11.956313133239746,3.2100000381469727
2024-03-19,39.85296630859375,109.20606994628906,2.9464781284332275,14.494749069213867,11.710151672363281,3.140000104904175
2024-03-20,40.05410385131836,110.03152465820312,2.8237080574035645,14.381508827209473,11.710151672363281,3.1500000953674316
2024-03-21,40.36495590209961,109.88639068603516,2.8142645359039307,14.758976936340332,11.903563499450684,3.240000009536743
2024-03-22,40.035823822021484,109.36026763916016,2.748157501220703,14.36263656616211,11.622238159179688,3.049999952316284
2024-03-25,40.118106842041016,110.3218002319336,2.7953765392303467,14.570243835449219,11.745317459106445,3.109999895095825
2024-03-26,39.880393981933594,110.13130950927734,2.7292697429656982,14.192776679992676,11.4464111328125,3.0299999713897705
2024-03-27,39.93525314331055,109.69590759277344,2.767045021057129,14.475876808166504,11.49915885925293,3.0199999809265137
2024-03-28,40.47467041015625,110.44878387451172,2.8331520557403564,14.740104675292969,11.72773551940918,3.069999933242798
2024-04-02,41.26094055175781,111.2016830444336,2.899259090423584,15.306303977966309,12.431048393249512,3.240000009536743
2024-04-03,41.01408767700195,111.6280288696289,2.861483573913574,15.872507095336914,13.23985767364502,3.609999895095825
2024-04-04,40.913516998291016,110.494140625,2.99369740486145,,,
2024-04-05,40.54780960083008,109.35120391845703,3.040916681289673,15.834758758544922,13.257440567016602,3.8399999141693115
2024-04-08,40.45638656616211,110.44878387451172,3.022028684616089,15.815887451171875,13.679427146911621,3.859999895095825
2024-04-09,41.26094055175781,113.71436309814453,3.0692481994628906,15.853633880615234,13.908003807067871,3.799999952316284
2024-04-10,41.56264877319336,115.88233184814453,3.144798755645752,16.68406105041504,14.277243614196777,3.8499999046325684
2024-04-11,42.001495361328125,116.32682800292969,3.154242515563965,16.759553909301758,14.048666000366211,3.9200000762939453
2024-04-12,41.61750411987305,116.01840209960938,3.107023239135742,16.835046768188477,14.18932819366455,3.8399999141693115
2024-04-15,41.846073150634766,120.2364273071289,3.2486813068389893,16.740680694580078,14.013501167297363,3.799999952316284
2024-04-16,41.11465835571289,116.74408721923828,3.0975797176361084,16.36321449279785,13.767341613769531,3.7300000190734863
2024-04-17,40.63009262084961,116.76222229003906,3.0692481994628906,16.382089614868164,13.820090293884277,3.7300000190734863
2024-04-18,41.224369049072266,118.7215805053711,3.107023239135742,16.70293617248535,14.32999038696289,3.930000066757202
2024-04-19,40.80380630493164,117.48790740966797,3.012584924697876,16.740680694580078,14.18932819366455,3.9100000858306885
2024-04-22,41.52607727050781,117.7237548828125,3.1825740337371826,15.910253524780273,13.890421867370605,3.7200000286102295
2024-04-23,41.599220275878906,117.53327178955078,3.135354995727539,15.41954517364502,13.450851440429688,3.509999990463257
2024-04-24,41.35236358642578,117.36091613769531,3.125911235809326,16.02349090576172,13.855255126953125,3.559999942779541
2024-04-25,,,,16.098987579345703,13.92558765411377,3.509999990463257
2024-04-26,39.45069122314453,118.69436645507812,3.1825740337371826,16.627443313598633,14.435487747192383,3.7100000381469727
2024-04-29,39.2861213684082,118.8122787475586,3.3147878646850586,16.476451873779297,14.171746253967285,3.5799999237060547
2024-04-30,39.340972900390625,118.3677978515625,3.390338659286499,16.32546615600586,14.15416431427002,3.5799999237060547
2024-05-01,38.69184494018555,117.3064956665039,3.3053438663482666,,,
2024-05-02,38.7467041015625,117.10692596435547,3.3525631427764893,16.438709259033203,14.031084060668945,3.6500000953674316
2024-05-03,38.77412796020508,117.23392486572266,3.380894660949707,16.268844604492188,13.978334426879883,3.680000066757202
2024-05-06,39.08498001098633,117.63304138183594,3.418670177459717,16.306594848632812,14.118997573852539,3.690000057220459
2024-05-07,39.697540283203125,119.47447204589844,3.4470016956329346,16.287721633911133,14.29482650756836,3.7200000286102295
2024-05-08,39.660972595214844,118.104736328125,3.4470016956329346,16.231101989746094,14.259659767150879,3.5899999141693115
2024-05-09,39.368408203125,118.13195037841797,3.418670177459717,16.57082176208496,14.488236427307129,3.6700000762939453
2024-05-10,39.231266021728516,117.94145965576172,3.4470016956329346,17.099275588989258,15.279463768005371,3.640000104904175
2024-05-13,39.542110443115234,117.05249786376953,3.409226179122925,17.118146896362305,15.578370094299316,3.7799999713897705
2024-05-14,39.45069122314453,116.21796417236328,3.418670177459717,17.344627380371094,15.736616134643555,3.7899999618530273
2024-05-15,40.31010055541992,117.45162200927734,3.4658892154693604,,,
2024-05-16,40.72152328491211,118.27709197998047,3.54144024848938,17.420122146606445,15.543205261230469,3.9600000381469727
2024-05-17,41.0415153503418,119.87358093261719,3.5508837699890137,17.684349060058594,15.736616134643555,4.070000171661377
2024-05-20,41.800357818603516,123.24801635742188,3.673654079437256,18.55252456665039,16.58059310913086,4.369999885559082
2024-05-21,42.092926025390625,121.63336181640625,3.6830978393554688,17.674470901489258,16.0531063079834,4.25
2024-05-22,42.275779724121094,123.52012634277344,3.6830978393554688,17.311817169189453,15.648703575134277,4.079999923706055
2024-05-23,41.05979919433594,121.0981674194336,3.635878324508667,16.681949615478516,15.086052894592285,3.880000114440918
2024-05-24,40.81294631958008,120.19107055664062,3.635878324508667,16.681949615478516,15.24429702758789,3.940000057220459
2024-05-27,41.27922821044922,119.45632934570312,3.664210081100464,17.235471725463867,15.56078815460205,4.210000038146973
2024-05-28,41.21522903442383,119.392822265625,3.6925415992736816,17.17820930480957,15.824530601501465,4.179999828338623
2024-05-29,41.21522903442383,117.61491394042969,3.7303168773651123,17.140037536621094,15.912445068359375,4.230000019073486
2024-05-30,40.502098083496094,115.80070495605469,3.7208728790283203,16.204776763916016,15.173966407775879,3.9000000953674316
2024-05-31,40.694095611572266,116.97994232177734,3.749204397201538,15.784866333007812,14.839892387390137,3.819999933242798
2024-06-03,40.96837615966797,116.58080291748047,3.739760637283325,15.994823455810547,14.734395980834961,3.5950989723205566
2024-06-04,40.48381423950195,115.62835693359375,3.739760637283325,15.937561988830566,14.593733787536621,3.1339480876922607
2024-06-05,40.13638687133789,113.93206787109375,3.635878324508667,15.65125846862793,14.15416431427002,3.011600971221924
2024-06-06,40.273529052734375,112.94332885742188,3.654766082763672,16.262039184570312,14.382740020751953,3.0963029861450195
2024-06-07,40.712379455566406,113.66901397705078,3.654766082763672,16.70103645324707,14.822310447692871,3.1057140827178955
2024-06-11,39.990108489990234,111.4919662475586,3.4658892154693604,15.880298614501953,14.118997573852539,3.0299999713897705
2024-06-12,39.77068328857422,109.79568481445312,3.4375576972961426,15.937561988830566,14.312409400939941,3.009999990463257
2024-06-13,39.496402740478516,109.4146957397461,3.4375576972961426,15.632171630859375,14.165167808532715,2.990000009536743
2024-06-14,39.395835876464844,109.0337142944336,3.4564454555511475,15.784866333007812,14.330092430114746,2.9800000190734863
2024-06-17,38.89298629760742,107.18323516845703,3.418670177459717,15.574910163879395,14.036892890930176,2.9700000286102295
2024-06-18,39.13069534301758,108.18103790283203,3.4375576972961426,15.345868110656738,14.311766624450684,2.9200000762939453
2024-06-19,39.075836181640625,108.13568115234375,3.4564454555511475,15.784866333007812,14.824865341186523,3.0899999141693115
2024-06-20,39.08498001098633,108.5529556274414,3.494220733642578,15.899388313293457,14.879840850830078,3.1500000953674316
2024-06-21,39.11240768432617,109.0790786743164,3.513108730316162,15.689432144165039,14.586641311645508,3.200000047683716
2024-06-24,38.79241180419922,107.93611907958984,3.4375576972961426,15.994823455810547,14.40339183807373,3.0999999046325684
2024-06-25,39.60611343383789,110.16759490966797,3.531996250152588,15.861214637756348,14.733241081237793,3.140000104904175
2024-06-26,39.62439727783203,109.73218536376953,3.4753332138061523,15.65125846862793,14.275117874145508,3.0799999237060547
2024-06-27,39.45069122314453,110.24923706054688,3.50366473197937,15.231346130371094,13.90861988067627,2.9100000858306885
2024-06-28,39.0209846496582,107.94519805908203,3.4564454555511475,15.727605819702148,14.275117874145508,2.9800000190734863
2024-07-01,39.587825775146484,109.46005249023438,3.50366473197937,,,
2024-07-02,39.45983123779297,108.51666259765625,3.522552251815796,15.861214637756348,14.366743087768555,3.0
2024-07-03,39.90782165527344,109.85916900634766,3.5697715282440186,16.14751625061035,14.421717643737793,3.059999942779541
2024-07-04,40.93180465698242,112.72561645507812,3.635878324508667,16.529254913330078,14.659940719604492,3.1500000953674316
2024-07-05,40.584381103515625,111.4556884765625,3.607546806335449,16.85373306274414,14.898165702819824,3.25
2024-07-08,39.75239562988281,108.76158905029297,3.494220733642578,16.720125198364258,14.751566886901855,3.200000047683716
2024-07-09,39.990108489990234,109.39655303955078,3.513108730316162,17.025514602661133,15.0081148147583,3.259999990463257
2024-07-10,39.46897506713867,108.28081512451172,3.4375576972961426,16.471994400024414,14.275117874145508,3.0
2024-07-11,39.825538635253906,108.50759887695312,3.418670177459717,16.815561294555664,14.8615140914917,3.049999952316284
2024-07-12,39.679256439208984,108.69808197021484,3.418670177459717,16.77738380432129,14.824865341186523,3.009999990463257
2024-07-15,39.92610549926758,108.7071533203125,3.418670177459717,16.872819900512695,14.769890785217285,3.069999933242798
2024-07-16,39.38669204711914,105.9586410522461,3.371450901031494,16.96825408935547,14.330092430114746,3.059999942779541
2024-07-17,39.03926467895508,105.64115142822266,3.3525631427764893,16.18568992614746,13.633745193481445,2.819999933242798
2024-07-18,39.0026969909668,105.1694564819336,3.2959001064300537,16.18568992614746,13.505470275878906,2.869999885559082
2024-07-19,38.17985153198242,103.40060424804688,3.2297935485839844,15.574910163879395,13.212271690368652,2.759999990463257
2024-07-22,38.07014465332031,103.81787109375,2.8237080574035645,15.460390090942383,13.120646476745605,2.680000066757202
2024-07-23,37.905574798583984,103.23731994628906,2.8142645359039307,15.021389961242676,12.717499732971191,2.5899999141693115
2024-07-24,37.99700164794922,103.79972839355469,2.7953765392303467,14.983216285705566,12.754148483276367,2.619999885559082
2024-07-25,37.658721923828125,102.3302230834961,2.748157501220703,14.21973991394043,12.33267593383789,2.5199999809265137
2024-07-26,38.49070358276367,105.14225006103516,2.8142645359039307,14.544217109680176,12.442625045776367,2.4100000858306885
2024-07-29,38.463279724121094,105.10596466064453,2.8520398139953613,14.79234790802002,12.46095085144043,2.4000000953674316
2024-07-30,37.97871398925781,104.00836944580078,2.8425960540771484,14.525130271911621,12.186076164245605,2.3299999237060547
2024-07-31,38.673561096191406,106.56639862060547,2.899259090423584,15.135910987854004,12.589224815368652,2.430000066757202
2024-08-01,38.84727096557617,108.58016204833984,2.9653658866882324,15.317995071411133,12.754148483276367,2.4200000762939453
2024-08-02,38.3809928894043,107.71841430664062,2.8520398139953613,14.952823638916016,12.405975341796875,2.2799999713897705
2024-08-05,37.5855827331543,107.65491485595703,2.6820504665374756,14.60687255859375,12.03947639465332,2.2300000190734863
2024-08-06,37.722721099853516,107.30115509033203,2.7009382247924805,14.222480773925781,11.94785213470459,2.2200000286102295
2024-08-07,37.5032958984375,105.81350708007812,2.7198262214660645,14.472333908081055,12.002827644348145,2.2699999809265137
2024-08-08,36.76273727416992,103.55481719970703,2.6726067066192627,14.357016563415527,11.837902069091797,2.259999990463257
2024-08-09,37.35701370239258,105.65022277832031,2.776489019393921,14.60687255859375,12.149426460266113,2.3299999237060547
2024-08-12,37.15587615966797,104.20793151855469,2.767045021057129,14.702970504760742,12.241049766540527,2.3399999141693115
2024-08-13,37.25644302368164,104.69776916503906,2.7953765392303467,14.799066543579102,12.369324684143066,2.359999895095825
2024-08-14,36.22332000732422,101.98552703857422,2.748157501220703,14.760626792907715,12.16775131225586,2.200000047683716
2024-08-15,35.848472595214844,100.6732406616211,2.757601499557495,14.760626792907715,12.204400062561035,2.240000009536743
2024-08-16,36.57988357543945,102.24276733398438,2.8142645359039307,15.164239883422852,12.405975341796875,2.2699999809265137
2024-08-19,36.32389450073242,101.99201965332031,2.7953765392303467,15.43331241607666,12.57089900970459,2.319999933242798
2024-08-20,36.79930877685547,102.59568786621094,2.8425960540771484,15.375654220581055,12.479273796081543,2.319999933242798
2024-08-21,37.375301361083984,103.95161437988281,2.8425960540771484,15.375654220581055,12.479273796081543,2.309999942779541
2024-08-22,37.430152893066406,104.17451477050781,2.870927333831787,15.414093971252441,12.296025276184082,2.309999942779541
2024-08-23,37.18330383300781,102.837158203125,2.861483573913574,15.356433868408203,12.186076164245605,2.25
2024-08-26,37.33872604370117,103.10648345947266,2.9181463718414307,15.683167457580566,12.66252326965332,2.3399999141693115
2024-08-27,37.80500411987305,103.90518188476562,2.9275903701782227,15.567851066589355,12.589224815368652,2.2899999618530273
2024-08-28,37.26558303833008,102.98574829101562,2.9087026119232178,15.183459281921387,12.314350128173828,2.2200000286102295
2024-08-29,37.055301666259766,102.14990234375,2.9275903701782227,15.356433868408203,12.186076164245605,2.2200000286102295
2024-08-30,37.27472686767578,103.59871673583984,2.9653658866882324,15.202678680419922,12.057801246643066,2.240000009536743
2024-09-02,36.87245559692383,102.10346984863281,2.9275903701782227,14.972043991088867,11.856226921081543,2.1700000762939453
2024-09-03,36.232460021972656,100.41320037841797,2.9275903701782227,14.68375015258789,11.691303253173828,2.1500000953674316
2024-09-04,35.32733917236328,98.1471176147461,2.8331520557403564,13.78042984008789,11.416428565979004,2.059999942779541
2024-09-05,35.57419204711914,99.45660400390625,2.870927333831787,13.78042984008789,11.324804306030273,2.0799999237060547
2024-09-06,35.15362548828125,99.39160919189453,2.8142645359039307,,,
2024-09-09,35.437049865722656,99.21514892578125,2.8048207759857178,13.280720710754395,10.921655654907227,1.9800000190734863
2024-09-10,35.345619201660156,99.47518920898438,2.8237080574035645,13.280720710754395,10.866681098937988,2.0
2024-09-11,35.967323303222656,100.62680053710938,2.8425960540771484,13.242281913757324,10.885005950927734,1.9900000095367432
2024-09-12,36.51298522949219,102.53996276855469,2.9087026119232178,13.415258407592773,11.159880638122559,2.049999952316284
2024-09-13,37.2562255859375,103.47797393798828,3.012584924697876,13.934186935424805,11.251504898071289,2.0899999141693115
2024-09-16,37.20918273925781,102.91145324707031,2.99369740486145,14.16482162475586,11.361454010009766,2.1500000953674316
2024-09-17,37.20918273925781,102.8557357788086,3.0503602027893066,14.510774612426758,11.416428565979004,2.180000066757202
2024-09-18,36.870487213134766,101.917724609375,3.022028684616089,,,
2024-09-19,37.811302185058594,105.51187133789062,3.0660593509674072,14.875946044921875,11.74627685546875,2.2699999809265137
2024-09-20,37.95242691040039,104.96392059326172,3.0660593509674072,15.298776626586914,12.002827644348145,2.359999895095825
2024-09-23,37.45379638671875,104.3323974609375,3.0660593509674072,15.375654220581055,11.984501838684082,2.3299999237060547
2024-09-24,38.68626022338867,108.14942932128906,3.1906180381774902,16.08677864074707,12.772473335266113,2.4800000190734863
2024-09-25,40.17274856567383,112.23580169677734,3.2864325046539307,16.375072479248047,12.754148483276367,2.5
2024-09-26,40.7936897277832,114.4368667602539,3.382246732711792,16.913219451904297,13.523796081542969,2.5999999046325684
2024-09-27,42.09200668334961,118.36534881591797,3.545130968093872,16.913219451904297,14.09186840057373,2.7799999713897705
2024-09-30,43.23979949951172,119.92560577392578,3.61220121383667,16.97087860107422,14.495016098022461,2.7699999809265137
2024-10-01,41.997928619384766,116.7772445678711,3.5163867473602295,,,
2024-10-02,42.393070220947266,116.98155975341797,3.5738754272460938,17.6820011138916,14.568315505981445,2.8399999141693115
2024-10-03,42.684722900390625,117.05585479736328,3.5834569931030273,17.31683349609375,14.22014331817627,2.7699999809265137
2024-10-04,41.94147872924805,114.86408233642578,3.525968074798584,17.835758209228516,14.898165702819824,2.9200000762939453
2024-10-07,42.20490646362305,112.53298950195312,3.545130968093872,17.739660263061523,15.374614715576172,2.990000009536743
2024-10-08,41.19823455810547,112.3658218383789,3.4493167400360107,16.509607315063477,13.9269437789917,2.690000057220459
2024-10-09,40.71841812133789,109.81184387207031,3.382246732711792,15.87536334991455,13.358872413635254,2.5799999237060547
2024-10-10,41.301727294921875,111.3256607055664,3.4588983058929443,16.278974533081055,13.963593482971191,2.7300000190734863
2024-10-11,40.85954666137695,111.05633544921875,3.4493167400360107,,,
2024-10-14,41.2076416015625,112.37511444091797,3.5738754272460938,16.6057071685791,14.146842956542969,2.7100000381469727
2024-10-15,41.40521240234375,113.36884307861328,3.545130968093872,15.856143951416016,13.358872413635254,2.5799999237060547
2024-10-16,40.96303176879883,112.17079162597656,3.5163867473602295,16.2213134765625,13.450496673583984,2.5999999046325684
2024-10-17,40.445587158203125,110.17403411865234,3.61220121383667,15.913800239562988,13.102322578430176,2.569999933242798
2024-10-18,39.57062911987305,109.23604583740234,3.545130968093872,16.52882957458496,13.377196311950684,2.619999885559082
2024-10-21,40.11629867553711,111.26992797851562,3.5355496406555176,16.721023559570312,13.230596542358398,2.680000066757202
2024-10-22,39.64588928222656,109.72825622558594,3.468479633331299,16.52882957458496,13.340546607971191,2.809999942779541
2024-10-23,39.91872787475586,110.01615905761719,3.4972238540649414,16.663366317749023,13.340546607971191,2.7899999618530273
2024-10-24,39.74938201904297,109.38462829589844,3.5355496406555176,16.24053382873535,13.138972282409668,2.6600000858306885
2024-10-25,39.8810920715332,109.66324615478516,3.5547127723693848,16.18287467956543,13.193946838378906,2.8399999141693115
2024-10-28,40.4173583984375,111.5578384399414,3.5738754272460938,16.02911949157715,13.212271690368652,2.950000047683716
2024-10-29,40.49263000488281,112.46797943115234,3.5642940998077393,16.202096939086914,13.010697364807129,2.859999895095825
2024-10-30,40.55848693847656,111.73429107666016,3.5163867473602295,15.990678787231445,12.021151542663574,2.7799999713897705
2024-10-31,40.11629867553711,110.8055648803711,3.525968074798584,15.93302059173584,12.002827644348145,2.7300000190734863
2024-11-01,40.24801254272461,112.68158721923828,3.5642940998077393,16.259754180908203,12.424300193786621,2.869999885559082
2024-11-04,40.07866668701172,111.20492553710938,3.5738754272460938,16.163658142089844,12.479273796081543,2.9100000858306885
2024-11-05,40.10689163208008,110.90773010253906,3.593038320541382,16.54804801940918,12.754148483276367,2.9700000286102295
2024-11-06,40.07866668701172,110.8705825805664,3.6026198863983154,16.00990104675293,12.589224815368652,2.8399999141693115
2024-11-07,40.445587158203125,112.98806762695312,3.669689655303955,15.740826606750488,12.717499732971191,2.819999933242798
2024-11-08,40.83131790161133,114.52044677734375,3.6409451961517334,15.779265403747559,12.607548713684082,2.8399999141693115
2024-11-11,39.16607666015625,110.95417022705078,3.545130968093872,15.202678680419922,12.296025276184082,2.930000066757202
2024-11-12,38.47928237915039,109.16173553466797,3.4588983058929443,14.529993057250977,11.856226921081543,2.819999933242798
2024-11-13,38.150001525878906,105.55831146240234,3.3918280601501465,14.395455360412598,11.856226921081543,2.809999942779541
2024-11-14,37.6419563293457,105.79976654052734,3.343920946121216,13.857309341430664,11.398103713989258,2.549999952316284
2024-11-15,37.69841003417969,105.64189147949219,3.401409387588501,14.14560317993164,11.50805377960205,2.640000104904175
2024-11-18,37.97124481201172,107.92654418945312,3.61220121383667,14.299358367919922,11.709627151489258,2.569999933242798
2024-11-19,37.9242057800293,107.45288848876953,3.5163867473602295,14.972043991088867,11.801253318786621,2.869999885559082
2024-11-20,37.70781707763672,107.63864135742188,3.545130968093872,14.89516544342041,11.81957721710205,2.890000104904175
2024-11-21,37.45379638671875,108.14014434814453,3.5738754272460938,14.779848098754883,11.856226921081543,2.8399999141693115
2024-11-22,37.7830810546875,108.827392578125,3.669689655303955,14.510774612426758,11.544703483581543,2.700000047683716
2024-11-25,37.82071304321289,108.39089965820312,3.5834569931030273,14.376236915588379,11.416428565979004,2.6700000762939453
2024-11-26,37.50083923339844,108.75309753417969,3.6217823028564453,14.299358367919922,11.398103713989258,2.6500000953674316
2024-11-27,37.42557144165039,108.827392578125,3.61220121383667,14.568431854248047,11.544703483581543,2.690000057220459
2024-11-28,37.69841003417969,108.79024505615234,3.5834569931030273,14.24169921875,11.306480407714844,2.630000114440918
2024-11-29,38.16881561279297,109.81184387207031,3.5642940998077393,14.357016563415527,11.434754371643066,2.640000104904175
2024-12-02,38.3099365234375,110.77770233154297,3.525968074798584,14.280138969421387,11.544703483581543,2.6700000762939453
2024-12-03,38.25348663330078,110.5641098022461,3.468479633331299,14.24169921875,11.709627151489258,2.680000066757202
2024-12-04,38.62040328979492,111.52069091796875,3.4493167400360107,14.4338960647583,11.856226921081543,2.7100000381469727
2024-12-05,38.18762969970703,112.17079162597656,3.545130968093872,14.260919570922852,11.65465259552002,2.690000057220459
2024-12-06,38.29112243652344,111.2420654296875,3.4780611991882324,14.49155330657959,11.782926559448242,2.7200000286102295
2024-12-09,38.18762969970703,110.97274017333984,3.4493167400360107,15.06814193725586,12.002827644348145,2.859999895095825
2024-12-10,39.354244232177734,116.35002899169922,3.525968074798584,14.875946044921875,11.837902069091797,2.8499999046325684
2024-12-11,39.51417541503906,114.98480987548828,3.3726651668548584,14.875946044921875,11.966176986694336,2.869999885559082
2024-12-12,39.31660842895508,115.30058288574219,3.296013832092285,15.010482788085938,12.03947639465332,2.8499999046325684
2024-12-13,38.73330307006836,112.11506652832031,3.257688283920288,14.184041023254395,11.81957721710205,2.680000066757202
2024-12-16,37.961830139160156,110.18333435058594,3.228943347930908,13.972625732421875,11.618003845214844,2.569999933242798
2024-12-17,37.85834884643555,110.0625991821289,3.257688283920288,13.761210441589355,11.50805377960205,2.509999990463257
2024-12-18,37.88656997680664,110.04402160644531,3.238525390625,13.895747184753418,11.471404075622559,2.569999933242798
2024-12-19,37.33149337768555,109.0317153930664,3.2193620204925537,13.799649238586426,11.361454010009766,2.5399999618530273
2024-12-20,37.246822357177734,108.41876220703125,3.2001991271972656,13.511356353759766,11.21485424041748,2.450000047683716
2024-12-23,37.53847122192383,108.79024505615234,3.2672696113586426,13.818869590759277,11.269829750061035,2.5299999713897705
2024-12-24,37.37853240966797,107.88011169433594,3.2672696113586426,13.799649238586426,11.361454010009766,2.5199999809265137
2024-12-27,37.41616439819336,108.50234985351562,3.257688283920288,13.78042984008789,11.398103713989258,2.5399999618530273
2024-12-30,37.48202133178711,109.46821594238281,3.257688283920288,13.70355224609375,11.489728927612305,2.5
2024-12-31,37.20918273925781,109.08744049072266,3.257688283920288,13.607453346252441,11.453079223632812,2.569999933242798
2025-01-02,37.59491729736328,109.78398132324219,3.3151767253875732,13.626673698425293,11.34312915802002,2.509999990463257
2025-01-03,37.40675354003906,109.09672546386719,3.3151767253875732,13.895747184753418,11.563028335571289,2.5199999809265137
2025-01-06,36.67292022705078,107.21142578125,3.257688283920288,13.722770690917969,11.581354141235352,2.4800000190734863
2025-01-07,36.40949630737305,106.47773742675781,3.257688283920288,14.16482162475586,11.72795295715332,2.5999999046325684
2025-01-08,37.06806564331055,107.66649627685547,3.2672696113586426,14.049504280090332,11.489728927612305,2.509999990463257
2025-01-09,36.94575500488281,108.14942932128906,3.238525390625,14.107162475585938,11.63632869720459,2.5299999713897705
2025-01-10,37.33149337768555,110.55482482910156,3.257688283920288,14.549213409423828,11.63632869720459,2.609999895095825
2025-01-13,37.246822357177734,110.32263946533203,3.228943347930908,14.722188949584961,11.672978401184082,2.6700000762939453
2025-01-14,37.7830810546875,111.26065063476562,3.276850938796997,14.779848098754883,11.691303253173828,2.700000047683716
2025-01-15,37.42557144165039,110.97274017333984,3.276850938796997,13.914966583251953,11.489728927612305,2.640000104904175
2025-01-16,37.613739013671875,111.08419799804688,3.343920946121216,14.260919570922852,11.856226921081543,2.75
2025-01-17,37.67959213256836,110.27620697021484,3.3343396186828613,14.453115463256836,11.837902069091797,2.7699999809265137
2025-01-20,37.85834884643555,111.52997589111328,3.363083839416504,14.280138969421387,11.856226921081543,2.7100000381469727
2025-01-21,38.20644760131836,112.01290893554688,3.4301538467407227,14.414676666259766,11.892877578735352,2.740000009536743
2025-01-22,37.44438934326172,111.08419799804688,3.4109909534454346,14.260919570922852,11.65465259552002,2.7200000286102295
2025-01-23,36.80463409423828,109.58895111083984,3.382246732711792,14.030284881591797,11.581354141235352,2.6500000953674316
2025-01-24,36.98339080810547,109.89543151855469,3.3918280601501465,14.318577766418457,11.874551773071289,2.7100000381469727
2025-01-27,,,,14.337797164916992,11.72795295715332,2.6700000762939453
2025-01-28,37.14332962036133,109.29176330566406,3.228943347930908,14.068723678588867,11.251504898071289,2.549999952316284
2025-01-29,36.81404495239258,107.94512176513672,3.152292251586914,,,
2025-01-30,37.14332962036133,108.70667266845703,3.2193620204925537,,,
2025-01-31,37.58551025390625,109.0317153930664,3.2193620204925537,,,
2025-02-03,36.91753387451172,106.7192153930664,3.171455144882202,14.14560317993164,11.123230934143066,2.509999990463257
2025-02-04,37.19036865234375,108.43733978271484,3.238525390625,14.702970504760742,11.34312915802002,2.549999952316284
2025-02-05,37.75485610961914,110.6848373413086,3.3055951595306396,14.856725692749023,11.471404075622559,2.619999885559082
2025-02-06,37.877159118652344,111.61355590820312,3.3247580528259277,15.010482788085938,11.63632869720459,2.630000114440918
2025-02-07,38.08414077758789,112.16150665283203,3.3535022735595703,15.10658073425293,11.709627151489258,2.690000057220459
2025-02-10,37.71722412109375,110.81486511230469,3.296013832092285,15.5101900100708,12.002827644348145,2.8299999237060547
2025-02-11,37.74544906616211,111.17706298828125,3.2864325046539307,15.740826606750488,12.16775131225586,2.7699999809265137
2025-02-12,37.76426696777344,110.5176773071289,3.2864325046539307,15.60628890991211,11.929527282714844,2.7300000190734863
2025-02-13,38.5639533996582,111.77144622802734,3.420572280883789,15.663946151733398,11.764603614807129,2.6600000858306885
2025-02-14,38.49809646606445,112.53298950195312,3.4972238540649414,15.990678787231445,12.112775802612305,2.809999942779541
2025-02-17,38.38520050048828,112.31938934326172,3.5355496406555176,15.298776626586914,11.74627685546875,2.690000057220459
2025-02-18,38.54513931274414,112.0593490600586,3.5163867473602295,15.22189712524414,11.63632869720459,2.680000066757202
2025-02-19,38.55454635620117,113.25738525390625,3.506805419921875,15.202678680419922,11.581354141235352,2.5299999713897705
2025-02-20,37.77367401123047,111.52997589111328,3.5547127723693848,15.164239883422852,11.526378631591797,2.4700000286102295
2025-02-21,38.81797790527344,114.6876220703125,3.5834569931030273,15.048921585083008,11.581354141235352,2.390000104904175
2025-02-24,38.38520050048828,111.26065063476562,3.5163867473602295,14.991263389587402,11.526378631591797,2.390000104904175
2025-02-25,37.9242057800293,110.57339477539062,3.4972238540649414,14.68375015258789,11.416428565979004,2.319999933242798
2025-02-26,37.359710693359375,106.82136535644531,3.4588983058929443,14.89516544342041,11.709627151489258,2.359999895095825
2025-02-27,37.6513671875,108.37232971191406,3.487642526626587,14.568431854248047,11.618003845214844,2.3499999046325684
2025-02-28,36.729373931884766,105.28897857666016,3.3726651668548584,13.972625732421875,11.19653034210205,2.2699999809265137
2025-03-03,37.2562255859375,109.04100799560547,3.4780611991882324,14.299358367919922,11.251504898071289,2.25
2025-03-04,37.14332962036133,108.827392578125,3.3726651668548584,14.510774612426758,11.233180046081543,2.3499999046325684
2025-03-05,37.19977951049805,109.12458801269531,3.363083839416504,14.760626792907715,11.434754371643066,2.4100000858306885
2025-03-06,37.66148376464844,110.21133422851562,3.542109251022339,15.298776626586914,11.966176986694336,2.5799999237060547
2025-03-07,37.421478271484375,110.4798583984375,3.4934537410736084,15.356433868408203,12.186076164245605,2.6600000858306885
2025-03-10,37.63268280029297,113.8460464477539,3.512916088104248,15.5101900100708,12.314350128173828,2.7300000190734863
2025-03-11,38.064693450927734,114.45022583007812,3.4934537410736084,14.93360424041748,12.094450950622559,2.6500000953674316
2025-03-12,37.39268112182617,112.42668914794922,3.483722686767578,15.452532768249512,12.296025276184082,2.8299999237060547
2025-03-13,36.7110710144043,111.23748779296875,3.4350674152374268,15.644729614257812,12.33267593383789,2.8299999237060547
2025-03-14,37.10467529296875,112.30200958251953,3.4350674152374268,16.413511276245117,12.497600555419922,2.880000114440918
2025-03-17,37.997493743896484,114.31596374511719,3.5031850337982178,16.375072479248047,12.515924453735352,2.869999885559082
2025-03-18,38.035888671875,114.6324462890625,3.512916088104248,17.06697654724121,12.86409854888916,2.940000057220459
2025-03-19,37.97829055786133,113.8364486694336,3.512916088104248,17.355270385742188,12.827448844909668,2.940000057220459
2025-03-20,37.56548309326172,112.68562316894531,3.5226471424102783,17.4705867767334,12.955723762512207,3.0399999618530273
2025-03-21,37.95909118652344,113.72137451171875,3.4350674152374268,16.6057071685791,12.405975341796875,2.890000104904175
2025-03-24,37.74788284301758,114.22006225585938,3.3961431980133057,17.432146072387695,13.08399772644043,3.0299999713897705
2025-03-25,37.47908020019531,113.91317749023438,3.415605306625366,17.816539764404297,13.047347068786621,3.0
2025-03-26,37.93989181518555,115.04483032226562,3.415605306625366,17.66278076171875,12.900748252868652,2.990000009536743
2025-03-27,38.055091857910156,115.16950225830078,3.376681089401245,17.124635696411133,12.35099983215332,2.8299999237060547
2025-03-28,38.103092193603516,116.29156494140625,3.279370069503784,17.33605194091797,13.047347068786621,2.799999952316284
2025-03-31,36.672664642333984,110.75798034667969,3.13340425491333,16.99009895324707,12.515924453735352,2.680000066757202
2025-04-01,37.335079193115234,112.30200958251953,3.1236732006073,16.99009895324707,12.64419937133789,2.690000057220459
2025-04-02,36.78786849975586,110.36477661132812,3.0360934734344482,16.644145965576172,12.515924453735352,2.630000114440918
2025-04-03,35.530242919921875,107.35343933105469,2.890127658843994,16.278974533081055,12.16775131225586,2.5299999713897705
2025-04-04,35.34783935546875,108.08229064941406,2.7344303131103516,,,
2025-04-07,33.187801361083984,103.95848083496094,2.5203468799591064,13.78042984008789,10.225308418273926,2.0399999618530273
2025-04-08,33.96541976928711,104.99423217773438,2.578733444213867,14.222480773925781,10.298608779907227,2.0799999237060547
2025-04-09,32.79419708251953,99.72917175292969,2.4522294998168945,14.260919570922852,10.390233039855957,2.0799999237060547
2025-04-10,34.56062698364258,106.05874633789062,2.6857750415802,15.029702186584473,10.720081329345703,2.2100000381469727
2025-04-11,34.003814697265625,104.81201171875,2.6663131713867188,15.894582748413086,11.141554832458496,2.2300000190734863
2025-04-14,34.91583251953125,106.30809783935547,2.7246992588043213,16.54804801940918,11.672978401184082,2.380000114440918
2025-04-15,35.0406379699707,106.83556365966797,2.714968204498291,16.54804801940918,11.672978401184082,2.3399999141693115
2025-04-16,34.627830505371094,103.92971801757812,2.5981955528259277,16.509607315063477,11.306480407714844,2.240000009536743
2025-04-17,35.02143859863281,106.9698257446289,2.6176576614379883,16.54804801940918,11.416428565979004,2.299999952316284
2025-04-22,35.050235748291016,107.04655456542969,2.539808988571167,17.31683349609375,11.81957721710205,2.359999895095825
2025-04-23,36.21186065673828,109.1659927368164,2.578733444213867,16.490388870239258,11.856226921081543,2.390000104904175
2025-04-24,36.538265228271484,110.21133422851562,2.637119770050049,16.5672664642334,11.837902069091797,2.380000114440918
2025-04-25,,,,16.43273162841797,11.801253318786621,2.430000066757202
2025-04-28,36.154258728027344,110.2880630493164,2.637119770050049,16.471168518066406,11.911201477050781,2.4100000858306885
2025-04-29,36.663063049316406,111.78413391113281,2.7052371501922607,16.52882957458496,11.966176986694336,2.4000000953674316
2025-04-30,36.663063049316406,112.30200958251953,2.67604398727417,16.317411422729492,11.966176986694336,2.359999895095825
2025-05-01,36.31746292114258,111.15118408203125,2.6663131713867188,,,
2025-05-02,36.557464599609375,111.88004302978516,2.753892660140991,16.7786808013916,11.837902069091797,2.369999885559082
2025-05-05,36.240657806396484,110.8538818359375,2.7246992588043213,,,
2025-05-06,36.09665298461914,110.53740692138672,2.7636237144470215,16.99009895324707,12.277700424194336,2.390000104904175
2025-05-07,36.41345977783203,111.17994689941406,2.7733547687530518,17.124635696411133,12.296025276184082,2.4000000953674316
2025-05-08,36.40385818481445,111.32380676269531,2.744161367416382,16.913219451904297,12.16775131225586,2.380000114440918
2025-05-09,36.03905487060547,110.26888275146484,2.714968204498291,16.663366317749023,12.149426460266113,2.359999895095825
2025-05-12,36.86466979980469,112.5417709350586,2.7928168773651123,16.817121505737305,12.552574157714844,2.5199999809265137
2025-05-13,37.64228057861328,114.9393310546875,2.948513984680176,16.817121505737305,12.424300193786621,2.5199999809265137
2025-05-14,37.87268829345703,115.55310821533203,2.9095897674560547,16.99009895324707,12.57089900970459,2.569999933242798
2025-05-15,37.62308120727539,115.10236358642578,2.8998587131500244,16.644145965576172,12.314350128173828,2.509999990463257
2025-05-16,38.131893157958984,116.09017181396484,2.880396604537964,16.663366317749023,12.33267593383789,2.4800000190734863
2025-05-19,37.2006721496582,114.56531524658203,2.8609344959259033,16.663366317749023,12.405975341796875,2.5299999713897705
2025-05-20,37.056671142578125,114.33515167236328,2.9777071475982666,16.817121505737305,12.442625045776367,2.5799999237060547
2025-05-21,37.10467529296875,114.66121673583984,2.997169256210327,18.150283813476562,12.772473335266113,2.6700000762939453
2025-05-22,37.085472106933594,114.00907897949219,3.0069003105163574,18.169843673706055,12.809123039245605,2.690000057220459
2025-05-23,36.81666946411133,112.20611572265625,2.948513984680176,18.306753158569336,12.882423400878906,2.890000104904175
2025-05-26,37.027870178222656,110.48944854736328,2.9679760932922363,18.032934188842773,12.955723762512207,2.9000000953674316
2025-05-27,37.09507369995117,110.5278091430664,3.0069003105163574,17.46573829650879,12.937397003173828,2.990000009536743
2025-05-28,36.91267013549805,109.4920654296875,2.987438201904297,17.504854202270508,12.937397003173828,2.9600000381469727
2025-05-29,36.624664306640625,108.74402618408203,2.958244800567627,17.46573829650879,12.974047660827637,3.0
2025-05-30,36.72066879272461,108.04393768310547,2.9679760932922363,17.113683700561523,12.717499732971191,2.9100000858306885
2025-06-02,36.26945877075195,106.21219635009766,2.8609344959259033,17.36794662475586,12.57089900970459,2.9600000381469727
2025-06-03,36.05825424194336,105.51210021972656,2.8706655502319336,17.75911521911621,12.772473335266113,3.1500000953674316
2025-06-04,36.43266296386719,105.18604278564453,2.9387829303741455,17.778675079345703,13.08399772644043,3.180000066757202
2025-06-05,36.46146011352539,105.50251770019531,2.9387829303741455,17.54397201538086,12.955723762512207,3.119999885559082
2025-06-06,36.70146942138672,105.10931396484375,2.9387829303741455,17.935142517089844,13.39552116394043,3.2899999618530273
2025-06-09,,,,17.641765594482422,13.48714542388916,3.2699999809265137
2025-06-10,36.941471099853516,104.64897918701172,2.958244800567627,17.993816375732422,13.468820571899414,3.3299999237060547
2025-06-11,37.48868179321289,104.89832305908203,2.9777071475982666,18.63924789428711,13.78034496307373,3.4700000286102295
2025-06-12,36.80706787109375,103.17208099365234,2.9290518760681152,19.55849838256836,13.725616455078125,3.509999990463257
2025-06-13,35.847049713134766,102.02124786376953,2.8609344959259033,19.65629005432129,13.84144401550293,3.5
2025-06-16,35.943050384521484,102.7213363647461,2.919320821762085,19.108652114868164,13.764225006103516,3.5199999809265137
2025-06-17,35.808650970458984,102.75969696044922,2.9387829303741455,19.265119552612305,13.648397445678711,3.509999990463257
2025-06-18,35.3862419128418,101.65681457519531,2.8998587131500244,19.323793411254883,13.6290922164917,3.5299999713897705
2025-06-19,34.68543243408203,99.30720520019531,2.822010040283203,18.5805721282959,13.069257736206055,3.369999885559082
2025-06-20,34.762229919433594,97.9837417602539,2.8025481700897217,18.7565975189209,13.165781021118164,3.369999885559082
2025-06-23,34.21501922607422,97.65767669677734,2.7733547687530518,18.8348331451416,13.127171516418457,3.309999942779541
2025-06-24,35.02143859863281,100.64025115966797,2.8414721488952637,18.8348331451416,13.339521408081055,3.369999885559082
2025-06-25,34.666229248046875,100.02648162841797,2.7636237144470215,19.03041648864746,13.513264656066895,3.390000104904175
2025-06-26,34.67582702636719,99.92098236083984,2.822010040283203,19.245561599731445,13.764225006103516,3.6600000858306885
2025-06-27,36.02945327758789,104.505126953125,2.8609344959259033,20.04745864868164,14.825981140136719,3.819999933242798
2025-06-30,35.2806396484375,102.74050903320312,2.8317410945892334,19.607393264770508,14.710153579711914,3.8299999237060547
2025-07-01,35.10783767700195,101.77190399169922,2.890127658843994,,,
2025-07-02,35.712650299072266,103.86258697509766,3.0360934734344482,20.145252227783203,15.03833293914795,3.880000114440918
2025-07-03,37.69988250732422,105.73268127441406,3.1139421463012695,20.780902862548828,15.405121803283691,4.050000190734863
2025-07-04,37.18147277832031,104.34209442138672,3.0360934734344482,20.585315704345703,15.327903747558594,3.890000104904175
2025-07-07,37.056671142578125,104.16947174072266,3.0166313648223877,19.90077018737793,14.80667781829834,3.7699999809265137
2025-07-08,36.7110710144043,103.75708770751953,2.958244800567627,20.243043899536133,15.07694149017334,3.869999885559082
2025-07-09,36.3366584777832,103.18167114257812,2.9387829303741455,19.55849838256836,14.555716514587402,3.700000047683716
2025-07-10,36.76866912841797,104.16947174072266,2.958244800567627,19.362911224365234,14.555716514587402,3.5399999618530273
2025-07-11,37.786285400390625,106.5478515625,3.026362419128418,19.55849838256836,14.825981140136719,3.5799999237060547
2025-07-14,38.1414909362793,107.16162872314453,2.8706655502319336,19.998563766479492,15.134857177734375,3.609999895095825
2025-07-15,37.81508255004883,105.7614517211914,2.890127658843994,19.94966697692871,14.980419158935547,3.7899999618530273
2025-07-16,37.54628372192383,105.99161529541016,2.8025481700897217,20.096355438232422,14.787372589111328,3.75
2025-07-17,37.54628372192383,106.5478515625,2.7733547687530518,19.802978515625,14.536412239074707,3.619999885559082
2025-07-18,38.67910385131836,108.47549438476562,2.812278985977173,20.487525939941406,14.787372589111328,3.740000009536743
2025-07-21,38.84230422973633,109.77017974853516,2.9387829303741455,21.17207145690918,15.540254592895508,3.869999885559082
2025-07-22,39.85032272338867,113.47203063964844,2.9679760932922363,21.95441436767578,16.003564834594727,4.090000152587891
2025-07-23,40.17673110961914,114.57490539550781,3.055555820465088,22.198894500732422,16.158002853393555,4.110000133514404
2025-07-24,39.93672180175781,114.94892120361328,3.0360934734344482,22.052204132080078,16.447574615478516,4.150000095367432
2025-07-25,39.1687126159668,113.98989868164062,2.9679760932922363,21.95441436767578,16.293134689331055,4.119999885559082
2025-07-28,38.68870162963867,112.15815734863281,2.948513984680176,22.00330924987793,16.177309036254883,4.039999961853027
2025-07-29,38.80390167236328,112.13897705078125,2.919320821762085,21.905517578125,16.215917587280273,4.019999980926514
2025-07-30,38.61190414428711,111.06486511230469,2.9387829303741455,21.807723999023438,16.042177200317383,4.0
2025-07-31,37.68068313598633,107.1232681274414,2.8609344959259033,20.487525939941406,15.231379508972168,3.8399999141693115
2025-08-01,37.65188217163086,106.35604858398438,2.851203203201294,20.6831111907959,15.07694149017334,3.7200000286102295
2025-08-04,38.0070915222168,106.82597351074219,2.8609344959259033,21.181852340698242,15.337555885314941,3.8299999237060547
2025-08-05,38.20869064331055,107.28630065917969,2.851203203201294,21.533905029296875,15.569210052490234,3.940000057220459
2025-08-06,38.30469512939453,108.32205200195312,2.890127658843994,21.709930419921875,16.080785751342773,3.9800000190734863
2025-08-07,38.27589416503906,107.75623321533203,2.890127658843994,22.00330924987793,16.177309036254883,4.019999980926514
2025-08-08,38.602298736572266,108.96460723876953,2.9387829303741455,22.550945281982422,16.283485412597656,4.139999866485596
2025-08-11,39.23591232299805,110.56617736816406,2.987438201904297,22.355361938476562,16.843320846557617,4.199999809265137
2025-08-12,39.61031723022461,111.93758392333984,2.9679760932922363,22.374919891357422,16.86262321472168,4.21999979019165
2025-08-13,40.0615234375,113.01168823242188,2.9777071475982666,23.176820755004883,18.001598358154297,4.659999847412109
2025-08-14,39.85032272338867,110.89037322998047,2.822010040283203,23.411521911621094,18.484214782714844,4.579999923706055
2025-08-15,40.28232955932617,112.45428466796875,2.880396604537964,23.567989349365234,19.517013549804688,4.989999771118164
2025-08-18,39.81192398071289,110.74376678466797,2.851203203201294,22.961673736572266,18.638652801513672,4.920000076293945
2025-08-19,40.43593215942383,110.49940490722656,2.851203203201294,22.609622955322266,18.397342681884766,5.010000228881836
2025-08-20,40.080726623535156,110.35279083251953,2.7928168773651123,22.746532440185547,18.706218719482422,4.849999904632568
2025-08-21,40.378334045410156,111.437744140625,2.8317410945892334,22.39447784423828,18.628999710083008,4.789999961853027
2025-08-22,40.32073211669922,110.16707611083984,2.7636237144470215,22.374919891357422,18.493867874145508,4.809999942779541
2025-08-25,41.41515350341797,112.81593322753906,2.851203203201294,23.802690505981445,20.038240432739258,5.010000228881836
2025-08-26,40.94474411010742,112.81593322753906,2.822010040283203,24.252534866333008,20.5401611328125,5.159999847412109
2025-08-27,41.4919548034668,113.99862670898438,2.8317410945892334,24.193859100341797,20.36642074584961,5.090000152587891
2025-08-28,41.290348052978516,112.80615997314453,2.6273887157440186,24.13518524169922,20.289201736450195,5.0
2025-08-29,41.46315002441406,112.86480712890625,2.646851062774658,25.015317916870117,22.026620864868164,5.159999847412109
2025-09-01,40.99274444580078,111.4181900024414,2.6565821170806885,26.95160675048828,23.011159896850586,5.400000095367432
2025-09-02,41.13674545288086,111.85804748535156,2.637119770050049,26.50176429748535,22.52854347229004,5.409999847412109
2025-09-03,40.59913635253906,111.0076675415039,2.5592713356018066,26.990726470947266,23.590299606323242,5.519999980926514
2025-09-04,41.197044372558594,113.52946472167969,2.5884644985198975,26.091035842895508,22.972549438476562,5.179999828338623
2025-09-05,40.833946228027344,114.58509826660156,2.569002389907837,27.61659812927246,23.706127166748047,5.5
2025-09-08,40.59842300415039,115.54298400878906,2.578733444213867,27.127634048461914,23.358642578125,5.389999866485596
2025-09-09,40.20588302612305,114.30164337158203,2.539808988571167,28.222909927368164,23.358642578125,5.360000133514404
2025-09-10,39.70539474487305,111.985107421875,2.4814226627349854,28.598691940307617,23.532384872436523,5.289999961853027
2025-09-11,39.51893997192383,111.66255187988281,2.471691608428955,28.953710556030273,24.3045711517334,5.519999980926514
2025-09-12,40.04887008666992,112.83547973632812,2.5203468799591064,29.36789894104004,26.02268409729004,5.820000171661377
2025-09-15,39.823158264160156,112.70841217041016,2.539808988571167,29.1312198638916,25.57868003845215,5.71999979019165
2025-09-16,40.009613037109375,114.83922576904297,2.5495400428771973,28.973432540893555,24.96092987060547,5.599999904632568
2025-09-17,39.55819320678711,113.70540618896484,2.5592713356018066,28.381736755371094,24.941625595092773,5.579999923706055
2025-09-18,39.22453308105469,112.9332275390625,2.548658609390259,27.908376693725586,24.188743591308594,5.619999885559082
2025-09-19,38.90068817138672,111.42797088623047,2.568415641784668,28.677583694458008,24.497617721557617,5.800000190734863
2025-09-22,39.28341293334961,114.28208923339844,2.588172674179077,29.1312198638916,23.91847801208496,5.880000114440918
2025-09-23,39.469871520996094,115.61140441894531,2.558537244796753,29.289005279541016,23.860565185546875,5.829999923706055
2025-09-24,39.489498138427734,114.88809967041016,2.558537244796753,29.229833602905273,23.937782287597656,5.739999771118164
2025-09-25,40.892826080322266,119.02265930175781,2.6276869773864746,30.72879981994629,25.79102897644043,6.25
2025-09-26,41.43257141113281,120.42040252685547,2.6276869773864746,29.959592819213867,26.00338363647461,6.260000228881836
2025-09-29,41.12834930419922,118.51439666748047,2.6276869773864746,31.714962005615234,27.045835494995117,6.239999771118164
2025-09-30,41.736785888671875,119.27680206298828,2.7067151069641113,32.14887237548828,29.439611434936523,6.75
2025-10-01,40.69655990600586,119.81439208984375,2.7165935039520264,,,
2025-10-02,41.15779113769531,121.25122833251953,2.7363505363464355,33.430885314941406,30.385540008544922,6.909999847412109
2025-10-03,41.29518127441406,122.23843383789062,2.7561075687408447,32.87863540649414,31.678953170776367,7.010000228881836
2025-10-06,41.11853790283203,120.79183197021484,2.775864601135254,33.707008361816406,32.04574203491211,7.03000020980835
2025-10-07,41.17741775512695,121.3782958984375,2.894407033920288,,,
2025-10-08,41.10872268676758,122.46324920654297,2.973435163497925,33.805625915527344,33.9762077331543,7.179999828338623
2025-10-09,42.30596923828125,124.39857482910156,3.1413700580596924,35.63988494873047,36.75608444213867,7.539999961853027
2025-10-10,41.43257141113281,122.32640838623047,3.101855993270874,33.19420623779297,35.15378952026367,7.099999904632568
2025-10-13,41.10872268676758,122.38505554199219,3.022827625274658,33.76618194580078,34.45882797241211,7.300000190734863
2025-10-14,41.991939544677734,124.55496978759766,3.1314916610717773,31.55717658996582,31.949216842651367,6.75
2025-10-15,42.72795104980469,126.76397705078125,3.1710057258605957,33.03641891479492,32.933753967285156,6.900000095367432
2025-10-16,42.95366287231445,126.35345458984375,3.1512486934661865,32.56306076049805,31.736865997314453,6.710000038146973
2025-10-17,42.78683090209961,127.92713165283203,3.1808841228485107,32.14887237548828,30.231103897094727,6.360000133514404
2025-10-20,42.335411071777344,127.76097106933594,3.0820987224578857,32.01081085205078,30.790939331054688,6.489999771118164
2025-10-21,43.306949615478516,128.91433715820312,3.220398187637329,31.892471313476562,31.11911964416504,6.559999942779541
2025-10-22,42.698509216308594,127.45795440673828,3.121613025665283,31.359943389892578,30.559282302856445,6.659999847412109
2025-10-23,42.20783233642578,126.96923065185547,3.1413700580596924,31.320497512817383,30.53997802734375,6.559999942779541
2025-10-24,42.43354797363281,128.84593200683594,3.20064115524292,32.10942840576172,32.43183517456055,7.0
2025-10-27,42.72795104980469,130.47824096679688,3.20064115524292,32.46444320678711,33.8410758972168,7.210000038146973
2025-10-28,42.531681060791016,129.72561645507812,3.121613025665283,30.6499080657959,31.678953170776367,6.860000133514404
2025-10-29,43.0714225769043,130.34140014648438,3.1710057258605957,,,
2025-10-30,43.06161117553711,130.41958618164062,3.1611270904541016,32.05025863647461,33.30054473876953,7.079999923706055
2025-10-31,42.63962936401367,129.87222290039062,3.1314916610717773,31.79385757446289,31.331466674804688,6.909999847412109
2025-11-03,42.561119079589844,129.84291076660156,3.111734628677368,31.281049728393555,30.559282302856445,6.75
2025-11-04,41.74660110473633,126.48051452636719,3.022827625274658,29.604576110839844,29.226417541503906,6.460000038146973
2025-11-05,41.550331115722656,124.9557113647461,2.98331356048584,30.314613342285156,30.14647102355957,6.5
2025-11-06,42.198020935058594,127.80982971191406,3.012949228286743,31.616348266601562,31.066524505615234,6.739999771118164
2025-11-07,41.854549407958984,126.1286392211914,3.022827625274658,32.18832015991211,30.988222122192383,6.849999904632568
2025-11-10,41.854549407958984,126.8617172241211,3.1512486934661865,32.720848083496094,31.340585708618164,6.989999771118164
2025-11-11,41.991939544677734,126.63690948486328,3.1512486934661865,32.36582946777344,31.26228141784668,7.099999904632568
2025-11-12,42.25690460205078,129.48126220703125,3.20064115524292,32.16859436035156,31.203554153442383,7.119999885559082
2025-11-13,42.52186965942383,130.63462829589844,3.2401552200317383,33.52949905395508,32.16276168823242,7.369999885559082
2025-11-14,41.95268630981445,128.875244140625,3.1314916610717773,32.543338775634766,31.086101531982422,7.019999980926514
2025-11-17,41.687721252441406,129.59854125976562,3.1413700580596924,31.675514221191406,30.28350067138672,6.800000190734863
2025-11-18,40.13719177246094,126.16773986816406,3.0524632930755615,30.294889450073242,29.245990753173828,6.53000020980835
2025-11-19,40.186256408691406,126.35345458984375,3.0820987224578857,31.004926681518555,29.657079696655273,6.659999847412109
2025-11-20,40.94189453125,129.13914489746094,3.1808841228485107,30.689355850219727,29.75495719909668,6.679999828338623
2025-11-21,39.61707305908203,124.96549224853516,3.0425846576690674,29.58485221862793,28.619571685791016,6.369999885559082
2025-11-24,39.86240768432617,126.39254760742188,3.101855993270874,29.959592819213867,29.089385986328125,6.599999904632568
2025-11-25,40.24513626098633,129.29554748535156,3.111734628677368,30.492122650146484,29.441747665405273,6.739999771118164
2025-11-26,41.0400276184082,131.1526641845703,3.1710057258605957,29.860979080200195,29.617929458618164,6.78000020980835
2025-11-27,40.961524963378906,129.38351440429688,3.1808841228485107,30.27516746520996,29.89198875427246,6.800000190734863
2025-11-28,40.892826080322266,129.29554748535156,3.1808841228485107,30.27516746520996,30.029016494750977,6.909999847412109
2025-12-01,41.29518127441406,129.76470947265625,3.2697908878326416,31.87274742126465,33.08281326293945,7.800000190734863
2025-12-02,41.766231536865234,131.98348999023438,3.299426317214966,32.267215728759766,32.59342575073242,7.929999828338623
2025-12-03,42.15876770019531,132.2278594970703,3.3389406204223633,32.32638168334961,32.94578552246094,8.170000076293945
2025-12-04,43.670047760009766,137.4082794189453,3.4673612117767334,32.740570068359375,33.29814910888672,8.199999809265137
2025-12-05,44.00370407104492,135.34588623046875,3.447604179382324,33.92396545410156,35.33401107788086,8.470000267028809
2025-12-08,43.64060592651367,134.08497619628906,3.3685760498046875,33.47032928466797,35.15782928466797,8.380000114440918
2025-12-09,43.47377395629883,133.93836975097656,3.32906174659729,32.05025863647461,32.86748504638672,8.170000076293945
2025-12-10,43.70930099487305,134.39776611328125,3.398211717605591,32.50389099121094,33.258995056152344,8.369999885559082
2025-12-11,44.258853912353516,136.79249572753906,3.3883330821990967,32.62223434448242,32.71087646484375,8.130000114440918
2025-12-12,44.739715576171875,140.16465759277344,3.516753911972046,33.845069885253906,33.96371841430664,8.479999542236328
2025-12-15,43.4443359375,136.78271484375,3.4673612117767334,33.98313522338867,33.92456817626953,8.199999809265137
2025-12-16,43.41489791870117,137.1345977783203,3.398211717605591,32.484169006347656,33.16111755371094,7.929999828338623
2025-12-17,43.58172607421875,138.20977783203125,3.3685760498046875,33.07586669921875,34.43353271484375,8.25
2025-12-18,44.04296112060547,139.65638732910156,3.3586976528167725,32.740570068359375,34.45310974121094,8.239999771118164
2025-12-19,43.532657623291016,139.84210205078125,3.32906174659729,33.135032653808594,35.45146942138672,8.40999984741211
2025-12-22,44.22941589355469,141.25938415527344,3.427847146987915,34.890403747558594,37.17412185668945,8.760000228881836
2025-12-23,44.72990417480469,143.0969696044922,3.447604179382324,34.35787582397461,36.21491622924805,8.670000076293945
2025-12-24,44.76915740966797,144.17214965820312,3.4673612117767334,34.63399887084961,36.273643493652344,8.680000305175781
2025-12-29,44.60232925415039,143.40975952148438,3.54638934135437,33.6478385925293,38.81847381591797,8.529999732971191
2025-12-30,44.258853912353516,143.69320678710938,3.4772398471832275,34.87068176269531,39.83641052246094,8.619999885559082
2025-12-31,44.64158248901367,143.50750732421875,3.516753911972046,35.166526794433594,41.676517486572266,8.8100004196167
2026-01-02,44.90654373168945,144.3578643798828,3.5068752765655518,36.42881393432617,42.753177642822266,9.119999885559082
2026-01-05,45.61311721801758,146.21499633789062,3.615539312362671,36.113243103027344,41.55906295776367,9.050000190734863
2026-01-06,46.339317321777344,148.83453369140625,3.734081268310547,37.73054885864258,43.84941101074219,9.489999771118164
2026-01-07,46.81036376953125,151.23902893066406,3.7933523654937744,37.3952522277832,43.45790100097656,9.350000381469727
2026-01-08,46.45707702636719,149.18641662597656,3.76371693611145,36.685218811035156,42.67487335205078,9.109999656677246
2026-01-09,46.82999038696289,139.8323211669922,3.8032310009002686,37.73054885864258,43.53620147705078,9.350000381469727
2026-01-12,45.642555236816406,139.21653747558594,3.852623701095581,38.73643493652344,43.45790100097656,9.489999771118164
2026-01-13,46.692604064941406,142.24659729003906,3.9118947982788086,39.663429260253906,44.59328842163086,9.649999618530273
2026-01-14,47.222530364990234,143.35110473632812,3.9118947982788086,40.23540115356445,45.31758499145508,9.670000076293945
2026-01-15,48.449214935302734,143.87892150878906,4.089707851409912,39.44647216796875,45.983154296875,9.729999542236328
2026-01-16,48.0763053894043,144.9052276611328,4.1094651222229,38.913944244384766,46.707454681396484,9.479999542236328
2026-01-19,47.840782165527344,146.00973510742188,4.168735980987549,38.77587890625,44.906497955322266,9.329999923706055
2026-01-20,46.88887023925781,143.03831481933594,4.0995869636535645,39.4267463684082,44.49540710449219,9.300000190734863
2026-01-21,47.5758171081543,146.7135009765625,4.1292219161987305,40.353736877441406,44.39752960205078,9.489999771118164
2026-01-22,47.18327713012695,147.6127471923828,4.346549987792969,39.4267463684082,43.653656005859375,9.40999984741211
2026-01-23,47.52674865722656,145.3646240234375,4.336670875549316,39.86065673828125,44.260501861572266,10.489999771118164
2026-01-26,,,,41.5963020324707,45.88528060913086,10.880000114440918
2026-01-27,48.82212829589844,147.78866577148438,4.4453349113464355,42.79942321777344,45.023948669433594,10.899999618530273
2026-01-28,49.65627670288086,151.32701110839844,4.504606246948242,44.14059829711914,48.74332046508789,11.15999984741211
2026-01-29,50.5493049621582,153.4969024658203,4.623147964477539,45.501502990722656,51.679664611816406,11.369999885559082
2026-01-30,49.626834869384766,148.1307830810547,4.563877105712891,41.3201789855957,46.45296859741211,10.289999961853027
2026-02-02,48.49828338623047,146.59619140625,4.366306781768799,39.0125617980957,42.43996810913086,9.520000457763672
2026-02-03,49.195045471191406,149.42098999023438,4.45521354675293,40.78765106201172,44.338802337646484,10.09000015258789
2026-02-04,51.422706604003906,155.83299255371094,4.731812000274658,41.06377410888672,45.1805534362793,10.600000381469727
2026-02-05,49.420753479003906,153.5848846435547,4.5441203117370605,39.111175537109375,42.49869155883789,9.90999984741211
2026-02-06,47.880035400390625,153.5360107421875,4.356428146362305,38.558921813964844,41.715667724609375,9.600000381469727
2026-02-09,48.8025016784668,156.7517852783203,4.494727611541748,40.70875549316406,42.47911834716797,10.079999923706055
2026-02-10,49.32261657714844,158.92169189453125,4.534241676330566,41.73436737060547,43.399173736572266,10.0
2026-02-11,50.11751174926758,160.8472442626953,4.603391170501709,42.91775894165039,43.71238327026367,10.15999984741211
2026-02-12,51.11848831176758,164.99159240722656,4.465092182159424,44.397003173828125,43.653656005859375,10.359999656677246
2026-02-13,50.1763916015625,165.91038513183594,4.366306781768799,41.004608154296875,41.73524475097656,9.619999885559082
2026-02-16,49.420753479003906,159.07809448242188,4.356428146362305,42.68107986450195,43.41875076293945,9.979999542236328
2026-02-17,51.75636672973633,159.35177612304688,4.386064052581787,,,
2026-02-18,51.31475830078125,161.46304321289062,4.336670875549316,,,
2026-02-19,52.23722457885742,164.7472381591797,4.356428146362305,,,
2026-02-20,52.33536148071289,159.6156768798828,4.336670875549316,42.0499382019043,42.831478118896484,9.800000190734863
2026-02-23,53.01249313354492,157.46531677246094,4.386064052581787,44.29838562011719,44.906497955322266,10.449999809265137
2026-02-24,53.728878021240234,155.72547912597656,4.45521354675293,43.41084289550781,44.260501861572266,10.260000228881836
2026-02-25,55.456050872802734,158.99989318847656,4.524363040924072,44.278663635253906,45.35673522949219,10.75
2026-02-26,56.67292404174805,164.82542419433594,4.5441203117370605,43.86447525024414,44.143043518066406,10.529999732971191
2026-02-27,57.320613861083984,163.5547637939453,4.5441203117370605,44.377281188964844,44.6324348449707,10.8100004196167
2026-03-02,58.14494705200195,165.61715698242188,4.69229793548584,45.402889251708984,44.82819366455078,11.029999732971191
2026-03-03,56.62385940551758,161.63897705078125,4.514484882354736,42.62191390991211,41.656944274902344,10.0
2026-03-04,54.64153289794922,159.0292205810547,4.484848976135254,41.359622955322266,41.16755294799805,9.569999694824219
2026-03-05,55.150001525878906,164.5800018310547,4.610000133514404,40.29457092285156,41.05009460449219,9.0
2026-03-06,52.810001373291016,158.6699981689453,4.5,39.5648078918457,40.07131576538086,8.989999771118164
2026-03-09,50.099998474121094,152.67999267578125,4.269999980926514,38.44058609008789,38.857627868652344,8.800000190734863
2026-03-10,51.22999954223633,153.61000061035156,4.260000228881836,39.387298583984375,39.83641052246094,8.960000038146973
2026-03-11,51.959999084472656,155.3000030517578,4.360000133514404,39.20978927612305,39.601497650146484,8.90999984741211
2026-03-12,50.97999954223633,153.08999633789062,4.349999904632568,39.170345306396484,39.81683349609375,8.720000267028809
2026-03-13,49.79999923706055,157.88999938964844,4.409999847412109,37.73054885864258,39.22956466674805,8.449999809265137
2026-03-16,49.189998626708984,154.6999969482422,4.159999847412109,36.46826171875,37.72224044799805,8.300000190734863
2026-03-17,49.72999954223633,155.17999267578125,4.179999828338623,36.42881393432617,37.29157257080078,8.350000381469727
2026-03-18,50.09000015258789,156.3800048828125,4.179999828338623,36.823280334472656,37.83969497680664,8.449999809265137
2026-03-19,48.349998474121094,151.35000610351562,4.050000190734863,34.21981430053711,35.862552642822266,7.900000095367432
2026-03-20,47.470001220703125,146.9199981689453,3.9800000190734863,33.746456146240234,35.35358810424805,7.559999942779541
2026-03-23,47.11000061035156,144.41000366210938,3.8499999046325684,32.06998062133789,33.45475387573242,7.119999885559082
2026-03-24,48.52000045776367,147.55999755859375,3.930000066757202,34.377601623535156,34.648868560791016,7.650000095367432
2026-03-25,50.119998931884766,149.91000366210938,4.110000133514404,35.12708282470703,36.37152099609375,7.829999923706055
2026-03-26,50.22999954223633,151.02000427246094,4.079999923706055,33.411163330078125,35.647220611572266,7.460000038146973
2026-03-27,50.369998931884766,153.22999572753906,4.03000020980835,33.47032928466797,35.09910583496094,7.460000038146973
2026-03-30,50.43000030517578,160.77999877929688,4.409999847412109,33.746456146240234,34.78589630126953,7.480000019073486
2026-03-31,50.38999938964844,161.42999267578125,4.269999980926514,33.884517669677734,33.37644958496094,7.21999979019165
2026-04-01,52.560001373291016,167.08999633789062,4.480000019073486,35.89628982543945,35.07952880859375,7.840000152587891
2026-04-02,51.22999954223633,161.6199951171875,4.420000076293945,34.831233978271484,34.06159591674805,7.570000171661377
2026-04-07,52.91999816894531,166.39999389648438,4.550000190734863,,,
2026-04-08,54.529998779296875,173.63999938964844,4.570000171661377,36.66549301147461,37.01751708984375,8.329999923706055
2026-04-09,54.560001373291016,171.75999450683594,4.579999923706055,35.9554557800293,36.11703872680664,8.329999923706055
2026-04-10,53.97999954223633,171.22999572753906,4.630000114440918,35.975181579589844,36.15618896484375,8.289999961853027
2026-04-13,54.349998474121094,172.07000732421875,4.619999885559082,36.09352111816406,36.09746170043945,8.329999923706055
2026-04-14,56.099998474121094,174.2899932861328,4.670000076293945,37.17829895019531,37.19369888305664,8.5
2026-04-15,56.11000061035156,173.82000732421875,4.630000114440918,37.45442199707031,38.34865951538086,8.510000228881836
2026-04-16,55.91999816894531,172.60000610351562,4.619999885559082,37.29663848876953,39.19041442871094,8.699999809265137
2026-04-17,55.91999816894531,173.75,4.53000020980835,36.113243103027344,38.28993225097656,8.420000076293945
2026-04-20,55.689998626708984,172.50999450683594,4.389999866485596,36.6063232421875,38.32908248901367,8.5600004196167
2026-04-21,55.5099983215332,173.86000061035156,4.409999847412109,37.67137908935547,38.03544998168945,8.449999809265137
2026-04-22,56.16999816894531,173.0500030517578,4.5,37.31636047363281,37.546058654785156,9.079999923706055
2026-04-23,56.029998779296875,171.9499969482422,4.380000114440918,36.38936996459961,36.33237075805664,9.199999809265137
2026-04-24,56.099998474121094,171.58999633789062,4.320000171661377,36.29075241088867,36.488975524902344,9.069999694824219
2026-04-27,56.15999984741211,172.92999267578125,4.389999866485596,35.718780517578125,36.488975524902344,8.819999694824219
2026-04-28,55.43000030517578,172.1199951171875,4.309999942779541,34.87068176269531,35.70594787597656,8.630000114440918
2026-04-29,54.95000076293945,170.8000030517578,4.260000228881836,35.9554557800293,37.87884521484375,8.699999809265137
2026-04-30,53.720001220703125,167.39999389648438,4.03000020980835,35.18625259399414,35.842979431152344,8.3100004196167
2026-05-01,54.939998626708984,171.97000122070312,4.119999885559082,,,
2026-05-04,54.95000076293945,170.86000061035156,4.090000152587891,35.30459213256836,36.19533920288086,8.279999732971191
2026-05-05,54.720001220703125,170.67999267578125,4.059999942779541,35.00874328613281,35.842979431152344,8.270000457763672
2026-05-06,56.38999938964844,174.60000610351562,4.139999866485596,36.78383255004883,36.74345779418945,8.739999771118164
2026-05-07,58.52000045776367,180.24000549316406,4.190000057220459,37.63193130493164,37.546058654785156,9.380000114440918
2026-05-08,57.95000076293945,178.72000122070312,4.139999866485596,37.967227935791016,38.50526428222656,10.0
2026-05-11,58.33000183105469,179.7899932861328,4.199999809265137,37.2571907043457,37.800540924072266,9.960000038146973
2026-05-12,59.779998779296875,185.4199981689453,4.349999904632568,37.908058166503906,38.857627868652344,10.119999885559082
2026-05-13,61.52000045776367,189.0,4.489999771118164,38.282798767089844,39.62107467651367,10.619999885559082
2026-05-14,62.060001373291016,191.97000122070312,4.440000057220459,36.70494079589844,38.56399154663086,10.350000381469727
2026-05-15,60.459999084472656,185.75,4.210000038146973,34.67344665527344,36.21491622924805,9.569999694824219
2026-05-18,58.77000045776367,179.00999450683594,4.03000020980835,33.943687438964844,35.177406311035156,9.239999771118164
2026-05-19,58.70000076293945,178.66000366210938,4.059999942779541,32.93780517578125,34.550987243652344,8.970000267028809
2026-05-20,57.33000183105469,176.07000732421875,4.039999961853027,32.267215728759766,35.21656036376953,9.020000457763672
2026-05-21,59.099998474121094,181.67999267578125,4.139999866485596,32.03053283691406,34.49226379394531,8.819999694824219
2026-05-22,59.75,184.80999755859375,4.349999904632568,33.411163330078125,35.54934310913086,9.140000343322754
2026-05-25,60.119998931884766,187.80999755859375,4.420000076293945,,,
2026-05-26,60.349998474121094,188.30999755859375,4.630000114440918,34.890403747558594,36.410675048828125,9.5600004196167
2026-05-27,61.279998779296875,188.22000122070312,4.789999961853027,33.707008361816406,34.86419677734375,9.220000267028809
2026-05-28,60.54999923706055,183.4600067138672,4.670000076293945,32.42499923706055,34.02244567871094,8.960000038146973
2026-05-29,62.310001373291016,185.6300048828125,4.809999942779541,32.32638168334961,34.45310974121094,8.8100004196167
2026-06-01,62.47999954223633,188.50999450683594,4.739999771118164,32.30665969848633,33.885414123535156,9.119999885559082
2026-06-02,63.369998931884766,191.3699951171875,4.820000171661377,33.963409423828125,37.40903091430664,9.6899995803833
2026-06-03,64.91000366210938,194.47000122070312,4.909999847412109,33.76618194580078,37.546058654785156,9.779999732971191
2026-06-04,62.79999923706055,188.0800018310547,4.75,32.858909606933594,35.92128372192383,9.260000228881836
2026-06-05,61.2400016784668,184.5800018310547,4.630000114440918,32.50389099121094,34.766319274902344,8.800000190734863
2026-06-08,,,,31.12326431274414,32.82833480834961,8.34000015258789
2026-06-09,60.08000183105469,181.22999572753906,4.53000020980835,30.639999389648438,32.59342575073242,8.270000457763672
2026-06-10,60.20000076293945,179.44000244140625,4.480000019073486,29.719999313354492,31.810400009155273,8.109999656677246
2026-06-11,60.79999923706055,180.0,4.369999885559082,29.100000381469727,31.719999313354492,8.369999885559082
2026-06-12,62.93000030517578,184.32000732421875,4.519999980926514,31.399999618530273,34.540000915527344,8.949999809265137
2026-06-15,65.18000030517578,189.30999755859375,4.46999979019165,33.560001373291016,37.20000076293945,9.739999771118164
2026-06-16,65.19000244140625,188.72000122070312,4.269999980926514,33.34000015258789,36.84000015258789,8.579999923706055
2026-06-17,65.58999633789062,186.91000366210938,4.289999961853027,33.099998474121094,37.58000183105469,8.569999694824219
2026-06-18,65.04000091552734,183.08999633789062,4.25,32.08000183105469,41.060001373291016,8.25
2026-06-19,61.400001525878906,177.3699951171875,4.130000114440918,,,
2026-06-22,60.34000015258789,175.99000549316406,4.150000095367432,31.6200008392334,40.70000076293945,8.270000457763672
2026-06-23,59.91999816894531,176.02000427246094,4.139999866485596,29.559999465942383,36.380001068115234,7.650000095367432
2026-06-24,59.5,173.9199981689453,4.059999942779541,29.440000534057617,34.81999969482422,7.480000019073486
2026-06-25,58.52000045776367,169.99000549316406,3.9200000762939453,28.040000915527344,32.52000045776367,7.010000228881836
2026-06-26,58.9900016784668,173.63999938964844,3.9100000858306885,,,
