dtc_order_no,dtc_row_id,ticket_row_id,ticket,score,raw,max_possible,breakdown,ticket_weight,ticket_date,ticket_desc,ticket_code
1507,1,1043,17717,90.4,131.06,145.0,code+40.0;desc+20.0;net_wt+40.0;date+25.0;time+6.06,11960,2026-03-05 18:48:09.285,STEEL TURNING,TURNSTEEL
1507,1,1014,17549,39.5,52.5,133.0,code+40.0;desc+20.0;net_wt_over-15.0;date+7.5,14240,2026-03-02 20:40:40.114,STEEL TURNING,TURNSTEEL
1507,1,1001,17496,39.5,52.5,133.0,code+40.0;desc+20.0;net_wt_over-15.0;date+7.5,945,2026-03-02 15:37:36.586,STEEL TURNING,TURNSTEEL
1507,1,999,17496,39.5,52.5,133.0,code+40.0;desc+20.0;net_wt_over-15.0;date+7.5,191,2026-03-02 15:37:36.586,STEEL TURNING,TURNSTEEL
1507,1,1092,17869,36.1,48.0,133.0,code+40.0;desc+20.0;net_wt_over-15.0;date+3.0,940,2026-03-09 19:34:13.444,STEEL TURNING,TURNSTEEL
1507,1,1093,17869,36.1,48.0,133.0,code+40.0;desc+20.0;net_wt_over-15.0;date+3.0,934,2026-03-09 19:34:13.444,STEEL TURNING,TURNSTEEL
1507,1,1094,17869,36.1,48.0,133.0,code+40.0;desc+20.0;net_wt_over-15.0;date+3.0,849,2026-03-09 19:34:13.444,STEEL TURNING,TURNSTEEL
1507,1,1095,17869,36.1,48.0,133.0,code+40.0;desc+20.0;net_wt_over-15.0;date+3.0,830,2026-03-09 19:34:13.444,STEEL TURNING,TURNSTEEL
1507,1,1096,17869,36.1,48.0,133.0,code+40.0;desc+20.0;net_wt_over-15.0;date+3.0,817,2026-03-09 19:34:13.444,STEEL TURNING,TURNSTEEL
1507,1,1097,17869,36.1,48.0,133.0,code+40.0;desc+20.0;net_wt_over-15.0;date+3.0,808,2026-03-09 19:34:13.444,STEEL TURNING,TURNSTEEL
1507,1,1098,17869,36.1,48.0,133.0,code+40.0;desc+20.0;net_wt_over-15.0;date+3.0,805,2026-03-09 19:34:13.444,STEEL TURNING,TURNSTEEL
1507,1,1099,17869,36.1,48.0,133.0,code+40.0;desc+20.0;net_wt_over-15.0;date+3.0,798,2026-03-09 19:34:13.444,STEEL TURNING,TURNSTEEL
1507,1,1100,17869,36.1,48.0,133.0,code+40.0;desc+20.0;net_wt_over-15.0;date+3.0,715,2026-03-09 19:34:13.444,STEEL TURNING,TURNSTEEL
1507,1,1101,17869,36.1,48.0,133.0,code+40.0;desc+20.0;net_wt_over-15.0;date+3.0,519,2026-03-09 19:34:13.444,STEEL TURNING,TURNSTEEL
1507,1,1102,17869,36.1,48.0,133.0,code+40.0;desc+20.0;net_wt_over-15.0;date+3.0,500,2026-03-09 19:34:13.444,STEEL TURNING,TURNSTEEL
1507,1,1103,17884,36.1,48.0,133.0,code+40.0;desc+20.0;net_wt_over-15.0;date+3.0,19260,2026-03-10 12:15:22.063,STEEL TURNING,TURNSTEEL
1507,1,1113,17908,36.1,48.0,133.0,code+40.0;desc+20.0;net_wt_over-15.0;date+3.0,19120,2026-03-10 14:53:54.506,STEEL TURNING,TURNSTEEL
1507,1,1119,18057,36.1,48.0,133.0,code+40.0;desc+20.0;net_wt_over-15.0;date+3.0,23660,2026-03-10 16:22:25.000,STEEL TURNING,TURNSTEEL
1507,1,1192,18048,36.1,48.0,133.0,code+40.0;desc+20.0;net_wt_over-15.0;date+3.0,27360,2026-03-12 19:22:46.250,STEEL TURNING,TURNSTEEL
1507,1,1077,17888,36.1,48.0,133.0,code+40.0;desc+20.0;net_wt_over-15.0;date+3.0,33560,2026-03-09 12:35:20.000,STEEL TURNING,TURNSTEEL
1507,1,1242,18064,33.8,45.0,133.0,code+40.0;desc+20.0;net_wt_over-15.0,1189,2026-03-13 13:59:41.493,STEEL TURNING,TURNSTEEL
1507,1,1243,18064,33.8,45.0,133.0,code+40.0;desc+20.0;net_wt_over-15.0,805,2026-03-13 13:59:41.493,STEEL TURNING,TURNSTEEL
1507,1,1244,18064,33.8,45.0,133.0,code+40.0;desc+20.0;net_wt_over-15.0,634,2026-03-13 13:59:41.493,STEEL TURNING,TURNSTEEL
1507,1,1245,18064,33.8,45.0,133.0,code+40.0;desc+20.0;net_wt_over-15.0,509,2026-03-13 13:59:41.493,STEEL TURNING,TURNSTEEL
1507,1,1246,18064,33.8,45.0,133.0,code+40.0;desc+20.0;net_wt_over-15.0,379,2026-03-13 13:59:41.493,STEEL TURNING,TURNSTEEL
1507,1,1247,18083,33.8,45.0,133.0,code+40.0;desc+20.0;net_wt_over-15.0,30160,2026-03-13 16:28:29.065,STEEL TURNING,TURNSTEEL
1507,1,860,17188,33.8,45.0,133.0,code+40.0;desc+20.0;net_wt_over-15.0,56480,2026-02-19 20:20:06.332,STEEL TURNING,TURNSTEEL
1507,1,861,17189,33.8,45.0,133.0,code+40.0;desc+20.0;net_wt_over-15.0,12280,2026-02-19 20:20:53.518,STEEL TURNING,TURNSTEEL
1507,1,921,17276,33.8,45.0,133.0,code+40.0;desc+20.0;net_wt_over-15.0,4760,2026-02-23 19:43:15.611,STEEL TURNING,TURNSTEEL
1507,1,863,17281,33.8,45.0,133.0,code+40.0;desc+20.0;net_wt_over-15.0,333,2026-02-20 13:13:29.992,STEEL TURNING,TURNSTEEL
1507,1,864,17281,33.8,45.0,133.0,code+40.0;desc+20.0;net_wt_over-15.0,95,2026-02-20 13:13:29.992,STEEL TURNING,TURNSTEEL
1507,1,882,17281,33.8,45.0,133.0,code+40.0;desc+20.0;net_wt_over-15.0,427,2026-02-20 13:13:29.992,STEEL TURNING,TURNSTEEL
1507,1,900,17239,33.8,45.0,133.0,code+40.0;desc+20.0;net_wt_over-15.0,209,2026-02-20 20:22:34.380,STEEL TURNING,TURNSTEEL
1507,1,909,17239,33.8,45.0,133.0,code+40.0;desc+20.0;net_wt_over-15.0,125,2026-02-20 20:22:34.380,STEEL TURNING,TURNSTEEL
1507,1,914,17239,33.8,45.0,133.0,code+40.0;desc+20.0;net_wt_over-15.0,1184,2026-02-20 20:22:34.380,STEEL TURNING,TURNSTEEL
1507,1,915,17239,33.8,45.0,133.0,code+40.0;desc+20.0;net_wt_over-15.0,271,2026-02-20 20:22:34.380,STEEL TURNING,TURNSTEEL
1507,1,918,17284,33.8,45.0,133.0,code+40.0;desc+20.0;net_wt_over-15.0,19820,2026-02-23 13:05:32.657,STEEL TURNING,TURNSTEEL
1507,1,922,17277,33.8,45.0,133.0,code+40.0;desc+20.0;net_wt_over-15.0,29980,2026-02-23 19:57:36.837,STEEL TURNING,TURNSTEEL
1507,1,951,17350,33.8,45.0,133.0,code+40.0;desc+20.0;net_wt_over-15.0,75,2026-02-25 18:31:22.136,STEEL TURNING,TURNSTEEL
1507,1,925,17303,33.8,45.0,133.0,code+40.0;desc+20.0;net_wt_over-15.0,15180,2026-02-24 17:35:47.621,STEEL TURNING,TURNSTEEL
1507,1,939,17323,33.8,45.0,133.0,code+40.0;desc+20.0;net_wt_over-15.0,28440,2026-02-24 20:43:39.203,STEEL TURNING,TURNSTEEL
1507,1,941,17329,33.8,45.0,133.0,code+40.0;desc+20.0;net_wt_over-15.0,8600,2026-02-25 15:06:59.090,STEEL TURNING,TURNSTEEL
1507,1,943,17341,33.8,45.0,133.0,code+40.0;desc+20.0;net_wt_over-15.0,17080,2026-02-25 17:14:49.808,STEEL TURNING,TURNSTEEL
1507,1,947,17350,33.8,45.0,133.0,code+40.0;desc+20.0;net_wt_over-15.0,204,2026-02-25 18:31:22.136,STEEL TURNING,TURNSTEEL
1507,1,948,17350,33.8,45.0,133.0,code+40.0;desc+20.0;net_wt_over-15.0,139,2026-02-25 18:31:22.136,STEEL TURNING,TURNSTEEL
1507,1,949,17350,33.8,45.0,133.0,code+40.0;desc+20.0;net_wt_over-15.0,138,2026-02-25 18:31:22.136,STEEL TURNING,TURNSTEEL
1507,1,950,17350,33.8,45.0,133.0,code+40.0;desc+20.0;net_wt_over-15.0,82,2026-02-25 18:31:22.136,STEEL TURNING,TURNSTEEL
1507,1,1254,18176,33.8,45.0,133.0,code+40.0;desc+20.0;net_wt_over-15.0,19540,2026-03-16 18:14:21.309,STEEL TURNING,TURNSTEEL
1506,2,1044,17718,90.4,131.03,145.0,code+40.0;desc+20.0;net_wt+40.0;date+25.0;time+6.03,25600,2026-03-05 18:49:10.803,STEEL WIRE,STWR
1506,2,1013,17548,39.5,52.5,133.0,code+40.0;desc+20.0;net_wt_over-15.0;date+7.5,20060,2026-03-02 20:39:51.678,STEEL WIRE,STWR
1506,2,1151,18012,36.1,48.0,133.0,code+40.0;desc+20.0;net_wt_over-15.0;date+3.0,53840,2026-03-11 14:38:58.000,STEEL WIRE,STWR
1506,2,891,17223,33.8,45.0,133.0,code+40.0;desc+20.0;net_wt_over-15.0,44380,2026-02-20 19:05:08.025,STEEL WIRE,STWR
1506,2,940,17371,33.8,45.0,133.0,code+40.0;desc+20.0;net_wt_over-15.0,46900,2026-02-25 13:02:56.737,STEEL WIRE,STWR
1506,2,1255,18184,33.8,45.0,133.0,code+40.0;desc+20.0;net_wt_over-15.0,36740,2026-03-16 19:10:48.190,STEEL WIRE,STWR
1501,3,1036,17679,92.3,133.85,145.0,code+40.0;desc+20.0;net_wt+40.0;date+25.0;time+6.03;price+2.82,34120,2026-03-04 20:43:27.138,BUSHELING,Indbush
1501,3,924,17293,75.2,100.0,133.0,code+40.0;desc+20.0;net_wt+40.0,33960,2026-02-24 15:30:17.646,BUSHELING,Indbush
1501,3,1021,17564,74.6,99.21,133.0,code+40.0;desc+20.0;net_wt+24.21;date+15.0,33680,2026-03-03 13:54:47.686,BUSHELING,Indbush
1501,3,1031,17682,56.6,82.06,145.0,code+40.0;desc+20.0;net_wt_over-15.0;date+25.0;time+10.14;price+1.92,24820,2026-03-04 12:53:51.635,BUSHELING,Indbush
1501,3,1037,17687,45.1,60.0,133.0,code+40.0;desc+20.0;net_wt_over-15.0;date+15.0,15760,2026-03-05 13:52:51.942,BUSHELING,Indbush
1501,3,1008,17498,43.3,57.55,133.0,code+40.0;desc+20.0;net_wt_over-15.0;date+7.5;price+5.05,760,2026-03-02 15:46:53.340,BUSHELING,Indbush
1501,3,1105,17964,38.2,50.82,133.0,code+40.0;desc+20.0;net_wt_over-15.0;date+3.0;price+2.82,44640,2026-03-10 14:42:39.000,BUSHELING,Indbush
1501,3,982,17401,38.2,50.82,133.0,code+40.0;desc+20.0;net_wt_over-15.0;date+3.0;price+2.82,1000,2026-02-26 18:11:45.366,BUSHELING,Indbush
1501,3,984,17409,38.2,50.82,133.0,code+40.0;desc+20.0;net_wt_over-15.0;date+3.0;price+2.82,29080,2026-02-26 19:39:52.380,BUSHELING,Indbush
1501,3,798,17145,37.6,50.05,133.0,code+40.0;desc+20.0;net_wt_over-15.0;price+5.05,1100,2026-02-19 14:49:34.775,BUSHELING,Indbush
1501,3,1263,18214,37.6,50.05,133.0,code+40.0;desc+20.0;net_wt_over-15.0;price+5.05,740,2026-03-17 15:34:10.534,BUSHELING,Indbush
1501,3,1262,18214,37.6,50.05,133.0,code+40.0;desc+20.0;net_wt_over-15.0;price+5.05,920,2026-03-17 15:34:10.534,BUSHELING,Indbush
1501,3,1261,18214,37.6,50.05,133.0,code+40.0;desc+20.0;net_wt_over-15.0;price+5.05,1100,2026-03-17 15:34:10.534,BUSHELING,Indbush
1501,3,1264,18214,37.6,50.05,133.0,code+40.0;desc+20.0;net_wt_over-15.0;price+5.05,720,2026-03-17 15:34:10.534,BUSHELING,Indbush
1501,3,801,17145,37.6,50.05,133.0,code+40.0;desc+20.0;net_wt_over-15.0;price+5.05,576,2026-02-19 14:49:34.775,BUSHELING,Indbush
1501,3,799,17145,37.6,50.05,133.0,code+40.0;desc+20.0;net_wt_over-15.0;price+5.05,1180,2026-02-19 14:49:34.775,BUSHELING,Indbush
1501,3,968,17385,36.1,48.0,133.0,code+40.0;desc+20.0;net_wt_over-15.0;date+3.0,27020,2026-02-26 16:25:11.437,BUSHELING,Indbush
1501,3,1117,17919,36.1,48.0,133.0,code+40.0;desc+20.0;net_wt_over-15.0;date+3.0,22440,2026-03-10 15:39:32.496,BUSHELING,Indbush
1501,3,1120,17949,36.1,48.0,133.0,code+40.0;desc+20.0;net_wt_over-15.0;date+3.0,4444,2026-03-10 18:57:07.417,BUSHELING,Indbush
1501,3,892,17225,36.0,47.82,133.0,code+40.0;desc+20.0;net_wt_over-15.0;price+2.82,27180,2026-02-20 19:06:31.247,BUSHELING,Indbush
1501,3,1256,18185,36.0,47.82,133.0,code+40.0;desc+20.0;net_wt_over-15.0;price+2.82,27420,2026-03-16 19:13:10.616,BUSHELING,Indbush
1501,3,1185,18034,33.8,45.0,133.0,code+40.0;desc+20.0;net_wt_over-15.0,21300,2026-03-12 17:08:08.876,BUSHELING,Indbush
1501,3,1257,18198,33.8,45.0,133.0,code+40.0;desc+20.0;net_wt_over-15.0,22040,2026-03-17 13:05:40.948,BUSHELING,Indbush
1501,3,859,17182,33.8,45.0,133.0,code+40.0;desc+20.0;net_wt_over-15.0,10120,2026-02-19 19:07:19.159,BUSHELING,Indbush
1501,3,795,17142,33.8,45.0,133.0,code+40.0;desc+20.0;net_wt_over-15.0,16580,2026-02-19 14:31:46.455,BUSHELING,Indbush
1501,3,1077,17888,0.0,-19.83,133.0,code_diff-40.0;net_wt+17.17;date+3.0,33560,2026-03-09 12:35:20.000,STEEL TURNING,TURNSTEEL
1502,4,1031,17682,91.7,132.93,145.0,code+40.0;desc+20.0;net_wt+40.0;date+25.0;time+6.01;price+1.92,24820,2026-03-04 12:53:51.635,BUSHELING,Indbush
1502,4,1036,17679,50.2,72.82,145.0,code+40.0;desc+20.0;net_wt_over-15.0;date+25.0;price+2.82,34120,2026-03-04 20:43:27.138,BUSHELING,Indbush
1502,4,1037,17687,45.1,60.0,133.0,code+40.0;desc+20.0;net_wt_over-15.0;date+15.0,15760,2026-03-05 13:52:51.942,BUSHELING,Indbush
1502,4,1021,17564,45.1,60.0,133.0,code+40.0;desc+20.0;net_wt_over-15.0;date+15.0,33680,2026-03-03 13:54:47.686,BUSHELING,Indbush
1502,4,1008,17498,43.3,57.55,133.0,code+40.0;desc+20.0;net_wt_over-15.0;date+7.5;price+5.05,760,2026-03-02 15:46:53.340,BUSHELING,Indbush
1502,4,1105,17964,38.2,50.82,133.0,code+40.0;desc+20.0;net_wt_over-15.0;date+3.0;price+2.82,44640,2026-03-10 14:42:39.000,BUSHELING,Indbush
1502,4,982,17401,38.2,50.82,133.0,code+40.0;desc+20.0;net_wt_over-15.0;date+3.0;price+2.82,1000,2026-02-26 18:11:45.366,BUSHELING,Indbush
1502,4,984,17409,38.2,50.82,133.0,code+40.0;desc+20.0;net_wt_over-15.0;date+3.0;price+2.82,29080,2026-02-26 19:39:52.380,BUSHELING,Indbush
1502,4,798,17145,37.6,50.05,133.0,code+40.0;desc+20.0;net_wt_over-15.0;price+5.05,1100,2026-02-19 14:49:34.775,BUSHELING,Indbush
1502,4,1263,18214,37.6,50.05,133.0,code+40.0;desc+20.0;net_wt_over-15.0;price+5.05,740,2026-03-17 15:34:10.534,BUSHELING,Indbush
1502,4,1262,18214,37.6,50.05,133.0,code+40.0;desc+20.0;net_wt_over-15.0;price+5.05,920,2026-03-17 15:34:10.534,BUSHELING,Indbush
1502,4,1261,18214,37.6,50.05,133.0,code+40.0;desc+20.0;net_wt_over-15.0;price+5.05,1100,2026-03-17 15:34:10.534,BUSHELING,Indbush
1502,4,1264,18214,37.6,50.05,133.0,code+40.0;desc+20.0;net_wt_over-15.0;price+5.05,720,2026-03-17 15:34:10.534,BUSHELING,Indbush
1502,4,801,17145,37.6,50.05,133.0,code+40.0;desc+20.0;net_wt_over-15.0;price+5.05,576,2026-02-19 14:49:34.775,BUSHELING,Indbush
1502,4,799,17145,37.6,50.05,133.0,code+40.0;desc+20.0;net_wt_over-15.0;price+5.05,1180,2026-02-19 14:49:34.775,BUSHELING,Indbush
1502,4,968,17385,36.1,48.0,133.0,code+40.0;desc+20.0;net_wt_over-15.0;date+3.0,27020,2026-02-26 16:25:11.437,BUSHELING,Indbush
1502,4,1117,17919,36.1,48.0,133.0,code+40.0;desc+20.0;net_wt_over-15.0;date+3.0,22440,2026-03-10 15:39:32.496,BUSHELING,Indbush
1502,4,1120,17949,36.1,48.0,133.0,code+40.0;desc+20.0;net_wt_over-15.0;date+3.0,4444,2026-03-10 18:57:07.417,BUSHELING,Indbush
1502,4,892,17225,36.0,47.82,133.0,code+40.0;desc+20.0;net_wt_over-15.0;price+2.82,27180,2026-02-20 19:06:31.247,BUSHELING,Indbush
1502,4,1256,18185,36.0,47.82,133.0,code+40.0;desc+20.0;net_wt_over-15.0;price+2.82,27420,2026-03-16 19:13:10.616,BUSHELING,Indbush
1502,4,924,17293,33.8,45.0,133.0,code+40.0;desc+20.0;net_wt_over-15.0,33960,2026-02-24 15:30:17.646,BUSHELING,Indbush
1502,4,1185,18034,33.8,45.0,133.0,code+40.0;desc+20.0;net_wt_over-15.0,21300,2026-03-12 17:08:08.876,BUSHELING,Indbush
1502,4,1257,18198,33.8,45.0,133.0,code+40.0;desc+20.0;net_wt_over-15.0,22040,2026-03-17 13:05:40.948,BUSHELING,Indbush
1502,4,859,17182,33.8,45.0,133.0,code+40.0;desc+20.0;net_wt_over-15.0,10120,2026-02-19 19:07:19.159,BUSHELING,Indbush
1502,4,795,17142,33.8,45.0,133.0,code+40.0;desc+20.0;net_wt_over-15.0,16580,2026-02-19 14:31:46.455,BUSHELING,Indbush
1494,5,1014,17549,90.4,131.04,145.0,code+40.0;desc+20.0;net_wt+40.0;date+25.0;time+6.04,14240,2026-03-02 20:40:40.114,STEEL TURNING,TURNSTEEL
1494,5,999,17496,55.9,81.09,145.0,code+40.0;desc+20.0;net_wt_over-15.0;date+25.0;time+11.09,191,2026-03-02 15:37:36.586,STEEL TURNING,TURNSTEEL
1494,5,1001,17496,55.9,81.09,145.0,code+40.0;desc+20.0;net_wt_over-15.0;date+25.0;time+11.09,945,2026-03-02 15:37:36.586,STEEL TURNING,TURNSTEEL
1494,5,1043,17717,39.5,52.5,133.0,code+40.0;desc+20.0;net_wt_over-15.0;date+7.5,11960,2026-03-05 18:48:09.285,STEEL TURNING,TURNSTEEL
1494,5,1102,17869,36.1,48.0,133.0,code+40.0;desc+20.0;net_wt_over-15.0;date+3.0,500,2026-03-09 19:34:13.444,STEEL TURNING,TURNSTEEL
1494,5,950,17350,36.1,48.0,133.0,code+40.0;desc+20.0;net_wt_over-15.0;date+3.0,82,2026-02-25 18:31:22.136,STEEL TURNING,TURNSTEEL
1494,5,951,17350,36.1,48.0,133.0,code+40.0;desc+20.0;net_wt_over-15.0;date+3.0,75,2026-02-25 18:31:22.136,STEEL TURNING,TURNSTEEL
1494,5,1077,17888,36.1,48.0,133.0,code+40.0;desc+20.0;net_wt_over-15.0;date+3.0,33560,2026-03-09 12:35:20.000,STEEL TURNING,TURNSTEEL
1494,5,1092,17869,36.1,48.0,133.0,code+40.0;desc+20.0;net_wt_over-15.0;date+3.0,940,2026-03-09 19:34:13.444,STEEL TURNING,TURNSTEEL
1494,5,1093,17869,36.1,48.0,133.0,code+40.0;desc+20.0;net_wt_over-15.0;date+3.0,934,2026-03-09 19:34:13.444,STEEL TURNING,TURNSTEEL
1494,5,1094,17869,36.1,48.0,133.0,code+40.0;desc+20.0;net_wt_over-15.0;date+3.0,849,2026-03-09 19:34:13.444,STEEL TURNING,TURNSTEEL
1494,5,1095,17869,36.1,48.0,133.0,code+40.0;desc+20.0;net_wt_over-15.0;date+3.0,830,2026-03-09 19:34:13.444,STEEL TURNING,TURNSTEEL
1494,5,1096,17869,36.1,48.0,133.0,code+40.0;desc+20.0;net_wt_over-15.0;date+3.0,817,2026-03-09 19:34:13.444,STEEL TURNING,TURNSTEEL
1494,5,1097,17869,36.1,48.0,133.0,code+40.0;desc+20.0;net_wt_over-15.0;date+3.0,808,2026-03-09 19:34:13.444,STEEL TURNING,TURNSTEEL
1494,5,1098,17869,36.1,48.0,133.0,code+40.0;desc+20.0;net_wt_over-15.0;date+3.0,805,2026-03-09 19:34:13.444,STEEL TURNING,TURNSTEEL
1494,5,1099,17869,36.1,48.0,133.0,code+40.0;desc+20.0;net_wt_over-15.0;date+3.0,798,2026-03-09 19:34:13.444,STEEL TURNING,TURNSTEEL
1494,5,1100,17869,36.1,48.0,133.0,code+40.0;desc+20.0;net_wt_over-15.0;date+3.0,715,2026-03-09 19:34:13.444,STEEL TURNING,TURNSTEEL
1494,5,949,17350,36.1,48.0,133.0,code+40.0;desc+20.0;net_wt_over-15.0;date+3.0,138,2026-02-25 18:31:22.136,STEEL TURNING,TURNSTEEL
1494,5,948,17350,36.1,48.0,133.0,code+40.0;desc+20.0;net_wt_over-15.0;date+3.0,139,2026-02-25 18:31:22.136,STEEL TURNING,TURNSTEEL
1494,5,947,17350,36.1,48.0,133.0,code+40.0;desc+20.0;net_wt_over-15.0;date+3.0,204,2026-02-25 18:31:22.136,STEEL TURNING,TURNSTEEL
1494,5,922,17277,36.1,48.0,133.0,code+40.0;desc+20.0;net_wt_over-15.0;date+3.0,29980,2026-02-23 19:57:36.837,STEEL TURNING,TURNSTEEL
1494,5,943,17341,36.1,48.0,133.0,code+40.0;desc+20.0;net_wt_over-15.0;date+3.0,17080,2026-02-25 17:14:49.808,STEEL TURNING,TURNSTEEL
1494,5,918,17284,36.1,48.0,133.0,code+40.0;desc+20.0;net_wt_over-15.0;date+3.0,19820,2026-02-23 13:05:32.657,STEEL TURNING,TURNSTEEL
1494,5,921,17276,36.1,48.0,133.0,code+40.0;desc+20.0;net_wt_over-15.0;date+3.0,4760,2026-02-23 19:43:15.611,STEEL TURNING,TURNSTEEL
1494,5,1101,17869,36.1,48.0,133.0,code+40.0;desc+20.0;net_wt_over-15.0;date+3.0,519,2026-03-09 19:34:13.444,STEEL TURNING,TURNSTEEL
1494,5,925,17303,36.1,48.0,133.0,code+40.0;desc+20.0;net_wt_over-15.0;date+3.0,15180,2026-02-24 17:35:47.621,STEEL TURNING,TURNSTEEL
1494,5,939,17323,36.1,48.0,133.0,code+40.0;desc+20.0;net_wt_over-15.0;date+3.0,28440,2026-02-24 20:43:39.203,STEEL TURNING,TURNSTEEL
1494,5,941,17329,36.1,48.0,133.0,code+40.0;desc+20.0;net_wt_over-15.0;date+3.0,8600,2026-02-25 15:06:59.090,STEEL TURNING,TURNSTEEL
1494,5,1103,17884,33.8,45.0,133.0,code+40.0;desc+20.0;net_wt_over-15.0,19260,2026-03-10 12:15:22.063,STEEL TURNING,TURNSTEEL
1494,5,1119,18057,33.8,45.0,133.0,code+40.0;desc+20.0;net_wt_over-15.0,23660,2026-03-10 16:22:25.000,STEEL TURNING,TURNSTEEL
1494,5,1192,18048,33.8,45.0,133.0,code+40.0;desc+20.0;net_wt_over-15.0,27360,2026-03-12 19:22:46.250,STEEL TURNING,TURNSTEEL
1494,5,1242,18064,33.8,45.0,133.0,code+40.0;desc+20.0;net_wt_over-15.0,1189,2026-03-13 13:59:41.493,STEEL TURNING,TURNSTEEL
1494,5,1243,18064,33.8,45.0,133.0,code+40.0;desc+20.0;net_wt_over-15.0,805,2026-03-13 13:59:41.493,STEEL TURNING,TURNSTEEL
1494,5,1244,18064,33.8,45.0,133.0,code+40.0;desc+20.0;net_wt_over-15.0,634,2026-03-13 13:59:41.493,STEEL TURNING,TURNSTEEL
1494,5,1245,18064,33.8,45.0,133.0,code+40.0;desc+20.0;net_wt_over-15.0,509,2026-03-13 13:59:41.493,STEEL TURNING,TURNSTEEL
1494,5,1246,18064,33.8,45.0,133.0,code+40.0;desc+20.0;net_wt_over-15.0,379,2026-03-13 13:59:41.493,STEEL TURNING,TURNSTEEL
1494,5,1113,17908,33.8,45.0,133.0,code+40.0;desc+20.0;net_wt_over-15.0,19120,2026-03-10 14:53:54.506,STEEL TURNING,TURNSTEEL
1494,5,792,17167,33.8,45.0,133.0,code+40.0;desc+20.0;net_wt_over-15.0,15220,2026-02-18 17:50:21.200,STEEL TURNING,TURNSTEEL
1494,5,860,17188,33.8,45.0,133.0,code+40.0;desc+20.0;net_wt_over-15.0,56480,2026-02-19 20:20:06.332,STEEL TURNING,TURNSTEEL
1494,5,915,17239,33.8,45.0,133.0,code+40.0;desc+20.0;net_wt_over-15.0,271,2026-02-20 20:22:34.380,STEEL TURNING,TURNSTEEL
1494,5,914,17239,33.8,45.0,133.0,code+40.0;desc+20.0;net_wt_over-15.0,1184,2026-02-20 20:22:34.380,STEEL TURNING,TURNSTEEL
1494,5,909,17239,33.8,45.0,133.0,code+40.0;desc+20.0;net_wt_over-15.0,125,2026-02-20 20:22:34.380,STEEL TURNING,TURNSTEEL
1494,5,900,17239,33.8,45.0,133.0,code+40.0;desc+20.0;net_wt_over-15.0,209,2026-02-20 20:22:34.380,STEEL TURNING,TURNSTEEL
1494,5,882,17281,33.8,45.0,133.0,code+40.0;desc+20.0;net_wt_over-15.0,427,2026-02-20 13:13:29.992,STEEL TURNING,TURNSTEEL
1494,5,864,17281,33.8,45.0,133.0,code+40.0;desc+20.0;net_wt_over-15.0,95,2026-02-20 13:13:29.992,STEEL TURNING,TURNSTEEL
1494,5,863,17281,33.8,45.0,133.0,code+40.0;desc+20.0;net_wt_over-15.0,333,2026-02-20 13:13:29.992,STEEL TURNING,TURNSTEEL
1494,5,861,17189,33.8,45.0,133.0,code+40.0;desc+20.0;net_wt_over-15.0,12280,2026-02-19 20:20:53.518,STEEL TURNING,TURNSTEEL
1494,5,1247,18083,33.8,45.0,133.0,code+40.0;desc+20.0;net_wt_over-15.0,30160,2026-03-13 16:28:29.065,STEEL TURNING,TURNSTEEL
1493,6,1013,17548,90.4,131.04,145.0,code+40.0;desc+20.0;net_wt+40.0;date+25.0;time+6.04,20060,2026-03-02 20:39:51.678,STEEL WIRE,STWR
1493,6,1044,17718,39.5,52.5,133.0,code+40.0;desc+20.0;net_wt_over-15.0;date+7.5,25600,2026-03-05 18:49:10.803,STEEL WIRE,STWR
1493,6,940,17371,36.1,48.0,133.0,code+40.0;desc+20.0;net_wt_over-15.0;date+3.0,46900,2026-02-25 13:02:56.737,STEEL WIRE,STWR
1493,6,730,17010,33.8,45.0,133.0,code+40.0;desc+20.0;net_wt_over-15.0,40340,2026-02-16 13:52:00.760,STEEL WIRE,STWR
1493,6,891,17223,33.8,45.0,133.0,code+40.0;desc+20.0;net_wt_over-15.0,44380,2026-02-20 19:05:08.025,STEEL WIRE,STWR
1493,6,1151,18012,33.8,45.0,133.0,code+40.0;desc+20.0;net_wt_over-15.0,53840,2026-03-11 14:38:58.000,STEEL WIRE,STWR
1493,6,887,17213,0.0,-17.42,133.0,code_diff-40.0;net_wt+22.58,20335,2026-02-20 17:20:49.617,HEAVY MELT - UNPREPARED,UNPHMS
1493,6,918,17284,0.0,-10.93,133.0,code_diff-40.0;net_wt+26.07;date+3.0,19820,2026-02-23 13:05:32.657,STEEL TURNING,TURNSTEEL
1487,7,983,17444,86.5,115.0,133.0,code+40.0;desc+20.0;net_wt+40.0;date+15.0,38700,2026-02-26 18:49:38.302,STEEL BANDING (FE),STBD
1487,7,1075,17773,36.1,48.0,133.0,code+40.0;desc+20.0;net_wt_over-15.0;date+3.0,22720,2026-03-06 19:03:08.309,STEEL BANDING (FE),STBD
1492,8,950,17350,39.5,52.5,133.0,code+40.0;desc+20.0;net_wt_over-15.0;date+7.5,82,2026-02-25 18:31:22.136,STEEL TURNING,TURNSTEEL
1492,8,925,17303,39.5,52.5,133.0,code+40.0;desc+20.0;net_wt_over-15.0;date+7.5,15180,2026-02-24 17:35:47.621,STEEL TURNING,TURNSTEEL
1492,8,1014,17549,39.5,52.5,133.0,code+40.0;desc+20.0;net_wt_over-15.0;date+7.5,14240,2026-03-02 20:40:40.114,STEEL TURNING,TURNSTEEL
1492,8,1001,17496,39.5,52.5,133.0,code+40.0;desc+20.0;net_wt_over-15.0;date+7.5,945,2026-03-02 15:37:36.586,STEEL TURNING,TURNSTEEL
1492,8,999,17496,39.5,52.5,133.0,code+40.0;desc+20.0;net_wt_over-15.0;date+7.5,191,2026-03-02 15:37:36.586,STEEL TURNING,TURNSTEEL
1492,8,951,17350,39.5,52.5,133.0,code+40.0;desc+20.0;net_wt_over-15.0;date+7.5,75,2026-02-25 18:31:22.136,STEEL TURNING,TURNSTEEL
1492,8,949,17350,39.5,52.5,133.0,code+40.0;desc+20.0;net_wt_over-15.0;date+7.5,138,2026-02-25 18:31:22.136,STEEL TURNING,TURNSTEEL
1492,8,948,17350,39.5,52.5,133.0,code+40.0;desc+20.0;net_wt_over-15.0;date+7.5,139,2026-02-25 18:31:22.136,STEEL TURNING,TURNSTEEL
1492,8,947,17350,39.5,52.5,133.0,code+40.0;desc+20.0;net_wt_over-15.0;date+7.5,204,2026-02-25 18:31:22.136,STEEL TURNING,TURNSTEEL
1492,8,943,17341,39.5,52.5,133.0,code+40.0;desc+20.0;net_wt_over-15.0;date+7.5,17080,2026-02-25 17:14:49.808,STEEL TURNING,TURNSTEEL
1492,8,939,17323,39.5,52.5,133.0,code+40.0;desc+20.0;net_wt_over-15.0;date+7.5,28440,2026-02-24 20:43:39.203,STEEL TURNING,TURNSTEEL
1492,8,941,17329,39.5,52.5,133.0,code+40.0;desc+20.0;net_wt_over-15.0;date+7.5,8600,2026-02-25 15:06:59.090,STEEL TURNING,TURNSTEEL
1492,8,922,17277,36.1,48.0,133.0,code+40.0;desc+20.0;net_wt_over-15.0;date+3.0,29980,2026-02-23 19:57:36.837,STEEL TURNING,TURNSTEEL
1492,8,909,17239,36.1,48.0,133.0,code+40.0;desc+20.0;net_wt_over-15.0;date+3.0,125,2026-02-20 20:22:34.380,STEEL TURNING,TURNSTEEL
1492,8,1043,17717,36.1,48.0,133.0,code+40.0;desc+20.0;net_wt_over-15.0;date+3.0,11960,2026-03-05 18:48:09.285,STEEL TURNING,TURNSTEEL
1492,8,863,17281,36.1,48.0,133.0,code+40.0;desc+20.0;net_wt_over-15.0;date+3.0,333,2026-02-20 13:13:29.992,STEEL TURNING,TURNSTEEL
1492,8,864,17281,36.1,48.0,133.0,code+40.0;desc+20.0;net_wt_over-15.0;date+3.0,95,2026-02-20 13:13:29.992,STEEL TURNING,TURNSTEEL
1492,8,921,17276,36.1,48.0,133.0,code+40.0;desc+20.0;net_wt_over-15.0;date+3.0,4760,2026-02-23 19:43:15.611,STEEL TURNING,TURNSTEEL
1492,8,900,17239,36.1,48.0,133.0,code+40.0;desc+20.0;net_wt_over-15.0;date+3.0,209,2026-02-20 20:22:34.380,STEEL TURNING,TURNSTEEL
1492,8,882,17281,36.1,48.0,133.0,code+40.0;desc+20.0;net_wt_over-15.0;date+3.0,427,2026-02-20 13:13:29.992,STEEL TURNING,TURNSTEEL
1492,8,914,17239,36.1,48.0,133.0,code+40.0;desc+20.0;net_wt_over-15.0;date+3.0,1184,2026-02-20 20:22:34.380,STEEL TURNING,TURNSTEEL
1492,8,915,17239,36.1,48.0,133.0,code+40.0;desc+20.0;net_wt_over-15.0;date+3.0,271,2026-02-20 20:22:34.380,STEEL TURNING,TURNSTEEL
1492,8,918,17284,36.1,48.0,133.0,code+40.0;desc+20.0;net_wt_over-15.0;date+3.0,19820,2026-02-23 13:05:32.657,STEEL TURNING,TURNSTEEL
1492,8,1103,17884,33.8,45.0,133.0,code+40.0;desc+20.0;net_wt_over-15.0,19260,2026-03-10 12:15:22.063,STEEL TURNING,TURNSTEEL
1492,8,1097,17869,33.8,45.0,133.0,code+40.0;desc+20.0;net_wt_over-15.0,808,2026-03-09 19:34:13.444,STEEL TURNING,TURNSTEEL
1492,8,1113,17908,33.8,45.0,133.0,code+40.0;desc+20.0;net_wt_over-15.0,19120,2026-03-10 14:53:54.506,STEEL TURNING,TURNSTEEL
1492,8,1119,18057,33.8,45.0,133.0,code+40.0;desc+20.0;net_wt_over-15.0,23660,2026-03-10 16:22:25.000,STEEL TURNING,TURNSTEEL
1492,8,1102,17869,33.8,45.0,133.0,code+40.0;desc+20.0;net_wt_over-15.0,500,2026-03-09 19:34:13.444,STEEL TURNING,TURNSTEEL
1492,8,1101,17869,33.8,45.0,133.0,code+40.0;desc+20.0;net_wt_over-15.0,519,2026-03-09 19:34:13.444,STEEL TURNING,TURNSTEEL
1492,8,1100,17869,33.8,45.0,133.0,code+40.0;desc+20.0;net_wt_over-15.0,715,2026-03-09 19:34:13.444,STEEL TURNING,TURNSTEEL
1492,8,1099,17869,33.8,45.0,133.0,code+40.0;desc+20.0;net_wt_over-15.0,798,2026-03-09 19:34:13.444,STEEL TURNING,TURNSTEEL
1492,8,1098,17869,33.8,45.0,133.0,code+40.0;desc+20.0;net_wt_over-15.0,805,2026-03-09 19:34:13.444,STEEL TURNING,TURNSTEEL
1492,8,792,17167,33.8,45.0,133.0,code+40.0;desc+20.0;net_wt_over-15.0,15220,2026-02-18 17:50:21.200,STEEL TURNING,TURNSTEEL
1492,8,1096,17869,33.8,45.0,133.0,code+40.0;desc+20.0;net_wt_over-15.0,817,2026-03-09 19:34:13.444,STEEL TURNING,TURNSTEEL
1492,8,1095,17869,33.8,45.0,133.0,code+40.0;desc+20.0;net_wt_over-15.0,830,2026-03-09 19:34:13.444,STEEL TURNING,TURNSTEEL
1492,8,1094,17869,33.8,45.0,133.0,code+40.0;desc+20.0;net_wt_over-15.0,849,2026-03-09 19:34:13.444,STEEL TURNING,TURNSTEEL
1492,8,1093,17869,33.8,45.0,133.0,code+40.0;desc+20.0;net_wt_over-15.0,934,2026-03-09 19:34:13.444,STEEL TURNING,TURNSTEEL
1492,8,1092,17869,33.8,45.0,133.0,code+40.0;desc+20.0;net_wt_over-15.0,940,2026-03-09 19:34:13.444,STEEL TURNING,TURNSTEEL
1492,8,1077,17888,33.8,45.0,133.0,code+40.0;desc+20.0;net_wt_over-15.0,33560,2026-03-09 12:35:20.000,STEEL TURNING,TURNSTEEL
1492,8,860,17188,33.8,45.0,133.0,code+40.0;desc+20.0;net_wt_over-15.0,56480,2026-02-19 20:20:06.332,STEEL TURNING,TURNSTEEL
1492,8,861,17189,33.8,45.0,133.0,code+40.0;desc+20.0;net_wt_over-15.0,12280,2026-02-19 20:20:53.518,STEEL TURNING,TURNSTEEL
1492,8,1192,18048,33.8,45.0,133.0,code+40.0;desc+20.0;net_wt_over-15.0,27360,2026-03-12 19:22:46.250,STEEL TURNING,TURNSTEEL
1492,8,940,17371,0.0,-14.39,133.0,code_diff-40.0;net_wt+18.11;date+7.5,46900,2026-02-25 13:02:56.737,STEEL WIRE,STWR
1485,9,951,17350,39.5,52.5,133.0,code+40.0;desc+20.0;net_wt_over-15.0;date+7.5,75,2026-02-25 18:31:22.136,STEEL TURNING,TURNSTEEL
1485,9,925,17303,39.5,52.5,133.0,code+40.0;desc+20.0;net_wt_over-15.0;date+7.5,15180,2026-02-24 17:35:47.621,STEEL TURNING,TURNSTEEL
1485,9,1014,17549,39.5,52.5,133.0,code+40.0;desc+20.0;net_wt_over-15.0;date+7.5,14240,2026-03-02 20:40:40.114,STEEL TURNING,TURNSTEEL
1485,9,1001,17496,39.5,52.5,133.0,code+40.0;desc+20.0;net_wt_over-15.0;date+7.5,945,2026-03-02 15:37:36.586,STEEL TURNING,TURNSTEEL
1485,9,999,17496,39.5,52.5,133.0,code+40.0;desc+20.0;net_wt_over-15.0;date+7.5,191,2026-03-02 15:37:36.586,STEEL TURNING,TURNSTEEL
1485,9,950,17350,39.5,52.5,133.0,code+40.0;desc+20.0;net_wt_over-15.0;date+7.5,82,2026-02-25 18:31:22.136,STEEL TURNING,TURNSTEEL
1485,9,949,17350,39.5,52.5,133.0,code+40.0;desc+20.0;net_wt_over-15.0;date+7.5,138,2026-02-25 18:31:22.136,STEEL TURNING,TURNSTEEL
1485,9,948,17350,39.5,52.5,133.0,code+40.0;desc+20.0;net_wt_over-15.0;date+7.5,139,2026-02-25 18:31:22.136,STEEL TURNING,TURNSTEEL
1485,9,947,17350,39.5,52.5,133.0,code+40.0;desc+20.0;net_wt_over-15.0;date+7.5,204,2026-02-25 18:31:22.136,STEEL TURNING,TURNSTEEL
1485,9,943,17341,39.5,52.5,133.0,code+40.0;desc+20.0;net_wt_over-15.0;date+7.5,17080,2026-02-25 17:14:49.808,STEEL TURNING,TURNSTEEL
1485,9,939,17323,39.5,52.5,133.0,code+40.0;desc+20.0;net_wt_over-15.0;date+7.5,28440,2026-02-24 20:43:39.203,STEEL TURNING,TURNSTEEL
1485,9,941,17329,39.5,52.5,133.0,code+40.0;desc+20.0;net_wt_over-15.0;date+7.5,8600,2026-02-25 15:06:59.090,STEEL TURNING,TURNSTEEL
1485,9,921,17276,36.1,48.0,133.0,code+40.0;desc+20.0;net_wt_over-15.0;date+3.0,4760,2026-02-23 19:43:15.611,STEEL TURNING,TURNSTEEL
1485,9,918,17284,36.1,48.0,133.0,code+40.0;desc+20.0;net_wt_over-15.0;date+3.0,19820,2026-02-23 13:05:32.657,STEEL TURNING,TURNSTEEL
1485,9,915,17239,36.1,48.0,133.0,code+40.0;desc+20.0;net_wt_over-15.0;date+3.0,271,2026-02-20 20:22:34.380,STEEL TURNING,TURNSTEEL
1485,9,914,17239,36.1,48.0,133.0,code+40.0;desc+20.0;net_wt_over-15.0;date+3.0,1184,2026-02-20 20:22:34.380,STEEL TURNING,TURNSTEEL
1485,9,909,17239,36.1,48.0,133.0,code+40.0;desc+20.0;net_wt_over-15.0;date+3.0,125,2026-02-20 20:22:34.380,STEEL TURNING,TURNSTEEL
1485,9,900,17239,36.1,48.0,133.0,code+40.0;desc+20.0;net_wt_over-15.0;date+3.0,209,2026-02-20 20:22:34.380,STEEL TURNING,TURNSTEEL
1485,9,882,17281,36.1,48.0,133.0,code+40.0;desc+20.0;net_wt_over-15.0;date+3.0,427,2026-02-20 13:13:29.992,STEEL TURNING,TURNSTEEL
1485,9,922,17277,36.1,48.0,133.0,code+40.0;desc+20.0;net_wt_over-15.0;date+3.0,29980,2026-02-23 19:57:36.837,STEEL TURNING,TURNSTEEL
1485,9,864,17281,36.1,48.0,133.0,code+40.0;desc+20.0;net_wt_over-15.0;date+3.0,95,2026-02-20 13:13:29.992,STEEL TURNING,TURNSTEEL
1485,9,863,17281,36.1,48.0,133.0,code+40.0;desc+20.0;net_wt_over-15.0;date+3.0,333,2026-02-20 13:13:29.992,STEEL TURNING,TURNSTEEL
1485,9,1043,17717,36.1,48.0,133.0,code+40.0;desc+20.0;net_wt_over-15.0;date+3.0,11960,2026-03-05 18:48:09.285,STEEL TURNING,TURNSTEEL
1485,9,1102,17869,33.8,45.0,133.0,code+40.0;desc+20.0;net_wt_over-15.0,500,2026-03-09 19:34:13.444,STEEL TURNING,TURNSTEEL
1485,9,1099,17869,33.8,45.0,133.0,code+40.0;desc+20.0;net_wt_over-15.0,798,2026-03-09 19:34:13.444,STEEL TURNING,TURNSTEEL
1485,9,1100,17869,33.8,45.0,133.0,code+40.0;desc+20.0;net_wt_over-15.0,715,2026-03-09 19:34:13.444,STEEL TURNING,TURNSTEEL
1485,9,1101,17869,33.8,45.0,133.0,code+40.0;desc+20.0;net_wt_over-15.0,519,2026-03-09 19:34:13.444,STEEL TURNING,TURNSTEEL
1485,9,1103,17884,33.8,45.0,133.0,code+40.0;desc+20.0;net_wt_over-15.0,19260,2026-03-10 12:15:22.063,STEEL TURNING,TURNSTEEL
1485,9,1119,18057,33.8,45.0,133.0,code+40.0;desc+20.0;net_wt_over-15.0,23660,2026-03-10 16:22:25.000,STEEL TURNING,TURNSTEEL
1485,9,1113,17908,33.8,45.0,133.0,code+40.0;desc+20.0;net_wt_over-15.0,19120,2026-03-10 14:53:54.506,STEEL TURNING,TURNSTEEL
1485,9,1097,17869,33.8,45.0,133.0,code+40.0;desc+20.0;net_wt_over-15.0,808,2026-03-09 19:34:13.444,STEEL TURNING,TURNSTEEL
1485,9,1098,17869,33.8,45.0,133.0,code+40.0;desc+20.0;net_wt_over-15.0,805,2026-03-09 19:34:13.444,STEEL TURNING,TURNSTEEL
1485,9,792,17167,33.8,45.0,133.0,code+40.0;desc+20.0;net_wt_over-15.0,15220,2026-02-18 17:50:21.200,STEEL TURNING,TURNSTEEL
1485,9,1096,17869,33.8,45.0,133.0,code+40.0;desc+20.0;net_wt_over-15.0,817,2026-03-09 19:34:13.444,STEEL TURNING,TURNSTEEL
1485,9,1095,17869,33.8,45.0,133.0,code+40.0;desc+20.0;net_wt_over-15.0,830,2026-03-09 19:34:13.444,STEEL TURNING,TURNSTEEL
1485,9,1094,17869,33.8,45.0,133.0,code+40.0;desc+20.0;net_wt_over-15.0,849,2026-03-09 19:34:13.444,STEEL TURNING,TURNSTEEL
1485,9,1093,17869,33.8,45.0,133.0,code+40.0;desc+20.0;net_wt_over-15.0,934,2026-03-09 19:34:13.444,STEEL TURNING,TURNSTEEL
1485,9,1092,17869,33.8,45.0,133.0,code+40.0;desc+20.0;net_wt_over-15.0,940,2026-03-09 19:34:13.444,STEEL TURNING,TURNSTEEL
1485,9,1077,17888,33.8,45.0,133.0,code+40.0;desc+20.0;net_wt_over-15.0,33560,2026-03-09 12:35:20.000,STEEL TURNING,TURNSTEEL
1485,9,860,17188,33.8,45.0,133.0,code+40.0;desc+20.0;net_wt_over-15.0,56480,2026-02-19 20:20:06.332,STEEL TURNING,TURNSTEEL
1485,9,861,17189,33.8,45.0,133.0,code+40.0;desc+20.0;net_wt_over-15.0,12280,2026-02-19 20:20:53.518,STEEL TURNING,TURNSTEEL
1485,9,1192,18048,33.8,45.0,133.0,code+40.0;desc+20.0;net_wt_over-15.0,27360,2026-03-12 19:22:46.250,STEEL TURNING,TURNSTEEL
1485,9,1105,17964,4.3,5.71,133.0,code_diff-40.0;net_wt+40.0;price+5.71,44640,2026-03-10 14:42:39.000,BUSHELING,Indbush
1485,9,891,17223,2.3,3.0,133.0,code_diff-40.0;net_wt+40.0;date+3.0,44380,2026-02-20 19:05:08.025,STEEL WIRE,STWR
1498,10,986,17420,51.4,74.52,145.0,code+40.0;desc+20.0;net_wt_over-15.0;date+25.0;time+4.52,1500,2026-02-27 14:44:21.930,CLEAN SHEET,CLSHST
1498,10,954,17356,39.5,52.5,133.0,code+40.0;desc+20.0;net_wt_over-15.0;date+7.5,4220,2026-02-25 19:23:48.412,CLEAN SHEET,CLSHST
1498,10,1022,17606,36.1,48.0,133.0,code+40.0;desc+20.0;net_wt_over-15.0;date+3.0,1660,2026-03-03 18:46:20.941,CLEAN SHEET,CLSHST
1498,10,1158,17982,33.8,45.0,133.0,code+40.0;desc+20.0;net_wt_over-15.0,3340,2026-03-11 16:07:40.274,CLEAN SHEET,CLSHST
1484,11,984,17409,92.3,133.84,145.0,code+40.0;desc+20.0;net_wt+40.0;date+25.0;time+6.02;price+2.82,29080,2026-02-26 19:39:52.380,BUSHELING,Indbush
1484,11,982,17401,55.4,80.31,145.0,code+40.0;desc+20.0;net_wt_over-15.0;date+25.0;time+7.49;price+2.82,1000,2026-02-26 18:11:45.366,BUSHELING,Indbush
1484,11,968,17385,54.7,79.27,145.0,code+40.0;desc+20.0;net_wt_over-15.0;date+25.0;time+9.27,27020,2026-02-26 16:25:11.437,BUSHELING,Indbush
1484,11,799,17145,39.9,53.05,133.0,code+40.0;desc+20.0;net_wt_over-15.0;date+3.0;price+5.05,1180,2026-02-19 14:49:34.775,BUSHELING,Indbush
1484,11,798,17145,39.9,53.05,133.0,code+40.0;desc+20.0;net_wt_over-15.0;date+3.0;price+5.05,1100,2026-02-19 14:49:34.775,BUSHELING,Indbush
1484,11,801,17145,39.9,53.05,133.0,code+40.0;desc+20.0;net_wt_over-15.0;date+3.0;price+5.05,576,2026-02-19 14:49:34.775,BUSHELING,Indbush
1484,11,1008,17498,39.9,53.05,133.0,code+40.0;desc+20.0;net_wt_over-15.0;date+3.0;price+5.05,760,2026-03-02 15:46:53.340,BUSHELING,Indbush
1484,11,924,17293,39.5,52.5,133.0,code+40.0;desc+20.0;net_wt_over-15.0;date+7.5,33960,2026-02-24 15:30:17.646,BUSHELING,Indbush
1484,11,1036,17679,38.2,50.82,133.0,code+40.0;desc+20.0;net_wt_over-15.0;date+3.0;price+2.82,34120,2026-03-04 20:43:27.138,BUSHELING,Indbush
1484,11,892,17225,38.2,50.82,133.0,code+40.0;desc+20.0;net_wt_over-15.0;date+3.0;price+2.82,27180,2026-02-20 19:06:31.247,BUSHELING,Indbush
1484,11,1031,17682,37.5,49.92,133.0,code+40.0;desc+20.0;net_wt_over-15.0;date+3.0;price+1.92,24820,2026-03-04 12:53:51.635,BUSHELING,Indbush
1484,11,795,17142,36.1,48.0,133.0,code+40.0;desc+20.0;net_wt_over-15.0;date+3.0,16580,2026-02-19 14:31:46.455,BUSHELING,Indbush
1484,11,1037,17687,36.1,48.0,133.0,code+40.0;desc+20.0;net_wt_over-15.0;date+3.0,15760,2026-03-05 13:52:51.942,BUSHELING,Indbush
1484,11,1021,17564,36.1,48.0,133.0,code+40.0;desc+20.0;net_wt_over-15.0;date+3.0,33680,2026-03-03 13:54:47.686,BUSHELING,Indbush
1484,11,859,17182,36.1,48.0,133.0,code+40.0;desc+20.0;net_wt_over-15.0;date+3.0,10120,2026-02-19 19:07:19.159,BUSHELING,Indbush
1484,11,731,17011,36.0,47.82,133.0,code+40.0;desc+20.0;net_wt_over-15.0;price+2.82,27840,2026-02-16 13:55:32.714,BUSHELING,Indbush
1484,11,1105,17964,36.0,47.82,133.0,code+40.0;desc+20.0;net_wt_over-15.0;price+2.82,44640,2026-03-10 14:42:39.000,BUSHELING,Indbush
1484,11,657,16817,35.3,46.92,133.0,code+40.0;desc+20.0;net_wt_over-15.0;price+1.92,940,2026-02-12 14:39:42.421,BUSHELING,Indbush
1484,11,659,16817,35.3,46.92,133.0,code+40.0;desc+20.0;net_wt_over-15.0;price+1.92,-810,2026-02-12 14:39:42.421,BUSHELING,Indbush
1484,11,658,16817,35.3,46.92,133.0,code+40.0;desc+20.0;net_wt_over-15.0;price+1.92,880,2026-02-12 14:39:42.421,BUSHELING,Indbush
1484,11,656,16817,35.3,46.92,133.0,code+40.0;desc+20.0;net_wt_over-15.0;price+1.92,1240,2026-02-12 14:39:42.421,BUSHELING,Indbush
1484,11,1117,17919,33.8,45.0,133.0,code+40.0;desc+20.0;net_wt_over-15.0,22440,2026-03-10 15:39:32.496,BUSHELING,Indbush
1484,11,1120,17949,33.8,45.0,133.0,code+40.0;desc+20.0;net_wt_over-15.0,4444,2026-03-10 18:57:07.417,BUSHELING,Indbush
1484,11,775,17016,33.8,45.0,133.0,code+40.0;desc+20.0;net_wt_over-15.0,31860,2026-02-17 14:36:58.119,BUSHELING,Indbush
1484,11,677,16854,33.8,45.0,133.0,code+40.0;desc+20.0;net_wt_over-15.0,1442,2026-02-13 13:30:43.802,BUSHELING,Indbush
1484,11,660,16821,33.8,45.0,133.0,code+40.0;desc+20.0;net_wt_over-15.0,19060,2026-02-12 15:33:09.682,BUSHELING,Indbush
1484,11,939,17323,0.0,-26.52,133.0,code_diff-40.0;net_wt+5.98;date+7.5,28440,2026-02-24 20:43:39.203,STEEL TURNING,TURNSTEEL
1484,11,665,16846,0.0,0.0,133.0,code_diff-40.0;net_wt+40.0,29040,2026-02-12 19:57:24.238,STEEL BANDING (FE),STBD
1484,11,888,17213,0.0,-10.38,133.0,code_diff-40.0;net_wt+26.62;date+3.0,29420,2026-02-20 17:20:49.617,ZZ DO NOT USE - UNPREPARED HMS (UHMS),UNHMS
1483,12,923,17285,80.8,107.5,133.0,code+40.0;desc+20.0;net_wt+40.0;date+7.5,8620,2026-02-24 13:15:13.484,17-4 STAINLESS STEEL TURNINGS,NI174BO
1483,12,941,17329,11.3,15.0,133.0,code_diff-40.0;net_wt+40.0;date+15.0,8600,2026-02-25 15:06:59.090,STEEL TURNING,TURNSTEEL
1483,12,865,17281,0.0,-33.75,133.0,code_diff-40.0;desc+18.25;net_wt_over-15.0;date+3.0,68,2026-02-20 13:13:29.992,316 STAINLESS STEEL TURNINGS,NI316BO
1483,12,913,17239,0.0,-33.75,133.0,code_diff-40.0;desc+18.25;net_wt_over-15.0;date+3.0,363,2026-02-20 20:22:34.380,304 STAINLESS STEEL TURNINGS,NI300BO
1483,12,958,17357,0.0,-21.75,133.0,code_diff-40.0;desc+18.25;net_wt_over-15.0;date+15.0,2504,2026-02-25 19:28:25.980,304 STAINLESS STEEL TURNINGS,NI300BO
1483,12,961,17357,0.0,-21.75,133.0,code_diff-40.0;desc+18.25;net_wt_over-15.0;date+15.0,206,2026-02-25 19:28:25.980,304 STAINLESS STEEL TURNINGS,NI300BO
1483,12,962,17357,0.0,-21.75,133.0,code_diff-40.0;desc+18.25;net_wt_over-15.0;date+15.0,27,2026-02-25 19:28:25.980,304 STAINLESS STEEL TURNINGS,NI300BO
1483,12,963,17357,0.0,-21.75,133.0,code_diff-40.0;desc+18.25;net_wt_over-15.0;date+15.0,72,2026-02-25 19:28:25.980,304 STAINLESS STEEL TURNINGS,NI300BO
1479,13,940,17371,92.0,133.38,145.0,code+40.0;desc+20.0;net_wt+40.0;date+25.0;time+8.38,46900,2026-02-25 13:02:56.737,STEEL WIRE,STWR
1479,13,891,17223,36.1,48.0,133.0,code+40.0;desc+20.0;net_wt_over-15.0;date+3.0,44380,2026-02-20 19:05:08.025,STEEL WIRE,STWR
1479,13,1013,17548,36.1,48.0,133.0,code+40.0;desc+20.0;net_wt_over-15.0;date+3.0,20060,2026-03-02 20:39:51.678,STEEL WIRE,STWR
1479,13,730,17010,33.8,45.0,133.0,code+40.0;desc+20.0;net_wt_over-15.0,40340,2026-02-16 13:52:00.760,STEEL WIRE,STWR
1479,13,1044,17718,33.8,45.0,133.0,code+40.0;desc+20.0;net_wt_over-15.0,25600,2026-03-05 18:49:10.803,STEEL WIRE,STWR
1477,14,941,17329,51.0,73.96,145.0,code+40.0;desc+20.0;net_wt_over-15.0;date+25.0;time+3.96,8600,2026-02-25 15:06:59.090,STEEL TURNING,TURNSTEEL
1477,14,943,17341,49.5,71.83,145.0,code+40.0;desc+20.0;net_wt_over-15.0;date+25.0;time+1.83,17080,2026-02-25 17:14:49.808,STEEL TURNING,TURNSTEEL
1477,14,950,17350,48.7,70.56,145.0,code+40.0;desc+20.0;net_wt_over-15.0;date+25.0;time+0.56,82,2026-02-25 18:31:22.136,STEEL TURNING,TURNSTEEL
1477,14,951,17350,48.7,70.56,145.0,code+40.0;desc+20.0;net_wt_over-15.0;date+25.0;time+0.56,75,2026-02-25 18:31:22.136,STEEL TURNING,TURNSTEEL
1477,14,949,17350,48.7,70.56,145.0,code+40.0;desc+20.0;net_wt_over-15.0;date+25.0;time+0.56,138,2026-02-25 18:31:22.136,STEEL TURNING,TURNSTEEL
1477,14,948,17350,48.7,70.56,145.0,code+40.0;desc+20.0;net_wt_over-15.0;date+25.0;time+0.56,139,2026-02-25 18:31:22.136,STEEL TURNING,TURNSTEEL
1477,14,947,17350,48.7,70.56,145.0,code+40.0;desc+20.0;net_wt_over-15.0;date+25.0;time+0.56,204,2026-02-25 18:31:22.136,STEEL TURNING,TURNSTEEL
1477,14,925,17303,45.1,60.0,133.0,code+40.0;desc+20.0;net_wt_over-15.0;date+15.0,15180,2026-02-24 17:35:47.621,STEEL TURNING,TURNSTEEL
1477,14,939,17323,45.1,60.0,133.0,code+40.0;desc+20.0;net_wt_over-15.0;date+15.0,28440,2026-02-24 20:43:39.203,STEEL TURNING,TURNSTEEL
1477,14,918,17284,39.5,52.5,133.0,code+40.0;desc+20.0;net_wt_over-15.0;date+7.5,19820,2026-02-23 13:05:32.657,STEEL TURNING,TURNSTEEL
1477,14,921,17276,39.5,52.5,133.0,code+40.0;desc+20.0;net_wt_over-15.0;date+7.5,4760,2026-02-23 19:43:15.611,STEEL TURNING,TURNSTEEL
1477,14,922,17277,39.5,52.5,133.0,code+40.0;desc+20.0;net_wt_over-15.0;date+7.5,29980,2026-02-23 19:57:36.837,STEEL TURNING,TURNSTEEL
1477,14,1014,17549,36.1,48.0,133.0,code+40.0;desc+20.0;net_wt_over-15.0;date+3.0,14240,2026-03-02 20:40:40.114,STEEL TURNING,TURNSTEEL
1477,14,1001,17496,36.1,48.0,133.0,code+40.0;desc+20.0;net_wt_over-15.0;date+3.0,945,2026-03-02 15:37:36.586,STEEL TURNING,TURNSTEEL
1477,14,999,17496,36.1,48.0,133.0,code+40.0;desc+20.0;net_wt_over-15.0;date+3.0,191,2026-03-02 15:37:36.586,STEEL TURNING,TURNSTEEL
1477,14,860,17188,36.1,48.0,133.0,code+40.0;desc+20.0;net_wt_over-15.0;date+3.0,56480,2026-02-19 20:20:06.332,STEEL TURNING,TURNSTEEL
1477,14,792,17167,36.1,48.0,133.0,code+40.0;desc+20.0;net_wt_over-15.0;date+3.0,15220,2026-02-18 17:50:21.200,STEEL TURNING,TURNSTEEL
1477,14,914,17239,36.1,48.0,133.0,code+40.0;desc+20.0;net_wt_over-15.0;date+3.0,1184,2026-02-20 20:22:34.380,STEEL TURNING,TURNSTEEL
1477,14,909,17239,36.1,48.0,133.0,code+40.0;desc+20.0;net_wt_over-15.0;date+3.0,125,2026-02-20 20:22:34.380,STEEL TURNING,TURNSTEEL
1477,14,900,17239,36.1,48.0,133.0,code+40.0;desc+20.0;net_wt_over-15.0;date+3.0,209,2026-02-20 20:22:34.380,STEEL TURNING,TURNSTEEL
1477,14,882,17281,36.1,48.0,133.0,code+40.0;desc+20.0;net_wt_over-15.0;date+3.0,427,2026-02-20 13:13:29.992,STEEL TURNING,TURNSTEEL
1477,14,864,17281,36.1,48.0,133.0,code+40.0;desc+20.0;net_wt_over-15.0;date+3.0,95,2026-02-20 13:13:29.992,STEEL TURNING,TURNSTEEL
1477,14,863,17281,36.1,48.0,133.0,code+40.0;desc+20.0;net_wt_over-15.0;date+3.0,333,2026-02-20 13:13:29.992,STEEL TURNING,TURNSTEEL
1477,14,861,17189,36.1,48.0,133.0,code+40.0;desc+20.0;net_wt_over-15.0;date+3.0,12280,2026-02-19 20:20:53.518,STEEL TURNING,TURNSTEEL
1477,14,915,17239,36.1,48.0,133.0,code+40.0;desc+20.0;net_wt_over-15.0;date+3.0,271,2026-02-20 20:22:34.380,STEEL TURNING,TURNSTEEL
1477,14,1093,17869,33.8,45.0,133.0,code+40.0;desc+20.0;net_wt_over-15.0,934,2026-03-09 19:34:13.444,STEEL TURNING,TURNSTEEL
1477,14,1098,17869,33.8,45.0,133.0,code+40.0;desc+20.0;net_wt_over-15.0,805,2026-03-09 19:34:13.444,STEEL TURNING,TURNSTEEL
1477,14,1113,17908,33.8,45.0,133.0,code+40.0;desc+20.0;net_wt_over-15.0,19120,2026-03-10 14:53:54.506,STEEL TURNING,TURNSTEEL
1477,14,1103,17884,33.8,45.0,133.0,code+40.0;desc+20.0;net_wt_over-15.0,19260,2026-03-10 12:15:22.063,STEEL TURNING,TURNSTEEL
1477,14,1102,17869,33.8,45.0,133.0,code+40.0;desc+20.0;net_wt_over-15.0,500,2026-03-09 19:34:13.444,STEEL TURNING,TURNSTEEL
1477,14,1101,17869,33.8,45.0,133.0,code+40.0;desc+20.0;net_wt_over-15.0,519,2026-03-09 19:34:13.444,STEEL TURNING,TURNSTEEL
1477,14,1100,17869,33.8,45.0,133.0,code+40.0;desc+20.0;net_wt_over-15.0,715,2026-03-09 19:34:13.444,STEEL TURNING,TURNSTEEL
1477,14,1099,17869,33.8,45.0,133.0,code+40.0;desc+20.0;net_wt_over-15.0,798,2026-03-09 19:34:13.444,STEEL TURNING,TURNSTEEL
1477,14,1119,18057,33.8,45.0,133.0,code+40.0;desc+20.0;net_wt_over-15.0,23660,2026-03-10 16:22:25.000,STEEL TURNING,TURNSTEEL
1477,14,1097,17869,33.8,45.0,133.0,code+40.0;desc+20.0;net_wt_over-15.0,808,2026-03-09 19:34:13.444,STEEL TURNING,TURNSTEEL
1477,14,1096,17869,33.8,45.0,133.0,code+40.0;desc+20.0;net_wt_over-15.0,817,2026-03-09 19:34:13.444,STEEL TURNING,TURNSTEEL
1477,14,1095,17869,33.8,45.0,133.0,code+40.0;desc+20.0;net_wt_over-15.0,830,2026-03-09 19:34:13.444,STEEL TURNING,TURNSTEEL
1477,14,1094,17869,33.8,45.0,133.0,code+40.0;desc+20.0;net_wt_over-15.0,849,2026-03-09 19:34:13.444,STEEL TURNING,TURNSTEEL
1477,14,1092,17869,33.8,45.0,133.0,code+40.0;desc+20.0;net_wt_over-15.0,940,2026-03-09 19:34:13.444,STEEL TURNING,TURNSTEEL
1477,14,1077,17888,33.8,45.0,133.0,code+40.0;desc+20.0;net_wt_over-15.0,33560,2026-03-09 12:35:20.000,STEEL TURNING,TURNSTEEL
1477,14,1043,17717,33.8,45.0,133.0,code+40.0;desc+20.0;net_wt_over-15.0,11960,2026-03-05 18:48:09.285,STEEL TURNING,TURNSTEEL
1477,14,940,17371,21.4,31.03,145.0,code_diff-40.0;net_wt+40.0;date+25.0;time+6.03,46900,2026-02-25 13:02:56.737,STEEL WIRE,STWR
1471,15,939,17323,90.4,131.04,145.0,code+40.0;desc+20.0;net_wt+40.0;date+25.0;time+6.04,28440,2026-02-24 20:43:39.203,STEEL TURNING,TURNSTEEL
1471,15,925,17303,54.6,79.17,145.0,code+40.0;desc+20.0;net_wt_over-15.0;date+25.0;time+9.17,15180,2026-02-24 17:35:47.621,STEEL TURNING,TURNSTEEL
1471,15,918,17284,45.1,60.0,133.0,code+40.0;desc+20.0;net_wt_over-15.0;date+15.0,19820,2026-02-23 13:05:32.657,STEEL TURNING,TURNSTEEL
1471,15,951,17350,45.1,60.0,133.0,code+40.0;desc+20.0;net_wt_over-15.0;date+15.0,75,2026-02-25 18:31:22.136,STEEL TURNING,TURNSTEEL
1471,15,950,17350,45.1,60.0,133.0,code+40.0;desc+20.0;net_wt_over-15.0;date+15.0,82,2026-02-25 18:31:22.136,STEEL TURNING,TURNSTEEL
1471,15,949,17350,45.1,60.0,133.0,code+40.0;desc+20.0;net_wt_over-15.0;date+15.0,138,2026-02-25 18:31:22.136,STEEL TURNING,TURNSTEEL
1471,15,947,17350,45.1,60.0,133.0,code+40.0;desc+20.0;net_wt_over-15.0;date+15.0,204,2026-02-25 18:31:22.136,STEEL TURNING,TURNSTEEL
1471,15,943,17341,45.1,60.0,133.0,code+40.0;desc+20.0;net_wt_over-15.0;date+15.0,17080,2026-02-25 17:14:49.808,STEEL TURNING,TURNSTEEL
1471,15,941,17329,45.1,60.0,133.0,code+40.0;desc+20.0;net_wt_over-15.0;date+15.0,8600,2026-02-25 15:06:59.090,STEEL TURNING,TURNSTEEL
1471,15,922,17277,45.1,60.0,133.0,code+40.0;desc+20.0;net_wt_over-15.0;date+15.0,29980,2026-02-23 19:57:36.837,STEEL TURNING,TURNSTEEL
1471,15,921,17276,45.1,60.0,133.0,code+40.0;desc+20.0;net_wt_over-15.0;date+15.0,4760,2026-02-23 19:43:15.611,STEEL TURNING,TURNSTEEL
1471,15,948,17350,45.1,60.0,133.0,code+40.0;desc+20.0;net_wt_over-15.0;date+15.0,139,2026-02-25 18:31:22.136,STEEL TURNING,TURNSTEEL
1471,15,915,17239,36.1,48.0,133.0,code+40.0;desc+20.0;net_wt_over-15.0;date+3.0,271,2026-02-20 20:22:34.380,STEEL TURNING,TURNSTEEL
1471,15,861,17189,36.1,48.0,133.0,code+40.0;desc+20.0;net_wt_over-15.0;date+3.0,12280,2026-02-19 20:20:53.518,STEEL TURNING,TURNSTEEL
1471,15,1014,17549,36.1,48.0,133.0,code+40.0;desc+20.0;net_wt_over-15.0;date+3.0,14240,2026-03-02 20:40:40.114,STEEL TURNING,TURNSTEEL
1471,15,1001,17496,36.1,48.0,133.0,code+40.0;desc+20.0;net_wt_over-15.0;date+3.0,945,2026-03-02 15:37:36.586,STEEL TURNING,TURNSTEEL
1471,15,999,17496,36.1,48.0,133.0,code+40.0;desc+20.0;net_wt_over-15.0;date+3.0,191,2026-03-02 15:37:36.586,STEEL TURNING,TURNSTEEL
1471,15,792,17167,36.1,48.0,133.0,code+40.0;desc+20.0;net_wt_over-15.0;date+3.0,15220,2026-02-18 17:50:21.200,STEEL TURNING,TURNSTEEL
1471,15,914,17239,36.1,48.0,133.0,code+40.0;desc+20.0;net_wt_over-15.0;date+3.0,1184,2026-02-20 20:22:34.380,STEEL TURNING,TURNSTEEL
1471,15,860,17188,36.1,48.0,133.0,code+40.0;desc+20.0;net_wt_over-15.0;date+3.0,56480,2026-02-19 20:20:06.332,STEEL TURNING,TURNSTEEL
1471,15,863,17281,36.1,48.0,133.0,code+40.0;desc+20.0;net_wt_over-15.0;date+3.0,333,2026-02-20 13:13:29.992,STEEL TURNING,TURNSTEEL
1471,15,864,17281,36.1,48.0,133.0,code+40.0;desc+20.0;net_wt_over-15.0;date+3.0,95,2026-02-20 13:13:29.992,STEEL TURNING,TURNSTEEL
1471,15,882,17281,36.1,48.0,133.0,code+40.0;desc+20.0;net_wt_over-15.0;date+3.0,427,2026-02-20 13:13:29.992,STEEL TURNING,TURNSTEEL
1471,15,900,17239,36.1,48.0,133.0,code+40.0;desc+20.0;net_wt_over-15.0;date+3.0,209,2026-02-20 20:22:34.380,STEEL TURNING,TURNSTEEL
1471,15,909,17239,36.1,48.0,133.0,code+40.0;desc+20.0;net_wt_over-15.0;date+3.0,125,2026-02-20 20:22:34.380,STEEL TURNING,TURNSTEEL
1471,15,1100,17869,33.8,45.0,133.0,code+40.0;desc+20.0;net_wt_over-15.0,715,2026-03-09 19:34:13.444,STEEL TURNING,TURNSTEEL
1471,15,1101,17869,33.8,45.0,133.0,code+40.0;desc+20.0;net_wt_over-15.0,519,2026-03-09 19:34:13.444,STEEL TURNING,TURNSTEEL
1471,15,1099,17869,33.8,45.0,133.0,code+40.0;desc+20.0;net_wt_over-15.0,798,2026-03-09 19:34:13.444,STEEL TURNING,TURNSTEEL
1471,15,1094,17869,33.8,45.0,133.0,code+40.0;desc+20.0;net_wt_over-15.0,849,2026-03-09 19:34:13.444,STEEL TURNING,TURNSTEEL
1471,15,1098,17869,33.8,45.0,133.0,code+40.0;desc+20.0;net_wt_over-15.0,805,2026-03-09 19:34:13.444,STEEL TURNING,TURNSTEEL
1471,15,1097,17869,33.8,45.0,133.0,code+40.0;desc+20.0;net_wt_over-15.0,808,2026-03-09 19:34:13.444,STEEL TURNING,TURNSTEEL
1471,15,1096,17869,33.8,45.0,133.0,code+40.0;desc+20.0;net_wt_over-15.0,817,2026-03-09 19:34:13.444,STEEL TURNING,TURNSTEEL
1471,15,1095,17869,33.8,45.0,133.0,code+40.0;desc+20.0;net_wt_over-15.0,830,2026-03-09 19:34:13.444,STEEL TURNING,TURNSTEEL
1471,15,1102,17869,33.8,45.0,133.0,code+40.0;desc+20.0;net_wt_over-15.0,500,2026-03-09 19:34:13.444,STEEL TURNING,TURNSTEEL
1471,15,1093,17869,33.8,45.0,133.0,code+40.0;desc+20.0;net_wt_over-15.0,934,2026-03-09 19:34:13.444,STEEL TURNING,TURNSTEEL
1471,15,1092,17869,33.8,45.0,133.0,code+40.0;desc+20.0;net_wt_over-15.0,940,2026-03-09 19:34:13.444,STEEL TURNING,TURNSTEEL
1471,15,1077,17888,33.8,45.0,133.0,code+40.0;desc+20.0;net_wt_over-15.0,33560,2026-03-09 12:35:20.000,STEEL TURNING,TURNSTEEL
1471,15,1043,17717,33.8,45.0,133.0,code+40.0;desc+20.0;net_wt_over-15.0,11960,2026-03-05 18:48:09.285,STEEL TURNING,TURNSTEEL
1471,15,984,17409,0.0,-20.05,133.0,code_diff-40.0;net_wt+4.99;date+7.5;price+7.46,29080,2026-02-26 19:39:52.380,BUSHELING,Indbush
1471,15,731,17011,0.0,-24.73,133.0,code_diff-40.0;net_wt+7.81;price+7.46,27840,2026-02-16 13:55:32.714,BUSHELING,Indbush
1471,15,784,17037,0.0,-26.38,133.0,code_diff-40.0;net_wt+10.62;date+3.0,27880,2026-02-17 17:17:32.844,SHEET IRON,SHIRST
1471,15,665,16846,0.0,-32.19,133.0,code_diff-40.0;net_wt+7.81,29040,2026-02-12 19:57:24.238,STEEL BANDING (FE),STBD
1470,16,925,17303,90.4,131.01,145.0,code+40.0;desc+20.0;net_wt+40.0;date+25.0;time+6.01,15180,2026-02-24 17:35:47.621,STEEL TURNING,TURNSTEEL
1470,16,792,17167,77.4,103.0,133.0,code+40.0;desc+20.0;net_wt+40.0;date+3.0,15220,2026-02-18 17:50:21.200,STEEL TURNING,TURNSTEEL
1470,16,939,17323,50.3,72.88,145.0,code+40.0;desc+20.0;net_wt_over-15.0;date+25.0;time+2.88,28440,2026-02-24 20:43:39.203,STEEL TURNING,TURNSTEEL
1470,16,921,17276,45.1,60.0,133.0,code+40.0;desc+20.0;net_wt_over-15.0;date+15.0,4760,2026-02-23 19:43:15.611,STEEL TURNING,TURNSTEEL
1470,16,951,17350,45.1,60.0,133.0,code+40.0;desc+20.0;net_wt_over-15.0;date+15.0,75,2026-02-25 18:31:22.136,STEEL TURNING,TURNSTEEL
1470,16,950,17350,45.1,60.0,133.0,code+40.0;desc+20.0;net_wt_over-15.0;date+15.0,82,2026-02-25 18:31:22.136,STEEL TURNING,TURNSTEEL
1470,16,948,17350,45.1,60.0,133.0,code+40.0;desc+20.0;net_wt_over-15.0;date+15.0,139,2026-02-25 18:31:22.136,STEEL TURNING,TURNSTEEL
1470,16,947,17350,45.1,60.0,133.0,code+40.0;desc+20.0;net_wt_over-15.0;date+15.0,204,2026-02-25 18:31:22.136,STEEL TURNING,TURNSTEEL
1470,16,943,17341,45.1,60.0,133.0,code+40.0;desc+20.0;net_wt_over-15.0;date+15.0,17080,2026-02-25 17:14:49.808,STEEL TURNING,TURNSTEEL
1470,16,941,17329,45.1,60.0,133.0,code+40.0;desc+20.0;net_wt_over-15.0;date+15.0,8600,2026-02-25 15:06:59.090,STEEL TURNING,TURNSTEEL
1470,16,922,17277,45.1,60.0,133.0,code+40.0;desc+20.0;net_wt_over-15.0;date+15.0,29980,2026-02-23 19:57:36.837,STEEL TURNING,TURNSTEEL
1470,16,949,17350,45.1,60.0,133.0,code+40.0;desc+20.0;net_wt_over-15.0;date+15.0,138,2026-02-25 18:31:22.136,STEEL TURNING,TURNSTEEL
1470,16,918,17284,45.1,60.0,133.0,code+40.0;desc+20.0;net_wt_over-15.0;date+15.0,19820,2026-02-23 13:05:32.657,STEEL TURNING,TURNSTEEL
1470,16,860,17188,36.1,48.0,133.0,code+40.0;desc+20.0;net_wt_over-15.0;date+3.0,56480,2026-02-19 20:20:06.332,STEEL TURNING,TURNSTEEL
1470,16,915,17239,36.1,48.0,133.0,code+40.0;desc+20.0;net_wt_over-15.0;date+3.0,271,2026-02-20 20:22:34.380,STEEL TURNING,TURNSTEEL
1470,16,1014,17549,36.1,48.0,133.0,code+40.0;desc+20.0;net_wt_over-15.0;date+3.0,14240,2026-03-02 20:40:40.114,STEEL TURNING,TURNSTEEL
1470,16,1001,17496,36.1,48.0,133.0,code+40.0;desc+20.0;net_wt_over-15.0;date+3.0,945,2026-03-02 15:37:36.586,STEEL TURNING,TURNSTEEL
1470,16,999,17496,36.1,48.0,133.0,code+40.0;desc+20.0;net_wt_over-15.0;date+3.0,191,2026-03-02 15:37:36.586,STEEL TURNING,TURNSTEEL
1470,16,863,17281,36.1,48.0,133.0,code+40.0;desc+20.0;net_wt_over-15.0;date+3.0,333,2026-02-20 13:13:29.992,STEEL TURNING,TURNSTEEL
1470,16,861,17189,36.1,48.0,133.0,code+40.0;desc+20.0;net_wt_over-15.0;date+3.0,12280,2026-02-19 20:20:53.518,STEEL TURNING,TURNSTEEL
1470,16,864,17281,36.1,48.0,133.0,code+40.0;desc+20.0;net_wt_over-15.0;date+3.0,95,2026-02-20 13:13:29.992,STEEL TURNING,TURNSTEEL
1470,16,882,17281,36.1,48.0,133.0,code+40.0;desc+20.0;net_wt_over-15.0;date+3.0,427,2026-02-20 13:13:29.992,STEEL TURNING,TURNSTEEL
1470,16,900,17239,36.1,48.0,133.0,code+40.0;desc+20.0;net_wt_over-15.0;date+3.0,209,2026-02-20 20:22:34.380,STEEL TURNING,TURNSTEEL
1470,16,909,17239,36.1,48.0,133.0,code+40.0;desc+20.0;net_wt_over-15.0;date+3.0,125,2026-02-20 20:22:34.380,STEEL TURNING,TURNSTEEL
1470,16,914,17239,36.1,48.0,133.0,code+40.0;desc+20.0;net_wt_over-15.0;date+3.0,1184,2026-02-20 20:22:34.380,STEEL TURNING,TURNSTEEL
1470,16,1096,17869,33.8,45.0,133.0,code+40.0;desc+20.0;net_wt_over-15.0,817,2026-03-09 19:34:13.444,STEEL TURNING,TURNSTEEL
1470,16,1101,17869,33.8,45.0,133.0,code+40.0;desc+20.0;net_wt_over-15.0,519,2026-03-09 19:34:13.444,STEEL TURNING,TURNSTEEL
1470,16,1100,17869,33.8,45.0,133.0,code+40.0;desc+20.0;net_wt_over-15.0,715,2026-03-09 19:34:13.444,STEEL TURNING,TURNSTEEL
1470,16,1099,17869,33.8,45.0,133.0,code+40.0;desc+20.0;net_wt_over-15.0,798,2026-03-09 19:34:13.444,STEEL TURNING,TURNSTEEL
1470,16,1098,17869,33.8,45.0,133.0,code+40.0;desc+20.0;net_wt_over-15.0,805,2026-03-09 19:34:13.444,STEEL TURNING,TURNSTEEL
1470,16,1097,17869,33.8,45.0,133.0,code+40.0;desc+20.0;net_wt_over-15.0,808,2026-03-09 19:34:13.444,STEEL TURNING,TURNSTEEL
1470,16,1043,17717,33.8,45.0,133.0,code+40.0;desc+20.0;net_wt_over-15.0,11960,2026-03-05 18:48:09.285,STEEL TURNING,TURNSTEEL
1470,16,1095,17869,33.8,45.0,133.0,code+40.0;desc+20.0;net_wt_over-15.0,830,2026-03-09 19:34:13.444,STEEL TURNING,TURNSTEEL
1470,16,1094,17869,33.8,45.0,133.0,code+40.0;desc+20.0;net_wt_over-15.0,849,2026-03-09 19:34:13.444,STEEL TURNING,TURNSTEEL
1470,16,1093,17869,33.8,45.0,133.0,code+40.0;desc+20.0;net_wt_over-15.0,934,2026-03-09 19:34:13.444,STEEL TURNING,TURNSTEEL
1470,16,1092,17869,33.8,45.0,133.0,code+40.0;desc+20.0;net_wt_over-15.0,940,2026-03-09 19:34:13.444,STEEL TURNING,TURNSTEEL
1470,16,1077,17888,33.8,45.0,133.0,code+40.0;desc+20.0;net_wt_over-15.0,33560,2026-03-09 12:35:20.000,STEEL TURNING,TURNSTEEL
1470,16,1102,17869,33.8,45.0,133.0,code+40.0;desc+20.0;net_wt_over-15.0,500,2026-03-09 19:34:13.444,STEEL TURNING,TURNSTEEL
1457,17,918,17284,90.4,131.08,145.0,code+40.0;desc+20.0;net_wt+40.0;date+25.0;time+6.08,19820,2026-02-23 13:05:32.657,STEEL TURNING,TURNSTEEL
1457,17,921,17276,48.3,70.0,145.0,code+40.0;desc+20.0;net_wt_over-15.0;date+25.0,4760,2026-02-23 19:43:15.611,STEEL TURNING,TURNSTEEL
1457,17,922,17277,48.3,70.0,145.0,code+40.0;desc+20.0;net_wt_over-15.0;date+25.0,29980,2026-02-23 19:57:36.837,STEEL TURNING,TURNSTEEL
1457,17,939,17323,45.1,60.0,133.0,code+40.0;desc+20.0;net_wt_over-15.0;date+15.0,28440,2026-02-24 20:43:39.203,STEEL TURNING,TURNSTEEL
1457,17,925,17303,45.1,60.0,133.0,code+40.0;desc+20.0;net_wt_over-15.0;date+15.0,15180,2026-02-24 17:35:47.621,STEEL TURNING,TURNSTEEL
1457,17,915,17239,39.5,52.5,133.0,code+40.0;desc+20.0;net_wt_over-15.0;date+7.5,271,2026-02-20 20:22:34.380,STEEL TURNING,TURNSTEEL
1457,17,951,17350,39.5,52.5,133.0,code+40.0;desc+20.0;net_wt_over-15.0;date+7.5,75,2026-02-25 18:31:22.136,STEEL TURNING,TURNSTEEL
1457,17,943,17341,39.5,52.5,133.0,code+40.0;desc+20.0;net_wt_over-15.0;date+7.5,17080,2026-02-25 17:14:49.808,STEEL TURNING,TURNSTEEL
1457,17,941,17329,39.5,52.5,133.0,code+40.0;desc+20.0;net_wt_over-15.0;date+7.5,8600,2026-02-25 15:06:59.090,STEEL TURNING,TURNSTEEL
1457,17,949,17350,39.5,52.5,133.0,code+40.0;desc+20.0;net_wt_over-15.0;date+7.5,138,2026-02-25 18:31:22.136,STEEL TURNING,TURNSTEEL
1457,17,950,17350,39.5,52.5,133.0,code+40.0;desc+20.0;net_wt_over-15.0;date+7.5,82,2026-02-25 18:31:22.136,STEEL TURNING,TURNSTEEL
1457,17,947,17350,39.5,52.5,133.0,code+40.0;desc+20.0;net_wt_over-15.0;date+7.5,204,2026-02-25 18:31:22.136,STEEL TURNING,TURNSTEEL
1457,17,948,17350,39.5,52.5,133.0,code+40.0;desc+20.0;net_wt_over-15.0;date+7.5,139,2026-02-25 18:31:22.136,STEEL TURNING,TURNSTEEL
1457,17,914,17239,39.5,52.5,133.0,code+40.0;desc+20.0;net_wt_over-15.0;date+7.5,1184,2026-02-20 20:22:34.380,STEEL TURNING,TURNSTEEL
1457,17,909,17239,39.5,52.5,133.0,code+40.0;desc+20.0;net_wt_over-15.0;date+7.5,125,2026-02-20 20:22:34.380,STEEL TURNING,TURNSTEEL
1457,17,900,17239,39.5,52.5,133.0,code+40.0;desc+20.0;net_wt_over-15.0;date+7.5,209,2026-02-20 20:22:34.380,STEEL TURNING,TURNSTEEL
1457,17,882,17281,39.5,52.5,133.0,code+40.0;desc+20.0;net_wt_over-15.0;date+7.5,427,2026-02-20 13:13:29.992,STEEL TURNING,TURNSTEEL
1457,17,864,17281,39.5,52.5,133.0,code+40.0;desc+20.0;net_wt_over-15.0;date+7.5,95,2026-02-20 13:13:29.992,STEEL TURNING,TURNSTEEL
1457,17,863,17281,39.5,52.5,133.0,code+40.0;desc+20.0;net_wt_over-15.0;date+7.5,333,2026-02-20 13:13:29.992,STEEL TURNING,TURNSTEEL
1457,17,860,17188,36.1,48.0,133.0,code+40.0;desc+20.0;net_wt_over-15.0;date+3.0,56480,2026-02-19 20:20:06.332,STEEL TURNING,TURNSTEEL
1457,17,1014,17549,36.1,48.0,133.0,code+40.0;desc+20.0;net_wt_over-15.0;date+3.0,14240,2026-03-02 20:40:40.114,STEEL TURNING,TURNSTEEL
1457,17,861,17189,36.1,48.0,133.0,code+40.0;desc+20.0;net_wt_over-15.0;date+3.0,12280,2026-02-19 20:20:53.518,STEEL TURNING,TURNSTEEL
1457,17,792,17167,36.1,48.0,133.0,code+40.0;desc+20.0;net_wt_over-15.0;date+3.0,15220,2026-02-18 17:50:21.200,STEEL TURNING,TURNSTEEL
1457,17,1001,17496,36.1,48.0,133.0,code+40.0;desc+20.0;net_wt_over-15.0;date+3.0,945,2026-03-02 15:37:36.586,STEEL TURNING,TURNSTEEL
1457,17,999,17496,36.1,48.0,133.0,code+40.0;desc+20.0;net_wt_over-15.0;date+3.0,191,2026-03-02 15:37:36.586,STEEL TURNING,TURNSTEEL
1457,17,1043,17717,33.8,45.0,133.0,code+40.0;desc+20.0;net_wt_over-15.0,11960,2026-03-05 18:48:09.285,STEEL TURNING,TURNSTEEL
1457,17,1013,17548,0.0,-11.22,133.0,code_diff-40.0;net_wt+25.78;date+3.0,20060,2026-03-02 20:39:51.678,STEEL WIRE,STWR
1457,17,699,16859,0.0,-0.09,133.0,code_diff-40.0;net_wt+39.91,19720,2026-02-13 15:05:08.301,PLATE & STRUCTUAL,INDP&S
1457,17,664,16844,0.0,0.0,133.0,code_diff-40.0;net_wt+40.0,19900,2026-02-12 19:27:18.227,ZZ DO NOT USE STEEL TURNINGS,FETURN
1451,18,899,17233,54.8,79.53,145.0,code+40.0;desc+20.0;net_wt_over-15.0;date+25.0;time+5.82;price+3.71,240,2026-02-20 19:50:48.144,SHEET IRON,SHIRST
1451,18,854,17150,45.5,60.57,133.0,code+40.0;desc+20.0;net_wt_over-15.0;date+15.0;price+0.57,1080,2026-02-19 16:11:59.330,SHEET IRON,SHIRST
1451,18,797,17142,45.1,60.0,133.0,code+40.0;desc+20.0;net_wt_over-15.0;date+15.0,1000,2026-02-19 14:31:46.455,SHEET IRON,SHIRST
1451,18,920,17264,42.3,56.22,133.0,code+40.0;desc+20.0;net_wt_over-15.0;date+7.5;price+3.72,540,2026-02-23 15:12:22.183,SHEET IRON,SHIRST
1451,18,791,17101,41.8,55.59,133.0,code+40.0;desc+20.0;net_wt_over-15.0;date+7.5;price+3.09,5140,2026-02-18 17:01:15.826,SHEET IRON,SHIRST
1451,18,776,17025,41.8,55.59,133.0,code+40.0;desc+20.0;net_wt_over-15.0;date+7.5;price+3.09,1140,2026-02-17 15:58:06.632,SHEET IRON,SHIRST
1451,18,790,17086,39.9,53.07,133.0,code+40.0;desc+20.0;net_wt_over-15.0;date+7.5;price+0.57,620,2026-02-18 15:05:37.877,SHEET IRON,SHIRST
1451,18,794,17128,39.9,53.08,133.0,code+40.0;desc+20.0;net_wt_over-15.0;date+7.5;price+0.58,120,2026-02-18 20:26:45.609,SHEET IRON,SHIRST
1451,18,786,17045,39.9,53.07,133.0,code+40.0;desc+20.0;net_wt_over-15.0;date+7.5;price+0.57,200,2026-02-17 17:56:52.852,SHEET IRON,SHIRST
1451,18,785,17039,39.9,53.07,133.0,code+40.0;desc+20.0;net_wt_over-15.0;date+7.5;price+0.57,140,2026-02-17 17:25:25.871,SHEET IRON,SHIRST
1451,18,784,17037,39.5,52.5,133.0,code+40.0;desc+20.0;net_wt_over-15.0;date+7.5,27880,2026-02-17 17:17:32.844,SHEET IRON,SHIRST
1451,18,980,17400,38.9,51.72,133.0,code+40.0;desc+20.0;net_wt_over-15.0;date+3.0;price+3.72,900,2026-02-26 17:52:53.917,SHEET IRON,SHIRST
1451,18,942,17330,38.9,51.72,133.0,code+40.0;desc+20.0;net_wt_over-15.0;date+3.0;price+3.72,520,2026-02-25 15:20:32.033,SHEET IRON,SHIRST
1451,18,996,17452,38.9,51.71,133.0,code+40.0;desc+20.0;net_wt_over-15.0;date+3.0;price+3.71,480,2026-02-27 20:03:08.028,SHEET IRON,SHIRST
1451,18,732,16959,38.4,51.09,133.0,code+40.0;desc+20.0;net_wt_over-15.0;date+3.0;price+3.09,3180,2026-02-16 17:07:44.905,SHEET IRON,SHIRST
1451,18,971,17391,38.4,51.09,133.0,code+40.0;desc+20.0;net_wt_over-15.0;date+3.0;price+3.09,1140,2026-02-26 16:48:46.538,SHEET IRON,SHIRST
1451,18,985,17419,38.4,51.09,133.0,code+40.0;desc+20.0;net_wt_over-15.0;date+3.0;price+3.09,2920,2026-02-27 13:52:33.654,SHEET IRON,SHIRST
1451,18,676,16854,38.4,51.09,133.0,code+40.0;desc+20.0;net_wt_over-15.0;date+3.0;price+3.09,1618,2026-02-13 13:30:43.802,SHEET IRON,SHIRST
1451,18,1042,17714,36.6,48.72,133.0,code+40.0;desc+20.0;net_wt_over-15.0;price+3.72,360,2026-03-05 18:04:07.898,SHEET IRON,SHIRST
1451,18,1038,17704,36.6,48.72,133.0,code+40.0;desc+20.0;net_wt_over-15.0;price+3.72,1240,2026-03-05 16:25:35.119,SHEET IRON,SHIRST
1451,18,1030,17612,36.6,48.72,133.0,code+40.0;desc+20.0;net_wt_over-15.0;price+3.72,1364,2026-03-03 19:42:51.346,SHEET IRON,SHIRST
1451,18,1029,17611,36.6,48.71,133.0,code+40.0;desc+20.0;net_wt_over-15.0;price+3.71,240,2026-03-03 19:40:48.433,SHEET IRON,SHIRST
1451,18,997,17485,36.6,48.72,133.0,code+40.0;desc+20.0;net_wt_over-15.0;price+3.72,900,2026-03-02 13:28:51.774,SHEET IRON,SHIRST
1451,18,1012,17501,36.6,48.72,133.0,code+40.0;desc+20.0;net_wt_over-15.0;price+3.72,560,2026-03-02 16:20:33.233,SHEET IRON,SHIRST
1451,18,729,16942,36.5,48.57,133.0,code+40.0;desc+20.0;net_wt_over-15.0;date+3.0;price+0.57,560,2026-02-16 13:40:39.567,SHEET IRON,SHIRST
1451,18,728,16895,36.5,48.57,133.0,code+40.0;desc+20.0;net_wt_over-15.0;date+3.0;price+0.57,140,2026-02-13 19:12:23.480,SHEET IRON,SHIRST
1451,18,767,16966,36.5,48.57,133.0,code+40.0;desc+20.0;net_wt_over-15.0;date+3.0;price+0.57,1740,2026-02-16 17:56:00.462,SHEET IRON,SHIRST
1451,18,717,16884,36.5,48.57,133.0,code+40.0;desc+20.0;net_wt_over-15.0;date+3.0;price+0.57,560,2026-02-13 18:01:44.823,SHEET IRON,SHIRST
1451,18,1000,17496,36.2,48.09,133.0,code+40.0;desc+20.0;net_wt_over-15.0;price+3.09,704,2026-03-02 15:37:36.586,SHEET IRON,SHIRST
1451,18,998,17496,36.2,48.1,133.0,code+40.0;desc+20.0;net_wt_over-15.0;price+3.1,148,2026-03-02 15:37:36.586,SHEET IRON,SHIRST
1451,18,704,16953,36.1,48.0,133.0,code+40.0;desc+20.0;net_wt_over-15.0;date+3.0,523,2026-02-13 15:42:27.638,SHEET IRON,SHIRST
1451,18,705,16953,36.1,48.0,133.0,code+40.0;desc+20.0;net_wt_over-15.0;date+3.0,489,2026-02-13 15:42:27.638,SHEET IRON,SHIRST
1451,18,706,16953,36.1,48.0,133.0,code+40.0;desc+20.0;net_wt_over-15.0;date+3.0,356,2026-02-13 15:42:27.638,SHEET IRON,SHIRST
1451,18,953,17351,36.1,48.0,133.0,code+40.0;desc+20.0;net_wt_over-15.0;date+3.0,4740,2026-02-25 18:34:51.054,SHEET IRON,SHIRST
1451,18,967,17373,36.1,48.0,133.0,code+40.0;desc+20.0;net_wt_over-15.0;date+3.0,4720,2026-02-26 13:48:14.550,SHEET IRON,SHIRST
1451,18,707,16953,36.1,48.0,133.0,code+40.0;desc+20.0;net_wt_over-15.0;date+3.0,331,2026-02-13 15:42:27.638,SHEET IRON,SHIRST
1451,18,577,16639,34.3,45.56,133.0,code+40.0;desc+20.0;net_wt_over-15.0;price+0.56,260,2026-02-06 17:51:39.957,SHEET IRON,SHIRST
1451,18,649,16813,34.3,45.56,133.0,code+40.0;desc+20.0;net_wt_over-15.0;price+0.56,260,2026-02-12 13:46:09.139,SHEET IRON,SHIRST
1451,18,604,16735,34.3,45.57,133.0,code+40.0;desc+20.0;net_wt_over-15.0;price+0.57,2200,2026-02-10 17:29:57.075,SHEET IRON,SHIRST
1451,18,603,16722,34.3,45.56,133.0,code+40.0;desc+20.0;net_wt_over-15.0;price+0.56,240,2026-02-10 15:42:34.198,SHEET IRON,SHIRST
1451,18,582,16670,34.3,45.57,133.0,code+40.0;desc+20.0;net_wt_over-15.0;price+0.57,880,2026-02-09 13:42:13.229,SHEET IRON,SHIRST
1451,18,578,16642,33.8,45.0,133.0,code+40.0;desc+20.0;net_wt_over-15.0,1078,2026-02-06 18:24:36.849,SHEET IRON,SHIRST
1451,18,646,16792,33.8,45.0,133.0,code+40.0;desc+20.0;net_wt_over-15.0,9700,2026-02-11 18:59:31.746,SHEET IRON,SHIRST
1451,18,643,16755,33.8,45.0,133.0,code+40.0;desc+20.0;net_wt_over-15.0,1977,2026-02-10 20:23:44.732,SHEET IRON,SHIRST
1451,18,579,16642,33.8,45.0,133.0,code+40.0;desc+20.0;net_wt_over-15.0,1226,2026-02-06 18:24:36.849,SHEET IRON,SHIRST
1451,18,1050,17725,33.8,45.0,133.0,code+40.0;desc+20.0;net_wt_over-15.0,1140,2026-03-05 19:35:17.866,SHEET IRON,SHIRST
1449,19,892,17225,92.3,133.88,145.0,code+40.0;desc+20.0;net_wt+40.0;date+25.0;time+6.06;price+2.82,27180,2026-02-20 19:06:31.247,BUSHELING,Indbush
1449,19,968,17385,76.1,101.23,133.0,code+40.0;desc+20.0;net_wt+38.23;date+3.0,27020,2026-02-26 16:25:11.437,BUSHELING,Indbush
1449,19,731,17011,50.6,67.25,133.0,code+40.0;desc+20.0;net_wt+1.43;date+3.0;price+2.82,27840,2026-02-16 13:55:32.714,BUSHELING,Indbush
1449,19,798,17145,48.9,65.05,133.0,code+40.0;desc+20.0;net_wt_over-15.0;date+15.0;price+5.05,1100,2026-02-19 14:49:34.775,BUSHELING,Indbush
1449,19,801,17145,48.9,65.05,133.0,code+40.0;desc+20.0;net_wt_over-15.0;date+15.0;price+5.05,576,2026-02-19 14:49:34.775,BUSHELING,Indbush
1449,19,799,17145,48.9,65.05,133.0,code+40.0;desc+20.0;net_wt_over-15.0;date+15.0;price+5.05,1180,2026-02-19 14:49:34.775,BUSHELING,Indbush
1449,19,795,17142,45.1,60.0,133.0,code+40.0;desc+20.0;net_wt_over-15.0;date+15.0,16580,2026-02-19 14:31:46.455,BUSHELING,Indbush
1449,19,859,17182,45.1,60.0,133.0,code+40.0;desc+20.0;net_wt_over-15.0;date+15.0,10120,2026-02-19 19:07:19.159,BUSHELING,Indbush
1449,19,775,17016,39.5,52.5,133.0,code+40.0;desc+20.0;net_wt_over-15.0;date+7.5,31860,2026-02-17 14:36:58.119,BUSHELING,Indbush
1449,19,982,17401,38.2,50.82,133.0,code+40.0;desc+20.0;net_wt_over-15.0;date+3.0;price+2.82,1000,2026-02-26 18:11:45.366,BUSHELING,Indbush
1449,19,984,17409,38.2,50.82,133.0,code+40.0;desc+20.0;net_wt_over-15.0;date+3.0;price+2.82,29080,2026-02-26 19:39:52.380,BUSHELING,Indbush
1449,19,1008,17498,37.6,50.05,133.0,code+40.0;desc+20.0;net_wt_over-15.0;price+5.05,760,2026-03-02 15:46:53.340,BUSHELING,Indbush
1449,19,645,16811,36.3,48.26,133.0,code+40.0;desc+20.0;net_wt_over-15.0;price+3.26,40300,2026-02-11 13:35:29.719,BUSHELING,Indbush
1449,19,677,16854,36.1,48.0,133.0,code+40.0;desc+20.0;net_wt_over-15.0;date+3.0,1442,2026-02-13 13:30:43.802,BUSHELING,Indbush
1449,19,924,17293,36.1,48.0,133.0,code+40.0;desc+20.0;net_wt_over-15.0;date+3.0,33960,2026-02-24 15:30:17.646,BUSHELING,Indbush
1449,19,605,16748,36.0,47.82,133.0,code+40.0;desc+20.0;net_wt_over-15.0;price+2.82,38860,2026-02-10 19:48:47.691,BUSHELING,Indbush
1449,19,1036,17679,36.0,47.82,133.0,code+40.0;desc+20.0;net_wt_over-15.0;price+2.82,34120,2026-03-04 20:43:27.138,BUSHELING,Indbush
1449,19,1031,17682,35.3,46.92,133.0,code+40.0;desc+20.0;net_wt_over-15.0;price+1.92,24820,2026-03-04 12:53:51.635,BUSHELING,Indbush
1449,19,598,16719,35.3,46.92,133.0,code+40.0;desc+20.0;net_wt_over-15.0;price+1.92,29600,2026-02-10 14:48:08.968,BUSHELING,Indbush
1449,19,659,16817,35.3,46.92,133.0,code+40.0;desc+20.0;net_wt_over-15.0;price+1.92,-810,2026-02-12 14:39:42.421,BUSHELING,Indbush
1449,19,658,16817,35.3,46.92,133.0,code+40.0;desc+20.0;net_wt_over-15.0;price+1.92,880,2026-02-12 14:39:42.421,BUSHELING,Indbush
1449,19,657,16817,35.3,46.92,133.0,code+40.0;desc+20.0;net_wt_over-15.0;price+1.92,940,2026-02-12 14:39:42.421,BUSHELING,Indbush
1449,19,656,16817,35.3,46.92,133.0,code+40.0;desc+20.0;net_wt_over-15.0;price+1.92,1240,2026-02-12 14:39:42.421,BUSHELING,Indbush
1449,19,660,16821,33.8,45.0,133.0,code+40.0;desc+20.0;net_wt_over-15.0,19060,2026-02-12 15:33:09.682,BUSHELING,Indbush
1449,19,1021,17564,33.8,45.0,133.0,code+40.0;desc+20.0;net_wt_over-15.0,33680,2026-03-03 13:54:47.686,BUSHELING,Indbush
1449,19,644,16810,33.8,45.0,133.0,code+40.0;desc+20.0;net_wt_over-15.0,39540,2026-02-11 13:34:38.799,BUSHELING,Indbush
1449,19,1037,17687,33.8,45.0,133.0,code+40.0;desc+20.0;net_wt_over-15.0,15760,2026-03-05 13:52:51.942,BUSHELING,Indbush
1449,19,661,16825,0.0,-23.85,133.0,code_diff-40.0;net_wt+16.15,27640,2026-02-12 15:55:30.107,ZZ DO NOT USE STEEL TURNINGS,FETURN
1448,20,891,17223,90.4,131.07,145.0,code+40.0;desc+20.0;net_wt+40.0;date+25.0;time+6.07,44380,2026-02-20 19:05:08.025,STEEL WIRE,STWR
1448,20,730,17010,36.1,48.0,133.0,code+40.0;desc+20.0;net_wt_over-15.0;date+3.0,40340,2026-02-16 13:52:00.760,STEEL WIRE,STWR
1448,20,940,17371,36.1,48.0,133.0,code+40.0;desc+20.0;net_wt_over-15.0;date+3.0,46900,2026-02-25 13:02:56.737,STEEL WIRE,STWR
1448,20,606,16749,33.8,45.0,133.0,code+40.0;desc+20.0;net_wt_over-15.0,34200,2026-02-10 19:49:37.810,STEEL WIRE,STWR
1448,20,1013,17548,33.8,45.0,133.0,code+40.0;desc+20.0;net_wt_over-15.0,20060,2026-03-02 20:39:51.678,STEEL WIRE,STWR
1448,20,1044,17718,33.8,45.0,133.0,code+40.0;desc+20.0;net_wt_over-15.0,25600,2026-03-05 18:49:10.803,STEEL WIRE,STWR
1447,21,731,17011,79.6,105.82,133.0,code+40.0;desc+20.0;net_wt+40.0;date+3.0;price+2.82,27840,2026-02-16 13:55:32.714,BUSHELING,Indbush
1447,21,892,17225,66.5,96.44,145.0,code+40.0;desc+20.0;net_wt+2.59;date+25.0;time+6.03;price+2.82,27180,2026-02-20 19:06:31.247,BUSHELING,Indbush
1447,21,798,17145,48.9,65.05,133.0,code+40.0;desc+20.0;net_wt_over-15.0;date+15.0;price+5.05,1100,2026-02-19 14:49:34.775,BUSHELING,Indbush
1447,21,799,17145,48.9,65.05,133.0,code+40.0;desc+20.0;net_wt_over-15.0;date+15.0;price+5.05,1180,2026-02-19 14:49:34.775,BUSHELING,Indbush
1447,21,801,17145,48.9,65.05,133.0,code+40.0;desc+20.0;net_wt_over-15.0;date+15.0;price+5.05,576,2026-02-19 14:49:34.775,BUSHELING,Indbush
1447,21,859,17182,45.1,60.0,133.0,code+40.0;desc+20.0;net_wt_over-15.0;date+15.0,10120,2026-02-19 19:07:19.159,BUSHELING,Indbush
1447,21,795,17142,45.1,60.0,133.0,code+40.0;desc+20.0;net_wt_over-15.0;date+15.0,16580,2026-02-19 14:31:46.455,BUSHELING,Indbush
1447,21,775,17016,39.5,52.5,133.0,code+40.0;desc+20.0;net_wt_over-15.0;date+7.5,31860,2026-02-17 14:36:58.119,BUSHELING,Indbush
1447,21,984,17409,38.2,50.82,133.0,code+40.0;desc+20.0;net_wt_over-15.0;date+3.0;price+2.82,29080,2026-02-26 19:39:52.380,BUSHELING,Indbush
1447,21,982,17401,38.2,50.82,133.0,code+40.0;desc+20.0;net_wt_over-15.0;date+3.0;price+2.82,1000,2026-02-26 18:11:45.366,BUSHELING,Indbush
1447,21,1008,17498,37.6,50.05,133.0,code+40.0;desc+20.0;net_wt_over-15.0;price+5.05,760,2026-03-02 15:46:53.340,BUSHELING,Indbush
1447,21,645,16811,36.3,48.26,133.0,code+40.0;desc+20.0;net_wt_over-15.0;price+3.26,40300,2026-02-11 13:35:29.719,BUSHELING,Indbush
1447,21,968,17385,36.1,48.0,133.0,code+40.0;desc+20.0;net_wt_over-15.0;date+3.0,27020,2026-02-26 16:25:11.437,BUSHELING,Indbush
1447,21,677,16854,36.1,48.0,133.0,code+40.0;desc+20.0;net_wt_over-15.0;date+3.0,1442,2026-02-13 13:30:43.802,BUSHELING,Indbush
1447,21,924,17293,36.1,48.0,133.0,code+40.0;desc+20.0;net_wt_over-15.0;date+3.0,33960,2026-02-24 15:30:17.646,BUSHELING,Indbush
1447,21,605,16748,36.0,47.82,133.0,code+40.0;desc+20.0;net_wt_over-15.0;price+2.82,38860,2026-02-10 19:48:47.691,BUSHELING,Indbush
1447,21,1036,17679,36.0,47.82,133.0,code+40.0;desc+20.0;net_wt_over-15.0;price+2.82,34120,2026-03-04 20:43:27.138,BUSHELING,Indbush
1447,21,1031,17682,35.3,46.92,133.0,code+40.0;desc+20.0;net_wt_over-15.0;price+1.92,24820,2026-03-04 12:53:51.635,BUSHELING,Indbush
1447,21,598,16719,35.3,46.92,133.0,code+40.0;desc+20.0;net_wt_over-15.0;price+1.92,29600,2026-02-10 14:48:08.968,BUSHELING,Indbush
1447,21,659,16817,35.3,46.92,133.0,code+40.0;desc+20.0;net_wt_over-15.0;price+1.92,-810,2026-02-12 14:39:42.421,BUSHELING,Indbush
1447,21,658,16817,35.3,46.92,133.0,code+40.0;desc+20.0;net_wt_over-15.0;price+1.92,880,2026-02-12 14:39:42.421,BUSHELING,Indbush
1447,21,657,16817,35.3,46.92,133.0,code+40.0;desc+20.0;net_wt_over-15.0;price+1.92,940,2026-02-12 14:39:42.421,BUSHELING,Indbush
1447,21,656,16817,35.3,46.92,133.0,code+40.0;desc+20.0;net_wt_over-15.0;price+1.92,1240,2026-02-12 14:39:42.421,BUSHELING,Indbush
1447,21,660,16821,33.8,45.0,133.0,code+40.0;desc+20.0;net_wt_over-15.0,19060,2026-02-12 15:33:09.682,BUSHELING,Indbush
1447,21,1021,17564,33.8,45.0,133.0,code+40.0;desc+20.0;net_wt_over-15.0,33680,2026-03-03 13:54:47.686,BUSHELING,Indbush
1447,21,644,16810,33.8,45.0,133.0,code+40.0;desc+20.0;net_wt_over-15.0,39540,2026-02-11 13:34:38.799,BUSHELING,Indbush
1447,21,1037,17687,33.8,45.0,133.0,code+40.0;desc+20.0;net_wt_over-15.0,15760,2026-03-05 13:52:51.942,BUSHELING,Indbush
1447,21,784,17037,5.6,7.5,133.0,code_diff-40.0;net_wt+40.0;date+7.5,27880,2026-02-17 17:17:32.844,SHEET IRON,SHIRST
1447,21,661,16825,0.0,-4.37,133.0,code_diff-40.0;net_wt+35.63,27640,2026-02-12 15:55:30.107,ZZ DO NOT USE STEEL TURNINGS,FETURN
1447,21,939,17323,0.0,-30.1,133.0,code_diff-40.0;net_wt+6.9;date+3.0,28440,2026-02-24 20:43:39.203,STEEL TURNING,TURNSTEEL
1445,22,861,17189,90.4,131.03,145.0,code+40.0;desc+20.0;net_wt+40.0;date+25.0;time+6.03,12280,2026-02-19 20:20:53.518,STEEL TURNING,TURNSTEEL
1445,22,860,17188,52.4,76.04,145.0,code+40.0;desc+20.0;net_wt_over-15.0;date+25.0;time+6.04,56480,2026-02-19 20:20:06.332,STEEL TURNING,TURNSTEEL
1445,22,792,17167,45.1,60.0,133.0,code+40.0;desc+20.0;net_wt_over-15.0;date+15.0,15220,2026-02-18 17:50:21.200,STEEL TURNING,TURNSTEEL
1445,22,863,17281,45.1,60.0,133.0,code+40.0;desc+20.0;net_wt_over-15.0;date+15.0,333,2026-02-20 13:13:29.992,STEEL TURNING,TURNSTEEL
1445,22,864,17281,45.1,60.0,133.0,code+40.0;desc+20.0;net_wt_over-15.0;date+15.0,95,2026-02-20 13:13:29.992,STEEL TURNING,TURNSTEEL
1445,22,882,17281,45.1,60.0,133.0,code+40.0;desc+20.0;net_wt_over-15.0;date+15.0,427,2026-02-20 13:13:29.992,STEEL TURNING,TURNSTEEL
1445,22,900,17239,45.1,60.0,133.0,code+40.0;desc+20.0;net_wt_over-15.0;date+15.0,209,2026-02-20 20:22:34.380,STEEL TURNING,TURNSTEEL
1445,22,909,17239,45.1,60.0,133.0,code+40.0;desc+20.0;net_wt_over-15.0;date+15.0,125,2026-02-20 20:22:34.380,STEEL TURNING,TURNSTEEL
1445,22,914,17239,45.1,60.0,133.0,code+40.0;desc+20.0;net_wt_over-15.0;date+15.0,1184,2026-02-20 20:22:34.380,STEEL TURNING,TURNSTEEL
1445,22,915,17239,45.1,60.0,133.0,code+40.0;desc+20.0;net_wt_over-15.0;date+15.0,271,2026-02-20 20:22:34.380,STEEL TURNING,TURNSTEEL
1445,22,943,17341,36.1,48.0,133.0,code+40.0;desc+20.0;net_wt_over-15.0;date+3.0,17080,2026-02-25 17:14:49.808,STEEL TURNING,TURNSTEEL
1445,22,951,17350,36.1,48.0,133.0,code+40.0;desc+20.0;net_wt_over-15.0;date+3.0,75,2026-02-25 18:31:22.136,STEEL TURNING,TURNSTEEL
1445,22,950,17350,36.1,48.0,133.0,code+40.0;desc+20.0;net_wt_over-15.0;date+3.0,82,2026-02-25 18:31:22.136,STEEL TURNING,TURNSTEEL
1445,22,949,17350,36.1,48.0,133.0,code+40.0;desc+20.0;net_wt_over-15.0;date+3.0,138,2026-02-25 18:31:22.136,STEEL TURNING,TURNSTEEL
1445,22,948,17350,36.1,48.0,133.0,code+40.0;desc+20.0;net_wt_over-15.0;date+3.0,139,2026-02-25 18:31:22.136,STEEL TURNING,TURNSTEEL
1445,22,947,17350,36.1,48.0,133.0,code+40.0;desc+20.0;net_wt_over-15.0;date+3.0,204,2026-02-25 18:31:22.136,STEEL TURNING,TURNSTEEL
1445,22,922,17277,36.1,48.0,133.0,code+40.0;desc+20.0;net_wt_over-15.0;date+3.0,29980,2026-02-23 19:57:36.837,STEEL TURNING,TURNSTEEL
1445,22,941,17329,36.1,48.0,133.0,code+40.0;desc+20.0;net_wt_over-15.0;date+3.0,8600,2026-02-25 15:06:59.090,STEEL TURNING,TURNSTEEL
1445,22,939,17323,36.1,48.0,133.0,code+40.0;desc+20.0;net_wt_over-15.0;date+3.0,28440,2026-02-24 20:43:39.203,STEEL TURNING,TURNSTEEL
1445,22,925,17303,36.1,48.0,133.0,code+40.0;desc+20.0;net_wt_over-15.0;date+3.0,15180,2026-02-24 17:35:47.621,STEEL TURNING,TURNSTEEL
1445,22,921,17276,36.1,48.0,133.0,code+40.0;desc+20.0;net_wt_over-15.0;date+3.0,4760,2026-02-23 19:43:15.611,STEEL TURNING,TURNSTEEL
1445,22,918,17284,36.1,48.0,133.0,code+40.0;desc+20.0;net_wt_over-15.0;date+3.0,19820,2026-02-23 13:05:32.657,STEEL TURNING,TURNSTEEL
1445,22,999,17496,33.8,45.0,133.0,code+40.0;desc+20.0;net_wt_over-15.0,191,2026-03-02 15:37:36.586,STEEL TURNING,TURNSTEEL
1445,22,1001,17496,33.8,45.0,133.0,code+40.0;desc+20.0;net_wt_over-15.0,945,2026-03-02 15:37:36.586,STEEL TURNING,TURNSTEEL
1445,22,1014,17549,33.8,45.0,133.0,code+40.0;desc+20.0;net_wt_over-15.0,14240,2026-03-02 20:40:40.114,STEEL TURNING,TURNSTEEL
1445,22,793,17112,1.7,2.2,133.0,code_diff-40.0;net_wt+27.2;date+15.0,12420,2026-02-18 18:14:39.851,UNPREPARED P&S,UNPREP
1444,23,860,17188,90.4,131.03,145.0,code+40.0;desc+20.0;net_wt+40.0;date+25.0;time+6.03,56480,2026-02-19 20:20:06.332,STEEL TURNING,TURNSTEEL
1444,23,861,17189,52.4,76.02,145.0,code+40.0;desc+20.0;net_wt_over-15.0;date+25.0;time+6.02,12280,2026-02-19 20:20:53.518,STEEL TURNING,TURNSTEEL
1444,23,792,17167,45.1,60.0,133.0,code+40.0;desc+20.0;net_wt_over-15.0;date+15.0,15220,2026-02-18 17:50:21.200,STEEL TURNING,TURNSTEEL
1444,23,863,17281,45.1,60.0,133.0,code+40.0;desc+20.0;net_wt_over-15.0;date+15.0,333,2026-02-20 13:13:29.992,STEEL TURNING,TURNSTEEL
1444,23,864,17281,45.1,60.0,133.0,code+40.0;desc+20.0;net_wt_over-15.0;date+15.0,95,2026-02-20 13:13:29.992,STEEL TURNING,TURNSTEEL
1444,23,882,17281,45.1,60.0,133.0,code+40.0;desc+20.0;net_wt_over-15.0;date+15.0,427,2026-02-20 13:13:29.992,STEEL TURNING,TURNSTEEL
1444,23,900,17239,45.1,60.0,133.0,code+40.0;desc+20.0;net_wt_over-15.0;date+15.0,209,2026-02-20 20:22:34.380,STEEL TURNING,TURNSTEEL
1444,23,909,17239,45.1,60.0,133.0,code+40.0;desc+20.0;net_wt_over-15.0;date+15.0,125,2026-02-20 20:22:34.380,STEEL TURNING,TURNSTEEL
1444,23,914,17239,45.1,60.0,133.0,code+40.0;desc+20.0;net_wt_over-15.0;date+15.0,1184,2026-02-20 20:22:34.380,STEEL TURNING,TURNSTEEL
1444,23,915,17239,45.1,60.0,133.0,code+40.0;desc+20.0;net_wt_over-15.0;date+15.0,271,2026-02-20 20:22:34.380,STEEL TURNING,TURNSTEEL
1444,23,943,17341,36.1,48.0,133.0,code+40.0;desc+20.0;net_wt_over-15.0;date+3.0,17080,2026-02-25 17:14:49.808,STEEL TURNING,TURNSTEEL
1444,23,951,17350,36.1,48.0,133.0,code+40.0;desc+20.0;net_wt_over-15.0;date+3.0,75,2026-02-25 18:31:22.136,STEEL TURNING,TURNSTEEL
1444,23,950,17350,36.1,48.0,133.0,code+40.0;desc+20.0;net_wt_over-15.0;date+3.0,82,2026-02-25 18:31:22.136,STEEL TURNING,TURNSTEEL
1444,23,949,17350,36.1,48.0,133.0,code+40.0;desc+20.0;net_wt_over-15.0;date+3.0,138,2026-02-25 18:31:22.136,STEEL TURNING,TURNSTEEL
1444,23,948,17350,36.1,48.0,133.0,code+40.0;desc+20.0;net_wt_over-15.0;date+3.0,139,2026-02-25 18:31:22.136,STEEL TURNING,TURNSTEEL
1444,23,947,17350,36.1,48.0,133.0,code+40.0;desc+20.0;net_wt_over-15.0;date+3.0,204,2026-02-25 18:31:22.136,STEEL TURNING,TURNSTEEL
1444,23,922,17277,36.1,48.0,133.0,code+40.0;desc+20.0;net_wt_over-15.0;date+3.0,29980,2026-02-23 19:57:36.837,STEEL TURNING,TURNSTEEL
1444,23,941,17329,36.1,48.0,133.0,code+40.0;desc+20.0;net_wt_over-15.0;date+3.0,8600,2026-02-25 15:06:59.090,STEEL TURNING,TURNSTEEL
1444,23,939,17323,36.1,48.0,133.0,code+40.0;desc+20.0;net_wt_over-15.0;date+3.0,28440,2026-02-24 20:43:39.203,STEEL TURNING,TURNSTEEL
1444,23,925,17303,36.1,48.0,133.0,code+40.0;desc+20.0;net_wt_over-15.0;date+3.0,15180,2026-02-24 17:35:47.621,STEEL TURNING,TURNSTEEL
1444,23,921,17276,36.1,48.0,133.0,code+40.0;desc+20.0;net_wt_over-15.0;date+3.0,4760,2026-02-23 19:43:15.611,STEEL TURNING,TURNSTEEL
1444,23,918,17284,36.1,48.0,133.0,code+40.0;desc+20.0;net_wt_over-15.0;date+3.0,19820,2026-02-23 13:05:32.657,STEEL TURNING,TURNSTEEL
1444,23,999,17496,33.8,45.0,133.0,code+40.0;desc+20.0;net_wt_over-15.0,191,2026-03-02 15:37:36.586,STEEL TURNING,TURNSTEEL
1444,23,1001,17496,33.8,45.0,133.0,code+40.0;desc+20.0;net_wt_over-15.0,945,2026-03-02 15:37:36.586,STEEL TURNING,TURNSTEEL
1444,23,1014,17549,33.8,45.0,133.0,code+40.0;desc+20.0;net_wt_over-15.0,14240,2026-03-02 20:40:40.114,STEEL TURNING,TURNSTEEL
1442,24,792,17167,86.5,115.0,133.0,code+40.0;desc+20.0;net_wt+40.0;date+15.0,15220,2026-02-18 17:50:21.200,STEEL TURNING,TURNSTEEL
1442,24,925,17303,77.4,103.0,133.0,code+40.0;desc+20.0;net_wt+40.0;date+3.0,15180,2026-02-24 17:35:47.621,STEEL TURNING,TURNSTEEL
1442,24,861,17189,50.7,73.51,145.0,code+40.0;desc+20.0;net_wt_over-15.0;date+25.0;time+3.51,12280,2026-02-19 20:20:53.518,STEEL TURNING,TURNSTEEL
1442,24,860,17188,50.7,73.52,145.0,code+40.0;desc+20.0;net_wt_over-15.0;date+25.0;time+3.52,56480,2026-02-19 20:20:06.332,STEEL TURNING,TURNSTEEL
1442,24,863,17281,45.1,60.0,133.0,code+40.0;desc+20.0;net_wt_over-15.0;date+15.0,333,2026-02-20 13:13:29.992,STEEL TURNING,TURNSTEEL
1442,24,864,17281,45.1,60.0,133.0,code+40.0;desc+20.0;net_wt_over-15.0;date+15.0,95,2026-02-20 13:13:29.992,STEEL TURNING,TURNSTEEL
1442,24,882,17281,45.1,60.0,133.0,code+40.0;desc+20.0;net_wt_over-15.0;date+15.0,427,2026-02-20 13:13:29.992,STEEL TURNING,TURNSTEEL
1442,24,900,17239,45.1,60.0,133.0,code+40.0;desc+20.0;net_wt_over-15.0;date+15.0,209,2026-02-20 20:22:34.380,STEEL TURNING,TURNSTEEL
1442,24,909,17239,45.1,60.0,133.0,code+40.0;desc+20.0;net_wt_over-15.0;date+15.0,125,2026-02-20 20:22:34.380,STEEL TURNING,TURNSTEEL
1442,24,914,17239,45.1,60.0,133.0,code+40.0;desc+20.0;net_wt_over-15.0;date+15.0,1184,2026-02-20 20:22:34.380,STEEL TURNING,TURNSTEEL
1442,24,915,17239,45.1,60.0,133.0,code+40.0;desc+20.0;net_wt_over-15.0;date+15.0,271,2026-02-20 20:22:34.380,STEEL TURNING,TURNSTEEL
1442,24,947,17350,36.1,48.0,133.0,code+40.0;desc+20.0;net_wt_over-15.0;date+3.0,204,2026-02-25 18:31:22.136,STEEL TURNING,TURNSTEEL
1442,24,951,17350,36.1,48.0,133.0,code+40.0;desc+20.0;net_wt_over-15.0;date+3.0,75,2026-02-25 18:31:22.136,STEEL TURNING,TURNSTEEL
1442,24,950,17350,36.1,48.0,133.0,code+40.0;desc+20.0;net_wt_over-15.0;date+3.0,82,2026-02-25 18:31:22.136,STEEL TURNING,TURNSTEEL
1442,24,949,17350,36.1,48.0,133.0,code+40.0;desc+20.0;net_wt_over-15.0;date+3.0,138,2026-02-25 18:31:22.136,STEEL TURNING,TURNSTEEL
1442,24,948,17350,36.1,48.0,133.0,code+40.0;desc+20.0;net_wt_over-15.0;date+3.0,139,2026-02-25 18:31:22.136,STEEL TURNING,TURNSTEEL
1442,24,922,17277,36.1,48.0,133.0,code+40.0;desc+20.0;net_wt_over-15.0;date+3.0,29980,2026-02-23 19:57:36.837,STEEL TURNING,TURNSTEEL
1442,24,943,17341,36.1,48.0,133.0,code+40.0;desc+20.0;net_wt_over-15.0;date+3.0,17080,2026-02-25 17:14:49.808,STEEL TURNING,TURNSTEEL
1442,24,941,17329,36.1,48.0,133.0,code+40.0;desc+20.0;net_wt_over-15.0;date+3.0,8600,2026-02-25 15:06:59.090,STEEL TURNING,TURNSTEEL
1442,24,939,17323,36.1,48.0,133.0,code+40.0;desc+20.0;net_wt_over-15.0;date+3.0,28440,2026-02-24 20:43:39.203,STEEL TURNING,TURNSTEEL
1442,24,921,17276,36.1,48.0,133.0,code+40.0;desc+20.0;net_wt_over-15.0;date+3.0,4760,2026-02-23 19:43:15.611,STEEL TURNING,TURNSTEEL
1442,24,918,17284,36.1,48.0,133.0,code+40.0;desc+20.0;net_wt_over-15.0;date+3.0,19820,2026-02-23 13:05:32.657,STEEL TURNING,TURNSTEEL
1442,24,999,17496,33.8,45.0,133.0,code+40.0;desc+20.0;net_wt_over-15.0,191,2026-03-02 15:37:36.586,STEEL TURNING,TURNSTEEL
1442,24,1001,17496,33.8,45.0,133.0,code+40.0;desc+20.0;net_wt_over-15.0,945,2026-03-02 15:37:36.586,STEEL TURNING,TURNSTEEL
1442,24,1014,17549,33.8,45.0,133.0,code+40.0;desc+20.0;net_wt_over-15.0,14240,2026-03-02 20:40:40.114,STEEL TURNING,TURNSTEEL
1432,25,730,17010,90.4,131.02,145.0,code+40.0;desc+20.0;net_wt+40.0;date+25.0;time+6.02,40340,2026-02-16 13:52:00.760,STEEL WIRE,STWR
1432,25,606,16749,36.1,48.0,133.0,code+40.0;desc+20.0;net_wt_over-15.0;date+3.0,34200,2026-02-10 19:49:37.810,STEEL WIRE,STWR
1432,25,891,17223,36.1,48.0,133.0,code+40.0;desc+20.0;net_wt_over-15.0;date+3.0,44380,2026-02-20 19:05:08.025,STEEL WIRE,STWR
1432,25,499,16551,33.8,45.0,133.0,code+40.0;desc+20.0;net_wt_over-15.0,30460,2026-02-03 13:45:20.436,STEEL WIRE,STWR
1432,25,940,17371,33.8,45.0,133.0,code+40.0;desc+20.0;net_wt_over-15.0,46900,2026-02-25 13:02:56.737,STEEL WIRE,STWR
1432,25,645,16811,2.3,3.0,133.0,code_diff-40.0;net_wt+40.0;date+3.0,40300,2026-02-11 13:35:29.719,BUSHELING,Indbush
1432,25,644,16810,0.0,-20.64,133.0,code_diff-40.0;net_wt+10.34;date+3.0;price+6.02,39540,2026-02-11 13:34:38.799,BUSHELING,Indbush
1426,26,665,16846,90.4,131.05,145.0,code+40.0;desc+20.0;net_wt+40.0;date+25.0;time+6.05,29040,2026-02-12 19:57:24.238,STEEL BANDING (FE),STBD
1426,26,598,16719,0.0,-13.07,133.0,code_diff-40.0;net_wt+11.43;date+7.5;price+8.0,29600,2026-02-10 14:48:08.968,BUSHELING,Indbush
1426,26,888,17213,0.0,-16.17,133.0,code_diff-40.0;net_wt+23.83,29420,2026-02-20 17:20:49.617,ZZ DO NOT USE - UNPREPARED HMS (UHMS),UNHMS
1426,26,939,17323,0.0,-31.32,133.0,code_diff-40.0;net_wt+8.68,28440,2026-02-24 20:43:39.203,STEEL TURNING,TURNSTEEL
1424,27,645,16811,92.6,134.29,145.0,code+40.0;desc+20.0;net_wt+40.0;date+25.0;time+6.03;price+3.26,40300,2026-02-11 13:35:29.719,BUSHELING,Indbush
1424,27,644,16810,71.3,103.32,145.0,code+40.0;desc+20.0;net_wt+12.28;date+25.0;time+6.04,39540,2026-02-11 13:34:38.799,BUSHELING,Indbush
1424,27,605,16748,47.2,62.82,133.0,code+40.0;desc+20.0;net_wt_over-15.0;date+15.0;price+2.82,38860,2026-02-10 19:48:47.691,BUSHELING,Indbush
1424,27,598,16719,46.6,61.92,133.0,code+40.0;desc+20.0;net_wt_over-15.0;date+15.0;price+1.92,29600,2026-02-10 14:48:08.968,BUSHELING,Indbush
1424,27,659,16817,46.6,61.92,133.0,code+40.0;desc+20.0;net_wt_over-15.0;date+15.0;price+1.92,-810,2026-02-12 14:39:42.421,BUSHELING,Indbush
1424,27,658,16817,46.6,61.92,133.0,code+40.0;desc+20.0;net_wt_over-15.0;date+15.0;price+1.92,880,2026-02-12 14:39:42.421,BUSHELING,Indbush
1424,27,657,16817,46.6,61.92,133.0,code+40.0;desc+20.0;net_wt_over-15.0;date+15.0;price+1.92,940,2026-02-12 14:39:42.421,BUSHELING,Indbush
1424,27,656,16817,46.6,61.92,133.0,code+40.0;desc+20.0;net_wt_over-15.0;date+15.0;price+1.92,1240,2026-02-12 14:39:42.421,BUSHELING,Indbush
1424,27,660,16821,45.1,60.0,133.0,code+40.0;desc+20.0;net_wt_over-15.0;date+15.0,19060,2026-02-12 15:33:09.682,BUSHELING,Indbush
1424,27,677,16854,39.5,52.5,133.0,code+40.0;desc+20.0;net_wt_over-15.0;date+7.5,1442,2026-02-13 13:30:43.802,BUSHELING,Indbush
1424,27,550,16576,38.4,48.0,125.0,code+40.0;desc+20.0;net_wt_over-15.0;date+3.0,0,2026-02-04 19:38:14.126,BUSHELING,Indbush
1424,27,549,16576,38.2,50.82,133.0,code+40.0;desc+20.0;net_wt_over-15.0;date+3.0;price+2.82,36900,2026-02-04 19:38:14.126,BUSHELING,Indbush
1424,27,731,17011,38.2,50.82,133.0,code+40.0;desc+20.0;net_wt_over-15.0;date+3.0;price+2.82,27840,2026-02-16 13:55:32.714,BUSHELING,Indbush
1424,27,798,17145,37.6,50.05,133.0,code+40.0;desc+20.0;net_wt_over-15.0;price+5.05,1100,2026-02-19 14:49:34.775,BUSHELING,Indbush
1424,27,799,17145,37.6,50.05,133.0,code+40.0;desc+20.0;net_wt_over-15.0;price+5.05,1180,2026-02-19 14:49:34.775,BUSHELING,Indbush
1424,27,801,17145,37.6,50.05,133.0,code+40.0;desc+20.0;net_wt_over-15.0;price+5.05,576,2026-02-19 14:49:34.775,BUSHELING,Indbush
1424,27,548,16573,37.5,49.92,133.0,code+40.0;desc+20.0;net_wt_over-15.0;date+3.0;price+1.92,-1404,2026-02-04 19:16:05.396,BUSHELING,Indbush
1424,27,547,16573,37.5,49.92,133.0,code+40.0;desc+20.0;net_wt_over-15.0;date+3.0;price+1.92,740,2026-02-04 19:16:05.396,BUSHELING,Indbush
1424,27,546,16573,37.5,49.92,133.0,code+40.0;desc+20.0;net_wt_over-15.0;date+3.0;price+1.92,820,2026-02-04 19:16:05.396,BUSHELING,Indbush
1424,27,545,16573,37.5,49.92,133.0,code+40.0;desc+20.0;net_wt_over-15.0;date+3.0;price+1.92,860,2026-02-04 19:16:05.396,BUSHELING,Indbush
1424,27,544,16573,37.5,49.92,133.0,code+40.0;desc+20.0;net_wt_over-15.0;date+3.0;price+1.92,1480,2026-02-04 19:16:05.396,BUSHELING,Indbush
1424,27,554,16594,36.1,48.0,133.0,code+40.0;desc+20.0;net_wt_over-15.0;date+3.0,22520,2026-02-05 14:33:15.376,BUSHELING,Indbush
1424,27,540,16553,36.1,48.0,133.0,code+40.0;desc+20.0;net_wt_over-15.0;date+3.0,19340,2026-02-04 14:06:13.683,BUSHELING,Indbush
1424,27,775,17016,36.1,48.0,133.0,code+40.0;desc+20.0;net_wt_over-15.0;date+3.0,31860,2026-02-17 14:36:58.119,BUSHELING,Indbush
1424,27,892,17225,36.0,47.82,133.0,code+40.0;desc+20.0;net_wt_over-15.0;price+2.82,27180,2026-02-20 19:06:31.247,BUSHELING,Indbush
1424,27,473,16435,34.3,45.58,133.0,code+40.0;desc+20.0;net_wt_over-15.0;price+0.58,17760,2026-01-29 14:07:35.156,BUSHELING,Indbush
1424,27,795,17142,33.8,45.0,133.0,code+40.0;desc+20.0;net_wt_over-15.0,16580,2026-02-19 14:31:46.455,BUSHELING,Indbush
1424,27,478,16449,33.8,45.0,133.0,code+40.0;desc+20.0;net_wt_over-15.0,38700,2026-01-30 17:06:06.765,BUSHELING,Indbush
1424,27,535,16539,33.8,45.0,133.0,code+40.0;desc+20.0;net_wt_over-15.0,6460,2026-02-03 18:31:40.911,BUSHELING,Indbush
1424,27,500,16552,33.8,45.0,133.0,code+40.0;desc+20.0;net_wt_over-15.0,49780,2026-02-03 13:47:08.944,BUSHELING,Indbush
1424,27,859,17182,33.8,45.0,133.0,code+40.0;desc+20.0;net_wt_over-15.0,10120,2026-02-19 19:07:19.159,BUSHELING,Indbush
1424,27,487,16493,33.8,45.0,133.0,code+40.0;desc+20.0;net_wt_over-15.0,10872,2026-02-02 17:22:11.214,BUSHELING,Indbush
1424,27,924,17293,33.8,45.0,133.0,code+40.0;desc+20.0;net_wt_over-15.0,33960,2026-02-24 15:30:17.646,BUSHELING,Indbush
1424,27,730,17010,2.3,3.0,133.0,code_diff-40.0;net_wt+40.0;date+3.0,40340,2026-02-16 13:52:00.760,STEEL WIRE,STWR
1423,28,644,16810,90.4,131.03,145.0,code+40.0;desc+20.0;net_wt+40.0;date+25.0;time+6.03,39540,2026-02-11 13:34:38.799,BUSHELING,Indbush
1423,28,645,16811,73.0,105.84,145.0,code+40.0;desc+20.0;net_wt+11.56;date+25.0;time+6.02;price+3.26,40300,2026-02-11 13:35:29.719,BUSHELING,Indbush
1423,28,605,16748,70.2,93.42,133.0,code+40.0;desc+20.0;net_wt+15.6;date+15.0;price+2.82,38860,2026-02-10 19:48:47.691,BUSHELING,Indbush
1423,28,478,16449,50.8,67.51,133.0,code+40.0;desc+20.0;net_wt+7.51,38700,2026-01-30 17:06:06.765,BUSHELING,Indbush
1423,28,659,16817,46.6,61.92,133.0,code+40.0;desc+20.0;net_wt_over-15.0;date+15.0;price+1.92,-810,2026-02-12 14:39:42.421,BUSHELING,Indbush
1423,28,658,16817,46.6,61.92,133.0,code+40.0;desc+20.0;net_wt_over-15.0;date+15.0;price+1.92,880,2026-02-12 14:39:42.421,BUSHELING,Indbush
1423,28,657,16817,46.6,61.92,133.0,code+40.0;desc+20.0;net_wt_over-15.0;date+15.0;price+1.92,940,2026-02-12 14:39:42.421,BUSHELING,Indbush
1423,28,656,16817,46.6,61.92,133.0,code+40.0;desc+20.0;net_wt_over-15.0;date+15.0;price+1.92,1240,2026-02-12 14:39:42.421,BUSHELING,Indbush
1423,28,598,16719,46.6,61.92,133.0,code+40.0;desc+20.0;net_wt_over-15.0;date+15.0;price+1.92,29600,2026-02-10 14:48:08.968,BUSHELING,Indbush
1423,28,660,16821,45.1,60.0,133.0,code+40.0;desc+20.0;net_wt_over-15.0;date+15.0,19060,2026-02-12 15:33:09.682,BUSHELING,Indbush
1423,28,677,16854,39.5,52.5,133.0,code+40.0;desc+20.0;net_wt_over-15.0;date+7.5,1442,2026-02-13 13:30:43.802,BUSHELING,Indbush
1423,28,550,16576,38.4,48.0,125.0,code+40.0;desc+20.0;net_wt_over-15.0;date+3.0,0,2026-02-04 19:38:14.126,BUSHELING,Indbush
1423,28,731,17011,38.2,50.82,133.0,code+40.0;desc+20.0;net_wt_over-15.0;date+3.0;price+2.82,27840,2026-02-16 13:55:32.714,BUSHELING,Indbush
1423,28,549,16576,38.2,50.82,133.0,code+40.0;desc+20.0;net_wt_over-15.0;date+3.0;price+2.82,36900,2026-02-04 19:38:14.126,BUSHELING,Indbush
1423,28,799,17145,37.6,50.05,133.0,code+40.0;desc+20.0;net_wt_over-15.0;price+5.05,1180,2026-02-19 14:49:34.775,BUSHELING,Indbush
1423,28,801,17145,37.6,50.05,133.0,code+40.0;desc+20.0;net_wt_over-15.0;price+5.05,576,2026-02-19 14:49:34.775,BUSHELING,Indbush
1423,28,798,17145,37.6,50.05,133.0,code+40.0;desc+20.0;net_wt_over-15.0;price+5.05,1100,2026-02-19 14:49:34.775,BUSHELING,Indbush
1423,28,548,16573,37.5,49.92,133.0,code+40.0;desc+20.0;net_wt_over-15.0;date+3.0;price+1.92,-1404,2026-02-04 19:16:05.396,BUSHELING,Indbush
1423,28,547,16573,37.5,49.92,133.0,code+40.0;desc+20.0;net_wt_over-15.0;date+3.0;price+1.92,740,2026-02-04 19:16:05.396,BUSHELING,Indbush
1423,28,546,16573,37.5,49.92,133.0,code+40.0;desc+20.0;net_wt_over-15.0;date+3.0;price+1.92,820,2026-02-04 19:16:05.396,BUSHELING,Indbush
1423,28,545,16573,37.5,49.92,133.0,code+40.0;desc+20.0;net_wt_over-15.0;date+3.0;price+1.92,860,2026-02-04 19:16:05.396,BUSHELING,Indbush
1423,28,544,16573,37.5,49.92,133.0,code+40.0;desc+20.0;net_wt_over-15.0;date+3.0;price+1.92,1480,2026-02-04 19:16:05.396,BUSHELING,Indbush
1423,28,775,17016,36.1,48.0,133.0,code+40.0;desc+20.0;net_wt_over-15.0;date+3.0,31860,2026-02-17 14:36:58.119,BUSHELING,Indbush
1423,28,540,16553,36.1,48.0,133.0,code+40.0;desc+20.0;net_wt_over-15.0;date+3.0,19340,2026-02-04 14:06:13.683,BUSHELING,Indbush
1423,28,554,16594,36.1,48.0,133.0,code+40.0;desc+20.0;net_wt_over-15.0;date+3.0,22520,2026-02-05 14:33:15.376,BUSHELING,Indbush
1423,28,892,17225,36.0,47.82,133.0,code+40.0;desc+20.0;net_wt_over-15.0;price+2.82,27180,2026-02-20 19:06:31.247,BUSHELING,Indbush
1423,28,473,16435,34.3,45.58,133.0,code+40.0;desc+20.0;net_wt_over-15.0;price+0.58,17760,2026-01-29 14:07:35.156,BUSHELING,Indbush
1423,28,795,17142,33.8,45.0,133.0,code+40.0;desc+20.0;net_wt_over-15.0,16580,2026-02-19 14:31:46.455,BUSHELING,Indbush
1423,28,535,16539,33.8,45.0,133.0,code+40.0;desc+20.0;net_wt_over-15.0,6460,2026-02-03 18:31:40.911,BUSHELING,Indbush
1423,28,500,16552,33.8,45.0,133.0,code+40.0;desc+20.0;net_wt_over-15.0,49780,2026-02-03 13:47:08.944,BUSHELING,Indbush
1423,28,859,17182,33.8,45.0,133.0,code+40.0;desc+20.0;net_wt_over-15.0,10120,2026-02-19 19:07:19.159,BUSHELING,Indbush
1423,28,487,16493,33.8,45.0,133.0,code+40.0;desc+20.0;net_wt_over-15.0,10872,2026-02-02 17:22:11.214,BUSHELING,Indbush
1423,28,924,17293,33.8,45.0,133.0,code+40.0;desc+20.0;net_wt_over-15.0,33960,2026-02-24 15:30:17.646,BUSHELING,Indbush
1423,28,730,17010,0.0,-27.47,133.0,code_diff-40.0;net_wt+9.53;date+3.0,40340,2026-02-16 13:52:00.760,STEEL WIRE,STWR
1417,29,606,16749,90.4,131.05,145.0,code+40.0;desc+20.0;net_wt+40.0;date+25.0;time+6.05,34200,2026-02-10 19:49:37.810,STEEL WIRE,STWR
1417,29,499,16551,36.1,48.0,133.0,code+40.0;desc+20.0;net_wt_over-15.0;date+3.0,30460,2026-02-03 13:45:20.436,STEEL WIRE,STWR
1417,29,730,17010,36.1,48.0,133.0,code+40.0;desc+20.0;net_wt_over-15.0;date+3.0,40340,2026-02-16 13:52:00.760,STEEL WIRE,STWR
1417,29,472,16434,33.8,45.0,133.0,code+40.0;desc+20.0;net_wt_over-15.0,35920,2026-01-29 14:03:26.750,STEEL WIRE,STWR
1417,29,891,17223,33.8,45.0,133.0,code+40.0;desc+20.0;net_wt_over-15.0,44380,2026-02-20 19:05:08.025,STEEL WIRE,STWR
1416,30,605,16748,92.3,133.87,145.0,code+40.0;desc+20.0;net_wt+40.0;date+25.0;time+6.05;price+2.82,38860,2026-02-10 19:48:47.691,BUSHELING,Indbush
1416,30,478,16449,75.2,100.0,133.0,code+40.0;desc+20.0;net_wt+40.0,38700,2026-01-30 17:06:06.765,BUSHELING,Indbush
1416,30,644,16810,67.7,90.0,133.0,code+40.0;desc+20.0;net_wt+15.0;date+15.0,39540,2026-02-11 13:34:38.799,BUSHELING,Indbush
1416,30,598,16719,57.2,82.99,145.0,code+40.0;desc+20.0;net_wt_over-15.0;date+25.0;time+11.07;price+1.92,29600,2026-02-10 14:48:08.968,BUSHELING,Indbush
1416,30,645,16811,47.6,63.26,133.0,code+40.0;desc+20.0;net_wt_over-15.0;date+15.0;price+3.26,40300,2026-02-11 13:35:29.719,BUSHELING,Indbush
1416,30,659,16817,40.9,54.42,133.0,code+40.0;desc+20.0;net_wt_over-15.0;date+7.5;price+1.92,-810,2026-02-12 14:39:42.421,BUSHELING,Indbush
1416,30,658,16817,40.9,54.42,133.0,code+40.0;desc+20.0;net_wt_over-15.0;date+7.5;price+1.92,880,2026-02-12 14:39:42.421,BUSHELING,Indbush
1416,30,657,16817,40.9,54.42,133.0,code+40.0;desc+20.0;net_wt_over-15.0;date+7.5;price+1.92,940,2026-02-12 14:39:42.421,BUSHELING,Indbush
1416,30,656,16817,40.9,54.42,133.0,code+40.0;desc+20.0;net_wt_over-15.0;date+7.5;price+1.92,1240,2026-02-12 14:39:42.421,BUSHELING,Indbush
1416,30,677,16854,39.5,52.5,133.0,code+40.0;desc+20.0;net_wt_over-15.0;date+7.5,1442,2026-02-13 13:30:43.802,BUSHELING,Indbush
1416,30,660,16821,39.5,52.5,133.0,code+40.0;desc+20.0;net_wt_over-15.0;date+7.5,19060,2026-02-12 15:33:09.682,BUSHELING,Indbush
1416,30,550,16576,38.4,48.0,125.0,code+40.0;desc+20.0;net_wt_over-15.0;date+3.0,0,2026-02-04 19:38:14.126,BUSHELING,Indbush
1416,30,549,16576,38.2,50.82,133.0,code+40.0;desc+20.0;net_wt_over-15.0;date+3.0;price+2.82,36900,2026-02-04 19:38:14.126,BUSHELING,Indbush
1416,30,731,17011,38.2,50.82,133.0,code+40.0;desc+20.0;net_wt_over-15.0;date+3.0;price+2.82,27840,2026-02-16 13:55:32.714,BUSHELING,Indbush
1416,30,798,17145,37.6,50.05,133.0,code+40.0;desc+20.0;net_wt_over-15.0;price+5.05,1100,2026-02-19 14:49:34.775,BUSHELING,Indbush
1416,30,799,17145,37.6,50.05,133.0,code+40.0;desc+20.0;net_wt_over-15.0;price+5.05,1180,2026-02-19 14:49:34.775,BUSHELING,Indbush
1416,30,801,17145,37.6,50.05,133.0,code+40.0;desc+20.0;net_wt_over-15.0;price+5.05,576,2026-02-19 14:49:34.775,BUSHELING,Indbush
1416,30,545,16573,37.5,49.92,133.0,code+40.0;desc+20.0;net_wt_over-15.0;date+3.0;price+1.92,860,2026-02-04 19:16:05.396,BUSHELING,Indbush
1416,30,546,16573,37.5,49.92,133.0,code+40.0;desc+20.0;net_wt_over-15.0;date+3.0;price+1.92,820,2026-02-04 19:16:05.396,BUSHELING,Indbush
1416,30,544,16573,37.5,49.92,133.0,code+40.0;desc+20.0;net_wt_over-15.0;date+3.0;price+1.92,1480,2026-02-04 19:16:05.396,BUSHELING,Indbush
1416,30,548,16573,37.5,49.92,133.0,code+40.0;desc+20.0;net_wt_over-15.0;date+3.0;price+1.92,-1404,2026-02-04 19:16:05.396,BUSHELING,Indbush
1416,30,547,16573,37.5,49.92,133.0,code+40.0;desc+20.0;net_wt_over-15.0;date+3.0;price+1.92,740,2026-02-04 19:16:05.396,BUSHELING,Indbush
1416,30,554,16594,36.1,48.0,133.0,code+40.0;desc+20.0;net_wt_over-15.0;date+3.0,22520,2026-02-05 14:33:15.376,BUSHELING,Indbush
1416,30,540,16553,36.1,48.0,133.0,code+40.0;desc+20.0;net_wt_over-15.0;date+3.0,19340,2026-02-04 14:06:13.683,BUSHELING,Indbush
1416,30,535,16539,36.1,48.0,133.0,code+40.0;desc+20.0;net_wt_over-15.0;date+3.0,6460,2026-02-03 18:31:40.911,BUSHELING,Indbush
1416,30,500,16552,36.1,48.0,133.0,code+40.0;desc+20.0;net_wt_over-15.0;date+3.0,49780,2026-02-03 13:47:08.944,BUSHELING,Indbush
1416,30,775,17016,36.1,48.0,133.0,code+40.0;desc+20.0;net_wt_over-15.0;date+3.0,31860,2026-02-17 14:36:58.119,BUSHELING,Indbush
1416,30,892,17225,36.0,47.82,133.0,code+40.0;desc+20.0;net_wt_over-15.0;price+2.82,27180,2026-02-20 19:06:31.247,BUSHELING,Indbush
1416,30,473,16435,34.3,45.58,133.0,code+40.0;desc+20.0;net_wt_over-15.0;price+0.58,17760,2026-01-29 14:07:35.156,BUSHELING,Indbush
1416,30,447,16357,33.8,45.0,133.0,code+40.0;desc+20.0;net_wt_over-15.0,1629,2026-01-27 20:16:45.152,BUSHELING,Indbush
1416,30,487,16493,33.8,45.0,133.0,code+40.0;desc+20.0;net_wt_over-15.0,10872,2026-02-02 17:22:11.214,BUSHELING,Indbush
1416,30,795,17142,33.8,45.0,133.0,code+40.0;desc+20.0;net_wt_over-15.0,16580,2026-02-19 14:31:46.455,BUSHELING,Indbush
1416,30,450,16357,33.8,45.0,133.0,code+40.0;desc+20.0;net_wt_over-15.0,1942,2026-01-27 20:16:45.152,BUSHELING,Indbush
1416,30,449,16357,33.8,45.0,133.0,code+40.0;desc+20.0;net_wt_over-15.0,1703,2026-01-27 20:16:45.152,BUSHELING,Indbush
1416,30,859,17182,33.8,45.0,133.0,code+40.0;desc+20.0;net_wt_over-15.0,10120,2026-02-19 19:07:19.159,BUSHELING,Indbush
1416,30,444,16357,33.8,45.0,133.0,code+40.0;desc+20.0;net_wt_over-15.0,2367,2026-01-27 20:16:45.152,BUSHELING,Indbush
1415,31,607,16750,90.4,131.01,145.0,code+40.0;desc+20.0;net_wt+40.0;date+25.0;time+6.01,20980,2026-02-10 19:50:43.781,ZZ DO NOT USE STEEL TURNINGS,FETURN
1415,31,538,16590,77.4,103.0,133.0,code+40.0;desc+20.0;net_wt+40.0;date+3.0,21020,2026-02-04 13:38:49.752,ZZ DO NOT USE STEEL TURNINGS,FETURN
1415,31,620,16756,52.1,75.52,145.0,code+40.0;desc+20.0;net_wt_over-15.0;date+25.0;time+5.52,820,2026-02-10 20:20:32.699,ZZ DO NOT USE STEEL TURNINGS,FETURN
1415,31,614,16756,52.1,75.52,145.0,code+40.0;desc+20.0;net_wt_over-15.0;date+25.0;time+5.52,721,2026-02-10 20:20:32.699,ZZ DO NOT USE STEEL TURNINGS,FETURN
1415,31,625,16756,52.1,75.52,145.0,code+40.0;desc+20.0;net_wt_over-15.0;date+25.0;time+5.52,1152,2026-02-10 20:20:32.699,ZZ DO NOT USE STEEL TURNINGS,FETURN
1415,31,624,16756,52.1,75.52,145.0,code+40.0;desc+20.0;net_wt_over-15.0;date+25.0;time+5.52,1152,2026-02-10 20:20:32.699,ZZ DO NOT USE STEEL TURNINGS,FETURN
1415,31,623,16756,52.1,75.52,145.0,code+40.0;desc+20.0;net_wt_over-15.0;date+25.0;time+5.52,1110,2026-02-10 20:20:32.699,ZZ DO NOT USE STEEL TURNINGS,FETURN
1415,31,622,16756,52.1,75.52,145.0,code+40.0;desc+20.0;net_wt_over-15.0;date+25.0;time+5.52,1110,2026-02-10 20:20:32.699,ZZ DO NOT USE STEEL TURNINGS,FETURN
1415,31,621,16756,52.1,75.52,145.0,code+40.0;desc+20.0;net_wt_over-15.0;date+25.0;time+5.52,1058,2026-02-10 20:20:32.699,ZZ DO NOT USE STEEL TURNINGS,FETURN
1415,31,619,16756,52.1,75.52,145.0,code+40.0;desc+20.0;net_wt_over-15.0;date+25.0;time+5.52,820,2026-02-10 20:20:32.699,ZZ DO NOT USE STEEL TURNINGS,FETURN
1415,31,618,16756,52.1,75.52,145.0,code+40.0;desc+20.0;net_wt_over-15.0;date+25.0;time+5.52,759,2026-02-10 20:20:32.699,ZZ DO NOT USE STEEL TURNINGS,FETURN
1415,31,617,16756,52.1,75.52,145.0,code+40.0;desc+20.0;net_wt_over-15.0;date+25.0;time+5.52,759,2026-02-10 20:20:32.699,ZZ DO NOT USE STEEL TURNINGS,FETURN
1415,31,615,16756,52.1,75.52,145.0,code+40.0;desc+20.0;net_wt_over-15.0;date+25.0;time+5.52,721,2026-02-10 20:20:32.699,ZZ DO NOT USE STEEL TURNINGS,FETURN
1415,31,616,16756,52.1,75.52,145.0,code+40.0;desc+20.0;net_wt_over-15.0;date+25.0;time+5.52,729,2026-02-10 20:20:32.699,ZZ DO NOT USE STEEL TURNINGS,FETURN
1415,31,613,16756,52.1,75.52,145.0,code+40.0;desc+20.0;net_wt_over-15.0;date+25.0;time+5.52,623,2026-02-10 20:20:32.699,ZZ DO NOT USE STEEL TURNINGS,FETURN
1415,31,612,16756,52.1,75.52,145.0,code+40.0;desc+20.0;net_wt_over-15.0;date+25.0;time+5.52,623,2026-02-10 20:20:32.699,ZZ DO NOT USE STEEL TURNINGS,FETURN
1415,31,594,16698,45.1,60.0,133.0,code+40.0;desc+20.0;net_wt_over-15.0;date+15.0,7040,2026-02-09 19:51:32.323,ZZ DO NOT USE STEEL TURNINGS,FETURN
1415,31,593,16698,45.1,60.0,133.0,code+40.0;desc+20.0;net_wt_over-15.0;date+15.0,14140,2026-02-09 19:51:32.323,ZZ DO NOT USE STEEL TURNINGS,FETURN
1415,31,581,16712,45.1,60.0,133.0,code+40.0;desc+20.0;net_wt_over-15.0;date+15.0,22600,2026-02-09 13:34:41.885,ZZ DO NOT USE STEEL TURNINGS,FETURN
1415,31,661,16825,39.5,52.5,133.0,code+40.0;desc+20.0;net_wt_over-15.0;date+7.5,27640,2026-02-12 15:55:30.107,ZZ DO NOT USE STEEL TURNINGS,FETURN
1415,31,669,16854,39.5,52.5,133.0,code+40.0;desc+20.0;net_wt_over-15.0;date+7.5,113,2026-02-13 13:30:43.802,ZZ DO NOT USE STEEL TURNINGS,FETURN
1415,31,668,16854,39.5,52.5,133.0,code+40.0;desc+20.0;net_wt_over-15.0;date+7.5,428,2026-02-13 13:30:43.802,ZZ DO NOT USE STEEL TURNINGS,FETURN
1415,31,667,16854,39.5,52.5,133.0,code+40.0;desc+20.0;net_wt_over-15.0;date+7.5,433,2026-02-13 13:30:43.802,ZZ DO NOT USE STEEL TURNINGS,FETURN
1415,31,664,16844,39.5,52.5,133.0,code+40.0;desc+20.0;net_wt_over-15.0;date+7.5,19900,2026-02-12 19:27:18.227,ZZ DO NOT USE STEEL TURNINGS,FETURN
1415,31,670,16854,39.5,52.5,133.0,code+40.0;desc+20.0;net_wt_over-15.0;date+7.5,440,2026-02-13 13:30:43.802,ZZ DO NOT USE STEEL TURNINGS,FETURN
1415,31,681,16854,39.5,52.5,133.0,code+40.0;desc+20.0;net_wt_over-15.0;date+7.5,450,2026-02-13 13:30:43.802,ZZ DO NOT USE STEEL TURNINGS,FETURN
1415,31,680,16854,39.5,52.5,133.0,code+40.0;desc+20.0;net_wt_over-15.0;date+7.5,571,2026-02-13 13:30:43.802,ZZ DO NOT USE STEEL TURNINGS,FETURN
1415,31,679,16854,39.5,52.5,133.0,code+40.0;desc+20.0;net_wt_over-15.0;date+7.5,598,2026-02-13 13:30:43.802,ZZ DO NOT USE STEEL TURNINGS,FETURN
1415,31,678,16854,39.5,52.5,133.0,code+40.0;desc+20.0;net_wt_over-15.0;date+7.5,632,2026-02-13 13:30:43.802,ZZ DO NOT USE STEEL TURNINGS,FETURN
1415,31,771,16979,36.1,48.0,133.0,code+40.0;desc+20.0;net_wt_over-15.0;date+3.0,840,2026-02-16 19:18:35.515,ZZ DO NOT USE STEEL TURNINGS,FETURN
1415,31,770,16979,36.1,48.0,133.0,code+40.0;desc+20.0;net_wt_over-15.0;date+3.0,841,2026-02-16 19:18:35.515,ZZ DO NOT USE STEEL TURNINGS,FETURN
1415,31,769,16979,36.1,48.0,133.0,code+40.0;desc+20.0;net_wt_over-15.0;date+3.0,1113,2026-02-16 19:18:35.515,ZZ DO NOT USE STEEL TURNINGS,FETURN
1415,31,772,16979,36.1,48.0,133.0,code+40.0;desc+20.0;net_wt_over-15.0;date+3.0,804,2026-02-16 19:18:35.515,ZZ DO NOT USE STEEL TURNINGS,FETURN
1415,31,559,16621,36.1,48.0,133.0,code+40.0;desc+20.0;net_wt_over-15.0;date+3.0,320,2026-02-06 13:33:30.581,ZZ DO NOT USE STEEL TURNINGS,FETURN
1415,31,539,16591,36.1,48.0,133.0,code+40.0;desc+20.0;net_wt_over-15.0;date+3.0,17400,2026-02-04 13:40:08.540,ZZ DO NOT USE STEEL TURNINGS,FETURN
1415,31,471,16456,33.8,45.0,133.0,code+40.0;desc+20.0;net_wt_over-15.0,11020,2026-01-29 13:46:26.707,ZZ DO NOT USE STEEL TURNINGS,FETURN
1415,31,495,16522,33.8,45.0,133.0,code+40.0;desc+20.0;net_wt_over-15.0,13360,2026-02-02 20:05:30.528,ZZ DO NOT USE STEEL TURNINGS,FETURN
1415,31,485,16465,33.8,45.0,133.0,code+40.0;desc+20.0;net_wt_over-15.0,47060,2026-01-30 20:21:14.855,ZZ DO NOT USE STEEL TURNINGS,FETURN
1415,31,476,16432,33.8,45.0,133.0,code+40.0;desc+20.0;net_wt_over-15.0,18960,2026-01-30 13:27:31.279,ZZ DO NOT USE STEEL TURNINGS,FETURN
1415,31,441,16352,33.8,45.0,133.0,code+40.0;desc+20.0;net_wt_over-15.0,13460,2026-01-27 19:31:18.524,ZZ DO NOT USE STEEL TURNINGS,FETURN
1413,32,593,16698,86.7,125.65,145.0,code+40.0;desc+20.0;net_wt+40.0;date+25.0;time+0.65,14140,2026-02-09 19:51:32.323,ZZ DO NOT USE STEEL TURNINGS,FETURN
1413,32,581,16712,53.1,76.93,145.0,code+40.0;desc+20.0;net_wt_over-15.0;date+25.0;time+6.93,22600,2026-02-09 13:34:41.885,ZZ DO NOT USE STEEL TURNINGS,FETURN
1413,32,594,16698,48.7,70.65,145.0,code+40.0;desc+20.0;net_wt_over-15.0;date+25.0;time+0.65,7040,2026-02-09 19:51:32.323,ZZ DO NOT USE STEEL TURNINGS,FETURN
1413,32,619,16756,45.1,60.0,133.0,code+40.0;desc+20.0;net_wt_over-15.0;date+15.0,820,2026-02-10 20:20:32.699,ZZ DO NOT USE STEEL TURNINGS,FETURN
1413,32,615,16756,45.1,60.0,133.0,code+40.0;desc+20.0;net_wt_over-15.0;date+15.0,721,2026-02-10 20:20:32.699,ZZ DO NOT USE STEEL TURNINGS,FETURN
1413,32,625,16756,45.1,60.0,133.0,code+40.0;desc+20.0;net_wt_over-15.0;date+15.0,1152,2026-02-10 20:20:32.699,ZZ DO NOT USE STEEL TURNINGS,FETURN
1413,32,624,16756,45.1,60.0,133.0,code+40.0;desc+20.0;net_wt_over-15.0;date+15.0,1152,2026-02-10 20:20:32.699,ZZ DO NOT USE STEEL TURNINGS,FETURN
1413,32,623,16756,45.1,60.0,133.0,code+40.0;desc+20.0;net_wt_over-15.0;date+15.0,1110,2026-02-10 20:20:32.699,ZZ DO NOT USE STEEL TURNINGS,FETURN
1413,32,622,16756,45.1,60.0,133.0,code+40.0;desc+20.0;net_wt_over-15.0;date+15.0,1110,2026-02-10 20:20:32.699,ZZ DO NOT USE STEEL TURNINGS,FETURN
1413,32,621,16756,45.1,60.0,133.0,code+40.0;desc+20.0;net_wt_over-15.0;date+15.0,1058,2026-02-10 20:20:32.699,ZZ DO NOT USE STEEL TURNINGS,FETURN
1413,32,620,16756,45.1,60.0,133.0,code+40.0;desc+20.0;net_wt_over-15.0;date+15.0,820,2026-02-10 20:20:32.699,ZZ DO NOT USE STEEL TURNINGS,FETURN
1413,32,618,16756,45.1,60.0,133.0,code+40.0;desc+20.0;net_wt_over-15.0;date+15.0,759,2026-02-10 20:20:32.699,ZZ DO NOT USE STEEL TURNINGS,FETURN
1413,32,617,16756,45.1,60.0,133.0,code+40.0;desc+20.0;net_wt_over-15.0;date+15.0,759,2026-02-10 20:20:32.699,ZZ DO NOT USE STEEL TURNINGS,FETURN
1413,32,616,16756,45.1,60.0,133.0,code+40.0;desc+20.0;net_wt_over-15.0;date+15.0,729,2026-02-10 20:20:32.699,ZZ DO NOT USE STEEL TURNINGS,FETURN
1413,32,614,16756,45.1,60.0,133.0,code+40.0;desc+20.0;net_wt_over-15.0;date+15.0,721,2026-02-10 20:20:32.699,ZZ DO NOT USE STEEL TURNINGS,FETURN
1413,32,613,16756,45.1,60.0,133.0,code+40.0;desc+20.0;net_wt_over-15.0;date+15.0,623,2026-02-10 20:20:32.699,ZZ DO NOT USE STEEL TURNINGS,FETURN
1413,32,612,16756,45.1,60.0,133.0,code+40.0;desc+20.0;net_wt_over-15.0;date+15.0,623,2026-02-10 20:20:32.699,ZZ DO NOT USE STEEL TURNINGS,FETURN
1413,32,607,16750,45.1,60.0,133.0,code+40.0;desc+20.0;net_wt_over-15.0;date+15.0,20980,2026-02-10 19:50:43.781,ZZ DO NOT USE STEEL TURNINGS,FETURN
1413,32,559,16621,39.5,52.5,133.0,code+40.0;desc+20.0;net_wt_over-15.0;date+7.5,320,2026-02-06 13:33:30.581,ZZ DO NOT USE STEEL TURNINGS,FETURN
1413,32,661,16825,39.5,52.5,133.0,code+40.0;desc+20.0;net_wt_over-15.0;date+7.5,27640,2026-02-12 15:55:30.107,ZZ DO NOT USE STEEL TURNINGS,FETURN
1413,32,664,16844,39.5,52.5,133.0,code+40.0;desc+20.0;net_wt_over-15.0;date+7.5,19900,2026-02-12 19:27:18.227,ZZ DO NOT USE STEEL TURNINGS,FETURN
1413,32,669,16854,36.1,48.0,133.0,code+40.0;desc+20.0;net_wt_over-15.0;date+3.0,113,2026-02-13 13:30:43.802,ZZ DO NOT USE STEEL TURNINGS,FETURN
1413,32,678,16854,36.1,48.0,133.0,code+40.0;desc+20.0;net_wt_over-15.0;date+3.0,632,2026-02-13 13:30:43.802,ZZ DO NOT USE STEEL TURNINGS,FETURN
1413,32,679,16854,36.1,48.0,133.0,code+40.0;desc+20.0;net_wt_over-15.0;date+3.0,598,2026-02-13 13:30:43.802,ZZ DO NOT USE STEEL TURNINGS,FETURN
1413,32,680,16854,36.1,48.0,133.0,code+40.0;desc+20.0;net_wt_over-15.0;date+3.0,571,2026-02-13 13:30:43.802,ZZ DO NOT USE STEEL TURNINGS,FETURN
1413,32,681,16854,36.1,48.0,133.0,code+40.0;desc+20.0;net_wt_over-15.0;date+3.0,450,2026-02-13 13:30:43.802,ZZ DO NOT USE STEEL TURNINGS,FETURN
1413,32,769,16979,36.1,48.0,133.0,code+40.0;desc+20.0;net_wt_over-15.0;date+3.0,1113,2026-02-16 19:18:35.515,ZZ DO NOT USE STEEL TURNINGS,FETURN
1413,32,770,16979,36.1,48.0,133.0,code+40.0;desc+20.0;net_wt_over-15.0;date+3.0,841,2026-02-16 19:18:35.515,ZZ DO NOT USE STEEL TURNINGS,FETURN
1413,32,771,16979,36.1,48.0,133.0,code+40.0;desc+20.0;net_wt_over-15.0;date+3.0,840,2026-02-16 19:18:35.515,ZZ DO NOT USE STEEL TURNINGS,FETURN
1413,32,670,16854,36.1,48.0,133.0,code+40.0;desc+20.0;net_wt_over-15.0;date+3.0,440,2026-02-13 13:30:43.802,ZZ DO NOT USE STEEL TURNINGS,FETURN
1413,32,772,16979,36.1,48.0,133.0,code+40.0;desc+20.0;net_wt_over-15.0;date+3.0,804,2026-02-16 19:18:35.515,ZZ DO NOT USE STEEL TURNINGS,FETURN
1413,32,668,16854,36.1,48.0,133.0,code+40.0;desc+20.0;net_wt_over-15.0;date+3.0,428,2026-02-13 13:30:43.802,ZZ DO NOT USE STEEL TURNINGS,FETURN
1413,32,667,16854,36.1,48.0,133.0,code+40.0;desc+20.0;net_wt_over-15.0;date+3.0,433,2026-02-13 13:30:43.802,ZZ DO NOT USE STEEL TURNINGS,FETURN
1413,32,539,16591,36.1,48.0,133.0,code+40.0;desc+20.0;net_wt_over-15.0;date+3.0,17400,2026-02-04 13:40:08.540,ZZ DO NOT USE STEEL TURNINGS,FETURN
1413,32,538,16590,36.1,48.0,133.0,code+40.0;desc+20.0;net_wt_over-15.0;date+3.0,21020,2026-02-04 13:38:49.752,ZZ DO NOT USE STEEL TURNINGS,FETURN
1413,32,495,16522,36.1,48.0,133.0,code+40.0;desc+20.0;net_wt_over-15.0;date+3.0,13360,2026-02-02 20:05:30.528,ZZ DO NOT USE STEEL TURNINGS,FETURN
1413,32,441,16352,33.8,45.0,133.0,code+40.0;desc+20.0;net_wt_over-15.0,13460,2026-01-27 19:31:18.524,ZZ DO NOT USE STEEL TURNINGS,FETURN
1413,32,485,16465,33.8,45.0,133.0,code+40.0;desc+20.0;net_wt_over-15.0,47060,2026-01-30 20:21:14.855,ZZ DO NOT USE STEEL TURNINGS,FETURN
1413,32,476,16432,33.8,45.0,133.0,code+40.0;desc+20.0;net_wt_over-15.0,18960,2026-01-30 13:27:31.279,ZZ DO NOT USE STEEL TURNINGS,FETURN
1413,32,471,16456,33.8,45.0,133.0,code+40.0;desc+20.0;net_wt_over-15.0,11020,2026-01-29 13:46:26.707,ZZ DO NOT USE STEEL TURNINGS,FETURN
1413,32,425,16305,33.8,45.0,133.0,code+40.0;desc+20.0;net_wt_over-15.0,2100,2026-01-26 14:31:24.194,ZZ DO NOT USE STEEL TURNINGS,FETURN
1412,33,581,16712,90.4,131.02,145.0,code+40.0;desc+20.0;net_wt+40.0;date+25.0;time+6.02,22600,2026-02-09 13:34:41.885,ZZ DO NOT USE STEEL TURNINGS,FETURN
1412,33,593,16698,48.3,70.0,145.0,code+40.0;desc+20.0;net_wt_over-15.0;date+25.0,14140,2026-02-09 19:51:32.323,ZZ DO NOT USE STEEL TURNINGS,FETURN
1412,33,594,16698,48.3,70.0,145.0,code+40.0;desc+20.0;net_wt_over-15.0;date+25.0,7040,2026-02-09 19:51:32.323,ZZ DO NOT USE STEEL TURNINGS,FETURN
1412,33,619,16756,45.1,60.0,133.0,code+40.0;desc+20.0;net_wt_over-15.0;date+15.0,820,2026-02-10 20:20:32.699,ZZ DO NOT USE STEEL TURNINGS,FETURN
1412,33,614,16756,45.1,60.0,133.0,code+40.0;desc+20.0;net_wt_over-15.0;date+15.0,721,2026-02-10 20:20:32.699,ZZ DO NOT USE STEEL TURNINGS,FETURN
1412,33,625,16756,45.1,60.0,133.0,code+40.0;desc+20.0;net_wt_over-15.0;date+15.0,1152,2026-02-10 20:20:32.699,ZZ DO NOT USE STEEL TURNINGS,FETURN
1412,33,624,16756,45.1,60.0,133.0,code+40.0;desc+20.0;net_wt_over-15.0;date+15.0,1152,2026-02-10 20:20:32.699,ZZ DO NOT USE STEEL TURNINGS,FETURN
1412,33,623,16756,45.1,60.0,133.0,code+40.0;desc+20.0;net_wt_over-15.0;date+15.0,1110,2026-02-10 20:20:32.699,ZZ DO NOT USE STEEL TURNINGS,FETURN
1412,33,622,16756,45.1,60.0,133.0,code+40.0;desc+20.0;net_wt_over-15.0;date+15.0,1110,2026-02-10 20:20:32.699,ZZ DO NOT USE STEEL TURNINGS,FETURN
1412,33,621,16756,45.1,60.0,133.0,code+40.0;desc+20.0;net_wt_over-15.0;date+15.0,1058,2026-02-10 20:20:32.699,ZZ DO NOT USE STEEL TURNINGS,FETURN
1412,33,620,16756,45.1,60.0,133.0,code+40.0;desc+20.0;net_wt_over-15.0;date+15.0,820,2026-02-10 20:20:32.699,ZZ DO NOT USE STEEL TURNINGS,FETURN
1412,33,618,16756,45.1,60.0,133.0,code+40.0;desc+20.0;net_wt_over-15.0;date+15.0,759,2026-02-10 20:20:32.699,ZZ DO NOT USE STEEL TURNINGS,FETURN
1412,33,617,16756,45.1,60.0,133.0,code+40.0;desc+20.0;net_wt_over-15.0;date+15.0,759,2026-02-10 20:20:32.699,ZZ DO NOT USE STEEL TURNINGS,FETURN
1412,33,616,16756,45.1,60.0,133.0,code+40.0;desc+20.0;net_wt_over-15.0;date+15.0,729,2026-02-10 20:20:32.699,ZZ DO NOT USE STEEL TURNINGS,FETURN
1412,33,615,16756,45.1,60.0,133.0,code+40.0;desc+20.0;net_wt_over-15.0;date+15.0,721,2026-02-10 20:20:32.699,ZZ DO NOT USE STEEL TURNINGS,FETURN
1412,33,613,16756,45.1,60.0,133.0,code+40.0;desc+20.0;net_wt_over-15.0;date+15.0,623,2026-02-10 20:20:32.699,ZZ DO NOT USE STEEL TURNINGS,FETURN
1412,33,612,16756,45.1,60.0,133.0,code+40.0;desc+20.0;net_wt_over-15.0;date+15.0,623,2026-02-10 20:20:32.699,ZZ DO NOT USE STEEL TURNINGS,FETURN
1412,33,607,16750,45.1,60.0,133.0,code+40.0;desc+20.0;net_wt_over-15.0;date+15.0,20980,2026-02-10 19:50:43.781,ZZ DO NOT USE STEEL TURNINGS,FETURN
1412,33,559,16621,39.5,52.5,133.0,code+40.0;desc+20.0;net_wt_over-15.0;date+7.5,320,2026-02-06 13:33:30.581,ZZ DO NOT USE STEEL TURNINGS,FETURN
1412,33,661,16825,39.5,52.5,133.0,code+40.0;desc+20.0;net_wt_over-15.0;date+7.5,27640,2026-02-12 15:55:30.107,ZZ DO NOT USE STEEL TURNINGS,FETURN
1412,33,664,16844,39.5,52.5,133.0,code+40.0;desc+20.0;net_wt_over-15.0;date+7.5,19900,2026-02-12 19:27:18.227,ZZ DO NOT USE STEEL TURNINGS,FETURN
1412,33,668,16854,36.1,48.0,133.0,code+40.0;desc+20.0;net_wt_over-15.0;date+3.0,428,2026-02-13 13:30:43.802,ZZ DO NOT USE STEEL TURNINGS,FETURN
1412,33,678,16854,36.1,48.0,133.0,code+40.0;desc+20.0;net_wt_over-15.0;date+3.0,632,2026-02-13 13:30:43.802,ZZ DO NOT USE STEEL TURNINGS,FETURN
1412,33,670,16854,36.1,48.0,133.0,code+40.0;desc+20.0;net_wt_over-15.0;date+3.0,440,2026-02-13 13:30:43.802,ZZ DO NOT USE STEEL TURNINGS,FETURN
1412,33,679,16854,36.1,48.0,133.0,code+40.0;desc+20.0;net_wt_over-15.0;date+3.0,598,2026-02-13 13:30:43.802,ZZ DO NOT USE STEEL TURNINGS,FETURN
1412,33,680,16854,36.1,48.0,133.0,code+40.0;desc+20.0;net_wt_over-15.0;date+3.0,571,2026-02-13 13:30:43.802,ZZ DO NOT USE STEEL TURNINGS,FETURN
1412,33,681,16854,36.1,48.0,133.0,code+40.0;desc+20.0;net_wt_over-15.0;date+3.0,450,2026-02-13 13:30:43.802,ZZ DO NOT USE STEEL TURNINGS,FETURN
1412,33,769,16979,36.1,48.0,133.0,code+40.0;desc+20.0;net_wt_over-15.0;date+3.0,1113,2026-02-16 19:18:35.515,ZZ DO NOT USE STEEL TURNINGS,FETURN
1412,33,770,16979,36.1,48.0,133.0,code+40.0;desc+20.0;net_wt_over-15.0;date+3.0,841,2026-02-16 19:18:35.515,ZZ DO NOT USE STEEL TURNINGS,FETURN
1412,33,771,16979,36.1,48.0,133.0,code+40.0;desc+20.0;net_wt_over-15.0;date+3.0,840,2026-02-16 19:18:35.515,ZZ DO NOT USE STEEL TURNINGS,FETURN
1412,33,669,16854,36.1,48.0,133.0,code+40.0;desc+20.0;net_wt_over-15.0;date+3.0,113,2026-02-13 13:30:43.802,ZZ DO NOT USE STEEL TURNINGS,FETURN
1412,33,772,16979,36.1,48.0,133.0,code+40.0;desc+20.0;net_wt_over-15.0;date+3.0,804,2026-02-16 19:18:35.515,ZZ DO NOT USE STEEL TURNINGS,FETURN
1412,33,667,16854,36.1,48.0,133.0,code+40.0;desc+20.0;net_wt_over-15.0;date+3.0,433,2026-02-13 13:30:43.802,ZZ DO NOT USE STEEL TURNINGS,FETURN
1412,33,539,16591,36.1,48.0,133.0,code+40.0;desc+20.0;net_wt_over-15.0;date+3.0,17400,2026-02-04 13:40:08.540,ZZ DO NOT USE STEEL TURNINGS,FETURN
1412,33,538,16590,36.1,48.0,133.0,code+40.0;desc+20.0;net_wt_over-15.0;date+3.0,21020,2026-02-04 13:38:49.752,ZZ DO NOT USE STEEL TURNINGS,FETURN
1412,33,495,16522,36.1,48.0,133.0,code+40.0;desc+20.0;net_wt_over-15.0;date+3.0,13360,2026-02-02 20:05:30.528,ZZ DO NOT USE STEEL TURNINGS,FETURN
1412,33,441,16352,33.8,45.0,133.0,code+40.0;desc+20.0;net_wt_over-15.0,13460,2026-01-27 19:31:18.524,ZZ DO NOT USE STEEL TURNINGS,FETURN
1412,33,485,16465,33.8,45.0,133.0,code+40.0;desc+20.0;net_wt_over-15.0,47060,2026-01-30 20:21:14.855,ZZ DO NOT USE STEEL TURNINGS,FETURN
1412,33,476,16432,33.8,45.0,133.0,code+40.0;desc+20.0;net_wt_over-15.0,18960,2026-01-30 13:27:31.279,ZZ DO NOT USE STEEL TURNINGS,FETURN
1412,33,471,16456,33.8,45.0,133.0,code+40.0;desc+20.0;net_wt_over-15.0,11020,2026-01-29 13:46:26.707,ZZ DO NOT USE STEEL TURNINGS,FETURN
1412,33,425,16305,33.8,45.0,133.0,code+40.0;desc+20.0;net_wt_over-15.0,2100,2026-01-26 14:31:24.194,ZZ DO NOT USE STEEL TURNINGS,FETURN
1412,33,554,16594,2.9,3.88,133.0,code_diff-40.0;net_wt+40.0;date+3.0;price+0.88,22520,2026-02-05 14:33:15.376,BUSHELING,Indbush
1410,34,559,16621,56.1,81.38,145.0,code+40.0;desc+20.0;net_wt_over-15.0;date+25.0;time+11.38,320,2026-02-06 13:33:30.581,ZZ DO NOT USE STEEL TURNINGS,FETURN
1410,34,581,16712,39.5,52.5,133.0,code+40.0;desc+20.0;net_wt_over-15.0;date+7.5,22600,2026-02-09 13:34:41.885,ZZ DO NOT USE STEEL TURNINGS,FETURN
1410,34,594,16698,39.5,52.5,133.0,code+40.0;desc+20.0;net_wt_over-15.0;date+7.5,7040,2026-02-09 19:51:32.323,ZZ DO NOT USE STEEL TURNINGS,FETURN
1410,34,538,16590,39.5,52.5,133.0,code+40.0;desc+20.0;net_wt_over-15.0;date+7.5,21020,2026-02-04 13:38:49.752,ZZ DO NOT USE STEEL TURNINGS,FETURN
1410,34,539,16591,39.5,52.5,133.0,code+40.0;desc+20.0;net_wt_over-15.0;date+7.5,17400,2026-02-04 13:40:08.540,ZZ DO NOT USE STEEL TURNINGS,FETURN
1410,34,593,16698,39.5,52.5,133.0,code+40.0;desc+20.0;net_wt_over-15.0;date+7.5,14140,2026-02-09 19:51:32.323,ZZ DO NOT USE STEEL TURNINGS,FETURN
1410,34,620,16756,36.1,48.0,133.0,code+40.0;desc+20.0;net_wt_over-15.0;date+3.0,820,2026-02-10 20:20:32.699,ZZ DO NOT USE STEEL TURNINGS,FETURN
1410,34,621,16756,36.1,48.0,133.0,code+40.0;desc+20.0;net_wt_over-15.0;date+3.0,1058,2026-02-10 20:20:32.699,ZZ DO NOT USE STEEL TURNINGS,FETURN
1410,34,622,16756,36.1,48.0,133.0,code+40.0;desc+20.0;net_wt_over-15.0;date+3.0,1110,2026-02-10 20:20:32.699,ZZ DO NOT USE STEEL TURNINGS,FETURN
1410,34,623,16756,36.1,48.0,133.0,code+40.0;desc+20.0;net_wt_over-15.0;date+3.0,1110,2026-02-10 20:20:32.699,ZZ DO NOT USE STEEL TURNINGS,FETURN
1410,34,624,16756,36.1,48.0,133.0,code+40.0;desc+20.0;net_wt_over-15.0;date+3.0,1152,2026-02-10 20:20:32.699,ZZ DO NOT USE STEEL TURNINGS,FETURN
1410,34,618,16756,36.1,48.0,133.0,code+40.0;desc+20.0;net_wt_over-15.0;date+3.0,759,2026-02-10 20:20:32.699,ZZ DO NOT USE STEEL TURNINGS,FETURN
1410,34,625,16756,36.1,48.0,133.0,code+40.0;desc+20.0;net_wt_over-15.0;date+3.0,1152,2026-02-10 20:20:32.699,ZZ DO NOT USE STEEL TURNINGS,FETURN
1410,34,680,16854,36.1,48.0,133.0,code+40.0;desc+20.0;net_wt_over-15.0;date+3.0,571,2026-02-13 13:30:43.802,ZZ DO NOT USE STEEL TURNINGS,FETURN
1410,34,661,16825,36.1,48.0,133.0,code+40.0;desc+20.0;net_wt_over-15.0;date+3.0,27640,2026-02-12 15:55:30.107,ZZ DO NOT USE STEEL TURNINGS,FETURN
1410,34,664,16844,36.1,48.0,133.0,code+40.0;desc+20.0;net_wt_over-15.0;date+3.0,19900,2026-02-12 19:27:18.227,ZZ DO NOT USE STEEL TURNINGS,FETURN
1410,34,667,16854,36.1,48.0,133.0,code+40.0;desc+20.0;net_wt_over-15.0;date+3.0,433,2026-02-13 13:30:43.802,ZZ DO NOT USE STEEL TURNINGS,FETURN
1410,34,668,16854,36.1,48.0,133.0,code+40.0;desc+20.0;net_wt_over-15.0;date+3.0,428,2026-02-13 13:30:43.802,ZZ DO NOT USE STEEL TURNINGS,FETURN
1410,34,669,16854,36.1,48.0,133.0,code+40.0;desc+20.0;net_wt_over-15.0;date+3.0,113,2026-02-13 13:30:43.802,ZZ DO NOT USE STEEL TURNINGS,FETURN
1410,34,670,16854,36.1,48.0,133.0,code+40.0;desc+20.0;net_wt_over-15.0;date+3.0,440,2026-02-13 13:30:43.802,ZZ DO NOT USE STEEL TURNINGS,FETURN
1410,34,619,16756,36.1,48.0,133.0,code+40.0;desc+20.0;net_wt_over-15.0;date+3.0,820,2026-02-10 20:20:32.699,ZZ DO NOT USE STEEL TURNINGS,FETURN
1410,34,614,16756,36.1,48.0,133.0,code+40.0;desc+20.0;net_wt_over-15.0;date+3.0,721,2026-02-10 20:20:32.699,ZZ DO NOT USE STEEL TURNINGS,FETURN
1410,34,617,16756,36.1,48.0,133.0,code+40.0;desc+20.0;net_wt_over-15.0;date+3.0,759,2026-02-10 20:20:32.699,ZZ DO NOT USE STEEL TURNINGS,FETURN
1410,34,616,16756,36.1,48.0,133.0,code+40.0;desc+20.0;net_wt_over-15.0;date+3.0,729,2026-02-10 20:20:32.699,ZZ DO NOT USE STEEL TURNINGS,FETURN
1410,34,615,16756,36.1,48.0,133.0,code+40.0;desc+20.0;net_wt_over-15.0;date+3.0,721,2026-02-10 20:20:32.699,ZZ DO NOT USE STEEL TURNINGS,FETURN
1410,34,679,16854,36.1,48.0,133.0,code+40.0;desc+20.0;net_wt_over-15.0;date+3.0,598,2026-02-13 13:30:43.802,ZZ DO NOT USE STEEL TURNINGS,FETURN
1410,34,613,16756,36.1,48.0,133.0,code+40.0;desc+20.0;net_wt_over-15.0;date+3.0,623,2026-02-10 20:20:32.699,ZZ DO NOT USE STEEL TURNINGS,FETURN
1410,34,612,16756,36.1,48.0,133.0,code+40.0;desc+20.0;net_wt_over-15.0;date+3.0,623,2026-02-10 20:20:32.699,ZZ DO NOT USE STEEL TURNINGS,FETURN
1410,34,607,16750,36.1,48.0,133.0,code+40.0;desc+20.0;net_wt_over-15.0;date+3.0,20980,2026-02-10 19:50:43.781,ZZ DO NOT USE STEEL TURNINGS,FETURN
1410,34,681,16854,36.1,48.0,133.0,code+40.0;desc+20.0;net_wt_over-15.0;date+3.0,450,2026-02-13 13:30:43.802,ZZ DO NOT USE STEEL TURNINGS,FETURN
1410,34,495,16522,36.1,48.0,133.0,code+40.0;desc+20.0;net_wt_over-15.0;date+3.0,13360,2026-02-02 20:05:30.528,ZZ DO NOT USE STEEL TURNINGS,FETURN
1410,34,485,16465,36.1,48.0,133.0,code+40.0;desc+20.0;net_wt_over-15.0;date+3.0,47060,2026-01-30 20:21:14.855,ZZ DO NOT USE STEEL TURNINGS,FETURN
1410,34,476,16432,36.1,48.0,133.0,code+40.0;desc+20.0;net_wt_over-15.0;date+3.0,18960,2026-01-30 13:27:31.279,ZZ DO NOT USE STEEL TURNINGS,FETURN
1410,34,678,16854,36.1,48.0,133.0,code+40.0;desc+20.0;net_wt_over-15.0;date+3.0,632,2026-02-13 13:30:43.802,ZZ DO NOT USE STEEL TURNINGS,FETURN
1410,34,769,16979,33.8,45.0,133.0,code+40.0;desc+20.0;net_wt_over-15.0,1113,2026-02-16 19:18:35.515,ZZ DO NOT USE STEEL TURNINGS,FETURN
1410,34,770,16979,33.8,45.0,133.0,code+40.0;desc+20.0;net_wt_over-15.0,841,2026-02-16 19:18:35.515,ZZ DO NOT USE STEEL TURNINGS,FETURN
1410,34,771,16979,33.8,45.0,133.0,code+40.0;desc+20.0;net_wt_over-15.0,840,2026-02-16 19:18:35.515,ZZ DO NOT USE STEEL TURNINGS,FETURN
1410,34,396,16394,33.8,45.0,133.0,code+40.0;desc+20.0;net_wt_over-15.0,14660,2026-01-23 13:59:34.224,ZZ DO NOT USE STEEL TURNINGS,FETURN
1410,34,397,16272,33.8,45.0,133.0,code+40.0;desc+20.0;net_wt_over-15.0,36680,2026-01-23 16:20:07.740,ZZ DO NOT USE STEEL TURNINGS,FETURN
1410,34,471,16456,33.8,45.0,133.0,code+40.0;desc+20.0;net_wt_over-15.0,11020,2026-01-29 13:46:26.707,ZZ DO NOT USE STEEL TURNINGS,FETURN
1410,34,441,16352,33.8,45.0,133.0,code+40.0;desc+20.0;net_wt_over-15.0,13460,2026-01-27 19:31:18.524,ZZ DO NOT USE STEEL TURNINGS,FETURN
1410,34,425,16305,33.8,45.0,133.0,code+40.0;desc+20.0;net_wt_over-15.0,2100,2026-01-26 14:31:24.194,ZZ DO NOT USE STEEL TURNINGS,FETURN
1410,34,772,16979,33.8,45.0,133.0,code+40.0;desc+20.0;net_wt_over-15.0,804,2026-02-16 19:18:35.515,ZZ DO NOT USE STEEL TURNINGS,FETURN
1410,34,576,16628,7.9,11.39,145.0,code_diff-40.0;net_wt+15.84;date+25.0;time+10.55,26200,2026-02-06 15:37:38.415,HEAVY MELT,INDHVYM
1429,35,564,16862,52.7,76.48,145.0,code+40.0;desc+20.0;net_wt_over-15.0;date+25.0;time+6.48,524,2026-02-06 14:34:00.750,EDM WIRE,EDMW
1429,35,565,16862,52.7,76.48,145.0,code+40.0;desc+20.0;net_wt_over-15.0;date+25.0;time+6.48,658,2026-02-06 14:34:00.750,EDM WIRE,EDMW
1429,35,632,16754,36.1,48.0,133.0,code+40.0;desc+20.0;net_wt_over-15.0;date+3.0,309,2026-02-10 20:22:20.241,EDM WIRE,EDMW
1429,35,415,16278,33.8,45.0,133.0,code+40.0;desc+20.0;net_wt_over-15.0,64,2026-01-23 18:17:47.415,EDM WIRE,EDMW
1429,35,488,16493,0.0,-30.99,133.0,code_diff-40.0;net_wt+6.01;date+3.0,1208,2026-02-02 17:22:11.214,ZZ DO NOT USE - UNPREPARED HMS (UHMS),UNHMS
1429,35,590,16691,0.0,-31.57,133.0,code_diff-40.0;net_wt+0.93;date+7.5,1211,2026-02-09 18:41:54.560,YELLOW BRASS SOLIDS,BRYELLO
1429,35,696,16856,0.0,-3.92,133.0,code_diff-40.0;net_wt+33.08;date+3.0,1192,2026-02-13 14:30:57.965,MIXED ALUMINUM,MXDAL
1429,35,752,16964,0.0,-5.23,133.0,code_diff-40.0;net_wt+34.77,1173,2026-02-16 17:38:15.846,ALUM DROSS,ALUMDROSS
1429,35,753,16964,0.0,-25.53,133.0,code_diff-40.0;net_wt+14.47,1203,2026-02-16 17:38:15.846,ALUM DROSS,ALUMDROSS
1429,35,799,17145,0.0,0.0,133.0,code_diff-40.0;net_wt+40.0,1180,2026-02-19 14:49:34.775,BUSHELING,Indbush
1429,36,561,16862,52.7,76.48,145.0,code+40.0;desc+20.0;net_wt_over-15.0;date+25.0;time+6.48,33,2026-02-06 14:34:00.750,TUNGSTEN MOLY TA INSERTS,TUNGMOTAINS
1429,36,568,16862,52.7,76.48,145.0,code+40.0;desc+20.0;net_wt_over-15.0;date+25.0;time+6.48,55,2026-02-06 14:34:00.750,TUNGSTEN MOLY TA INSERTS,TUNGMOTAINS
1429,36,569,16862,52.7,76.48,145.0,code+40.0;desc+20.0;net_wt_over-15.0;date+25.0;time+6.48,37,2026-02-06 14:34:00.750,TUNGSTEN MOLY TA INSERTS,TUNGMOTAINS
1429,36,571,16862,52.7,76.48,145.0,code+40.0;desc+20.0;net_wt_over-15.0;date+25.0;time+6.48,35,2026-02-06 14:34:00.750,TUNGSTEN MOLY TA INSERTS,TUNGMOTAINS
1429,36,572,16862,52.7,76.48,145.0,code+40.0;desc+20.0;net_wt_over-15.0;date+25.0;time+6.48,35,2026-02-06 14:34:00.750,TUNGSTEN MOLY TA INSERTS,TUNGMOTAINS
1429,36,573,16862,52.7,76.48,145.0,code+40.0;desc+20.0;net_wt_over-15.0;date+25.0;time+6.48,35,2026-02-06 14:34:00.750,TUNGSTEN MOLY TA INSERTS,TUNGMOTAINS
1429,36,574,16862,52.7,76.48,145.0,code+40.0;desc+20.0;net_wt_over-15.0;date+25.0;time+6.48,33,2026-02-06 14:34:00.750,TUNGSTEN MOLY TA INSERTS,TUNGMOTAINS
1429,36,577,16639,10.6,15.38,145.0,code_diff-40.0;net_wt+27.19;date+25.0;time+3.19,260,2026-02-06 17:51:39.957,SHEET IRON,SHIRST
1429,36,445,16357,0.0,0.0,133.0,code_diff-40.0;net_wt+40.0,264,2026-01-27 20:16:45.152,6063 PAINTED EXTRUSION,AL06310
1429,36,649,16813,0.0,-9.81,133.0,code_diff-40.0;net_wt+27.19;date+3.0,260,2026-02-12 13:46:09.139,SHEET IRON,SHIRST
1429,36,703,16953,0.0,-25.02,133.0,code_diff-40.0;net_wt+11.98;date+3.0,258,2026-02-13 15:42:27.638,304 STAINLESS SOLIDS,NISS300
1429,36,816,17146,0.0,-20.42,133.0,code_diff-40.0;net_wt+19.58,259,2026-02-19 15:02:19.539,6061 TURNINGS,AL6061TURNS
1429,36,817,17146,0.0,-35.63,133.0,code_diff-40.0;net_wt+4.37,269,2026-02-19 15:02:19.539,6061 TURNINGS,AL6061TURNS
1429,37,570,16862,90.7,131.48,145.0,code+40.0;desc+20.0;net_wt+40.0;date+25.0;time+6.48,366,2026-02-06 14:34:00.750,ALUMINUM MLC,ALUMLC
1429,37,528,16538,12.9,17.11,133.0,code_diff-40.0;desc+16.0;net_wt+33.61;date+7.5,369,2026-02-03 18:05:46.278,ALUMINUM RIMS,ALWHEEL
1429,37,566,16862,6.0,8.69,145.0,code_diff-40.0;net_wt+17.21;date+25.0;time+6.48,360,2026-02-06 14:34:00.750,ZZ DO NOT USE - ALUMINUM TURNINGS,ALMTRNG
1429,37,399,16273,0.0,-28.25,133.0,code_diff-40.0;net_wt+11.75,373,2026-01-23 16:22:35.228,380 ALUMINUM TURNINGS,380ALTRN
1429,37,718,16890,0.0,-25.1,133.0,code_diff-40.0;net_wt+11.75;date+3.0;price+0.15,373,2026-02-13 18:47:51.543,6061 ALUMINUM - SPC,AL06061
1429,37,740,16964,0.0,0.0,133.0,code_diff-40.0;net_wt+40.0,365,2026-02-16 17:38:15.846,319 AL FLASHINGS,319ALFLASHING
1429,37,836,17146,0.0,-11.86,133.0,code_diff-40.0;net_wt+28.14,370,2026-02-19 15:02:19.539,6061 TURNINGS,AL6061TURNS
1429,37,837,17146,0.0,-11.86,133.0,code_diff-40.0;net_wt+28.14,370,2026-02-19 15:02:19.539,6061 TURNINGS,AL6061TURNS
1429,37,838,17146,0.0,-17.32,133.0,code_diff-40.0;net_wt+22.68,371,2026-02-19 15:02:19.539,6061 TURNINGS,AL6061TURNS
1429,38,562,16862,52.7,76.48,145.0,code+40.0;desc+20.0;net_wt_over-15.0;date+25.0;time+6.48,1290,2026-02-06 14:34:00.750,17-4 SOLIDS,174SOLIDS
1429,38,563,16862,52.7,76.48,145.0,code+40.0;desc+20.0;net_wt_over-15.0;date+25.0;time+6.48,1416,2026-02-06 14:34:00.750,17-4 SOLIDS,174SOLIDS
1429,38,609,16753,0.0,-8.43,133.0,code_diff-40.0;net_wt+28.57;date+3.0,2735,2026-02-10 20:15:35.526,HEAVY MELT,INDHVYM
1429,38,722,16892,0.0,-17.3,133.0,code_diff-40.0;net_wt+19.7;date+3.0,2747,2026-02-13 18:52:34.719,HEAVY MELT,INDHVYM
1429,39,673,16854,54.3,72.25,133.0,code+40.0;desc+20.0;net_wt+9.25;date+3.0,651,2026-02-13 13:30:43.802,ZZ DO NOT USE - ALUMINUM TURNINGS,ALMTRNG
1429,39,555,16621,53.4,77.49,145.0,code+40.0;desc+20.0;net_wt_over-15.0;date+25.0;time+7.49,209,2026-02-06 13:33:30.581,ZZ DO NOT USE - ALUMINUM TURNINGS,ALMTRNG
1429,39,556,16621,53.4,77.49,145.0,code+40.0;desc+20.0;net_wt_over-15.0;date+25.0;time+7.49,234,2026-02-06 13:33:30.581,ZZ DO NOT USE - ALUMINUM TURNINGS,ALMTRNG
1429,39,557,16621,53.4,77.49,145.0,code+40.0;desc+20.0;net_wt_over-15.0;date+25.0;time+7.49,250,2026-02-06 13:33:30.581,ZZ DO NOT USE - ALUMINUM TURNINGS,ALMTRNG
1429,39,558,16621,53.4,77.49,145.0,code+40.0;desc+20.0;net_wt_over-15.0;date+25.0;time+7.49,272,2026-02-06 13:33:30.581,ZZ DO NOT USE - ALUMINUM TURNINGS,ALMTRNG
1429,39,560,16621,53.4,77.49,145.0,code+40.0;desc+20.0;net_wt_over-15.0;date+25.0;time+7.49,49,2026-02-06 13:33:30.581,ZZ DO NOT USE - ALUMINUM TURNINGS,ALMTRNG
1429,39,566,16862,52.7,76.48,145.0,code+40.0;desc+20.0;net_wt_over-15.0;date+25.0;time+6.48,360,2026-02-06 14:34:00.750,ZZ DO NOT USE - ALUMINUM TURNINGS,ALMTRNG
1429,39,567,16862,52.7,76.48,145.0,code+40.0;desc+20.0;net_wt_over-15.0;date+25.0;time+6.48,278,2026-02-06 14:34:00.750,ZZ DO NOT USE - ALUMINUM TURNINGS,ALMTRNG
1429,39,710,16953,36.1,48.0,133.0,code+40.0;desc+20.0;net_wt_over-15.0;date+3.0,228,2026-02-13 15:42:27.638,ZZ DO NOT USE - ALUMINUM TURNINGS,ALMTRNG
1429,39,708,16953,36.1,48.0,133.0,code+40.0;desc+20.0;net_wt_over-15.0;date+3.0,228,2026-02-13 15:42:27.638,ZZ DO NOT USE - ALUMINUM TURNINGS,ALMTRNG
1429,39,701,16953,36.1,48.0,133.0,code+40.0;desc+20.0;net_wt_over-15.0;date+3.0,251,2026-02-13 15:42:27.638,ZZ DO NOT USE - ALUMINUM TURNINGS,ALMTRNG
1429,39,674,16854,36.1,48.0,133.0,code+40.0;desc+20.0;net_wt_over-15.0;date+3.0,239,2026-02-13 13:30:43.802,ZZ DO NOT USE - ALUMINUM TURNINGS,ALMTRNG
1429,39,407,16273,33.8,45.0,133.0,code+40.0;desc+20.0;net_wt_over-15.0,489,2026-01-23 16:22:35.228,ZZ DO NOT USE - ALUMINUM TURNINGS,ALMTRNG
1429,39,773,16979,33.8,45.0,133.0,code+40.0;desc+20.0;net_wt_over-15.0,441,2026-02-16 19:18:35.515,ZZ DO NOT USE - ALUMINUM TURNINGS,ALMTRNG
1429,39,774,16979,33.8,45.0,133.0,code+40.0;desc+20.0;net_wt_over-15.0,243,2026-02-16 19:18:35.515,ZZ DO NOT USE - ALUMINUM TURNINGS,ALMTRNG
1429,39,436,16340,33.8,45.0,133.0,code+40.0;desc+20.0;net_wt_over-15.0,939,2026-01-27 16:56:10.415,ZZ DO NOT USE - ALUMINUM TURNINGS,ALMTRNG
1429,39,413,16273,33.8,45.0,133.0,code+40.0;desc+20.0;net_wt_over-15.0,579,2026-01-23 16:22:35.228,ZZ DO NOT USE - ALUMINUM TURNINGS,ALMTRNG
1429,39,411,16273,33.8,45.0,133.0,code+40.0;desc+20.0;net_wt_over-15.0,529,2026-01-23 16:22:35.228,ZZ DO NOT USE - ALUMINUM TURNINGS,ALMTRNG
1429,39,410,16273,33.8,45.0,133.0,code+40.0;desc+20.0;net_wt_over-15.0,528,2026-01-23 16:22:35.228,ZZ DO NOT USE - ALUMINUM TURNINGS,ALMTRNG
1429,39,408,16273,33.8,45.0,133.0,code+40.0;desc+20.0;net_wt_over-15.0,495,2026-01-23 16:22:35.228,ZZ DO NOT USE - ALUMINUM TURNINGS,ALMTRNG
1429,39,515,16538,0.0,-20.12,133.0,code_diff-40.0;net_wt+12.38;date+7.5,650,2026-02-03 18:05:46.278,SHEET IRON,SHIRST
1429,39,612,16756,0.0,-34.02,133.0,code_diff-40.0;net_wt+2.98;date+3.0,623,2026-02-10 20:20:32.699,ZZ DO NOT USE STEEL TURNINGS,FETURN
1429,39,613,16756,0.0,-34.02,133.0,code_diff-40.0;net_wt+2.98;date+3.0,623,2026-02-10 20:20:32.699,ZZ DO NOT USE STEEL TURNINGS,FETURN
1429,39,651,16815,0.0,-12.08,133.0,code_diff-40.0;net_wt+24.92;date+3.0,630,2026-02-12 13:59:11.678,380 BARE NEW CAST ALUMINUM,380NCAL
1429,39,443,16357,0.0,-33.89,133.0,code_diff-40.0;net_wt+6.11,652,2026-01-27 20:16:45.152,6063 PAINTED EXTRUSION,AL06310
1429,39,678,16854,0.0,-5.81,133.0,code_diff-40.0;net_wt+31.19;date+3.0,632,2026-02-13 13:30:43.802,ZZ DO NOT USE STEEL TURNINGS,FETURN
1429,39,747,16964,0.0,0.0,133.0,code_diff-40.0;net_wt+40.0,641,2026-02-16 17:38:15.846,ALUM DROSS,ALUMDROSS
1429,39,393,16263,0.0,-5.67,133.0,code_diff-40.0;net_wt+34.33,633,2026-01-23 13:41:59.945,380 BARE NEW CAST ALUMINUM,380NCAL
1401,40,549,16576,92.3,133.86,145.0,code+40.0;desc+20.0;net_wt+40.0;date+25.0;time+6.04;price+2.82,36900,2026-02-04 19:38:14.126,BUSHELING,Indbush
1401,40,540,16553,56.3,81.57,145.0,code+40.0;desc+20.0;net_wt_over-15.0;date+25.0;time+11.57,19340,2026-02-04 14:06:13.683,BUSHELING,Indbush
1401,40,550,16576,55.5,76.04,137.0,code+40.0;desc+20.0;net_wt_over-15.0;date+25.0;time+6.04,0,2026-02-04 19:38:14.126,BUSHELING,Indbush
1401,40,544,16573,54.0,78.33,145.0,code+40.0;desc+20.0;net_wt_over-15.0;date+25.0;time+6.41;price+1.92,1480,2026-02-04 19:16:05.396,BUSHELING,Indbush
1401,40,548,16573,54.0,78.33,145.0,code+40.0;desc+20.0;net_wt_over-15.0;date+25.0;time+6.41;price+1.92,-1404,2026-02-04 19:16:05.396,BUSHELING,Indbush
1401,40,547,16573,54.0,78.33,145.0,code+40.0;desc+20.0;net_wt_over-15.0;date+25.0;time+6.41;price+1.92,740,2026-02-04 19:16:05.396,BUSHELING,Indbush
1401,40,546,16573,54.0,78.33,145.0,code+40.0;desc+20.0;net_wt_over-15.0;date+25.0;time+6.41;price+1.92,820,2026-02-04 19:16:05.396,BUSHELING,Indbush
1401,40,545,16573,54.0,78.33,145.0,code+40.0;desc+20.0;net_wt_over-15.0;date+25.0;time+6.41;price+1.92,860,2026-02-04 19:16:05.396,BUSHELING,Indbush
1401,40,500,16552,45.1,60.0,133.0,code+40.0;desc+20.0;net_wt_over-15.0;date+15.0,49780,2026-02-03 13:47:08.944,BUSHELING,Indbush
1401,40,554,16594,45.1,60.0,133.0,code+40.0;desc+20.0;net_wt_over-15.0;date+15.0,22520,2026-02-05 14:33:15.376,BUSHELING,Indbush
1401,40,535,16539,45.1,60.0,133.0,code+40.0;desc+20.0;net_wt_over-15.0;date+15.0,6460,2026-02-03 18:31:40.911,BUSHELING,Indbush
1401,40,487,16493,39.5,52.5,133.0,code+40.0;desc+20.0;net_wt_over-15.0;date+7.5,10872,2026-02-02 17:22:11.214,BUSHELING,Indbush
1401,40,645,16811,38.5,51.26,133.0,code+40.0;desc+20.0;net_wt_over-15.0;date+3.0;price+3.26,40300,2026-02-11 13:35:29.719,BUSHELING,Indbush
1401,40,605,16748,38.2,50.82,133.0,code+40.0;desc+20.0;net_wt_over-15.0;date+3.0;price+2.82,38860,2026-02-10 19:48:47.691,BUSHELING,Indbush
1401,40,598,16719,37.5,49.92,133.0,code+40.0;desc+20.0;net_wt_over-15.0;date+3.0;price+1.92,29600,2026-02-10 14:48:08.968,BUSHELING,Indbush
1401,40,473,16435,36.5,48.58,133.0,code+40.0;desc+20.0;net_wt_over-15.0;date+3.0;price+0.58,17760,2026-01-29 14:07:35.156,BUSHELING,Indbush
1401,40,478,16449,36.1,48.0,133.0,code+40.0;desc+20.0;net_wt_over-15.0;date+3.0,38700,2026-01-30 17:06:06.765,BUSHELING,Indbush
1401,40,644,16810,36.1,48.0,133.0,code+40.0;desc+20.0;net_wt_over-15.0;date+3.0,39540,2026-02-11 13:34:38.799,BUSHELING,Indbush
1401,40,731,17011,36.0,47.82,133.0,code+40.0;desc+20.0;net_wt_over-15.0;price+2.82,27840,2026-02-16 13:55:32.714,BUSHELING,Indbush
1401,40,659,16817,35.3,46.92,133.0,code+40.0;desc+20.0;net_wt_over-15.0;price+1.92,-810,2026-02-12 14:39:42.421,BUSHELING,Indbush
1401,40,657,16817,35.3,46.92,133.0,code+40.0;desc+20.0;net_wt_over-15.0;price+1.92,940,2026-02-12 14:39:42.421,BUSHELING,Indbush
1401,40,432,16318,35.3,46.92,133.0,code+40.0;desc+20.0;net_wt_over-15.0;price+1.92,-300,2026-01-26 19:36:12.950,BUSHELING,Indbush
1401,40,431,16318,35.3,46.92,133.0,code+40.0;desc+20.0;net_wt_over-15.0;price+1.92,620,2026-01-26 19:36:12.950,BUSHELING,Indbush
1401,40,430,16318,35.3,46.92,133.0,code+40.0;desc+20.0;net_wt_over-15.0;price+1.92,660,2026-01-26 19:36:12.950,BUSHELING,Indbush
1401,40,429,16318,35.3,46.92,133.0,code+40.0;desc+20.0;net_wt_over-15.0;price+1.92,720,2026-01-26 19:36:12.950,BUSHELING,Indbush
1401,40,423,16303,35.3,46.92,133.0,code+40.0;desc+20.0;net_wt_over-15.0;price+1.92,30608,2026-01-26 14:12:29.468,BUSHELING,Indbush
1401,40,656,16817,35.3,46.92,133.0,code+40.0;desc+20.0;net_wt_over-15.0;price+1.92,1240,2026-02-12 14:39:42.421,BUSHELING,Indbush
1401,40,658,16817,35.3,46.92,133.0,code+40.0;desc+20.0;net_wt_over-15.0;price+1.92,880,2026-02-12 14:39:42.421,BUSHELING,Indbush
1401,40,433,16324,34.3,45.58,133.0,code+40.0;desc+20.0;net_wt_over-15.0;price+0.58,47620,2026-01-26 20:19:17.711,BUSHELING,Indbush
1401,40,660,16821,33.8,45.0,133.0,code+40.0;desc+20.0;net_wt_over-15.0,19060,2026-02-12 15:33:09.682,BUSHELING,Indbush
1401,40,677,16854,33.8,45.0,133.0,code+40.0;desc+20.0;net_wt_over-15.0,1442,2026-02-13 13:30:43.802,BUSHELING,Indbush
1401,40,368,16197,33.8,45.0,133.0,code+40.0;desc+20.0;net_wt_over-15.0,47700,2026-01-21 14:01:05.637,BUSHELING,Indbush
1401,40,450,16357,33.8,45.0,133.0,code+40.0;desc+20.0;net_wt_over-15.0,1942,2026-01-27 20:16:45.152,BUSHELING,Indbush
1401,40,449,16357,33.8,45.0,133.0,code+40.0;desc+20.0;net_wt_over-15.0,1703,2026-01-27 20:16:45.152,BUSHELING,Indbush
1401,40,447,16357,33.8,45.0,133.0,code+40.0;desc+20.0;net_wt_over-15.0,1629,2026-01-27 20:16:45.152,BUSHELING,Indbush
1401,40,444,16357,33.8,45.0,133.0,code+40.0;desc+20.0;net_wt_over-15.0,2367,2026-01-27 20:16:45.152,BUSHELING,Indbush
1401,40,775,17016,33.8,45.0,133.0,code+40.0;desc+20.0;net_wt_over-15.0,31860,2026-02-17 14:36:58.119,BUSHELING,Indbush
1401,40,486,16491,0.1,0.16,133.0,code_diff-40.0;net_wt+32.66;date+7.5,36580,2026-02-02 16:08:33.736,HEAVY MELT,INDHVYM
1401,40,397,16272,0.0,-1.92,133.0,code_diff-40.0;net_wt+38.08,36680,2026-01-23 16:20:07.740,ZZ DO NOT USE STEEL TURNINGS,FETURN
1405,41,539,16591,90.4,131.02,145.0,code+40.0;desc+20.0;net_wt+40.0;date+25.0;time+6.02,17400,2026-02-04 13:40:08.540,ZZ DO NOT USE STEEL TURNINGS,FETURN
1405,41,538,16590,52.4,76.04,145.0,code+40.0;desc+20.0;net_wt_over-15.0;date+25.0;time+6.04,21020,2026-02-04 13:38:49.752,ZZ DO NOT USE STEEL TURNINGS,FETURN
1405,41,559,16621,39.5,52.5,133.0,code+40.0;desc+20.0;net_wt_over-15.0;date+7.5,320,2026-02-06 13:33:30.581,ZZ DO NOT USE STEEL TURNINGS,FETURN
1405,41,495,16522,39.5,52.5,133.0,code+40.0;desc+20.0;net_wt_over-15.0;date+7.5,13360,2026-02-02 20:05:30.528,ZZ DO NOT USE STEEL TURNINGS,FETURN
1405,41,617,16756,36.1,48.0,133.0,code+40.0;desc+20.0;net_wt_over-15.0;date+3.0,759,2026-02-10 20:20:32.699,ZZ DO NOT USE STEEL TURNINGS,FETURN
1405,41,612,16756,36.1,48.0,133.0,code+40.0;desc+20.0;net_wt_over-15.0;date+3.0,623,2026-02-10 20:20:32.699,ZZ DO NOT USE STEEL TURNINGS,FETURN
1405,41,614,16756,36.1,48.0,133.0,code+40.0;desc+20.0;net_wt_over-15.0;date+3.0,721,2026-02-10 20:20:32.699,ZZ DO NOT USE STEEL TURNINGS,FETURN
1405,41,615,16756,36.1,48.0,133.0,code+40.0;desc+20.0;net_wt_over-15.0;date+3.0,721,2026-02-10 20:20:32.699,ZZ DO NOT USE STEEL TURNINGS,FETURN
1405,41,616,16756,36.1,48.0,133.0,code+40.0;desc+20.0;net_wt_over-15.0;date+3.0,729,2026-02-10 20:20:32.699,ZZ DO NOT USE STEEL TURNINGS,FETURN
1405,41,618,16756,36.1,48.0,133.0,code+40.0;desc+20.0;net_wt_over-15.0;date+3.0,759,2026-02-10 20:20:32.699,ZZ DO NOT USE STEEL TURNINGS,FETURN
1405,41,619,16756,36.1,48.0,133.0,code+40.0;desc+20.0;net_wt_over-15.0;date+3.0,820,2026-02-10 20:20:32.699,ZZ DO NOT USE STEEL TURNINGS,FETURN
1405,41,620,16756,36.1,48.0,133.0,code+40.0;desc+20.0;net_wt_over-15.0;date+3.0,820,2026-02-10 20:20:32.699,ZZ DO NOT USE STEEL TURNINGS,FETURN
1405,41,621,16756,36.1,48.0,133.0,code+40.0;desc+20.0;net_wt_over-15.0;date+3.0,1058,2026-02-10 20:20:32.699,ZZ DO NOT USE STEEL TURNINGS,FETURN
1405,41,622,16756,36.1,48.0,133.0,code+40.0;desc+20.0;net_wt_over-15.0;date+3.0,1110,2026-02-10 20:20:32.699,ZZ DO NOT USE STEEL TURNINGS,FETURN
1405,41,623,16756,36.1,48.0,133.0,code+40.0;desc+20.0;net_wt_over-15.0;date+3.0,1110,2026-02-10 20:20:32.699,ZZ DO NOT USE STEEL TURNINGS,FETURN
1405,41,624,16756,36.1,48.0,133.0,code+40.0;desc+20.0;net_wt_over-15.0;date+3.0,1152,2026-02-10 20:20:32.699,ZZ DO NOT USE STEEL TURNINGS,FETURN
1405,41,625,16756,36.1,48.0,133.0,code+40.0;desc+20.0;net_wt_over-15.0;date+3.0,1152,2026-02-10 20:20:32.699,ZZ DO NOT USE STEEL TURNINGS,FETURN
1405,41,613,16756,36.1,48.0,133.0,code+40.0;desc+20.0;net_wt_over-15.0;date+3.0,623,2026-02-10 20:20:32.699,ZZ DO NOT USE STEEL TURNINGS,FETURN
1405,41,607,16750,36.1,48.0,133.0,code+40.0;desc+20.0;net_wt_over-15.0;date+3.0,20980,2026-02-10 19:50:43.781,ZZ DO NOT USE STEEL TURNINGS,FETURN
1405,41,594,16698,36.1,48.0,133.0,code+40.0;desc+20.0;net_wt_over-15.0;date+3.0,7040,2026-02-09 19:51:32.323,ZZ DO NOT USE STEEL TURNINGS,FETURN
1405,41,593,16698,36.1,48.0,133.0,code+40.0;desc+20.0;net_wt_over-15.0;date+3.0,14140,2026-02-09 19:51:32.323,ZZ DO NOT USE STEEL TURNINGS,FETURN
1405,41,581,16712,36.1,48.0,133.0,code+40.0;desc+20.0;net_wt_over-15.0;date+3.0,22600,2026-02-09 13:34:41.885,ZZ DO NOT USE STEEL TURNINGS,FETURN
1405,41,485,16465,36.1,48.0,133.0,code+40.0;desc+20.0;net_wt_over-15.0;date+3.0,47060,2026-01-30 20:21:14.855,ZZ DO NOT USE STEEL TURNINGS,FETURN
1405,41,476,16432,36.1,48.0,133.0,code+40.0;desc+20.0;net_wt_over-15.0;date+3.0,18960,2026-01-30 13:27:31.279,ZZ DO NOT USE STEEL TURNINGS,FETURN
1405,41,471,16456,36.1,48.0,133.0,code+40.0;desc+20.0;net_wt_over-15.0;date+3.0,11020,2026-01-29 13:46:26.707,ZZ DO NOT USE STEEL TURNINGS,FETURN
1405,41,668,16854,33.8,45.0,133.0,code+40.0;desc+20.0;net_wt_over-15.0,428,2026-02-13 13:30:43.802,ZZ DO NOT USE STEEL TURNINGS,FETURN
1405,41,679,16854,33.8,45.0,133.0,code+40.0;desc+20.0;net_wt_over-15.0,598,2026-02-13 13:30:43.802,ZZ DO NOT USE STEEL TURNINGS,FETURN
1405,41,680,16854,33.8,45.0,133.0,code+40.0;desc+20.0;net_wt_over-15.0,571,2026-02-13 13:30:43.802,ZZ DO NOT USE STEEL TURNINGS,FETURN
1405,41,681,16854,33.8,45.0,133.0,code+40.0;desc+20.0;net_wt_over-15.0,450,2026-02-13 13:30:43.802,ZZ DO NOT USE STEEL TURNINGS,FETURN
1405,41,769,16979,33.8,45.0,133.0,code+40.0;desc+20.0;net_wt_over-15.0,1113,2026-02-16 19:18:35.515,ZZ DO NOT USE STEEL TURNINGS,FETURN
1405,41,770,16979,33.8,45.0,133.0,code+40.0;desc+20.0;net_wt_over-15.0,841,2026-02-16 19:18:35.515,ZZ DO NOT USE STEEL TURNINGS,FETURN
1405,41,771,16979,33.8,45.0,133.0,code+40.0;desc+20.0;net_wt_over-15.0,840,2026-02-16 19:18:35.515,ZZ DO NOT USE STEEL TURNINGS,FETURN
1405,41,678,16854,33.8,45.0,133.0,code+40.0;desc+20.0;net_wt_over-15.0,632,2026-02-13 13:30:43.802,ZZ DO NOT USE STEEL TURNINGS,FETURN
1405,41,670,16854,33.8,45.0,133.0,code+40.0;desc+20.0;net_wt_over-15.0,440,2026-02-13 13:30:43.802,ZZ DO NOT USE STEEL TURNINGS,FETURN
1405,41,669,16854,33.8,45.0,133.0,code+40.0;desc+20.0;net_wt_over-15.0,113,2026-02-13 13:30:43.802,ZZ DO NOT USE STEEL TURNINGS,FETURN
1405,41,371,16203,33.8,45.0,133.0,code+40.0;desc+20.0;net_wt_over-15.0,23160,2026-01-21 17:04:48.368,ZZ DO NOT USE STEEL TURNINGS,FETURN
1405,41,667,16854,33.8,45.0,133.0,code+40.0;desc+20.0;net_wt_over-15.0,433,2026-02-13 13:30:43.802,ZZ DO NOT USE STEEL TURNINGS,FETURN
1405,41,664,16844,33.8,45.0,133.0,code+40.0;desc+20.0;net_wt_over-15.0,19900,2026-02-12 19:27:18.227,ZZ DO NOT USE STEEL TURNINGS,FETURN
1405,41,661,16825,33.8,45.0,133.0,code+40.0;desc+20.0;net_wt_over-15.0,27640,2026-02-12 15:55:30.107,ZZ DO NOT USE STEEL TURNINGS,FETURN
1405,41,386,16255,33.8,45.0,133.0,code+40.0;desc+20.0;net_wt_over-15.0,10720,2026-01-22 20:15:17.937,ZZ DO NOT USE STEEL TURNINGS,FETURN
1405,41,441,16352,33.8,45.0,133.0,code+40.0;desc+20.0;net_wt_over-15.0,13460,2026-01-27 19:31:18.524,ZZ DO NOT USE STEEL TURNINGS,FETURN
1405,41,425,16305,33.8,45.0,133.0,code+40.0;desc+20.0;net_wt_over-15.0,2100,2026-01-26 14:31:24.194,ZZ DO NOT USE STEEL TURNINGS,FETURN
1405,41,397,16272,33.8,45.0,133.0,code+40.0;desc+20.0;net_wt_over-15.0,36680,2026-01-23 16:20:07.740,ZZ DO NOT USE STEEL TURNINGS,FETURN
1405,41,396,16394,33.8,45.0,133.0,code+40.0;desc+20.0;net_wt_over-15.0,14660,2026-01-23 13:59:34.224,ZZ DO NOT USE STEEL TURNINGS,FETURN
1405,41,772,16979,33.8,45.0,133.0,code+40.0;desc+20.0;net_wt_over-15.0,804,2026-02-16 19:18:35.515,ZZ DO NOT USE STEEL TURNINGS,FETURN
1405,41,473,16435,0.0,-21.59,133.0,code_diff-40.0;net_wt+8.62;date+3.0;price+6.79,17760,2026-01-29 14:07:35.156,BUSHELING,Indbush
1404,42,538,16590,90.4,131.01,145.0,code+40.0;desc+20.0;net_wt+40.0;date+25.0;time+6.01,21020,2026-02-04 13:38:49.752,ZZ DO NOT USE STEEL TURNINGS,FETURN
1404,42,607,16750,77.4,103.0,133.0,code+40.0;desc+20.0;net_wt+40.0;date+3.0,20980,2026-02-10 19:50:43.781,ZZ DO NOT USE STEEL TURNINGS,FETURN
1404,42,539,16591,52.4,75.99,145.0,code+40.0;desc+20.0;net_wt_over-15.0;date+25.0;time+5.99,17400,2026-02-04 13:40:08.540,ZZ DO NOT USE STEEL TURNINGS,FETURN
1404,42,495,16522,39.5,52.5,133.0,code+40.0;desc+20.0;net_wt_over-15.0;date+7.5,13360,2026-02-02 20:05:30.528,ZZ DO NOT USE STEEL TURNINGS,FETURN
1404,42,559,16621,39.5,52.5,133.0,code+40.0;desc+20.0;net_wt_over-15.0;date+7.5,320,2026-02-06 13:33:30.581,ZZ DO NOT USE STEEL TURNINGS,FETURN
1404,42,613,16756,36.1,48.0,133.0,code+40.0;desc+20.0;net_wt_over-15.0;date+3.0,623,2026-02-10 20:20:32.699,ZZ DO NOT USE STEEL TURNINGS,FETURN
1404,42,615,16756,36.1,48.0,133.0,code+40.0;desc+20.0;net_wt_over-15.0;date+3.0,721,2026-02-10 20:20:32.699,ZZ DO NOT USE STEEL TURNINGS,FETURN
1404,42,616,16756,36.1,48.0,133.0,code+40.0;desc+20.0;net_wt_over-15.0;date+3.0,729,2026-02-10 20:20:32.699,ZZ DO NOT USE STEEL TURNINGS,FETURN
1404,42,618,16756,36.1,48.0,133.0,code+40.0;desc+20.0;net_wt_over-15.0;date+3.0,759,2026-02-10 20:20:32.699,ZZ DO NOT USE STEEL TURNINGS,FETURN
1404,42,617,16756,36.1,48.0,133.0,code+40.0;desc+20.0;net_wt_over-15.0;date+3.0,759,2026-02-10 20:20:32.699,ZZ DO NOT USE STEEL TURNINGS,FETURN
1404,42,619,16756,36.1,48.0,133.0,code+40.0;desc+20.0;net_wt_over-15.0;date+3.0,820,2026-02-10 20:20:32.699,ZZ DO NOT USE STEEL TURNINGS,FETURN
1404,42,620,16756,36.1,48.0,133.0,code+40.0;desc+20.0;net_wt_over-15.0;date+3.0,820,2026-02-10 20:20:32.699,ZZ DO NOT USE STEEL TURNINGS,FETURN
1404,42,621,16756,36.1,48.0,133.0,code+40.0;desc+20.0;net_wt_over-15.0;date+3.0,1058,2026-02-10 20:20:32.699,ZZ DO NOT USE STEEL TURNINGS,FETURN
1404,42,622,16756,36.1,48.0,133.0,code+40.0;desc+20.0;net_wt_over-15.0;date+3.0,1110,2026-02-10 20:20:32.699,ZZ DO NOT USE STEEL TURNINGS,FETURN
1404,42,623,16756,36.1,48.0,133.0,code+40.0;desc+20.0;net_wt_over-15.0;date+3.0,1110,2026-02-10 20:20:32.699,ZZ DO NOT USE STEEL TURNINGS,FETURN
1404,42,624,16756,36.1,48.0,133.0,code+40.0;desc+20.0;net_wt_over-15.0;date+3.0,1152,2026-02-10 20:20:32.699,ZZ DO NOT USE STEEL TURNINGS,FETURN
1404,42,625,16756,36.1,48.0,133.0,code+40.0;desc+20.0;net_wt_over-15.0;date+3.0,1152,2026-02-10 20:20:32.699,ZZ DO NOT USE STEEL TURNINGS,FETURN
1404,42,614,16756,36.1,48.0,133.0,code+40.0;desc+20.0;net_wt_over-15.0;date+3.0,721,2026-02-10 20:20:32.699,ZZ DO NOT USE STEEL TURNINGS,FETURN
1404,42,612,16756,36.1,48.0,133.0,code+40.0;desc+20.0;net_wt_over-15.0;date+3.0,623,2026-02-10 20:20:32.699,ZZ DO NOT USE STEEL TURNINGS,FETURN
1404,42,594,16698,36.1,48.0,133.0,code+40.0;desc+20.0;net_wt_over-15.0;date+3.0,7040,2026-02-09 19:51:32.323,ZZ DO NOT USE STEEL TURNINGS,FETURN
1404,42,593,16698,36.1,48.0,133.0,code+40.0;desc+20.0;net_wt_over-15.0;date+3.0,14140,2026-02-09 19:51:32.323,ZZ DO NOT USE STEEL TURNINGS,FETURN
1404,42,581,16712,36.1,48.0,133.0,code+40.0;desc+20.0;net_wt_over-15.0;date+3.0,22600,2026-02-09 13:34:41.885,ZZ DO NOT USE STEEL TURNINGS,FETURN
1404,42,485,16465,36.1,48.0,133.0,code+40.0;desc+20.0;net_wt_over-15.0;date+3.0,47060,2026-01-30 20:21:14.855,ZZ DO NOT USE STEEL TURNINGS,FETURN
1404,42,476,16432,36.1,48.0,133.0,code+40.0;desc+20.0;net_wt_over-15.0;date+3.0,18960,2026-01-30 13:27:31.279,ZZ DO NOT USE STEEL TURNINGS,FETURN
1404,42,471,16456,36.1,48.0,133.0,code+40.0;desc+20.0;net_wt_over-15.0;date+3.0,11020,2026-01-29 13:46:26.707,ZZ DO NOT USE STEEL TURNINGS,FETURN
1404,42,669,16854,33.8,45.0,133.0,code+40.0;desc+20.0;net_wt_over-15.0,113,2026-02-13 13:30:43.802,ZZ DO NOT USE STEEL TURNINGS,FETURN
1404,42,680,16854,33.8,45.0,133.0,code+40.0;desc+20.0;net_wt_over-15.0,571,2026-02-13 13:30:43.802,ZZ DO NOT USE STEEL TURNINGS,FETURN
1404,42,681,16854,33.8,45.0,133.0,code+40.0;desc+20.0;net_wt_over-15.0,450,2026-02-13 13:30:43.802,ZZ DO NOT USE STEEL TURNINGS,FETURN
1404,42,769,16979,33.8,45.0,133.0,code+40.0;desc+20.0;net_wt_over-15.0,1113,2026-02-16 19:18:35.515,ZZ DO NOT USE STEEL TURNINGS,FETURN
1404,42,770,16979,33.8,45.0,133.0,code+40.0;desc+20.0;net_wt_over-15.0,841,2026-02-16 19:18:35.515,ZZ DO NOT USE STEEL TURNINGS,FETURN
1404,42,771,16979,33.8,45.0,133.0,code+40.0;desc+20.0;net_wt_over-15.0,840,2026-02-16 19:18:35.515,ZZ DO NOT USE STEEL TURNINGS,FETURN
1404,42,679,16854,33.8,45.0,133.0,code+40.0;desc+20.0;net_wt_over-15.0,598,2026-02-13 13:30:43.802,ZZ DO NOT USE STEEL TURNINGS,FETURN
1404,42,678,16854,33.8,45.0,133.0,code+40.0;desc+20.0;net_wt_over-15.0,632,2026-02-13 13:30:43.802,ZZ DO NOT USE STEEL TURNINGS,FETURN
1404,42,670,16854,33.8,45.0,133.0,code+40.0;desc+20.0;net_wt_over-15.0,440,2026-02-13 13:30:43.802,ZZ DO NOT USE STEEL TURNINGS,FETURN
1404,42,371,16203,33.8,45.0,133.0,code+40.0;desc+20.0;net_wt_over-15.0,23160,2026-01-21 17:04:48.368,ZZ DO NOT USE STEEL TURNINGS,FETURN
1404,42,668,16854,33.8,45.0,133.0,code+40.0;desc+20.0;net_wt_over-15.0,428,2026-02-13 13:30:43.802,ZZ DO NOT USE STEEL TURNINGS,FETURN
1404,42,667,16854,33.8,45.0,133.0,code+40.0;desc+20.0;net_wt_over-15.0,433,2026-02-13 13:30:43.802,ZZ DO NOT USE STEEL TURNINGS,FETURN
1404,42,664,16844,33.8,45.0,133.0,code+40.0;desc+20.0;net_wt_over-15.0,19900,2026-02-12 19:27:18.227,ZZ DO NOT USE STEEL TURNINGS,FETURN
1404,42,661,16825,33.8,45.0,133.0,code+40.0;desc+20.0;net_wt_over-15.0,27640,2026-02-12 15:55:30.107,ZZ DO NOT USE STEEL TURNINGS,FETURN
1404,42,386,16255,33.8,45.0,133.0,code+40.0;desc+20.0;net_wt_over-15.0,10720,2026-01-22 20:15:17.937,ZZ DO NOT USE STEEL TURNINGS,FETURN
1404,42,441,16352,33.8,45.0,133.0,code+40.0;desc+20.0;net_wt_over-15.0,13460,2026-01-27 19:31:18.524,ZZ DO NOT USE STEEL TURNINGS,FETURN
1404,42,425,16305,33.8,45.0,133.0,code+40.0;desc+20.0;net_wt_over-15.0,2100,2026-01-26 14:31:24.194,ZZ DO NOT USE STEEL TURNINGS,FETURN
1404,42,397,16272,33.8,45.0,133.0,code+40.0;desc+20.0;net_wt_over-15.0,36680,2026-01-23 16:20:07.740,ZZ DO NOT USE STEEL TURNINGS,FETURN
1404,42,396,16394,33.8,45.0,133.0,code+40.0;desc+20.0;net_wt_over-15.0,14660,2026-01-23 13:59:34.224,ZZ DO NOT USE STEEL TURNINGS,FETURN
1404,42,772,16979,33.8,45.0,133.0,code+40.0;desc+20.0;net_wt_over-15.0,804,2026-02-16 19:18:35.515,ZZ DO NOT USE STEEL TURNINGS,FETURN
1395,43,500,16552,90.4,131.03,145.0,code+40.0;desc+20.0;net_wt+40.0;date+25.0;time+6.03,49780,2026-02-03 13:47:08.944,BUSHELING,Indbush
1395,43,535,16539,49.2,71.28,145.0,code+40.0;desc+20.0;net_wt_over-15.0;date+25.0;time+1.28,6460,2026-02-03 18:31:40.911,BUSHELING,Indbush
1395,43,550,16576,48.0,60.0,125.0,code+40.0;desc+20.0;net_wt_over-15.0;date+15.0,0,2026-02-04 19:38:14.126,BUSHELING,Indbush
1395,43,549,16576,47.2,62.82,133.0,code+40.0;desc+20.0;net_wt_over-15.0;date+15.0;price+2.82,36900,2026-02-04 19:38:14.126,BUSHELING,Indbush
1395,43,545,16573,46.6,61.92,133.0,code+40.0;desc+20.0;net_wt_over-15.0;date+15.0;price+1.92,860,2026-02-04 19:16:05.396,BUSHELING,Indbush
1395,43,547,16573,46.6,61.92,133.0,code+40.0;desc+20.0;net_wt_over-15.0;date+15.0;price+1.92,740,2026-02-04 19:16:05.396,BUSHELING,Indbush
1395,43,548,16573,46.6,61.92,133.0,code+40.0;desc+20.0;net_wt_over-15.0;date+15.0;price+1.92,-1404,2026-02-04 19:16:05.396,BUSHELING,Indbush
1395,43,546,16573,46.6,61.92,133.0,code+40.0;desc+20.0;net_wt_over-15.0;date+15.0;price+1.92,820,2026-02-04 19:16:05.396,BUSHELING,Indbush
1395,43,544,16573,46.6,61.92,133.0,code+40.0;desc+20.0;net_wt_over-15.0;date+15.0;price+1.92,1480,2026-02-04 19:16:05.396,BUSHELING,Indbush
1395,43,540,16553,45.1,60.0,133.0,code+40.0;desc+20.0;net_wt_over-15.0;date+15.0,19340,2026-02-04 14:06:13.683,BUSHELING,Indbush
1395,43,487,16493,45.1,60.0,133.0,code+40.0;desc+20.0;net_wt_over-15.0;date+15.0,10872,2026-02-02 17:22:11.214,BUSHELING,Indbush
1395,43,554,16594,39.5,52.5,133.0,code+40.0;desc+20.0;net_wt_over-15.0;date+7.5,22520,2026-02-05 14:33:15.376,BUSHELING,Indbush
1395,43,605,16748,38.2,50.82,133.0,code+40.0;desc+20.0;net_wt_over-15.0;date+3.0;price+2.82,38860,2026-02-10 19:48:47.691,BUSHELING,Indbush
1395,43,598,16719,37.5,49.92,133.0,code+40.0;desc+20.0;net_wt_over-15.0;date+3.0;price+1.92,29600,2026-02-10 14:48:08.968,BUSHELING,Indbush
1395,43,473,16435,36.5,48.58,133.0,code+40.0;desc+20.0;net_wt_over-15.0;date+3.0;price+0.58,17760,2026-01-29 14:07:35.156,BUSHELING,Indbush
1395,43,645,16811,36.3,48.26,133.0,code+40.0;desc+20.0;net_wt_over-15.0;price+3.26,40300,2026-02-11 13:35:29.719,BUSHELING,Indbush
1395,43,444,16357,36.1,48.0,133.0,code+40.0;desc+20.0;net_wt_over-15.0;date+3.0,2367,2026-01-27 20:16:45.152,BUSHELING,Indbush
1395,43,447,16357,36.1,48.0,133.0,code+40.0;desc+20.0;net_wt_over-15.0;date+3.0,1629,2026-01-27 20:16:45.152,BUSHELING,Indbush
1395,43,449,16357,36.1,48.0,133.0,code+40.0;desc+20.0;net_wt_over-15.0;date+3.0,1703,2026-01-27 20:16:45.152,BUSHELING,Indbush
1395,43,450,16357,36.1,48.0,133.0,code+40.0;desc+20.0;net_wt_over-15.0;date+3.0,1942,2026-01-27 20:16:45.152,BUSHELING,Indbush
1395,43,478,16449,36.1,48.0,133.0,code+40.0;desc+20.0;net_wt_over-15.0;date+3.0,38700,2026-01-30 17:06:06.765,BUSHELING,Indbush
1395,43,731,17011,36.0,47.82,133.0,code+40.0;desc+20.0;net_wt_over-15.0;price+2.82,27840,2026-02-16 13:55:32.714,BUSHELING,Indbush
1395,43,332,16161,35.3,46.92,133.0,code+40.0;desc+20.0;net_wt_over-15.0;price+1.92,1000,2026-01-20 16:41:02.590,BUSHELING,Indbush
1395,43,333,16161,35.3,46.92,133.0,code+40.0;desc+20.0;net_wt_over-15.0;price+1.92,820,2026-01-20 16:41:02.590,BUSHELING,Indbush
1395,43,659,16817,35.3,46.92,133.0,code+40.0;desc+20.0;net_wt_over-15.0;price+1.92,-810,2026-02-12 14:39:42.421,BUSHELING,Indbush
1395,43,658,16817,35.3,46.92,133.0,code+40.0;desc+20.0;net_wt_over-15.0;price+1.92,880,2026-02-12 14:39:42.421,BUSHELING,Indbush
1395,43,657,16817,35.3,46.92,133.0,code+40.0;desc+20.0;net_wt_over-15.0;price+1.92,940,2026-02-12 14:39:42.421,BUSHELING,Indbush
1395,43,656,16817,35.3,46.92,133.0,code+40.0;desc+20.0;net_wt_over-15.0;price+1.92,1240,2026-02-12 14:39:42.421,BUSHELING,Indbush
1395,43,334,16161,35.3,46.92,133.0,code+40.0;desc+20.0;net_wt_over-15.0;price+1.92,800,2026-01-20 16:41:02.590,BUSHELING,Indbush
1395,43,423,16303,35.3,46.92,133.0,code+40.0;desc+20.0;net_wt_over-15.0;price+1.92,30608,2026-01-26 14:12:29.468,BUSHELING,Indbush
1395,43,429,16318,35.3,46.92,133.0,code+40.0;desc+20.0;net_wt_over-15.0;price+1.92,720,2026-01-26 19:36:12.950,BUSHELING,Indbush
1395,43,430,16318,35.3,46.92,133.0,code+40.0;desc+20.0;net_wt_over-15.0;price+1.92,660,2026-01-26 19:36:12.950,BUSHELING,Indbush
1395,43,431,16318,35.3,46.92,133.0,code+40.0;desc+20.0;net_wt_over-15.0;price+1.92,620,2026-01-26 19:36:12.950,BUSHELING,Indbush
1395,43,432,16318,35.3,46.92,133.0,code+40.0;desc+20.0;net_wt_over-15.0;price+1.92,-300,2026-01-26 19:36:12.950,BUSHELING,Indbush
1395,43,331,16161,35.3,46.92,133.0,code+40.0;desc+20.0;net_wt_over-15.0;price+1.92,1720,2026-01-20 16:41:02.590,BUSHELING,Indbush
1395,43,337,16185,34.3,45.58,133.0,code+40.0;desc+20.0;net_wt_over-15.0;price+0.58,42600,2026-01-20 20:08:10.435,BUSHELING,Indbush
1395,43,433,16324,34.3,45.58,133.0,code+40.0;desc+20.0;net_wt_over-15.0;price+0.58,47620,2026-01-26 20:19:17.711,BUSHELING,Indbush
1395,43,368,16197,33.8,45.0,133.0,code+40.0;desc+20.0;net_wt_over-15.0,47700,2026-01-21 14:01:05.637,BUSHELING,Indbush
1395,43,644,16810,33.8,45.0,133.0,code+40.0;desc+20.0;net_wt_over-15.0,39540,2026-02-11 13:34:38.799,BUSHELING,Indbush
1395,43,660,16821,33.8,45.0,133.0,code+40.0;desc+20.0;net_wt_over-15.0,19060,2026-02-12 15:33:09.682,BUSHELING,Indbush
1395,43,677,16854,33.8,45.0,133.0,code+40.0;desc+20.0;net_wt_over-15.0,1442,2026-02-13 13:30:43.802,BUSHELING,Indbush
1394,44,499,16551,90.4,131.04,145.0,code+40.0;desc+20.0;net_wt+40.0;date+25.0;time+6.04,30460,2026-02-03 13:45:20.436,STEEL WIRE,STWR
1394,44,472,16434,36.1,48.0,133.0,code+40.0;desc+20.0;net_wt_over-15.0;date+3.0,35920,2026-01-29 14:03:26.750,STEEL WIRE,STWR
1394,44,606,16749,36.1,48.0,133.0,code+40.0;desc+20.0;net_wt_over-15.0;date+3.0,34200,2026-02-10 19:49:37.810,STEEL WIRE,STWR
1394,44,387,16256,33.8,45.0,133.0,code+40.0;desc+20.0;net_wt_over-15.0,23680,2026-01-22 21:03:40.564,STEEL WIRE,STWR
1394,44,388,16257,33.8,45.0,133.0,code+40.0;desc+20.0;net_wt_over-15.0,27380,2026-01-22 21:04:28.232,STEEL WIRE,STWR
1394,44,730,17010,33.8,45.0,133.0,code+40.0;desc+20.0;net_wt_over-15.0,40340,2026-02-16 13:52:00.760,STEEL WIRE,STWR
1394,44,423,16303,0.0,0.0,133.0,code_diff-40.0;net_wt+40.0,30608,2026-01-26 14:12:29.468,BUSHELING,Indbush
1383,45,485,16465,90.4,131.01,145.0,code+40.0;desc+20.0;net_wt+40.0;date+25.0;time+6.01,47060,2026-01-30 20:21:14.855,ZZ DO NOT USE STEEL TURNINGS,FETURN
1383,45,476,16432,55.9,81.09,145.0,code+40.0;desc+20.0;net_wt_over-15.0;date+25.0;time+11.09,18960,2026-01-30 13:27:31.279,ZZ DO NOT USE STEEL TURNINGS,FETURN
1383,45,471,16456,45.1,60.0,133.0,code+40.0;desc+20.0;net_wt_over-15.0;date+15.0,11020,2026-01-29 13:46:26.707,ZZ DO NOT USE STEEL TURNINGS,FETURN
1383,45,441,16352,39.5,52.5,133.0,code+40.0;desc+20.0;net_wt_over-15.0;date+7.5,13460,2026-01-27 19:31:18.524,ZZ DO NOT USE STEEL TURNINGS,FETURN
1383,45,495,16522,39.5,52.5,133.0,code+40.0;desc+20.0;net_wt_over-15.0;date+7.5,13360,2026-02-02 20:05:30.528,ZZ DO NOT USE STEEL TURNINGS,FETURN
1383,45,539,16591,36.1,48.0,133.0,code+40.0;desc+20.0;net_wt_over-15.0;date+3.0,17400,2026-02-04 13:40:08.540,ZZ DO NOT USE STEEL TURNINGS,FETURN
1383,45,396,16394,36.1,48.0,133.0,code+40.0;desc+20.0;net_wt_over-15.0;date+3.0,14660,2026-01-23 13:59:34.224,ZZ DO NOT USE STEEL TURNINGS,FETURN
1383,45,397,16272,36.1,48.0,133.0,code+40.0;desc+20.0;net_wt_over-15.0;date+3.0,36680,2026-01-23 16:20:07.740,ZZ DO NOT USE STEEL TURNINGS,FETURN
1383,45,425,16305,36.1,48.0,133.0,code+40.0;desc+20.0;net_wt_over-15.0;date+3.0,2100,2026-01-26 14:31:24.194,ZZ DO NOT USE STEEL TURNINGS,FETURN
1383,45,559,16621,36.1,48.0,133.0,code+40.0;desc+20.0;net_wt_over-15.0;date+3.0,320,2026-02-06 13:33:30.581,ZZ DO NOT USE STEEL TURNINGS,FETURN
1383,45,538,16590,36.1,48.0,133.0,code+40.0;desc+20.0;net_wt_over-15.0;date+3.0,21020,2026-02-04 13:38:49.752,ZZ DO NOT USE STEEL TURNINGS,FETURN
1383,45,617,16756,33.8,45.0,133.0,code+40.0;desc+20.0;net_wt_over-15.0,759,2026-02-10 20:20:32.699,ZZ DO NOT USE STEEL TURNINGS,FETURN
1383,45,618,16756,33.8,45.0,133.0,code+40.0;desc+20.0;net_wt_over-15.0,759,2026-02-10 20:20:32.699,ZZ DO NOT USE STEEL TURNINGS,FETURN
1383,45,619,16756,33.8,45.0,133.0,code+40.0;desc+20.0;net_wt_over-15.0,820,2026-02-10 20:20:32.699,ZZ DO NOT USE STEEL TURNINGS,FETURN
1383,45,620,16756,33.8,45.0,133.0,code+40.0;desc+20.0;net_wt_over-15.0,820,2026-02-10 20:20:32.699,ZZ DO NOT USE STEEL TURNINGS,FETURN
1383,45,621,16756,33.8,45.0,133.0,code+40.0;desc+20.0;net_wt_over-15.0,1058,2026-02-10 20:20:32.699,ZZ DO NOT USE STEEL TURNINGS,FETURN
1383,45,308,16089,33.8,45.0,133.0,code+40.0;desc+20.0;net_wt_over-15.0,22440,2026-01-16 13:55:43.277,ZZ DO NOT USE STEEL TURNINGS,FETURN
1383,45,615,16756,33.8,45.0,133.0,code+40.0;desc+20.0;net_wt_over-15.0,721,2026-02-10 20:20:32.699,ZZ DO NOT USE STEEL TURNINGS,FETURN
1383,45,622,16756,33.8,45.0,133.0,code+40.0;desc+20.0;net_wt_over-15.0,1110,2026-02-10 20:20:32.699,ZZ DO NOT USE STEEL TURNINGS,FETURN
1383,45,623,16756,33.8,45.0,133.0,code+40.0;desc+20.0;net_wt_over-15.0,1110,2026-02-10 20:20:32.699,ZZ DO NOT USE STEEL TURNINGS,FETURN
1383,45,624,16756,33.8,45.0,133.0,code+40.0;desc+20.0;net_wt_over-15.0,1152,2026-02-10 20:20:32.699,ZZ DO NOT USE STEEL TURNINGS,FETURN
1383,45,625,16756,33.8,45.0,133.0,code+40.0;desc+20.0;net_wt_over-15.0,1152,2026-02-10 20:20:32.699,ZZ DO NOT USE STEEL TURNINGS,FETURN
1383,45,661,16825,33.8,45.0,133.0,code+40.0;desc+20.0;net_wt_over-15.0,27640,2026-02-12 15:55:30.107,ZZ DO NOT USE STEEL TURNINGS,FETURN
1383,45,616,16756,33.8,45.0,133.0,code+40.0;desc+20.0;net_wt_over-15.0,729,2026-02-10 20:20:32.699,ZZ DO NOT USE STEEL TURNINGS,FETURN
1383,45,593,16698,33.8,45.0,133.0,code+40.0;desc+20.0;net_wt_over-15.0,14140,2026-02-09 19:51:32.323,ZZ DO NOT USE STEEL TURNINGS,FETURN
1383,45,614,16756,33.8,45.0,133.0,code+40.0;desc+20.0;net_wt_over-15.0,721,2026-02-10 20:20:32.699,ZZ DO NOT USE STEEL TURNINGS,FETURN
1383,45,613,16756,33.8,45.0,133.0,code+40.0;desc+20.0;net_wt_over-15.0,623,2026-02-10 20:20:32.699,ZZ DO NOT USE STEEL TURNINGS,FETURN
1383,45,612,16756,33.8,45.0,133.0,code+40.0;desc+20.0;net_wt_over-15.0,623,2026-02-10 20:20:32.699,ZZ DO NOT USE STEEL TURNINGS,FETURN
1383,45,607,16750,33.8,45.0,133.0,code+40.0;desc+20.0;net_wt_over-15.0,20980,2026-02-10 19:50:43.781,ZZ DO NOT USE STEEL TURNINGS,FETURN
1383,45,594,16698,33.8,45.0,133.0,code+40.0;desc+20.0;net_wt_over-15.0,7040,2026-02-09 19:51:32.323,ZZ DO NOT USE STEEL TURNINGS,FETURN
1383,45,328,16155,33.8,45.0,133.0,code+40.0;desc+20.0;net_wt_over-15.0,1083,2026-01-20 15:04:32.061,ZZ DO NOT USE STEEL TURNINGS,FETURN
1383,45,581,16712,33.8,45.0,133.0,code+40.0;desc+20.0;net_wt_over-15.0,22600,2026-02-09 13:34:41.885,ZZ DO NOT USE STEEL TURNINGS,FETURN
1383,45,386,16255,33.8,45.0,133.0,code+40.0;desc+20.0;net_wt_over-15.0,10720,2026-01-22 20:15:17.937,ZZ DO NOT USE STEEL TURNINGS,FETURN
1383,45,371,16203,33.8,45.0,133.0,code+40.0;desc+20.0;net_wt_over-15.0,23160,2026-01-21 17:04:48.368,ZZ DO NOT USE STEEL TURNINGS,FETURN
1383,45,335,16170,33.8,45.0,133.0,code+40.0;desc+20.0;net_wt_over-15.0,11860,2026-01-20 18:04:49.108,ZZ DO NOT USE STEEL TURNINGS,FETURN
1383,45,664,16844,33.8,45.0,133.0,code+40.0;desc+20.0;net_wt_over-15.0,19900,2026-02-12 19:27:18.227,ZZ DO NOT USE STEEL TURNINGS,FETURN
1383,45,433,16324,0.0,-4.01,133.0,code_diff-40.0;net_wt+26.2;date+3.0;price+6.79,47620,2026-01-26 20:19:17.711,BUSHELING,Indbush
1383,45,368,16197,0.0,-16.32,133.0,code_diff-40.0;net_wt+22.8;price+0.88,47700,2026-01-21 14:01:05.637,BUSHELING,Indbush
1382,46,476,16432,54.7,79.26,145.0,code+40.0;desc+20.0;net_wt_over-15.0;date+25.0;time+9.26,18960,2026-01-30 13:27:31.279,ZZ DO NOT USE STEEL TURNINGS,FETURN
1382,46,485,16465,49.9,72.37,145.0,code+40.0;desc+20.0;net_wt_over-15.0;date+25.0;time+2.37,47060,2026-01-30 20:21:14.855,ZZ DO NOT USE STEEL TURNINGS,FETURN
1382,46,471,16456,45.1,60.0,133.0,code+40.0;desc+20.0;net_wt_over-15.0;date+15.0,11020,2026-01-29 13:46:26.707,ZZ DO NOT USE STEEL TURNINGS,FETURN
1382,46,441,16352,39.5,52.5,133.0,code+40.0;desc+20.0;net_wt_over-15.0;date+7.5,13460,2026-01-27 19:31:18.524,ZZ DO NOT USE STEEL TURNINGS,FETURN
1382,46,495,16522,39.5,52.5,133.0,code+40.0;desc+20.0;net_wt_over-15.0;date+7.5,13360,2026-02-02 20:05:30.528,ZZ DO NOT USE STEEL TURNINGS,FETURN
1382,46,396,16394,36.1,48.0,133.0,code+40.0;desc+20.0;net_wt_over-15.0;date+3.0,14660,2026-01-23 13:59:34.224,ZZ DO NOT USE STEEL TURNINGS,FETURN
1382,46,397,16272,36.1,48.0,133.0,code+40.0;desc+20.0;net_wt_over-15.0;date+3.0,36680,2026-01-23 16:20:07.740,ZZ DO NOT USE STEEL TURNINGS,FETURN
1382,46,425,16305,36.1,48.0,133.0,code+40.0;desc+20.0;net_wt_over-15.0;date+3.0,2100,2026-01-26 14:31:24.194,ZZ DO NOT USE STEEL TURNINGS,FETURN
1382,46,538,16590,36.1,48.0,133.0,code+40.0;desc+20.0;net_wt_over-15.0;date+3.0,21020,2026-02-04 13:38:49.752,ZZ DO NOT USE STEEL TURNINGS,FETURN
1382,46,539,16591,36.1,48.0,133.0,code+40.0;desc+20.0;net_wt_over-15.0;date+3.0,17400,2026-02-04 13:40:08.540,ZZ DO NOT USE STEEL TURNINGS,FETURN
1382,46,559,16621,36.1,48.0,133.0,code+40.0;desc+20.0;net_wt_over-15.0;date+3.0,320,2026-02-06 13:33:30.581,ZZ DO NOT USE STEEL TURNINGS,FETURN
1382,46,622,16756,33.8,45.0,133.0,code+40.0;desc+20.0;net_wt_over-15.0,1110,2026-02-10 20:20:32.699,ZZ DO NOT USE STEEL TURNINGS,FETURN
1382,46,618,16756,33.8,45.0,133.0,code+40.0;desc+20.0;net_wt_over-15.0,759,2026-02-10 20:20:32.699,ZZ DO NOT USE STEEL TURNINGS,FETURN
1382,46,619,16756,33.8,45.0,133.0,code+40.0;desc+20.0;net_wt_over-15.0,820,2026-02-10 20:20:32.699,ZZ DO NOT USE STEEL TURNINGS,FETURN
1382,46,620,16756,33.8,45.0,133.0,code+40.0;desc+20.0;net_wt_over-15.0,820,2026-02-10 20:20:32.699,ZZ DO NOT USE STEEL TURNINGS,FETURN
1382,46,621,16756,33.8,45.0,133.0,code+40.0;desc+20.0;net_wt_over-15.0,1058,2026-02-10 20:20:32.699,ZZ DO NOT USE STEEL TURNINGS,FETURN
1382,46,308,16089,33.8,45.0,133.0,code+40.0;desc+20.0;net_wt_over-15.0,22440,2026-01-16 13:55:43.277,ZZ DO NOT USE STEEL TURNINGS,FETURN
1382,46,623,16756,33.8,45.0,133.0,code+40.0;desc+20.0;net_wt_over-15.0,1110,2026-02-10 20:20:32.699,ZZ DO NOT USE STEEL TURNINGS,FETURN
1382,46,616,16756,33.8,45.0,133.0,code+40.0;desc+20.0;net_wt_over-15.0,729,2026-02-10 20:20:32.699,ZZ DO NOT USE STEEL TURNINGS,FETURN
1382,46,624,16756,33.8,45.0,133.0,code+40.0;desc+20.0;net_wt_over-15.0,1152,2026-02-10 20:20:32.699,ZZ DO NOT USE STEEL TURNINGS,FETURN
1382,46,625,16756,33.8,45.0,133.0,code+40.0;desc+20.0;net_wt_over-15.0,1152,2026-02-10 20:20:32.699,ZZ DO NOT USE STEEL TURNINGS,FETURN
1382,46,661,16825,33.8,45.0,133.0,code+40.0;desc+20.0;net_wt_over-15.0,27640,2026-02-12 15:55:30.107,ZZ DO NOT USE STEEL TURNINGS,FETURN
1382,46,617,16756,33.8,45.0,133.0,code+40.0;desc+20.0;net_wt_over-15.0,759,2026-02-10 20:20:32.699,ZZ DO NOT USE STEEL TURNINGS,FETURN
1382,46,594,16698,33.8,45.0,133.0,code+40.0;desc+20.0;net_wt_over-15.0,7040,2026-02-09 19:51:32.323,ZZ DO NOT USE STEEL TURNINGS,FETURN
1382,46,615,16756,33.8,45.0,133.0,code+40.0;desc+20.0;net_wt_over-15.0,721,2026-02-10 20:20:32.699,ZZ DO NOT USE STEEL TURNINGS,FETURN
1382,46,614,16756,33.8,45.0,133.0,code+40.0;desc+20.0;net_wt_over-15.0,721,2026-02-10 20:20:32.699,ZZ DO NOT USE STEEL TURNINGS,FETURN
1382,46,613,16756,33.8,45.0,133.0,code+40.0;desc+20.0;net_wt_over-15.0,623,2026-02-10 20:20:32.699,ZZ DO NOT USE STEEL TURNINGS,FETURN
1382,46,612,16756,33.8,45.0,133.0,code+40.0;desc+20.0;net_wt_over-15.0,623,2026-02-10 20:20:32.699,ZZ DO NOT USE STEEL TURNINGS,FETURN
1382,46,607,16750,33.8,45.0,133.0,code+40.0;desc+20.0;net_wt_over-15.0,20980,2026-02-10 19:50:43.781,ZZ DO NOT USE STEEL TURNINGS,FETURN
1382,46,328,16155,33.8,45.0,133.0,code+40.0;desc+20.0;net_wt_over-15.0,1083,2026-01-20 15:04:32.061,ZZ DO NOT USE STEEL TURNINGS,FETURN
1382,46,593,16698,33.8,45.0,133.0,code+40.0;desc+20.0;net_wt_over-15.0,14140,2026-02-09 19:51:32.323,ZZ DO NOT USE STEEL TURNINGS,FETURN
1382,46,581,16712,33.8,45.0,133.0,code+40.0;desc+20.0;net_wt_over-15.0,22600,2026-02-09 13:34:41.885,ZZ DO NOT USE STEEL TURNINGS,FETURN
1382,46,386,16255,33.8,45.0,133.0,code+40.0;desc+20.0;net_wt_over-15.0,10720,2026-01-22 20:15:17.937,ZZ DO NOT USE STEEL TURNINGS,FETURN
1382,46,371,16203,33.8,45.0,133.0,code+40.0;desc+20.0;net_wt_over-15.0,23160,2026-01-21 17:04:48.368,ZZ DO NOT USE STEEL TURNINGS,FETURN
1382,46,335,16170,33.8,45.0,133.0,code+40.0;desc+20.0;net_wt_over-15.0,11860,2026-01-20 18:04:49.108,ZZ DO NOT USE STEEL TURNINGS,FETURN
1382,46,664,16844,33.8,45.0,133.0,code+40.0;desc+20.0;net_wt_over-15.0,19900,2026-02-12 19:27:18.227,ZZ DO NOT USE STEEL TURNINGS,FETURN
1387,47,476,16432,90.6,131.34,145.0,code+40.0;desc+20.0;net_wt+40.0;date+25.0;time+6.34,18960,2026-01-30 13:27:31.279,ZZ DO NOT USE STEEL TURNINGS,FETURN
1387,47,485,16465,48.3,70.0,145.0,code+40.0;desc+20.0;net_wt_over-15.0;date+25.0,47060,2026-01-30 20:21:14.855,ZZ DO NOT USE STEEL TURNINGS,FETURN
1387,47,471,16456,45.1,60.0,133.0,code+40.0;desc+20.0;net_wt_over-15.0;date+15.0,11020,2026-01-29 13:46:26.707,ZZ DO NOT USE STEEL TURNINGS,FETURN
1387,47,495,16522,39.5,52.5,133.0,code+40.0;desc+20.0;net_wt_over-15.0;date+7.5,13360,2026-02-02 20:05:30.528,ZZ DO NOT USE STEEL TURNINGS,FETURN
1387,47,441,16352,39.5,52.5,133.0,code+40.0;desc+20.0;net_wt_over-15.0;date+7.5,13460,2026-01-27 19:31:18.524,ZZ DO NOT USE STEEL TURNINGS,FETURN
1387,47,396,16394,36.1,48.0,133.0,code+40.0;desc+20.0;net_wt_over-15.0;date+3.0,14660,2026-01-23 13:59:34.224,ZZ DO NOT USE STEEL TURNINGS,FETURN
1387,47,397,16272,36.1,48.0,133.0,code+40.0;desc+20.0;net_wt_over-15.0;date+3.0,36680,2026-01-23 16:20:07.740,ZZ DO NOT USE STEEL TURNINGS,FETURN
1387,47,425,16305,36.1,48.0,133.0,code+40.0;desc+20.0;net_wt_over-15.0;date+3.0,2100,2026-01-26 14:31:24.194,ZZ DO NOT USE STEEL TURNINGS,FETURN
1387,47,538,16590,36.1,48.0,133.0,code+40.0;desc+20.0;net_wt_over-15.0;date+3.0,21020,2026-02-04 13:38:49.752,ZZ DO NOT USE STEEL TURNINGS,FETURN
1387,47,539,16591,36.1,48.0,133.0,code+40.0;desc+20.0;net_wt_over-15.0;date+3.0,17400,2026-02-04 13:40:08.540,ZZ DO NOT USE STEEL TURNINGS,FETURN
1387,47,559,16621,36.1,48.0,133.0,code+40.0;desc+20.0;net_wt_over-15.0;date+3.0,320,2026-02-06 13:33:30.581,ZZ DO NOT USE STEEL TURNINGS,FETURN
1387,47,622,16756,33.8,45.0,133.0,code+40.0;desc+20.0;net_wt_over-15.0,1110,2026-02-10 20:20:32.699,ZZ DO NOT USE STEEL TURNINGS,FETURN
1387,47,619,16756,33.8,45.0,133.0,code+40.0;desc+20.0;net_wt_over-15.0,820,2026-02-10 20:20:32.699,ZZ DO NOT USE STEEL TURNINGS,FETURN
1387,47,618,16756,33.8,45.0,133.0,code+40.0;desc+20.0;net_wt_over-15.0,759,2026-02-10 20:20:32.699,ZZ DO NOT USE STEEL TURNINGS,FETURN
1387,47,617,16756,33.8,45.0,133.0,code+40.0;desc+20.0;net_wt_over-15.0,759,2026-02-10 20:20:32.699,ZZ DO NOT USE STEEL TURNINGS,FETURN
1387,47,620,16756,33.8,45.0,133.0,code+40.0;desc+20.0;net_wt_over-15.0,820,2026-02-10 20:20:32.699,ZZ DO NOT USE STEEL TURNINGS,FETURN
1387,47,621,16756,33.8,45.0,133.0,code+40.0;desc+20.0;net_wt_over-15.0,1058,2026-02-10 20:20:32.699,ZZ DO NOT USE STEEL TURNINGS,FETURN
1387,47,308,16089,33.8,45.0,133.0,code+40.0;desc+20.0;net_wt_over-15.0,22440,2026-01-16 13:55:43.277,ZZ DO NOT USE STEEL TURNINGS,FETURN
1387,47,623,16756,33.8,45.0,133.0,code+40.0;desc+20.0;net_wt_over-15.0,1110,2026-02-10 20:20:32.699,ZZ DO NOT USE STEEL TURNINGS,FETURN
1387,47,615,16756,33.8,45.0,133.0,code+40.0;desc+20.0;net_wt_over-15.0,721,2026-02-10 20:20:32.699,ZZ DO NOT USE STEEL TURNINGS,FETURN
1387,47,624,16756,33.8,45.0,133.0,code+40.0;desc+20.0;net_wt_over-15.0,1152,2026-02-10 20:20:32.699,ZZ DO NOT USE STEEL TURNINGS,FETURN
1387,47,625,16756,33.8,45.0,133.0,code+40.0;desc+20.0;net_wt_over-15.0,1152,2026-02-10 20:20:32.699,ZZ DO NOT USE STEEL TURNINGS,FETURN
1387,47,661,16825,33.8,45.0,133.0,code+40.0;desc+20.0;net_wt_over-15.0,27640,2026-02-12 15:55:30.107,ZZ DO NOT USE STEEL TURNINGS,FETURN
1387,47,616,16756,33.8,45.0,133.0,code+40.0;desc+20.0;net_wt_over-15.0,729,2026-02-10 20:20:32.699,ZZ DO NOT USE STEEL TURNINGS,FETURN
1387,47,594,16698,33.8,45.0,133.0,code+40.0;desc+20.0;net_wt_over-15.0,7040,2026-02-09 19:51:32.323,ZZ DO NOT USE STEEL TURNINGS,FETURN
1387,47,614,16756,33.8,45.0,133.0,code+40.0;desc+20.0;net_wt_over-15.0,721,2026-02-10 20:20:32.699,ZZ DO NOT USE STEEL TURNINGS,FETURN
1387,47,613,16756,33.8,45.0,133.0,code+40.0;desc+20.0;net_wt_over-15.0,623,2026-02-10 20:20:32.699,ZZ DO NOT USE STEEL TURNINGS,FETURN
1387,47,612,16756,33.8,45.0,133.0,code+40.0;desc+20.0;net_wt_over-15.0,623,2026-02-10 20:20:32.699,ZZ DO NOT USE STEEL TURNINGS,FETURN
1387,47,607,16750,33.8,45.0,133.0,code+40.0;desc+20.0;net_wt_over-15.0,20980,2026-02-10 19:50:43.781,ZZ DO NOT USE STEEL TURNINGS,FETURN
1387,47,328,16155,33.8,45.0,133.0,code+40.0;desc+20.0;net_wt_over-15.0,1083,2026-01-20 15:04:32.061,ZZ DO NOT USE STEEL TURNINGS,FETURN
1387,47,593,16698,33.8,45.0,133.0,code+40.0;desc+20.0;net_wt_over-15.0,14140,2026-02-09 19:51:32.323,ZZ DO NOT USE STEEL TURNINGS,FETURN
1387,47,581,16712,33.8,45.0,133.0,code+40.0;desc+20.0;net_wt_over-15.0,22600,2026-02-09 13:34:41.885,ZZ DO NOT USE STEEL TURNINGS,FETURN
1387,47,386,16255,33.8,45.0,133.0,code+40.0;desc+20.0;net_wt_over-15.0,10720,2026-01-22 20:15:17.937,ZZ DO NOT USE STEEL TURNINGS,FETURN
1387,47,371,16203,33.8,45.0,133.0,code+40.0;desc+20.0;net_wt_over-15.0,23160,2026-01-21 17:04:48.368,ZZ DO NOT USE STEEL TURNINGS,FETURN
1387,47,335,16170,33.8,45.0,133.0,code+40.0;desc+20.0;net_wt_over-15.0,11860,2026-01-20 18:04:49.108,ZZ DO NOT USE STEEL TURNINGS,FETURN
1387,47,664,16844,33.8,45.0,133.0,code+40.0;desc+20.0;net_wt_over-15.0,19900,2026-02-12 19:27:18.227,ZZ DO NOT USE STEEL TURNINGS,FETURN
1387,47,660,16821,1.2,1.53,133.0,code_diff-40.0;net_wt+39.45;price+2.08,19060,2026-02-12 15:33:09.682,BUSHELING,Indbush
1387,47,540,16553,0.0,-22.1,133.0,code_diff-40.0;net_wt+9.92;date+3.0;price+4.98,19340,2026-02-04 14:06:13.683,BUSHELING,Indbush
1386,48,471,16456,86.5,115.0,133.0,code+40.0;desc+20.0;net_wt+40.0;date+15.0,11020,2026-01-29 13:46:26.707,ZZ DO NOT USE STEEL TURNINGS,FETURN
1386,48,476,16432,52.6,76.33,145.0,code+40.0;desc+20.0;net_wt_over-15.0;date+25.0;time+6.33,18960,2026-01-30 13:27:31.279,ZZ DO NOT USE STEEL TURNINGS,FETURN
1386,48,485,16465,48.3,70.0,145.0,code+40.0;desc+20.0;net_wt_over-15.0;date+25.0,47060,2026-01-30 20:21:14.855,ZZ DO NOT USE STEEL TURNINGS,FETURN
1386,48,441,16352,39.5,52.5,133.0,code+40.0;desc+20.0;net_wt_over-15.0;date+7.5,13460,2026-01-27 19:31:18.524,ZZ DO NOT USE STEEL TURNINGS,FETURN
1386,48,495,16522,39.5,52.5,133.0,code+40.0;desc+20.0;net_wt_over-15.0;date+7.5,13360,2026-02-02 20:05:30.528,ZZ DO NOT USE STEEL TURNINGS,FETURN
1386,48,539,16591,36.1,48.0,133.0,code+40.0;desc+20.0;net_wt_over-15.0;date+3.0,17400,2026-02-04 13:40:08.540,ZZ DO NOT USE STEEL TURNINGS,FETURN
1386,48,538,16590,36.1,48.0,133.0,code+40.0;desc+20.0;net_wt_over-15.0;date+3.0,21020,2026-02-04 13:38:49.752,ZZ DO NOT USE STEEL TURNINGS,FETURN
1386,48,559,16621,36.1,48.0,133.0,code+40.0;desc+20.0;net_wt_over-15.0;date+3.0,320,2026-02-06 13:33:30.581,ZZ DO NOT USE STEEL TURNINGS,FETURN
1386,48,425,16305,36.1,48.0,133.0,code+40.0;desc+20.0;net_wt_over-15.0;date+3.0,2100,2026-01-26 14:31:24.194,ZZ DO NOT USE STEEL TURNINGS,FETURN
1386,48,397,16272,36.1,48.0,133.0,code+40.0;desc+20.0;net_wt_over-15.0;date+3.0,36680,2026-01-23 16:20:07.740,ZZ DO NOT USE STEEL TURNINGS,FETURN
1386,48,396,16394,36.1,48.0,133.0,code+40.0;desc+20.0;net_wt_over-15.0;date+3.0,14660,2026-01-23 13:59:34.224,ZZ DO NOT USE STEEL TURNINGS,FETURN
1386,48,621,16756,33.8,45.0,133.0,code+40.0;desc+20.0;net_wt_over-15.0,1058,2026-02-10 20:20:32.699,ZZ DO NOT USE STEEL TURNINGS,FETURN
1386,48,620,16756,33.8,45.0,133.0,code+40.0;desc+20.0;net_wt_over-15.0,820,2026-02-10 20:20:32.699,ZZ DO NOT USE STEEL TURNINGS,FETURN
1386,48,619,16756,33.8,45.0,133.0,code+40.0;desc+20.0;net_wt_over-15.0,820,2026-02-10 20:20:32.699,ZZ DO NOT USE STEEL TURNINGS,FETURN
1386,48,618,16756,33.8,45.0,133.0,code+40.0;desc+20.0;net_wt_over-15.0,759,2026-02-10 20:20:32.699,ZZ DO NOT USE STEEL TURNINGS,FETURN
1386,48,617,16756,33.8,45.0,133.0,code+40.0;desc+20.0;net_wt_over-15.0,759,2026-02-10 20:20:32.699,ZZ DO NOT USE STEEL TURNINGS,FETURN
1386,48,308,16089,33.8,45.0,133.0,code+40.0;desc+20.0;net_wt_over-15.0,22440,2026-01-16 13:55:43.277,ZZ DO NOT USE STEEL TURNINGS,FETURN
1386,48,623,16756,33.8,45.0,133.0,code+40.0;desc+20.0;net_wt_over-15.0,1110,2026-02-10 20:20:32.699,ZZ DO NOT USE STEEL TURNINGS,FETURN
1386,48,622,16756,33.8,45.0,133.0,code+40.0;desc+20.0;net_wt_over-15.0,1110,2026-02-10 20:20:32.699,ZZ DO NOT USE STEEL TURNINGS,FETURN
1386,48,615,16756,33.8,45.0,133.0,code+40.0;desc+20.0;net_wt_over-15.0,721,2026-02-10 20:20:32.699,ZZ DO NOT USE STEEL TURNINGS,FETURN
1386,48,624,16756,33.8,45.0,133.0,code+40.0;desc+20.0;net_wt_over-15.0,1152,2026-02-10 20:20:32.699,ZZ DO NOT USE STEEL TURNINGS,FETURN
1386,48,625,16756,33.8,45.0,133.0,code+40.0;desc+20.0;net_wt_over-15.0,1152,2026-02-10 20:20:32.699,ZZ DO NOT USE STEEL TURNINGS,FETURN
1386,48,661,16825,33.8,45.0,133.0,code+40.0;desc+20.0;net_wt_over-15.0,27640,2026-02-12 15:55:30.107,ZZ DO NOT USE STEEL TURNINGS,FETURN
1386,48,616,16756,33.8,45.0,133.0,code+40.0;desc+20.0;net_wt_over-15.0,729,2026-02-10 20:20:32.699,ZZ DO NOT USE STEEL TURNINGS,FETURN
1386,48,593,16698,33.8,45.0,133.0,code+40.0;desc+20.0;net_wt_over-15.0,14140,2026-02-09 19:51:32.323,ZZ DO NOT USE STEEL TURNINGS,FETURN
1386,48,614,16756,33.8,45.0,133.0,code+40.0;desc+20.0;net_wt_over-15.0,721,2026-02-10 20:20:32.699,ZZ DO NOT USE STEEL TURNINGS,FETURN
1386,48,613,16756,33.8,45.0,133.0,code+40.0;desc+20.0;net_wt_over-15.0,623,2026-02-10 20:20:32.699,ZZ DO NOT USE STEEL TURNINGS,FETURN
1386,48,612,16756,33.8,45.0,133.0,code+40.0;desc+20.0;net_wt_over-15.0,623,2026-02-10 20:20:32.699,ZZ DO NOT USE STEEL TURNINGS,FETURN
1386,48,607,16750,33.8,45.0,133.0,code+40.0;desc+20.0;net_wt_over-15.0,20980,2026-02-10 19:50:43.781,ZZ DO NOT USE STEEL TURNINGS,FETURN
1386,48,594,16698,33.8,45.0,133.0,code+40.0;desc+20.0;net_wt_over-15.0,7040,2026-02-09 19:51:32.323,ZZ DO NOT USE STEEL TURNINGS,FETURN
1386,48,328,16155,33.8,45.0,133.0,code+40.0;desc+20.0;net_wt_over-15.0,1083,2026-01-20 15:04:32.061,ZZ DO NOT USE STEEL TURNINGS,FETURN
1386,48,581,16712,33.8,45.0,133.0,code+40.0;desc+20.0;net_wt_over-15.0,22600,2026-02-09 13:34:41.885,ZZ DO NOT USE STEEL TURNINGS,FETURN
1386,48,386,16255,33.8,45.0,133.0,code+40.0;desc+20.0;net_wt_over-15.0,10720,2026-01-22 20:15:17.937,ZZ DO NOT USE STEEL TURNINGS,FETURN
1386,48,371,16203,33.8,45.0,133.0,code+40.0;desc+20.0;net_wt_over-15.0,23160,2026-01-21 17:04:48.368,ZZ DO NOT USE STEEL TURNINGS,FETURN
1386,48,335,16170,33.8,45.0,133.0,code+40.0;desc+20.0;net_wt_over-15.0,11860,2026-01-20 18:04:49.108,ZZ DO NOT USE STEEL TURNINGS,FETURN
1386,48,664,16844,33.8,45.0,133.0,code+40.0;desc+20.0;net_wt_over-15.0,19900,2026-02-12 19:27:18.227,ZZ DO NOT USE STEEL TURNINGS,FETURN
1386,48,487,16493,0.0,-8.48,133.0,code_diff-40.0;net_wt+23.14;date+7.5;price+0.88,10872,2026-02-02 17:22:11.214,BUSHELING,Indbush
1380,49,473,16435,90.8,131.71,145.0,code+40.0;desc+20.0;net_wt+40.0;date+25.0;time+6.13;price+0.58,17760,2026-01-29 14:07:35.156,BUSHELING,Indbush
1380,49,478,16449,45.1,60.0,133.0,code+40.0;desc+20.0;net_wt_over-15.0;date+15.0,38700,2026-01-30 17:06:06.765,BUSHELING,Indbush
1380,49,423,16303,40.9,54.42,133.0,code+40.0;desc+20.0;net_wt_over-15.0;date+7.5;price+1.92,30608,2026-01-26 14:12:29.468,BUSHELING,Indbush
1380,49,432,16318,40.9,54.42,133.0,code+40.0;desc+20.0;net_wt_over-15.0;date+7.5;price+1.92,-300,2026-01-26 19:36:12.950,BUSHELING,Indbush
1380,49,431,16318,40.9,54.42,133.0,code+40.0;desc+20.0;net_wt_over-15.0;date+7.5;price+1.92,620,2026-01-26 19:36:12.950,BUSHELING,Indbush
1380,49,429,16318,40.9,54.42,133.0,code+40.0;desc+20.0;net_wt_over-15.0;date+7.5;price+1.92,720,2026-01-26 19:36:12.950,BUSHELING,Indbush
1380,49,430,16318,40.9,54.42,133.0,code+40.0;desc+20.0;net_wt_over-15.0;date+7.5;price+1.92,660,2026-01-26 19:36:12.950,BUSHELING,Indbush
1380,49,433,16324,39.9,53.08,133.0,code+40.0;desc+20.0;net_wt_over-15.0;date+7.5;price+0.58,47620,2026-01-26 20:19:17.711,BUSHELING,Indbush
1380,49,444,16357,39.5,52.5,133.0,code+40.0;desc+20.0;net_wt_over-15.0;date+7.5,2367,2026-01-27 20:16:45.152,BUSHELING,Indbush
1380,49,447,16357,39.5,52.5,133.0,code+40.0;desc+20.0;net_wt_over-15.0;date+7.5,1629,2026-01-27 20:16:45.152,BUSHELING,Indbush
1380,49,449,16357,39.5,52.5,133.0,code+40.0;desc+20.0;net_wt_over-15.0;date+7.5,1703,2026-01-27 20:16:45.152,BUSHELING,Indbush
1380,49,450,16357,39.5,52.5,133.0,code+40.0;desc+20.0;net_wt_over-15.0;date+7.5,1942,2026-01-27 20:16:45.152,BUSHELING,Indbush
1380,49,550,16576,38.4,48.0,125.0,code+40.0;desc+20.0;net_wt_over-15.0;date+3.0,0,2026-02-04 19:38:14.126,BUSHELING,Indbush
1380,49,549,16576,38.2,50.82,133.0,code+40.0;desc+20.0;net_wt_over-15.0;date+3.0;price+2.82,36900,2026-02-04 19:38:14.126,BUSHELING,Indbush
1380,49,546,16573,37.5,49.92,133.0,code+40.0;desc+20.0;net_wt_over-15.0;date+3.0;price+1.92,820,2026-02-04 19:16:05.396,BUSHELING,Indbush
1380,49,547,16573,37.5,49.92,133.0,code+40.0;desc+20.0;net_wt_over-15.0;date+3.0;price+1.92,740,2026-02-04 19:16:05.396,BUSHELING,Indbush
1380,49,544,16573,37.5,49.92,133.0,code+40.0;desc+20.0;net_wt_over-15.0;date+3.0;price+1.92,1480,2026-02-04 19:16:05.396,BUSHELING,Indbush
1380,49,548,16573,37.5,49.92,133.0,code+40.0;desc+20.0;net_wt_over-15.0;date+3.0;price+1.92,-1404,2026-02-04 19:16:05.396,BUSHELING,Indbush
1380,49,545,16573,37.5,49.92,133.0,code+40.0;desc+20.0;net_wt_over-15.0;date+3.0;price+1.92,860,2026-02-04 19:16:05.396,BUSHELING,Indbush
1380,49,645,16811,36.3,48.26,133.0,code+40.0;desc+20.0;net_wt_over-15.0;price+3.26,40300,2026-02-11 13:35:29.719,BUSHELING,Indbush
1380,49,500,16552,36.1,48.0,133.0,code+40.0;desc+20.0;net_wt_over-15.0;date+3.0,49780,2026-02-03 13:47:08.944,BUSHELING,Indbush
1380,49,535,16539,36.1,48.0,133.0,code+40.0;desc+20.0;net_wt_over-15.0;date+3.0,6460,2026-02-03 18:31:40.911,BUSHELING,Indbush
1380,49,540,16553,36.1,48.0,133.0,code+40.0;desc+20.0;net_wt_over-15.0;date+3.0,19340,2026-02-04 14:06:13.683,BUSHELING,Indbush
1380,49,487,16493,36.1,48.0,133.0,code+40.0;desc+20.0;net_wt_over-15.0;date+3.0,10872,2026-02-02 17:22:11.214,BUSHELING,Indbush
1380,49,554,16594,36.1,48.0,133.0,code+40.0;desc+20.0;net_wt_over-15.0;date+3.0,22520,2026-02-05 14:33:15.376,BUSHELING,Indbush
1380,49,605,16748,36.0,47.82,133.0,code+40.0;desc+20.0;net_wt_over-15.0;price+2.82,38860,2026-02-10 19:48:47.691,BUSHELING,Indbush
1380,49,331,16161,35.3,46.92,133.0,code+40.0;desc+20.0;net_wt_over-15.0;price+1.92,1720,2026-01-20 16:41:02.590,BUSHELING,Indbush
1380,49,334,16161,35.3,46.92,133.0,code+40.0;desc+20.0;net_wt_over-15.0;price+1.92,800,2026-01-20 16:41:02.590,BUSHELING,Indbush
1380,49,333,16161,35.3,46.92,133.0,code+40.0;desc+20.0;net_wt_over-15.0;price+1.92,820,2026-01-20 16:41:02.590,BUSHELING,Indbush
1380,49,332,16161,35.3,46.92,133.0,code+40.0;desc+20.0;net_wt_over-15.0;price+1.92,1000,2026-01-20 16:41:02.590,BUSHELING,Indbush
1380,49,598,16719,35.3,46.92,133.0,code+40.0;desc+20.0;net_wt_over-15.0;price+1.92,29600,2026-02-10 14:48:08.968,BUSHELING,Indbush
1380,49,337,16185,34.3,45.58,133.0,code+40.0;desc+20.0;net_wt_over-15.0;price+0.58,42600,2026-01-20 20:08:10.435,BUSHELING,Indbush
1380,49,368,16197,33.8,45.0,133.0,code+40.0;desc+20.0;net_wt_over-15.0,47700,2026-01-21 14:01:05.637,BUSHELING,Indbush
1380,49,644,16810,33.8,45.0,133.0,code+40.0;desc+20.0;net_wt_over-15.0,39540,2026-02-11 13:34:38.799,BUSHELING,Indbush
1380,49,307,16073,33.8,45.0,133.0,code+40.0;desc+20.0;net_wt_over-15.0,21264,2026-01-15 17:24:07.056,BUSHELING,Indbush
1380,49,539,16591,0.0,-27.54,133.0,code_diff-40.0;net_wt+9.46;date+3.0,17400,2026-02-04 13:40:08.540,ZZ DO NOT USE STEEL TURNINGS,FETURN
1379,50,472,16434,90.5,131.18,145.0,code+40.0;desc+20.0;net_wt+40.0;date+25.0;time+6.18,35920,2026-01-29 14:03:26.750,STEEL WIRE,STWR
1379,50,387,16256,36.1,48.0,133.0,code+40.0;desc+20.0;net_wt_over-15.0;date+3.0,23680,2026-01-22 21:03:40.564,STEEL WIRE,STWR
1379,50,388,16257,36.1,48.0,133.0,code+40.0;desc+20.0;net_wt_over-15.0;date+3.0,27380,2026-01-22 21:04:28.232,STEEL WIRE,STWR
1379,50,499,16551,36.1,48.0,133.0,code+40.0;desc+20.0;net_wt_over-15.0;date+3.0,30460,2026-02-03 13:45:20.436,STEEL WIRE,STWR
1379,50,304,16088,33.8,45.0,133.0,code+40.0;desc+20.0;net_wt_over-15.0,25760,2026-01-15 14:04:25.604,STEEL WIRE,STWR
1379,50,606,16749,33.8,45.0,133.0,code+40.0;desc+20.0;net_wt_over-15.0,34200,2026-02-10 19:49:37.810,STEEL WIRE,STWR
1379,50,397,16272,0.0,-29.32,133.0,code_diff-40.0;net_wt+7.68;date+3.0,36680,2026-01-23 16:20:07.740,ZZ DO NOT USE STEEL TURNINGS,FETURN
1379,50,486,16491,0.0,-23.75,133.0,code_diff-40.0;net_wt+13.25;date+3.0,36580,2026-02-02 16:08:33.736,HEAVY MELT,INDHVYM
1378,51,471,16456,52.4,76.0,145.0,code+40.0;desc+20.0;net_wt_over-15.0;date+25.0;time+6.0,11020,2026-01-29 13:46:26.707,ZZ DO NOT USE STEEL TURNINGS,FETURN
1378,51,485,16465,45.1,60.0,133.0,code+40.0;desc+20.0;net_wt_over-15.0;date+15.0,47060,2026-01-30 20:21:14.855,ZZ DO NOT USE STEEL TURNINGS,FETURN
1378,51,476,16432,45.1,60.0,133.0,code+40.0;desc+20.0;net_wt_over-15.0;date+15.0,18960,2026-01-30 13:27:31.279,ZZ DO NOT USE STEEL TURNINGS,FETURN
1378,51,425,16305,39.5,52.5,133.0,code+40.0;desc+20.0;net_wt_over-15.0;date+7.5,2100,2026-01-26 14:31:24.194,ZZ DO NOT USE STEEL TURNINGS,FETURN
1378,51,441,16352,39.5,52.5,133.0,code+40.0;desc+20.0;net_wt_over-15.0;date+7.5,13460,2026-01-27 19:31:18.524,ZZ DO NOT USE STEEL TURNINGS,FETURN
1378,51,386,16255,36.1,48.0,133.0,code+40.0;desc+20.0;net_wt_over-15.0;date+3.0,10720,2026-01-22 20:15:17.937,ZZ DO NOT USE STEEL TURNINGS,FETURN
1378,51,396,16394,36.1,48.0,133.0,code+40.0;desc+20.0;net_wt_over-15.0;date+3.0,14660,2026-01-23 13:59:34.224,ZZ DO NOT USE STEEL TURNINGS,FETURN
1378,51,397,16272,36.1,48.0,133.0,code+40.0;desc+20.0;net_wt_over-15.0;date+3.0,36680,2026-01-23 16:20:07.740,ZZ DO NOT USE STEEL TURNINGS,FETURN
1378,51,495,16522,36.1,48.0,133.0,code+40.0;desc+20.0;net_wt_over-15.0;date+3.0,13360,2026-02-02 20:05:30.528,ZZ DO NOT USE STEEL TURNINGS,FETURN
1378,51,538,16590,36.1,48.0,133.0,code+40.0;desc+20.0;net_wt_over-15.0;date+3.0,21020,2026-02-04 13:38:49.752,ZZ DO NOT USE STEEL TURNINGS,FETURN
1378,51,539,16591,36.1,48.0,133.0,code+40.0;desc+20.0;net_wt_over-15.0;date+3.0,17400,2026-02-04 13:40:08.540,ZZ DO NOT USE STEEL TURNINGS,FETURN
1378,51,620,16756,33.8,45.0,133.0,code+40.0;desc+20.0;net_wt_over-15.0,820,2026-02-10 20:20:32.699,ZZ DO NOT USE STEEL TURNINGS,FETURN
1378,51,616,16756,33.8,45.0,133.0,code+40.0;desc+20.0;net_wt_over-15.0,729,2026-02-10 20:20:32.699,ZZ DO NOT USE STEEL TURNINGS,FETURN
1378,51,617,16756,33.8,45.0,133.0,code+40.0;desc+20.0;net_wt_over-15.0,759,2026-02-10 20:20:32.699,ZZ DO NOT USE STEEL TURNINGS,FETURN
1378,51,618,16756,33.8,45.0,133.0,code+40.0;desc+20.0;net_wt_over-15.0,759,2026-02-10 20:20:32.699,ZZ DO NOT USE STEEL TURNINGS,FETURN
1378,51,619,16756,33.8,45.0,133.0,code+40.0;desc+20.0;net_wt_over-15.0,820,2026-02-10 20:20:32.699,ZZ DO NOT USE STEEL TURNINGS,FETURN
1378,51,308,16089,33.8,45.0,133.0,code+40.0;desc+20.0;net_wt_over-15.0,22440,2026-01-16 13:55:43.277,ZZ DO NOT USE STEEL TURNINGS,FETURN
1378,51,621,16756,33.8,45.0,133.0,code+40.0;desc+20.0;net_wt_over-15.0,1058,2026-02-10 20:20:32.699,ZZ DO NOT USE STEEL TURNINGS,FETURN
1378,51,622,16756,33.8,45.0,133.0,code+40.0;desc+20.0;net_wt_over-15.0,1110,2026-02-10 20:20:32.699,ZZ DO NOT USE STEEL TURNINGS,FETURN
1378,51,614,16756,33.8,45.0,133.0,code+40.0;desc+20.0;net_wt_over-15.0,721,2026-02-10 20:20:32.699,ZZ DO NOT USE STEEL TURNINGS,FETURN
1378,51,623,16756,33.8,45.0,133.0,code+40.0;desc+20.0;net_wt_over-15.0,1110,2026-02-10 20:20:32.699,ZZ DO NOT USE STEEL TURNINGS,FETURN
1378,51,624,16756,33.8,45.0,133.0,code+40.0;desc+20.0;net_wt_over-15.0,1152,2026-02-10 20:20:32.699,ZZ DO NOT USE STEEL TURNINGS,FETURN
1378,51,615,16756,33.8,45.0,133.0,code+40.0;desc+20.0;net_wt_over-15.0,721,2026-02-10 20:20:32.699,ZZ DO NOT USE STEEL TURNINGS,FETURN
1378,51,581,16712,33.8,45.0,133.0,code+40.0;desc+20.0;net_wt_over-15.0,22600,2026-02-09 13:34:41.885,ZZ DO NOT USE STEEL TURNINGS,FETURN
1378,51,613,16756,33.8,45.0,133.0,code+40.0;desc+20.0;net_wt_over-15.0,623,2026-02-10 20:20:32.699,ZZ DO NOT USE STEEL TURNINGS,FETURN
1378,51,612,16756,33.8,45.0,133.0,code+40.0;desc+20.0;net_wt_over-15.0,623,2026-02-10 20:20:32.699,ZZ DO NOT USE STEEL TURNINGS,FETURN
1378,51,607,16750,33.8,45.0,133.0,code+40.0;desc+20.0;net_wt_over-15.0,20980,2026-02-10 19:50:43.781,ZZ DO NOT USE STEEL TURNINGS,FETURN
1378,51,594,16698,33.8,45.0,133.0,code+40.0;desc+20.0;net_wt_over-15.0,7040,2026-02-09 19:51:32.323,ZZ DO NOT USE STEEL TURNINGS,FETURN
1378,51,593,16698,33.8,45.0,133.0,code+40.0;desc+20.0;net_wt_over-15.0,14140,2026-02-09 19:51:32.323,ZZ DO NOT USE STEEL TURNINGS,FETURN
1378,51,328,16155,33.8,45.0,133.0,code+40.0;desc+20.0;net_wt_over-15.0,1083,2026-01-20 15:04:32.061,ZZ DO NOT USE STEEL TURNINGS,FETURN
1378,51,559,16621,33.8,45.0,133.0,code+40.0;desc+20.0;net_wt_over-15.0,320,2026-02-06 13:33:30.581,ZZ DO NOT USE STEEL TURNINGS,FETURN
1378,51,371,16203,33.8,45.0,133.0,code+40.0;desc+20.0;net_wt_over-15.0,23160,2026-01-21 17:04:48.368,ZZ DO NOT USE STEEL TURNINGS,FETURN
1378,51,335,16170,33.8,45.0,133.0,code+40.0;desc+20.0;net_wt_over-15.0,11860,2026-01-20 18:04:49.108,ZZ DO NOT USE STEEL TURNINGS,FETURN
1378,51,625,16756,33.8,45.0,133.0,code+40.0;desc+20.0;net_wt_over-15.0,1152,2026-02-10 20:20:32.699,ZZ DO NOT USE STEEL TURNINGS,FETURN
1378,51,500,16552,0.0,-20.53,133.0,code_diff-40.0;net_wt+9.07;date+3.0;price+7.4,49780,2026-02-03 13:47:08.944,BUSHELING,Indbush
1375,52,460,16387,90.4,131.01,145.0,code+40.0;desc+20.0;net_wt+40.0;date+25.0;time+6.01,23980,2026-01-28 20:07:54.586,STEEL BANDING (FE),STBD
1375,52,321,16129,33.8,45.0,133.0,code+40.0;desc+20.0;net_wt_over-15.0,20040,2026-01-19 14:01:12.731,STEEL BANDING (FE),STBD
1375,52,387,16256,0.0,-12.02,133.0,code_diff-40.0;net_wt+24.98;date+3.0,23680,2026-01-22 21:03:40.564,STEEL WIRE,STWR
1375,52,580,16646,0.0,0.0,133.0,code_diff-40.0;net_wt+40.0,23920,2026-02-06 19:28:34.499,304 STAINLESS SOLIDS,NISS300
1377,53,456,16365,54.4,78.9,145.0,code+40.0;desc+20.0;net_wt_over-15.0;date+25.0;time+8.9,897,2026-01-28 14:51:39.399,SHEET IRON,SHIRST
1377,53,457,16376,51.9,75.24,145.0,code+40.0;desc+20.0;net_wt_over-15.0;date+25.0;time+5.24,940,2026-01-28 18:30:49.743,SHEET IRON,SHIRST
1377,53,458,16379,51.6,74.89,145.0,code+40.0;desc+20.0;net_wt_over-15.0;date+25.0;time+4.89,4260,2026-01-28 18:52:04.887,SHEET IRON,SHIRST
1377,53,442,16354,45.1,60.0,133.0,code+40.0;desc+20.0;net_wt_over-15.0;date+15.0,140,2026-01-27 19:45:15.814,SHEET IRON,SHIRST
1377,53,437,16347,45.1,60.0,133.0,code+40.0;desc+20.0;net_wt_over-15.0;date+15.0,2216,2026-01-27 18:41:25.036,SHEET IRON,SHIRST
1377,53,465,16393,45.1,60.0,133.0,code+40.0;desc+20.0;net_wt_over-15.0;date+15.0,1082,2026-01-29 12:52:41.877,SHEET IRON,SHIRST
1377,53,461,16393,45.1,60.0,133.0,code+40.0;desc+20.0;net_wt_over-15.0;date+15.0,169,2026-01-29 12:52:41.877,SHEET IRON,SHIRST
1377,53,439,16347,45.1,60.0,133.0,code+40.0;desc+20.0;net_wt_over-15.0;date+15.0,4426,2026-01-27 18:41:25.036,SHEET IRON,SHIRST
1377,53,470,16393,45.1,60.0,133.0,code+40.0;desc+20.0;net_wt_over-15.0;date+15.0,2123,2026-01-29 12:52:41.877,SHEET IRON,SHIRST
1377,53,427,16316,39.5,52.5,133.0,code+40.0;desc+20.0;net_wt_over-15.0;date+7.5,280,2026-01-26 19:02:13.895,SHEET IRON,SHIRST
1377,53,484,16463,39.5,52.5,133.0,code+40.0;desc+20.0;net_wt_over-15.0;date+7.5,280,2026-01-30 19:46:15.484,SHEET IRON,SHIRST
1377,53,426,16307,39.5,52.5,133.0,code+40.0;desc+20.0;net_wt_over-15.0;date+7.5,140,2026-01-26 16:20:45.277,SHEET IRON,SHIRST
1377,53,422,16288,36.1,48.0,133.0,code+40.0;desc+20.0;net_wt_over-15.0;date+3.0,50,2026-01-23 20:18:02.036,SHEET IRON,SHIRST
1377,53,493,16499,36.1,48.0,133.0,code+40.0;desc+20.0;net_wt_over-15.0;date+3.0,340,2026-02-02 18:42:54.675,SHEET IRON,SHIRST
1377,53,553,16582,36.1,48.0,133.0,code+40.0;desc+20.0;net_wt_over-15.0;date+3.0,120,2026-02-04 20:24:55.747,SHEET IRON,SHIRST
1377,53,515,16538,36.1,48.0,133.0,code+40.0;desc+20.0;net_wt_over-15.0;date+3.0,650,2026-02-03 18:05:46.278,SHEET IRON,SHIRST
1377,53,536,16541,36.1,48.0,133.0,code+40.0;desc+20.0;net_wt_over-15.0;date+3.0,230,2026-02-03 19:13:24.654,SHEET IRON,SHIRST
1377,53,421,16288,36.1,48.0,133.0,code+40.0;desc+20.0;net_wt_over-15.0;date+3.0,100,2026-01-23 20:18:02.036,SHEET IRON,SHIRST
1377,53,379,16238,36.1,48.0,133.0,code+40.0;desc+20.0;net_wt_over-15.0;date+3.0,1440,2026-01-22 18:05:58.970,SHEET IRON,SHIRST
1377,53,377,16229,36.1,48.0,133.0,code+40.0;desc+20.0;net_wt_over-15.0;date+3.0,520,2026-01-22 17:13:35.954,SHEET IRON,SHIRST
1377,53,369,16197,36.1,48.0,133.0,code+40.0;desc+20.0;net_wt_over-15.0;date+3.0,2500,2026-01-21 14:01:05.637,SHEET IRON,SHIRST
1377,53,389,16263,36.1,48.0,133.0,code+40.0;desc+20.0;net_wt_over-15.0;date+3.0,150,2026-01-23 13:41:59.945,SHEET IRON,SHIRST
1377,53,577,16639,33.8,45.0,133.0,code+40.0;desc+20.0;net_wt_over-15.0,260,2026-02-06 17:51:39.957,SHEET IRON,SHIRST
1377,53,578,16642,33.8,45.0,133.0,code+40.0;desc+20.0;net_wt_over-15.0,1078,2026-02-06 18:24:36.849,SHEET IRON,SHIRST
1377,53,579,16642,33.8,45.0,133.0,code+40.0;desc+20.0;net_wt_over-15.0,1226,2026-02-06 18:24:36.849,SHEET IRON,SHIRST
1377,53,582,16670,33.8,45.0,133.0,code+40.0;desc+20.0;net_wt_over-15.0,880,2026-02-09 13:42:13.229,SHEET IRON,SHIRST
1377,53,603,16722,33.8,45.0,133.0,code+40.0;desc+20.0;net_wt_over-15.0,240,2026-02-10 15:42:34.198,SHEET IRON,SHIRST
1377,53,604,16735,33.8,45.0,133.0,code+40.0;desc+20.0;net_wt_over-15.0,2200,2026-02-10 17:29:57.075,SHEET IRON,SHIRST
1377,53,298,16058,33.8,45.0,133.0,code+40.0;desc+20.0;net_wt_over-15.0,320,2026-01-14 20:28:32.348,SHEET IRON,SHIRST
1377,53,306,16073,33.8,45.0,133.0,code+40.0;desc+20.0;net_wt_over-15.0,14176,2026-01-15 17:24:07.056,SHEET IRON,SHIRST
1377,53,338,16189,33.8,45.0,133.0,code+40.0;desc+20.0;net_wt_over-15.0,280,2026-01-20 20:34:56.670,SHEET IRON,SHIRST
1377,53,336,16177,33.8,45.0,133.0,code+40.0;desc+20.0;net_wt_over-15.0,1520,2026-01-20 18:40:14.612,SHEET IRON,SHIRST
1377,53,330,16156,33.8,45.0,133.0,code+40.0;desc+20.0;net_wt_over-15.0,180,2026-01-20 15:25:53.453,SHEET IRON,SHIRST
1377,53,329,16155,33.8,45.0,133.0,code+40.0;desc+20.0;net_wt_over-15.0,4356,2026-01-20 15:04:32.061,SHEET IRON,SHIRST
1377,53,326,16149,33.8,45.0,133.0,code+40.0;desc+20.0;net_wt_over-15.0,1020,2026-01-20 13:50:42.346,SHEET IRON,SHIRST
1377,53,325,16137,33.8,45.0,133.0,code+40.0;desc+20.0;net_wt_over-15.0,2820,2026-01-19 17:55:16.357,SHEET IRON,SHIRST
1377,53,314,16108,33.8,45.0,133.0,code+40.0;desc+20.0;net_wt_over-15.0,598,2026-01-16 20:40:08.592,SHEET IRON,SHIRST
1377,53,313,16103,33.8,45.0,133.0,code+40.0;desc+20.0;net_wt_over-15.0,66,2026-01-16 20:02:45.125,SHEET IRON,SHIRST
1377,53,309,16098,33.8,45.0,133.0,code+40.0;desc+20.0;net_wt_over-15.0,4460,2026-01-16 19:11:24.106,SHEET IRON,SHIRST
1377,53,643,16755,33.8,45.0,133.0,code+40.0;desc+20.0;net_wt_over-15.0,1977,2026-02-10 20:23:44.732,SHEET IRON,SHIRST
1377,53,478,16449,0.0,-11.87,133.0,code_diff-40.0;net_wt+20.63;date+7.5,38700,2026-01-30 17:06:06.765,BUSHELING,Indbush
1377,53,605,16748,0.0,-20.86,133.0,code_diff-40.0;net_wt+12.24;price+6.9,38860,2026-02-10 19:48:47.691,BUSHELING,Indbush
1372,54,433,16324,90.8,131.59,145.0,code+40.0;desc+20.0;net_wt+40.0;date+25.0;time+6.01;price+0.58,47620,2026-01-26 20:19:17.711,BUSHELING,Indbush
1372,54,368,16197,77.4,103.0,133.0,code+40.0;desc+20.0;net_wt+40.0;date+3.0,47700,2026-01-21 14:01:05.637,BUSHELING,Indbush
1372,54,423,16303,57.8,83.79,145.0,code+40.0;desc+20.0;net_wt_over-15.0;date+25.0;time+11.87;price+1.92,30608,2026-01-26 14:12:29.468,BUSHELING,Indbush
1372,54,430,16318,54.2,78.65,145.0,code+40.0;desc+20.0;net_wt_over-15.0;date+25.0;time+6.73;price+1.92,660,2026-01-26 19:36:12.950,BUSHELING,Indbush
1372,54,432,16318,54.2,78.65,145.0,code+40.0;desc+20.0;net_wt_over-15.0;date+25.0;time+6.73;price+1.92,-300,2026-01-26 19:36:12.950,BUSHELING,Indbush
1372,54,431,16318,54.2,78.65,145.0,code+40.0;desc+20.0;net_wt_over-15.0;date+25.0;time+6.73;price+1.92,620,2026-01-26 19:36:12.950,BUSHELING,Indbush
1372,54,429,16318,54.2,78.65,145.0,code+40.0;desc+20.0;net_wt_over-15.0;date+25.0;time+6.73;price+1.92,720,2026-01-26 19:36:12.950,BUSHELING,Indbush
1372,54,450,16357,45.1,60.0,133.0,code+40.0;desc+20.0;net_wt_over-15.0;date+15.0,1942,2026-01-27 20:16:45.152,BUSHELING,Indbush
1372,54,447,16357,45.1,60.0,133.0,code+40.0;desc+20.0;net_wt_over-15.0;date+15.0,1629,2026-01-27 20:16:45.152,BUSHELING,Indbush
1372,54,444,16357,45.1,60.0,133.0,code+40.0;desc+20.0;net_wt_over-15.0;date+15.0,2367,2026-01-27 20:16:45.152,BUSHELING,Indbush
1372,54,449,16357,45.1,60.0,133.0,code+40.0;desc+20.0;net_wt_over-15.0;date+15.0,1703,2026-01-27 20:16:45.152,BUSHELING,Indbush
1372,54,473,16435,39.9,53.08,133.0,code+40.0;desc+20.0;net_wt_over-15.0;date+7.5;price+0.58,17760,2026-01-29 14:07:35.156,BUSHELING,Indbush
1372,54,334,16161,37.5,49.92,133.0,code+40.0;desc+20.0;net_wt_over-15.0;date+3.0;price+1.92,800,2026-01-20 16:41:02.590,BUSHELING,Indbush
1372,54,333,16161,37.5,49.92,133.0,code+40.0;desc+20.0;net_wt_over-15.0;date+3.0;price+1.92,820,2026-01-20 16:41:02.590,BUSHELING,Indbush
1372,54,332,16161,37.5,49.92,133.0,code+40.0;desc+20.0;net_wt_over-15.0;date+3.0;price+1.92,1000,2026-01-20 16:41:02.590,BUSHELING,Indbush
1372,54,331,16161,37.5,49.92,133.0,code+40.0;desc+20.0;net_wt_over-15.0;date+3.0;price+1.92,1720,2026-01-20 16:41:02.590,BUSHELING,Indbush
1372,54,337,16185,36.5,48.58,133.0,code+40.0;desc+20.0;net_wt_over-15.0;date+3.0;price+0.58,42600,2026-01-20 20:08:10.435,BUSHELING,Indbush
1372,54,478,16449,36.1,48.0,133.0,code+40.0;desc+20.0;net_wt_over-15.0;date+3.0,38700,2026-01-30 17:06:06.765,BUSHELING,Indbush
1372,54,487,16493,36.1,48.0,133.0,code+40.0;desc+20.0;net_wt_over-15.0;date+3.0,10872,2026-02-02 17:22:11.214,BUSHELING,Indbush
1372,54,550,16576,36.0,45.0,125.0,code+40.0;desc+20.0;net_wt_over-15.0,0,2026-02-04 19:38:14.126,BUSHELING,Indbush
1372,54,549,16576,36.0,47.82,133.0,code+40.0;desc+20.0;net_wt_over-15.0;price+2.82,36900,2026-02-04 19:38:14.126,BUSHELING,Indbush
1372,54,545,16573,35.3,46.92,133.0,code+40.0;desc+20.0;net_wt_over-15.0;price+1.92,860,2026-02-04 19:16:05.396,BUSHELING,Indbush
1372,54,548,16573,35.3,46.92,133.0,code+40.0;desc+20.0;net_wt_over-15.0;price+1.92,-1404,2026-02-04 19:16:05.396,BUSHELING,Indbush
1372,54,547,16573,35.3,46.92,133.0,code+40.0;desc+20.0;net_wt_over-15.0;price+1.92,740,2026-02-04 19:16:05.396,BUSHELING,Indbush
1372,54,546,16573,35.3,46.92,133.0,code+40.0;desc+20.0;net_wt_over-15.0;price+1.92,820,2026-02-04 19:16:05.396,BUSHELING,Indbush
1372,54,544,16573,35.3,46.92,133.0,code+40.0;desc+20.0;net_wt_over-15.0;price+1.92,1480,2026-02-04 19:16:05.396,BUSHELING,Indbush
1372,54,228,15979,34.3,45.58,133.0,code+40.0;desc+20.0;net_wt_over-15.0;price+0.58,34460,2026-01-12 15:15:23.549,BUSHELING,Indbush
1372,54,540,16553,33.8,45.0,133.0,code+40.0;desc+20.0;net_wt_over-15.0,19340,2026-02-04 14:06:13.683,BUSHELING,Indbush
1372,54,535,16539,33.8,45.0,133.0,code+40.0;desc+20.0;net_wt_over-15.0,6460,2026-02-03 18:31:40.911,BUSHELING,Indbush
1372,54,500,16552,33.8,45.0,133.0,code+40.0;desc+20.0;net_wt_over-15.0,49780,2026-02-03 13:47:08.944,BUSHELING,Indbush
1372,54,307,16073,33.8,45.0,133.0,code+40.0;desc+20.0;net_wt_over-15.0,21264,2026-01-15 17:24:07.056,BUSHELING,Indbush
1372,54,554,16594,33.8,45.0,133.0,code+40.0;desc+20.0;net_wt_over-15.0,22520,2026-02-05 14:33:15.376,BUSHELING,Indbush
1372,54,485,16465,0.0,-10.52,133.0,code_diff-40.0;net_wt+26.48;date+3.0,47060,2026-01-30 20:21:14.855,ZZ DO NOT USE STEEL TURNINGS,FETURN
1369,55,388,16257,90.4,131.03,145.0,code+40.0;desc+20.0;net_wt+40.0;date+25.0;time+6.03,27380,2026-01-22 21:04:28.232,STEEL WIRE,STWR
1369,55,387,16256,52.4,76.04,145.0,code+40.0;desc+20.0;net_wt_over-15.0;date+25.0;time+6.04,23680,2026-01-22 21:03:40.564,STEEL WIRE,STWR
1369,55,304,16088,36.1,48.0,133.0,code+40.0;desc+20.0;net_wt_over-15.0;date+3.0,25760,2026-01-15 14:04:25.604,STEEL WIRE,STWR
1369,55,472,16434,36.1,48.0,133.0,code+40.0;desc+20.0;net_wt_over-15.0;date+3.0,35920,2026-01-29 14:03:26.750,STEEL WIRE,STWR
1369,55,224,15883,33.8,45.0,133.0,code+40.0;desc+20.0;net_wt_over-15.0,39680,2026-01-09 20:35:50.665,STEEL WIRE,STWR
1369,55,225,15884,33.8,45.0,133.0,code+40.0;desc+20.0;net_wt_over-15.0,38520,2026-01-09 20:40:06.747,STEEL WIRE,STWR
1369,55,499,16551,33.8,45.0,133.0,code+40.0;desc+20.0;net_wt_over-15.0,30460,2026-02-03 13:45:20.436,STEEL WIRE,STWR
1368,56,387,16256,90.4,131.03,145.0,code+40.0;desc+20.0;net_wt+40.0;date+25.0;time+6.03,23680,2026-01-22 21:03:40.564,STEEL WIRE,STWR
1368,56,388,16257,52.4,76.02,145.0,code+40.0;desc+20.0;net_wt_over-15.0;date+25.0;time+6.02,27380,2026-01-22 21:04:28.232,STEEL WIRE,STWR
1368,56,304,16088,36.1,48.0,133.0,code+40.0;desc+20.0;net_wt_over-15.0;date+3.0,25760,2026-01-15 14:04:25.604,STEEL WIRE,STWR
1368,56,472,16434,36.1,48.0,133.0,code+40.0;desc+20.0;net_wt_over-15.0;date+3.0,35920,2026-01-29 14:03:26.750,STEEL WIRE,STWR
1368,56,224,15883,33.8,45.0,133.0,code+40.0;desc+20.0;net_wt_over-15.0,39680,2026-01-09 20:35:50.665,STEEL WIRE,STWR
1368,56,225,15884,33.8,45.0,133.0,code+40.0;desc+20.0;net_wt_over-15.0,38520,2026-01-09 20:40:06.747,STEEL WIRE,STWR
1368,56,499,16551,33.8,45.0,133.0,code+40.0;desc+20.0;net_wt_over-15.0,30460,2026-02-03 13:45:20.436,STEEL WIRE,STWR
1368,56,371,16203,0.0,-18.92,133.0,code_diff-40.0;net_wt+6.08;date+15.0,23160,2026-01-21 17:04:48.368,ZZ DO NOT USE STEEL TURNINGS,FETURN
1368,56,460,16387,0.0,-12.34,133.0,code_diff-40.0;net_wt+24.66;date+3.0,23980,2026-01-28 20:07:54.586,STEEL BANDING (FE),STBD
1360,57,337,16185,90.8,131.6,145.0,code+40.0;desc+20.0;net_wt+40.0;date+25.0;time+6.02;price+0.58,42600,2026-01-20 20:08:10.435,BUSHELING,Indbush
1360,57,334,16161,56.1,81.39,145.0,code+40.0;desc+20.0;net_wt_over-15.0;date+25.0;time+9.47;price+1.92,800,2026-01-20 16:41:02.590,BUSHELING,Indbush
1360,57,331,16161,56.1,81.39,145.0,code+40.0;desc+20.0;net_wt_over-15.0;date+25.0;time+9.47;price+1.92,1720,2026-01-20 16:41:02.590,BUSHELING,Indbush
1360,57,332,16161,56.1,81.39,145.0,code+40.0;desc+20.0;net_wt_over-15.0;date+25.0;time+9.47;price+1.92,1000,2026-01-20 16:41:02.590,BUSHELING,Indbush
1360,57,333,16161,56.1,81.39,145.0,code+40.0;desc+20.0;net_wt_over-15.0;date+25.0;time+9.47;price+1.92,820,2026-01-20 16:41:02.590,BUSHELING,Indbush
1360,57,368,16197,45.1,60.0,133.0,code+40.0;desc+20.0;net_wt_over-15.0;date+15.0,47700,2026-01-21 14:01:05.637,BUSHELING,Indbush
1360,57,432,16318,37.5,49.92,133.0,code+40.0;desc+20.0;net_wt_over-15.0;date+3.0;price+1.92,-300,2026-01-26 19:36:12.950,BUSHELING,Indbush
1360,57,431,16318,37.5,49.92,133.0,code+40.0;desc+20.0;net_wt_over-15.0;date+3.0;price+1.92,620,2026-01-26 19:36:12.950,BUSHELING,Indbush
1360,57,430,16318,37.5,49.92,133.0,code+40.0;desc+20.0;net_wt_over-15.0;date+3.0;price+1.92,660,2026-01-26 19:36:12.950,BUSHELING,Indbush
1360,57,429,16318,37.5,49.92,133.0,code+40.0;desc+20.0;net_wt_over-15.0;date+3.0;price+1.92,720,2026-01-26 19:36:12.950,BUSHELING,Indbush
1360,57,423,16303,37.5,49.92,133.0,code+40.0;desc+20.0;net_wt_over-15.0;date+3.0;price+1.92,30608,2026-01-26 14:12:29.468,BUSHELING,Indbush
1360,57,433,16324,36.5,48.58,133.0,code+40.0;desc+20.0;net_wt_over-15.0;date+3.0;price+0.58,47620,2026-01-26 20:19:17.711,BUSHELING,Indbush
1360,57,447,16357,36.1,48.0,133.0,code+40.0;desc+20.0;net_wt_over-15.0;date+3.0,1629,2026-01-27 20:16:45.152,BUSHELING,Indbush
1360,57,307,16073,36.1,48.0,133.0,code+40.0;desc+20.0;net_wt_over-15.0;date+3.0,21264,2026-01-15 17:24:07.056,BUSHELING,Indbush
1360,57,449,16357,36.1,48.0,133.0,code+40.0;desc+20.0;net_wt_over-15.0;date+3.0,1703,2026-01-27 20:16:45.152,BUSHELING,Indbush
1360,57,450,16357,36.1,48.0,133.0,code+40.0;desc+20.0;net_wt_over-15.0;date+3.0,1942,2026-01-27 20:16:45.152,BUSHELING,Indbush
1360,57,444,16357,36.1,48.0,133.0,code+40.0;desc+20.0;net_wt_over-15.0;date+3.0,2367,2026-01-27 20:16:45.152,BUSHELING,Indbush
1360,57,228,15979,34.3,45.58,133.0,code+40.0;desc+20.0;net_wt_over-15.0;price+0.58,34460,2026-01-12 15:15:23.549,BUSHELING,Indbush
1360,57,473,16435,34.3,45.58,133.0,code+40.0;desc+20.0;net_wt_over-15.0;price+0.58,17760,2026-01-29 14:07:35.156,BUSHELING,Indbush
1360,57,478,16449,33.8,45.0,133.0,code+40.0;desc+20.0;net_wt_over-15.0,38700,2026-01-30 17:06:06.765,BUSHELING,Indbush
1360,57,169,15803,33.8,45.0,133.0,code+40.0;desc+20.0;net_wt_over-15.0,25020,2026-01-08 16:31:44.461,BUSHELING,Indbush
1360,57,181,15836,33.8,45.0,133.0,code+40.0;desc+20.0;net_wt_over-15.0,720,2026-01-08 21:44:47.629,BUSHELING,Indbush
1360,57,183,15836,33.8,45.0,133.0,code+40.0;desc+20.0;net_wt_over-15.0,680,2026-01-08 21:44:47.629,BUSHELING,Indbush
1360,57,182,15836,33.8,45.0,133.0,code+40.0;desc+20.0;net_wt_over-15.0,700,2026-01-08 21:44:47.629,BUSHELING,Indbush
1360,57,487,16493,33.8,45.0,133.0,code+40.0;desc+20.0;net_wt_over-15.0,10872,2026-02-02 17:22:11.214,BUSHELING,Indbush
1360,57,250,16024,0.0,-10.47,133.0,code_diff-40.0;net_wt+26.53;date+3.0,43100,2026-01-13 20:05:45.031,ZZ DO NOT USE STEEL TURNINGS,FETURN
1361,58,326,16149,51.8,75.07,145.0,code+40.0;desc+20.0;net_wt_over-15.0;date+25.0;time+5.07,1020,2026-01-20 13:50:42.346,SHEET IRON,SHIRST
1361,58,329,16155,50.9,73.84,145.0,code+40.0;desc+20.0;net_wt_over-15.0;date+25.0;time+3.84,4356,2026-01-20 15:04:32.061,SHEET IRON,SHIRST
1361,58,330,16156,50.7,73.49,145.0,code+40.0;desc+20.0;net_wt_over-15.0;date+25.0;time+3.49,180,2026-01-20 15:25:53.453,SHEET IRON,SHIRST
1361,58,336,16177,48.4,70.25,145.0,code+40.0;desc+20.0;net_wt_over-15.0;date+25.0;time+0.25,1520,2026-01-20 18:40:14.612,SHEET IRON,SHIRST
1361,58,338,16189,48.3,70.0,145.0,code+40.0;desc+20.0;net_wt_over-15.0;date+25.0,280,2026-01-20 20:34:56.670,SHEET IRON,SHIRST
1361,58,325,16137,45.1,60.0,133.0,code+40.0;desc+20.0;net_wt_over-15.0;date+15.0,2820,2026-01-19 17:55:16.357,SHEET IRON,SHIRST
1361,58,369,16197,45.1,60.0,133.0,code+40.0;desc+20.0;net_wt_over-15.0;date+15.0,2500,2026-01-21 14:01:05.637,SHEET IRON,SHIRST
1361,58,422,16288,39.5,52.5,133.0,code+40.0;desc+20.0;net_wt_over-15.0;date+7.5,50,2026-01-23 20:18:02.036,SHEET IRON,SHIRST
1361,58,377,16229,39.5,52.5,133.0,code+40.0;desc+20.0;net_wt_over-15.0;date+7.5,520,2026-01-22 17:13:35.954,SHEET IRON,SHIRST
1361,58,379,16238,39.5,52.5,133.0,code+40.0;desc+20.0;net_wt_over-15.0;date+7.5,1440,2026-01-22 18:05:58.970,SHEET IRON,SHIRST
1361,58,389,16263,39.5,52.5,133.0,code+40.0;desc+20.0;net_wt_over-15.0;date+7.5,150,2026-01-23 13:41:59.945,SHEET IRON,SHIRST
1361,58,421,16288,39.5,52.5,133.0,code+40.0;desc+20.0;net_wt_over-15.0;date+7.5,100,2026-01-23 20:18:02.036,SHEET IRON,SHIRST
1361,58,427,16316,36.1,48.0,133.0,code+40.0;desc+20.0;net_wt_over-15.0;date+3.0,280,2026-01-26 19:02:13.895,SHEET IRON,SHIRST
1361,58,426,16307,36.1,48.0,133.0,code+40.0;desc+20.0;net_wt_over-15.0;date+3.0,140,2026-01-26 16:20:45.277,SHEET IRON,SHIRST
1361,58,314,16108,36.1,48.0,133.0,code+40.0;desc+20.0;net_wt_over-15.0;date+3.0,598,2026-01-16 20:40:08.592,SHEET IRON,SHIRST
1361,58,309,16098,36.1,48.0,133.0,code+40.0;desc+20.0;net_wt_over-15.0;date+3.0,4460,2026-01-16 19:11:24.106,SHEET IRON,SHIRST
1361,58,306,16073,36.1,48.0,133.0,code+40.0;desc+20.0;net_wt_over-15.0;date+3.0,14176,2026-01-15 17:24:07.056,SHEET IRON,SHIRST
1361,58,298,16058,36.1,48.0,133.0,code+40.0;desc+20.0;net_wt_over-15.0;date+3.0,320,2026-01-14 20:28:32.348,SHEET IRON,SHIRST
1361,58,249,15994,36.1,48.0,133.0,code+40.0;desc+20.0;net_wt_over-15.0;date+3.0,860,2026-01-13 17:19:11.491,SHEET IRON,SHIRST
1361,58,313,16103,36.1,48.0,133.0,code+40.0;desc+20.0;net_wt_over-15.0;date+3.0,66,2026-01-16 20:02:45.125,SHEET IRON,SHIRST
1361,58,442,16354,36.1,48.0,133.0,code+40.0;desc+20.0;net_wt_over-15.0;date+3.0,140,2026-01-27 19:45:15.814,SHEET IRON,SHIRST
1361,58,439,16347,36.1,48.0,133.0,code+40.0;desc+20.0;net_wt_over-15.0;date+3.0,4426,2026-01-27 18:41:25.036,SHEET IRON,SHIRST
1361,58,437,16347,36.1,48.0,133.0,code+40.0;desc+20.0;net_wt_over-15.0;date+3.0,2216,2026-01-27 18:41:25.036,SHEET IRON,SHIRST
1361,58,461,16393,33.8,45.0,133.0,code+40.0;desc+20.0;net_wt_over-15.0,169,2026-01-29 12:52:41.877,SHEET IRON,SHIRST
1361,58,458,16379,33.8,45.0,133.0,code+40.0;desc+20.0;net_wt_over-15.0,4260,2026-01-28 18:52:04.887,SHEET IRON,SHIRST
1361,58,470,16393,33.8,45.0,133.0,code+40.0;desc+20.0;net_wt_over-15.0,2123,2026-01-29 12:52:41.877,SHEET IRON,SHIRST
1361,58,457,16376,33.8,45.0,133.0,code+40.0;desc+20.0;net_wt_over-15.0,940,2026-01-28 18:30:49.743,SHEET IRON,SHIRST
1361,58,456,16365,33.8,45.0,133.0,code+40.0;desc+20.0;net_wt_over-15.0,897,2026-01-28 14:51:39.399,SHEET IRON,SHIRST
1361,58,484,16463,33.8,45.0,133.0,code+40.0;desc+20.0;net_wt_over-15.0,280,2026-01-30 19:46:15.484,SHEET IRON,SHIRST
1361,58,465,16393,33.8,45.0,133.0,code+40.0;desc+20.0;net_wt_over-15.0,1082,2026-01-29 12:52:41.877,SHEET IRON,SHIRST
1361,58,33,15677,33.8,45.0,133.0,code+40.0;desc+20.0;net_wt_over-15.0,6500,2026-01-06 13:54:01.877,SHEET IRON,SHIRST
1361,58,35,15703,33.8,45.0,133.0,code+40.0;desc+20.0;net_wt_over-15.0,400,2026-01-06 17:17:24.654,SHEET IRON,SHIRST
1361,58,236,15937,33.8,45.0,133.0,code+40.0;desc+20.0;net_wt_over-15.0,320,2026-01-12 17:19:34.048,SHEET IRON,SHIRST
1361,58,36,15713,33.8,45.0,133.0,code+40.0;desc+20.0;net_wt_over-15.0,6100,2026-01-06 18:56:25.189,SHEET IRON,SHIRST
1361,58,37,15718,33.8,45.0,133.0,code+40.0;desc+20.0;net_wt_over-15.0,280,2026-01-06 19:16:49.630,SHEET IRON,SHIRST
1361,58,89,15734,33.8,45.0,133.0,code+40.0;desc+20.0;net_wt_over-15.0,852,2026-01-07 13:08:46.597,SHEET IRON,SHIRST
1361,58,91,15734,33.8,45.0,133.0,code+40.0;desc+20.0;net_wt_over-15.0,462,2026-01-07 13:08:46.597,SHEET IRON,SHIRST
1361,58,92,15734,33.8,45.0,133.0,code+40.0;desc+20.0;net_wt_over-15.0,551,2026-01-07 13:08:46.597,SHEET IRON,SHIRST
1361,58,93,15734,33.8,45.0,133.0,code+40.0;desc+20.0;net_wt_over-15.0,847,2026-01-07 13:08:46.597,SHEET IRON,SHIRST
1361,58,103,15734,33.8,45.0,133.0,code+40.0;desc+20.0;net_wt_over-15.0,678,2026-01-07 13:08:46.597,SHEET IRON,SHIRST
1361,58,105,15734,33.8,45.0,133.0,code+40.0;desc+20.0;net_wt_over-15.0,1505,2026-01-07 13:08:46.597,SHEET IRON,SHIRST
1361,58,140,15755,33.8,45.0,133.0,code+40.0;desc+20.0;net_wt_over-15.0,800,2026-01-07 17:16:14.722,SHEET IRON,SHIRST
1361,58,153,15766,33.8,45.0,133.0,code+40.0;desc+20.0;net_wt_over-15.0,120,2026-01-07 18:46:32.172,SHEET IRON,SHIRST
1361,58,155,15778,33.8,45.0,133.0,code+40.0;desc+20.0;net_wt_over-15.0,6280,2026-01-07 20:23:33.968,SHEET IRON,SHIRST
1361,58,168,15802,33.8,45.0,133.0,code+40.0;desc+20.0;net_wt_over-15.0,640,2026-01-08 16:28:58.548,SHEET IRON,SHIRST
1361,58,186,15865,33.8,45.0,133.0,code+40.0;desc+20.0;net_wt_over-15.0,960,2026-01-09 18:06:10.308,SHEET IRON,SHIRST
1361,58,187,15865,33.8,45.0,133.0,code+40.0;desc+20.0;net_wt_over-15.0,540,2026-01-09 18:06:10.308,SHEET IRON,SHIRST
1361,58,194,15874,33.8,45.0,133.0,code+40.0;desc+20.0;net_wt_over-15.0,26,2026-01-09 19:34:31.967,SHEET IRON,SHIRST
1361,58,226,15911,33.8,45.0,133.0,code+40.0;desc+20.0;net_wt_over-15.0,340,2026-01-12 14:03:48.746,SHEET IRON,SHIRST
1361,58,229,15921,33.8,45.0,133.0,code+40.0;desc+20.0;net_wt_over-15.0,4200,2026-01-12 15:22:42.929,SHEET IRON,SHIRST
1361,58,235,15935,33.8,45.0,133.0,code+40.0;desc+20.0;net_wt_over-15.0,10240,2026-01-12 17:10:19.403,SHEET IRON,SHIRST
1361,58,493,16499,33.8,45.0,133.0,code+40.0;desc+20.0;net_wt_over-15.0,340,2026-02-02 18:42:54.675,SHEET IRON,SHIRST
1361,58,224,15883,0.0,-14.49,133.0,code_diff-40.0;net_wt+25.51,39680,2026-01-09 20:35:50.665,STEEL WIRE,STWR
1361,58,225,15884,0.0,-24.69,133.0,code_diff-40.0;net_wt+15.31,38520,2026-01-09 20:40:06.747,STEEL WIRE,STWR
1361,58,478,16449,0.0,-15.51,133.0,code_diff-40.0;net_wt+24.49,38700,2026-01-30 17:06:06.765,BUSHELING,Indbush
1353,59,308,16089,55.3,80.15,145.0,code+40.0;desc+20.0;net_wt_over-15.0;date+25.0;time+10.15,22440,2026-01-16 13:55:43.277,ZZ DO NOT USE STEEL TURNINGS,FETURN
1353,59,294,16050,39.5,52.5,133.0,code+40.0;desc+20.0;net_wt_over-15.0;date+7.5,15280,2026-01-14 19:00:49.416,ZZ DO NOT USE STEEL TURNINGS,FETURN
1353,59,250,16024,39.5,52.5,133.0,code+40.0;desc+20.0;net_wt_over-15.0;date+7.5,43100,2026-01-13 20:05:45.031,ZZ DO NOT USE STEEL TURNINGS,FETURN
1353,59,397,16272,36.1,48.0,133.0,code+40.0;desc+20.0;net_wt_over-15.0;date+3.0,36680,2026-01-23 16:20:07.740,ZZ DO NOT USE STEEL TURNINGS,FETURN
1353,59,396,16394,36.1,48.0,133.0,code+40.0;desc+20.0;net_wt_over-15.0;date+3.0,14660,2026-01-23 13:59:34.224,ZZ DO NOT USE STEEL TURNINGS,FETURN
1353,59,386,16255,36.1,48.0,133.0,code+40.0;desc+20.0;net_wt_over-15.0;date+3.0,10720,2026-01-22 20:15:17.937,ZZ DO NOT USE STEEL TURNINGS,FETURN
1353,59,371,16203,36.1,48.0,133.0,code+40.0;desc+20.0;net_wt_over-15.0;date+3.0,23160,2026-01-21 17:04:48.368,ZZ DO NOT USE STEEL TURNINGS,FETURN
1353,59,335,16170,36.1,48.0,133.0,code+40.0;desc+20.0;net_wt_over-15.0;date+3.0,11860,2026-01-20 18:04:49.108,ZZ DO NOT USE STEEL TURNINGS,FETURN
1353,59,328,16155,36.1,48.0,133.0,code+40.0;desc+20.0;net_wt_over-15.0;date+3.0,1083,2026-01-20 15:04:32.061,ZZ DO NOT USE STEEL TURNINGS,FETURN
1353,59,238,15945,36.1,48.0,133.0,code+40.0;desc+20.0;net_wt_over-15.0;date+3.0,18440,2026-01-12 18:28:19.356,ZZ DO NOT USE STEEL TURNINGS,FETURN
1353,59,184,15847,36.1,48.0,133.0,code+40.0;desc+20.0;net_wt_over-15.0;date+3.0,17860,2026-01-09 14:45:43.821,ZZ DO NOT USE STEEL TURNINGS,FETURN
1353,59,10,15574,33.8,45.0,133.0,code+40.0;desc+20.0;net_wt_over-15.0,17040,2026-01-02 18:21:42.875,ZZ DO NOT USE STEEL TURNINGS,FETURN
1353,59,34,15696,33.8,45.0,133.0,code+40.0;desc+20.0;net_wt_over-15.0,24780,2026-01-06 16:26:51.795,ZZ DO NOT USE STEEL TURNINGS,FETURN
1353,59,441,16352,33.8,45.0,133.0,code+40.0;desc+20.0;net_wt_over-15.0,13460,2026-01-27 19:31:18.524,ZZ DO NOT USE STEEL TURNINGS,FETURN
1353,59,425,16305,33.8,45.0,133.0,code+40.0;desc+20.0;net_wt_over-15.0,2100,2026-01-26 14:31:24.194,ZZ DO NOT USE STEEL TURNINGS,FETURN
1353,59,179,15833,33.8,45.0,133.0,code+40.0;desc+20.0;net_wt_over-15.0,20800,2026-01-08 19:49:34.672,ZZ DO NOT USE STEEL TURNINGS,FETURN
1353,59,167,15789,33.8,45.0,133.0,code+40.0;desc+20.0;net_wt_over-15.0,8180,2026-01-08 15:08:36.804,ZZ DO NOT USE STEEL TURNINGS,FETURN
1353,59,146,15759,33.8,45.0,133.0,code+40.0;desc+20.0;net_wt_over-15.0,28260,2026-01-07 17:41:50.153,ZZ DO NOT USE STEEL TURNINGS,FETURN
1353,59,54,15723,33.8,45.0,133.0,code+40.0;desc+20.0;net_wt_over-15.0,286,2026-01-06 19:49:26.733,ZZ DO NOT USE STEEL TURNINGS,FETURN
1353,59,53,15723,33.8,45.0,133.0,code+40.0;desc+20.0;net_wt_over-15.0,338,2026-01-06 19:49:26.733,ZZ DO NOT USE STEEL TURNINGS,FETURN
1353,59,52,15723,33.8,45.0,133.0,code+40.0;desc+20.0;net_wt_over-15.0,368,2026-01-06 19:49:26.733,ZZ DO NOT USE STEEL TURNINGS,FETURN
1353,59,51,15723,33.8,45.0,133.0,code+40.0;desc+20.0;net_wt_over-15.0,403,2026-01-06 19:49:26.733,ZZ DO NOT USE STEEL TURNINGS,FETURN
1353,59,50,15723,33.8,45.0,133.0,code+40.0;desc+20.0;net_wt_over-15.0,526,2026-01-06 19:49:26.733,ZZ DO NOT USE STEEL TURNINGS,FETURN
1353,59,49,15723,33.8,45.0,133.0,code+40.0;desc+20.0;net_wt_over-15.0,597,2026-01-06 19:49:26.733,ZZ DO NOT USE STEEL TURNINGS,FETURN
1353,59,48,15723,33.8,45.0,133.0,code+40.0;desc+20.0;net_wt_over-15.0,603,2026-01-06 19:49:26.733,ZZ DO NOT USE STEEL TURNINGS,FETURN
1353,59,47,15723,33.8,45.0,133.0,code+40.0;desc+20.0;net_wt_over-15.0,613,2026-01-06 19:49:26.733,ZZ DO NOT USE STEEL TURNINGS,FETURN
1353,59,46,15723,33.8,45.0,133.0,code+40.0;desc+20.0;net_wt_over-15.0,673,2026-01-06 19:49:26.733,ZZ DO NOT USE STEEL TURNINGS,FETURN
1353,59,45,15723,33.8,45.0,133.0,code+40.0;desc+20.0;net_wt_over-15.0,691,2026-01-06 19:49:26.733,ZZ DO NOT USE STEEL TURNINGS,FETURN
1353,59,44,15723,33.8,45.0,133.0,code+40.0;desc+20.0;net_wt_over-15.0,1008,2026-01-06 19:49:26.733,ZZ DO NOT USE STEEL TURNINGS,FETURN
1353,59,471,16456,33.8,45.0,133.0,code+40.0;desc+20.0;net_wt_over-15.0,11020,2026-01-29 13:46:26.707,ZZ DO NOT USE STEEL TURNINGS,FETURN
1352,60,308,16089,55.2,80.1,145.0,code+40.0;desc+20.0;net_wt_over-15.0;date+25.0;time+10.1,22440,2026-01-16 13:55:43.277,ZZ DO NOT USE STEEL TURNINGS,FETURN
1352,60,294,16050,39.5,52.5,133.0,code+40.0;desc+20.0;net_wt_over-15.0;date+7.5,15280,2026-01-14 19:00:49.416,ZZ DO NOT USE STEEL TURNINGS,FETURN
1352,60,250,16024,39.5,52.5,133.0,code+40.0;desc+20.0;net_wt_over-15.0;date+7.5,43100,2026-01-13 20:05:45.031,ZZ DO NOT USE STEEL TURNINGS,FETURN
1352,60,397,16272,36.1,48.0,133.0,code+40.0;desc+20.0;net_wt_over-15.0;date+3.0,36680,2026-01-23 16:20:07.740,ZZ DO NOT USE STEEL TURNINGS,FETURN
1352,60,396,16394,36.1,48.0,133.0,code+40.0;desc+20.0;net_wt_over-15.0;date+3.0,14660,2026-01-23 13:59:34.224,ZZ DO NOT USE STEEL TURNINGS,FETURN
1352,60,386,16255,36.1,48.0,133.0,code+40.0;desc+20.0;net_wt_over-15.0;date+3.0,10720,2026-01-22 20:15:17.937,ZZ DO NOT USE STEEL TURNINGS,FETURN
1352,60,371,16203,36.1,48.0,133.0,code+40.0;desc+20.0;net_wt_over-15.0;date+3.0,23160,2026-01-21 17:04:48.368,ZZ DO NOT USE STEEL TURNINGS,FETURN
1352,60,335,16170,36.1,48.0,133.0,code+40.0;desc+20.0;net_wt_over-15.0;date+3.0,11860,2026-01-20 18:04:49.108,ZZ DO NOT USE STEEL TURNINGS,FETURN
1352,60,328,16155,36.1,48.0,133.0,code+40.0;desc+20.0;net_wt_over-15.0;date+3.0,1083,2026-01-20 15:04:32.061,ZZ DO NOT USE STEEL TURNINGS,FETURN
1352,60,238,15945,36.1,48.0,133.0,code+40.0;desc+20.0;net_wt_over-15.0;date+3.0,18440,2026-01-12 18:28:19.356,ZZ DO NOT USE STEEL TURNINGS,FETURN
1352,60,184,15847,36.1,48.0,133.0,code+40.0;desc+20.0;net_wt_over-15.0;date+3.0,17860,2026-01-09 14:45:43.821,ZZ DO NOT USE STEEL TURNINGS,FETURN
1352,60,10,15574,33.8,45.0,133.0,code+40.0;desc+20.0;net_wt_over-15.0,17040,2026-01-02 18:21:42.875,ZZ DO NOT USE STEEL TURNINGS,FETURN
1352,60,34,15696,33.8,45.0,133.0,code+40.0;desc+20.0;net_wt_over-15.0,24780,2026-01-06 16:26:51.795,ZZ DO NOT USE STEEL TURNINGS,FETURN
1352,60,441,16352,33.8,45.0,133.0,code+40.0;desc+20.0;net_wt_over-15.0,13460,2026-01-27 19:31:18.524,ZZ DO NOT USE STEEL TURNINGS,FETURN
1352,60,425,16305,33.8,45.0,133.0,code+40.0;desc+20.0;net_wt_over-15.0,2100,2026-01-26 14:31:24.194,ZZ DO NOT USE STEEL TURNINGS,FETURN
1352,60,179,15833,33.8,45.0,133.0,code+40.0;desc+20.0;net_wt_over-15.0,20800,2026-01-08 19:49:34.672,ZZ DO NOT USE STEEL TURNINGS,FETURN
1352,60,167,15789,33.8,45.0,133.0,code+40.0;desc+20.0;net_wt_over-15.0,8180,2026-01-08 15:08:36.804,ZZ DO NOT USE STEEL TURNINGS,FETURN
1352,60,146,15759,33.8,45.0,133.0,code+40.0;desc+20.0;net_wt_over-15.0,28260,2026-01-07 17:41:50.153,ZZ DO NOT USE STEEL TURNINGS,FETURN
1352,60,54,15723,33.8,45.0,133.0,code+40.0;desc+20.0;net_wt_over-15.0,286,2026-01-06 19:49:26.733,ZZ DO NOT USE STEEL TURNINGS,FETURN
1352,60,53,15723,33.8,45.0,133.0,code+40.0;desc+20.0;net_wt_over-15.0,338,2026-01-06 19:49:26.733,ZZ DO NOT USE STEEL TURNINGS,FETURN
1352,60,52,15723,33.8,45.0,133.0,code+40.0;desc+20.0;net_wt_over-15.0,368,2026-01-06 19:49:26.733,ZZ DO NOT USE STEEL TURNINGS,FETURN
1352,60,51,15723,33.8,45.0,133.0,code+40.0;desc+20.0;net_wt_over-15.0,403,2026-01-06 19:49:26.733,ZZ DO NOT USE STEEL TURNINGS,FETURN
1352,60,50,15723,33.8,45.0,133.0,code+40.0;desc+20.0;net_wt_over-15.0,526,2026-01-06 19:49:26.733,ZZ DO NOT USE STEEL TURNINGS,FETURN
1352,60,49,15723,33.8,45.0,133.0,code+40.0;desc+20.0;net_wt_over-15.0,597,2026-01-06 19:49:26.733,ZZ DO NOT USE STEEL TURNINGS,FETURN
1352,60,48,15723,33.8,45.0,133.0,code+40.0;desc+20.0;net_wt_over-15.0,603,2026-01-06 19:49:26.733,ZZ DO NOT USE STEEL TURNINGS,FETURN
1352,60,47,15723,33.8,45.0,133.0,code+40.0;desc+20.0;net_wt_over-15.0,613,2026-01-06 19:49:26.733,ZZ DO NOT USE STEEL TURNINGS,FETURN
1352,60,46,15723,33.8,45.0,133.0,code+40.0;desc+20.0;net_wt_over-15.0,673,2026-01-06 19:49:26.733,ZZ DO NOT USE STEEL TURNINGS,FETURN
1352,60,45,15723,33.8,45.0,133.0,code+40.0;desc+20.0;net_wt_over-15.0,691,2026-01-06 19:49:26.733,ZZ DO NOT USE STEEL TURNINGS,FETURN
1352,60,44,15723,33.8,45.0,133.0,code+40.0;desc+20.0;net_wt_over-15.0,1008,2026-01-06 19:49:26.733,ZZ DO NOT USE STEEL TURNINGS,FETURN
1352,60,471,16456,33.8,45.0,133.0,code+40.0;desc+20.0;net_wt_over-15.0,11020,2026-01-29 13:46:26.707,ZZ DO NOT USE STEEL TURNINGS,FETURN
1356,61,321,16129,80.8,107.5,133.0,code+40.0;desc+20.0;net_wt+40.0;date+7.5,20040,2026-01-19 14:01:12.731,STEEL BANDING (FE),STBD
1356,61,29,15726,33.8,45.0,133.0,code+40.0;desc+20.0;net_wt_over-15.0,26800,2026-01-05 19:55:37.466,STEEL BANDING (FE),STBD
1356,61,460,16387,33.8,45.0,133.0,code+40.0;desc+20.0;net_wt_over-15.0,23980,2026-01-28 20:07:54.586,STEEL BANDING (FE),STBD
1356,61,297,16051,4.2,5.52,133.0,code_diff-40.0;net_wt+38.02;date+7.5,19920,2026-01-14 19:03:19.031,ZZ DO NOT USE - UNPREPARED HMS (UHMS),UNHMS
1339,62,308,16089,45.1,60.0,133.0,code+40.0;desc+20.0;net_wt_over-15.0;date+15.0,22440,2026-01-16 13:55:43.277,ZZ DO NOT USE STEEL TURNINGS,FETURN
1339,62,294,16050,45.1,60.0,133.0,code+40.0;desc+20.0;net_wt_over-15.0;date+15.0,15280,2026-01-14 19:00:49.416,ZZ DO NOT USE STEEL TURNINGS,FETURN
1339,62,250,16024,39.5,52.5,133.0,code+40.0;desc+20.0;net_wt_over-15.0;date+7.5,43100,2026-01-13 20:05:45.031,ZZ DO NOT USE STEEL TURNINGS,FETURN
1339,62,238,15945,39.5,52.5,133.0,code+40.0;desc+20.0;net_wt_over-15.0;date+7.5,18440,2026-01-12 18:28:19.356,ZZ DO NOT USE STEEL TURNINGS,FETURN
1339,62,167,15789,36.1,48.0,133.0,code+40.0;desc+20.0;net_wt_over-15.0;date+3.0,8180,2026-01-08 15:08:36.804,ZZ DO NOT USE STEEL TURNINGS,FETURN
1339,62,179,15833,36.1,48.0,133.0,code+40.0;desc+20.0;net_wt_over-15.0;date+3.0,20800,2026-01-08 19:49:34.672,ZZ DO NOT USE STEEL TURNINGS,FETURN
1339,62,386,16255,36.1,48.0,133.0,code+40.0;desc+20.0;net_wt_over-15.0;date+3.0,10720,2026-01-22 20:15:17.937,ZZ DO NOT USE STEEL TURNINGS,FETURN
1339,62,371,16203,36.1,48.0,133.0,code+40.0;desc+20.0;net_wt_over-15.0;date+3.0,23160,2026-01-21 17:04:48.368,ZZ DO NOT USE STEEL TURNINGS,FETURN
1339,62,335,16170,36.1,48.0,133.0,code+40.0;desc+20.0;net_wt_over-15.0;date+3.0,11860,2026-01-20 18:04:49.108,ZZ DO NOT USE STEEL TURNINGS,FETURN
1339,62,328,16155,36.1,48.0,133.0,code+40.0;desc+20.0;net_wt_over-15.0;date+3.0,1083,2026-01-20 15:04:32.061,ZZ DO NOT USE STEEL TURNINGS,FETURN
1339,62,184,15847,36.1,48.0,133.0,code+40.0;desc+20.0;net_wt_over-15.0;date+3.0,17860,2026-01-09 14:45:43.821,ZZ DO NOT USE STEEL TURNINGS,FETURN
1339,62,425,16305,33.8,45.0,133.0,code+40.0;desc+20.0;net_wt_over-15.0,2100,2026-01-26 14:31:24.194,ZZ DO NOT USE STEEL TURNINGS,FETURN
1339,62,397,16272,33.8,45.0,133.0,code+40.0;desc+20.0;net_wt_over-15.0,36680,2026-01-23 16:20:07.740,ZZ DO NOT USE STEEL TURNINGS,FETURN
1339,62,396,16394,33.8,45.0,133.0,code+40.0;desc+20.0;net_wt_over-15.0,14660,2026-01-23 13:59:34.224,ZZ DO NOT USE STEEL TURNINGS,FETURN
1339,62,10,15574,33.8,45.0,133.0,code+40.0;desc+20.0;net_wt_over-15.0,17040,2026-01-02 18:21:42.875,ZZ DO NOT USE STEEL TURNINGS,FETURN
1339,62,34,15696,33.8,45.0,133.0,code+40.0;desc+20.0;net_wt_over-15.0,24780,2026-01-06 16:26:51.795,ZZ DO NOT USE STEEL TURNINGS,FETURN
1339,62,146,15759,33.8,45.0,133.0,code+40.0;desc+20.0;net_wt_over-15.0,28260,2026-01-07 17:41:50.153,ZZ DO NOT USE STEEL TURNINGS,FETURN
1339,62,54,15723,33.8,45.0,133.0,code+40.0;desc+20.0;net_wt_over-15.0,286,2026-01-06 19:49:26.733,ZZ DO NOT USE STEEL TURNINGS,FETURN
1339,62,53,15723,33.8,45.0,133.0,code+40.0;desc+20.0;net_wt_over-15.0,338,2026-01-06 19:49:26.733,ZZ DO NOT USE STEEL TURNINGS,FETURN
1339,62,52,15723,33.8,45.0,133.0,code+40.0;desc+20.0;net_wt_over-15.0,368,2026-01-06 19:49:26.733,ZZ DO NOT USE STEEL TURNINGS,FETURN
1339,62,51,15723,33.8,45.0,133.0,code+40.0;desc+20.0;net_wt_over-15.0,403,2026-01-06 19:49:26.733,ZZ DO NOT USE STEEL TURNINGS,FETURN
1339,62,50,15723,33.8,45.0,133.0,code+40.0;desc+20.0;net_wt_over-15.0,526,2026-01-06 19:49:26.733,ZZ DO NOT USE STEEL TURNINGS,FETURN
1339,62,49,15723,33.8,45.0,133.0,code+40.0;desc+20.0;net_wt_over-15.0,597,2026-01-06 19:49:26.733,ZZ DO NOT USE STEEL TURNINGS,FETURN
1339,62,48,15723,33.8,45.0,133.0,code+40.0;desc+20.0;net_wt_over-15.0,603,2026-01-06 19:49:26.733,ZZ DO NOT USE STEEL TURNINGS,FETURN
1339,62,47,15723,33.8,45.0,133.0,code+40.0;desc+20.0;net_wt_over-15.0,613,2026-01-06 19:49:26.733,ZZ DO NOT USE STEEL TURNINGS,FETURN
1339,62,46,15723,33.8,45.0,133.0,code+40.0;desc+20.0;net_wt_over-15.0,673,2026-01-06 19:49:26.733,ZZ DO NOT USE STEEL TURNINGS,FETURN
1339,62,45,15723,33.8,45.0,133.0,code+40.0;desc+20.0;net_wt_over-15.0,691,2026-01-06 19:49:26.733,ZZ DO NOT USE STEEL TURNINGS,FETURN
1339,62,44,15723,33.8,45.0,133.0,code+40.0;desc+20.0;net_wt_over-15.0,1008,2026-01-06 19:49:26.733,ZZ DO NOT USE STEEL TURNINGS,FETURN
1339,62,441,16352,33.8,45.0,133.0,code+40.0;desc+20.0;net_wt_over-15.0,13460,2026-01-27 19:31:18.524,ZZ DO NOT USE STEEL TURNINGS,FETURN
1350,63,304,16088,90.4,131.03,145.0,code+40.0;desc+20.0;net_wt+40.0;date+25.0;time+6.03,25760,2026-01-15 14:04:25.604,STEEL WIRE,STWR
1350,63,224,15883,36.1,48.0,133.0,code+40.0;desc+20.0;net_wt_over-15.0;date+3.0,39680,2026-01-09 20:35:50.665,STEEL WIRE,STWR
1350,63,225,15884,36.1,48.0,133.0,code+40.0;desc+20.0;net_wt_over-15.0;date+3.0,38520,2026-01-09 20:40:06.747,STEEL WIRE,STWR
1350,63,387,16256,36.1,48.0,133.0,code+40.0;desc+20.0;net_wt_over-15.0;date+3.0,23680,2026-01-22 21:03:40.564,STEEL WIRE,STWR
1350,63,388,16257,36.1,48.0,133.0,code+40.0;desc+20.0;net_wt_over-15.0;date+3.0,27380,2026-01-22 21:04:28.232,STEEL WIRE,STWR
1350,63,11,15588,33.8,45.0,133.0,code+40.0;desc+20.0;net_wt_over-15.0,37940,2026-01-02 20:16:51.605,STEEL WIRE,STWR
1344,64,316,16108,45.9,61.0,133.0,code+40.0;desc+20.0;net_wt_over-15.0;date+15.0;price+1.0,187,2026-01-16 20:40:08.592,ZZ DO NOT USE ALUMINUM BREAKAGE,ALBRKG
1344,64,280,16052,45.1,60.0,133.0,code+40.0;desc+20.0;net_wt_over-15.0;date+15.0,521,2026-01-14 18:59:19.320,ZZ DO NOT USE ALUMINUM BREAKAGE,ALBRKG
1344,64,299,16061,45.1,60.0,133.0,code+40.0;desc+20.0;net_wt_over-15.0;date+15.0,20,2026-01-14 20:33:16.376,ZZ DO NOT USE ALUMINUM BREAKAGE,ALBRKG
1344,64,311,16103,45.1,60.0,133.0,code+40.0;desc+20.0;net_wt_over-15.0;date+15.0,2,2026-01-16 20:02:45.125,ZZ DO NOT USE ALUMINUM BREAKAGE,ALBRKG
1344,64,188,15874,36.1,48.0,133.0,code+40.0;desc+20.0;net_wt_over-15.0;date+3.0,52,2026-01-09 19:34:31.967,ZZ DO NOT USE ALUMINUM BREAKAGE,ALBRKG
1344,64,211,15879,36.1,48.0,133.0,code+40.0;desc+20.0;net_wt_over-15.0;date+3.0,433,2026-01-09 19:50:04.469,ZZ DO NOT USE ALUMINUM BREAKAGE,ALBRKG
1344,64,251,16042,11.3,15.0,133.0,code_diff-40.0;net_wt+40.0;date+15.0,10520,2026-01-14 14:32:17.145,OVERSIZED MACHINERY,OVSZMAC
1344,64,385,16253,2.3,3.0,133.0,code_diff-40.0;net_wt+40.0;date+3.0,10500,2026-01-22 19:54:50.062,CLEAN SHEET,CLSHST
1344,64,235,15935,0.0,-32.02,133.0,code_diff-40.0;net_wt+0.48;date+7.5,10240,2026-01-12 17:10:19.403,SHEET IRON,SHIRST
1344,64,386,16255,0.0,-28.9,133.0,code_diff-40.0;net_wt+8.1;date+3.0,10720,2026-01-22 20:15:17.937,ZZ DO NOT USE STEEL TURNINGS,FETURN
1338,65,294,16050,51.0,73.93,145.0,code+40.0;desc+20.0;net_wt_over-15.0;date+25.0;time+3.93,15280,2026-01-14 19:00:49.416,ZZ DO NOT USE STEEL TURNINGS,FETURN
1338,65,250,16024,45.1,60.0,133.0,code+40.0;desc+20.0;net_wt_over-15.0;date+15.0,43100,2026-01-13 20:05:45.031,ZZ DO NOT USE STEEL TURNINGS,FETURN
1338,65,308,16089,39.5,52.5,133.0,code+40.0;desc+20.0;net_wt_over-15.0;date+7.5,22440,2026-01-16 13:55:43.277,ZZ DO NOT USE STEEL TURNINGS,FETURN
1338,65,238,15945,39.5,52.5,133.0,code+40.0;desc+20.0;net_wt_over-15.0;date+7.5,18440,2026-01-12 18:28:19.356,ZZ DO NOT USE STEEL TURNINGS,FETURN
1338,65,167,15789,36.1,48.0,133.0,code+40.0;desc+20.0;net_wt_over-15.0;date+3.0,8180,2026-01-08 15:08:36.804,ZZ DO NOT USE STEEL TURNINGS,FETURN
1338,65,179,15833,36.1,48.0,133.0,code+40.0;desc+20.0;net_wt_over-15.0;date+3.0,20800,2026-01-08 19:49:34.672,ZZ DO NOT USE STEEL TURNINGS,FETURN
1338,65,371,16203,36.1,48.0,133.0,code+40.0;desc+20.0;net_wt_over-15.0;date+3.0,23160,2026-01-21 17:04:48.368,ZZ DO NOT USE STEEL TURNINGS,FETURN
1338,65,335,16170,36.1,48.0,133.0,code+40.0;desc+20.0;net_wt_over-15.0;date+3.0,11860,2026-01-20 18:04:49.108,ZZ DO NOT USE STEEL TURNINGS,FETURN
1338,65,328,16155,36.1,48.0,133.0,code+40.0;desc+20.0;net_wt_over-15.0;date+3.0,1083,2026-01-20 15:04:32.061,ZZ DO NOT USE STEEL TURNINGS,FETURN
1338,65,146,15759,36.1,48.0,133.0,code+40.0;desc+20.0;net_wt_over-15.0;date+3.0,28260,2026-01-07 17:41:50.153,ZZ DO NOT USE STEEL TURNINGS,FETURN
1338,65,184,15847,36.1,48.0,133.0,code+40.0;desc+20.0;net_wt_over-15.0;date+3.0,17860,2026-01-09 14:45:43.821,ZZ DO NOT USE STEEL TURNINGS,FETURN
1338,65,425,16305,33.8,45.0,133.0,code+40.0;desc+20.0;net_wt_over-15.0,2100,2026-01-26 14:31:24.194,ZZ DO NOT USE STEEL TURNINGS,FETURN
1338,65,397,16272,33.8,45.0,133.0,code+40.0;desc+20.0;net_wt_over-15.0,36680,2026-01-23 16:20:07.740,ZZ DO NOT USE STEEL TURNINGS,FETURN
1338,65,396,16394,33.8,45.0,133.0,code+40.0;desc+20.0;net_wt_over-15.0,14660,2026-01-23 13:59:34.224,ZZ DO NOT USE STEEL TURNINGS,FETURN
1338,65,386,16255,33.8,45.0,133.0,code+40.0;desc+20.0;net_wt_over-15.0,10720,2026-01-22 20:15:17.937,ZZ DO NOT USE STEEL TURNINGS,FETURN
1338,65,10,15574,33.8,45.0,133.0,code+40.0;desc+20.0;net_wt_over-15.0,17040,2026-01-02 18:21:42.875,ZZ DO NOT USE STEEL TURNINGS,FETURN
1338,65,34,15696,33.8,45.0,133.0,code+40.0;desc+20.0;net_wt_over-15.0,24780,2026-01-06 16:26:51.795,ZZ DO NOT USE STEEL TURNINGS,FETURN
1338,65,54,15723,33.8,45.0,133.0,code+40.0;desc+20.0;net_wt_over-15.0,286,2026-01-06 19:49:26.733,ZZ DO NOT USE STEEL TURNINGS,FETURN
1338,65,53,15723,33.8,45.0,133.0,code+40.0;desc+20.0;net_wt_over-15.0,338,2026-01-06 19:49:26.733,ZZ DO NOT USE STEEL TURNINGS,FETURN
1338,65,52,15723,33.8,45.0,133.0,code+40.0;desc+20.0;net_wt_over-15.0,368,2026-01-06 19:49:26.733,ZZ DO NOT USE STEEL TURNINGS,FETURN
1338,65,51,15723,33.8,45.0,133.0,code+40.0;desc+20.0;net_wt_over-15.0,403,2026-01-06 19:49:26.733,ZZ DO NOT USE STEEL TURNINGS,FETURN
1338,65,50,15723,33.8,45.0,133.0,code+40.0;desc+20.0;net_wt_over-15.0,526,2026-01-06 19:49:26.733,ZZ DO NOT USE STEEL TURNINGS,FETURN
1338,65,49,15723,33.8,45.0,133.0,code+40.0;desc+20.0;net_wt_over-15.0,597,2026-01-06 19:49:26.733,ZZ DO NOT USE STEEL TURNINGS,FETURN
1338,65,48,15723,33.8,45.0,133.0,code+40.0;desc+20.0;net_wt_over-15.0,603,2026-01-06 19:49:26.733,ZZ DO NOT USE STEEL TURNINGS,FETURN
1338,65,47,15723,33.8,45.0,133.0,code+40.0;desc+20.0;net_wt_over-15.0,613,2026-01-06 19:49:26.733,ZZ DO NOT USE STEEL TURNINGS,FETURN
1338,65,46,15723,33.8,45.0,133.0,code+40.0;desc+20.0;net_wt_over-15.0,673,2026-01-06 19:49:26.733,ZZ DO NOT USE STEEL TURNINGS,FETURN
1338,65,45,15723,33.8,45.0,133.0,code+40.0;desc+20.0;net_wt_over-15.0,691,2026-01-06 19:49:26.733,ZZ DO NOT USE STEEL TURNINGS,FETURN
1338,65,44,15723,33.8,45.0,133.0,code+40.0;desc+20.0;net_wt_over-15.0,1008,2026-01-06 19:49:26.733,ZZ DO NOT USE STEEL TURNINGS,FETURN
1338,65,441,16352,33.8,45.0,133.0,code+40.0;desc+20.0;net_wt_over-15.0,13460,2026-01-27 19:31:18.524,ZZ DO NOT USE STEEL TURNINGS,FETURN
1335,66,250,16024,90.4,131.02,145.0,code+40.0;desc+20.0;net_wt+40.0;date+25.0;time+6.02,43100,2026-01-13 20:05:45.031,ZZ DO NOT USE STEEL TURNINGS,FETURN
1335,66,294,16050,45.1,60.0,133.0,code+40.0;desc+20.0;net_wt_over-15.0;date+15.0,15280,2026-01-14 19:00:49.416,ZZ DO NOT USE STEEL TURNINGS,FETURN
1335,66,238,15945,45.1,60.0,133.0,code+40.0;desc+20.0;net_wt_over-15.0;date+15.0,18440,2026-01-12 18:28:19.356,ZZ DO NOT USE STEEL TURNINGS,FETURN
1335,66,308,16089,39.5,52.5,133.0,code+40.0;desc+20.0;net_wt_over-15.0;date+7.5,22440,2026-01-16 13:55:43.277,ZZ DO NOT USE STEEL TURNINGS,FETURN
1335,66,167,15789,36.1,48.0,133.0,code+40.0;desc+20.0;net_wt_over-15.0;date+3.0,8180,2026-01-08 15:08:36.804,ZZ DO NOT USE STEEL TURNINGS,FETURN
1335,66,146,15759,36.1,48.0,133.0,code+40.0;desc+20.0;net_wt_over-15.0;date+3.0,28260,2026-01-07 17:41:50.153,ZZ DO NOT USE STEEL TURNINGS,FETURN
1335,66,335,16170,36.1,48.0,133.0,code+40.0;desc+20.0;net_wt_over-15.0;date+3.0,11860,2026-01-20 18:04:49.108,ZZ DO NOT USE STEEL TURNINGS,FETURN
1335,66,328,16155,36.1,48.0,133.0,code+40.0;desc+20.0;net_wt_over-15.0;date+3.0,1083,2026-01-20 15:04:32.061,ZZ DO NOT USE STEEL TURNINGS,FETURN
1335,66,184,15847,36.1,48.0,133.0,code+40.0;desc+20.0;net_wt_over-15.0;date+3.0,17860,2026-01-09 14:45:43.821,ZZ DO NOT USE STEEL TURNINGS,FETURN
1335,66,179,15833,36.1,48.0,133.0,code+40.0;desc+20.0;net_wt_over-15.0;date+3.0,20800,2026-01-08 19:49:34.672,ZZ DO NOT USE STEEL TURNINGS,FETURN
1335,66,34,15696,36.1,48.0,133.0,code+40.0;desc+20.0;net_wt_over-15.0;date+3.0,24780,2026-01-06 16:26:51.795,ZZ DO NOT USE STEEL TURNINGS,FETURN
1335,66,54,15723,36.1,48.0,133.0,code+40.0;desc+20.0;net_wt_over-15.0;date+3.0,286,2026-01-06 19:49:26.733,ZZ DO NOT USE STEEL TURNINGS,FETURN
1335,66,53,15723,36.1,48.0,133.0,code+40.0;desc+20.0;net_wt_over-15.0;date+3.0,338,2026-01-06 19:49:26.733,ZZ DO NOT USE STEEL TURNINGS,FETURN
1335,66,52,15723,36.1,48.0,133.0,code+40.0;desc+20.0;net_wt_over-15.0;date+3.0,368,2026-01-06 19:49:26.733,ZZ DO NOT USE STEEL TURNINGS,FETURN
1335,66,51,15723,36.1,48.0,133.0,code+40.0;desc+20.0;net_wt_over-15.0;date+3.0,403,2026-01-06 19:49:26.733,ZZ DO NOT USE STEEL TURNINGS,FETURN
1335,66,50,15723,36.1,48.0,133.0,code+40.0;desc+20.0;net_wt_over-15.0;date+3.0,526,2026-01-06 19:49:26.733,ZZ DO NOT USE STEEL TURNINGS,FETURN
1335,66,49,15723,36.1,48.0,133.0,code+40.0;desc+20.0;net_wt_over-15.0;date+3.0,597,2026-01-06 19:49:26.733,ZZ DO NOT USE STEEL TURNINGS,FETURN
1335,66,48,15723,36.1,48.0,133.0,code+40.0;desc+20.0;net_wt_over-15.0;date+3.0,603,2026-01-06 19:49:26.733,ZZ DO NOT USE STEEL TURNINGS,FETURN
1335,66,47,15723,36.1,48.0,133.0,code+40.0;desc+20.0;net_wt_over-15.0;date+3.0,613,2026-01-06 19:49:26.733,ZZ DO NOT USE STEEL TURNINGS,FETURN
1335,66,46,15723,36.1,48.0,133.0,code+40.0;desc+20.0;net_wt_over-15.0;date+3.0,673,2026-01-06 19:49:26.733,ZZ DO NOT USE STEEL TURNINGS,FETURN
1335,66,45,15723,36.1,48.0,133.0,code+40.0;desc+20.0;net_wt_over-15.0;date+3.0,691,2026-01-06 19:49:26.733,ZZ DO NOT USE STEEL TURNINGS,FETURN
1335,66,44,15723,36.1,48.0,133.0,code+40.0;desc+20.0;net_wt_over-15.0;date+3.0,1008,2026-01-06 19:49:26.733,ZZ DO NOT USE STEEL TURNINGS,FETURN
1335,66,386,16255,33.8,45.0,133.0,code+40.0;desc+20.0;net_wt_over-15.0,10720,2026-01-22 20:15:17.937,ZZ DO NOT USE STEEL TURNINGS,FETURN
1335,66,397,16272,33.8,45.0,133.0,code+40.0;desc+20.0;net_wt_over-15.0,36680,2026-01-23 16:20:07.740,ZZ DO NOT USE STEEL TURNINGS,FETURN
1335,66,396,16394,33.8,45.0,133.0,code+40.0;desc+20.0;net_wt_over-15.0,14660,2026-01-23 13:59:34.224,ZZ DO NOT USE STEEL TURNINGS,FETURN
1335,66,10,15574,33.8,45.0,133.0,code+40.0;desc+20.0;net_wt_over-15.0,17040,2026-01-02 18:21:42.875,ZZ DO NOT USE STEEL TURNINGS,FETURN
1335,66,371,16203,33.8,45.0,133.0,code+40.0;desc+20.0;net_wt_over-15.0,23160,2026-01-21 17:04:48.368,ZZ DO NOT USE STEEL TURNINGS,FETURN
1335,66,425,16305,33.8,45.0,133.0,code+40.0;desc+20.0;net_wt_over-15.0,2100,2026-01-26 14:31:24.194,ZZ DO NOT USE STEEL TURNINGS,FETURN
1335,66,337,16185,0.0,-3.41,133.0,code_diff-40.0;net_wt+26.8;date+3.0;price+6.79,42600,2026-01-20 20:08:10.435,BUSHELING,Indbush
1334,67,250,16024,51.0,74.01,145.0,code+40.0;desc+20.0;net_wt_over-15.0;date+25.0;time+4.01,43100,2026-01-13 20:05:45.031,ZZ DO NOT USE STEEL TURNINGS,FETURN
1334,67,294,16050,45.1,60.0,133.0,code+40.0;desc+20.0;net_wt_over-15.0;date+15.0,15280,2026-01-14 19:00:49.416,ZZ DO NOT USE STEEL TURNINGS,FETURN
1334,67,238,15945,45.1,60.0,133.0,code+40.0;desc+20.0;net_wt_over-15.0;date+15.0,18440,2026-01-12 18:28:19.356,ZZ DO NOT USE STEEL TURNINGS,FETURN
1334,67,308,16089,39.5,52.5,133.0,code+40.0;desc+20.0;net_wt_over-15.0;date+7.5,22440,2026-01-16 13:55:43.277,ZZ DO NOT USE STEEL TURNINGS,FETURN
1334,67,167,15789,36.1,48.0,133.0,code+40.0;desc+20.0;net_wt_over-15.0;date+3.0,8180,2026-01-08 15:08:36.804,ZZ DO NOT USE STEEL TURNINGS,FETURN
1334,67,146,15759,36.1,48.0,133.0,code+40.0;desc+20.0;net_wt_over-15.0;date+3.0,28260,2026-01-07 17:41:50.153,ZZ DO NOT USE STEEL TURNINGS,FETURN
1334,67,335,16170,36.1,48.0,133.0,code+40.0;desc+20.0;net_wt_over-15.0;date+3.0,11860,2026-01-20 18:04:49.108,ZZ DO NOT USE STEEL TURNINGS,FETURN
1334,67,328,16155,36.1,48.0,133.0,code+40.0;desc+20.0;net_wt_over-15.0;date+3.0,1083,2026-01-20 15:04:32.061,ZZ DO NOT USE STEEL TURNINGS,FETURN
1334,67,184,15847,36.1,48.0,133.0,code+40.0;desc+20.0;net_wt_over-15.0;date+3.0,17860,2026-01-09 14:45:43.821,ZZ DO NOT USE STEEL TURNINGS,FETURN
1334,67,179,15833,36.1,48.0,133.0,code+40.0;desc+20.0;net_wt_over-15.0;date+3.0,20800,2026-01-08 19:49:34.672,ZZ DO NOT USE STEEL TURNINGS,FETURN
1334,67,34,15696,36.1,48.0,133.0,code+40.0;desc+20.0;net_wt_over-15.0;date+3.0,24780,2026-01-06 16:26:51.795,ZZ DO NOT USE STEEL TURNINGS,FETURN
1334,67,54,15723,36.1,48.0,133.0,code+40.0;desc+20.0;net_wt_over-15.0;date+3.0,286,2026-01-06 19:49:26.733,ZZ DO NOT USE STEEL TURNINGS,FETURN
1334,67,53,15723,36.1,48.0,133.0,code+40.0;desc+20.0;net_wt_over-15.0;date+3.0,338,2026-01-06 19:49:26.733,ZZ DO NOT USE STEEL TURNINGS,FETURN
1334,67,52,15723,36.1,48.0,133.0,code+40.0;desc+20.0;net_wt_over-15.0;date+3.0,368,2026-01-06 19:49:26.733,ZZ DO NOT USE STEEL TURNINGS,FETURN
1334,67,51,15723,36.1,48.0,133.0,code+40.0;desc+20.0;net_wt_over-15.0;date+3.0,403,2026-01-06 19:49:26.733,ZZ DO NOT USE STEEL TURNINGS,FETURN
1334,67,50,15723,36.1,48.0,133.0,code+40.0;desc+20.0;net_wt_over-15.0;date+3.0,526,2026-01-06 19:49:26.733,ZZ DO NOT USE STEEL TURNINGS,FETURN
1334,67,49,15723,36.1,48.0,133.0,code+40.0;desc+20.0;net_wt_over-15.0;date+3.0,597,2026-01-06 19:49:26.733,ZZ DO NOT USE STEEL TURNINGS,FETURN
1334,67,48,15723,36.1,48.0,133.0,code+40.0;desc+20.0;net_wt_over-15.0;date+3.0,603,2026-01-06 19:49:26.733,ZZ DO NOT USE STEEL TURNINGS,FETURN
1334,67,47,15723,36.1,48.0,133.0,code+40.0;desc+20.0;net_wt_over-15.0;date+3.0,613,2026-01-06 19:49:26.733,ZZ DO NOT USE STEEL TURNINGS,FETURN
1334,67,46,15723,36.1,48.0,133.0,code+40.0;desc+20.0;net_wt_over-15.0;date+3.0,673,2026-01-06 19:49:26.733,ZZ DO NOT USE STEEL TURNINGS,FETURN
1334,67,45,15723,36.1,48.0,133.0,code+40.0;desc+20.0;net_wt_over-15.0;date+3.0,691,2026-01-06 19:49:26.733,ZZ DO NOT USE STEEL TURNINGS,FETURN
1334,67,44,15723,36.1,48.0,133.0,code+40.0;desc+20.0;net_wt_over-15.0;date+3.0,1008,2026-01-06 19:49:26.733,ZZ DO NOT USE STEEL TURNINGS,FETURN
1334,67,396,16394,33.8,45.0,133.0,code+40.0;desc+20.0;net_wt_over-15.0,14660,2026-01-23 13:59:34.224,ZZ DO NOT USE STEEL TURNINGS,FETURN
1334,67,425,16305,33.8,45.0,133.0,code+40.0;desc+20.0;net_wt_over-15.0,2100,2026-01-26 14:31:24.194,ZZ DO NOT USE STEEL TURNINGS,FETURN
1334,67,397,16272,33.8,45.0,133.0,code+40.0;desc+20.0;net_wt_over-15.0,36680,2026-01-23 16:20:07.740,ZZ DO NOT USE STEEL TURNINGS,FETURN
1334,67,10,15574,33.8,45.0,133.0,code+40.0;desc+20.0;net_wt_over-15.0,17040,2026-01-02 18:21:42.875,ZZ DO NOT USE STEEL TURNINGS,FETURN
1334,67,386,16255,33.8,45.0,133.0,code+40.0;desc+20.0;net_wt_over-15.0,10720,2026-01-22 20:15:17.937,ZZ DO NOT USE STEEL TURNINGS,FETURN
1334,67,371,16203,33.8,45.0,133.0,code+40.0;desc+20.0;net_wt_over-15.0,23160,2026-01-21 17:04:48.368,ZZ DO NOT USE STEEL TURNINGS,FETURN
1334,67,433,16324,0.0,-30.5,133.0,code_diff-40.0;net_wt+2.71;price+6.79,47620,2026-01-26 20:19:17.711,BUSHELING,Indbush
1332,68,228,15979,90.8,131.6,145.0,code+40.0;desc+20.0;net_wt+40.0;date+25.0;time+6.02;price+0.58,34460,2026-01-12 15:15:23.549,BUSHELING,Indbush
1332,68,307,16073,39.5,52.5,133.0,code+40.0;desc+20.0;net_wt_over-15.0;date+7.5,21264,2026-01-15 17:24:07.056,BUSHELING,Indbush
1332,68,12,15683,36.5,48.58,133.0,code+40.0;desc+20.0;net_wt_over-15.0;date+3.0;price+0.58,28880,2026-01-05 14:33:04.175,BUSHELING,Indbush
1332,68,169,15803,36.1,48.0,133.0,code+40.0;desc+20.0;net_wt_over-15.0;date+3.0,25020,2026-01-08 16:31:44.461,BUSHELING,Indbush
1332,68,181,15836,36.1,48.0,133.0,code+40.0;desc+20.0;net_wt_over-15.0;date+3.0,720,2026-01-08 21:44:47.629,BUSHELING,Indbush
1332,68,182,15836,36.1,48.0,133.0,code+40.0;desc+20.0;net_wt_over-15.0;date+3.0,700,2026-01-08 21:44:47.629,BUSHELING,Indbush
1332,68,183,15836,36.1,48.0,133.0,code+40.0;desc+20.0;net_wt_over-15.0;date+3.0,680,2026-01-08 21:44:47.629,BUSHELING,Indbush
1332,68,331,16161,35.3,46.92,133.0,code+40.0;desc+20.0;net_wt_over-15.0;price+1.92,1720,2026-01-20 16:41:02.590,BUSHELING,Indbush
1332,68,332,16161,35.3,46.92,133.0,code+40.0;desc+20.0;net_wt_over-15.0;price+1.92,1000,2026-01-20 16:41:02.590,BUSHELING,Indbush
1332,68,333,16161,35.3,46.92,133.0,code+40.0;desc+20.0;net_wt_over-15.0;price+1.92,820,2026-01-20 16:41:02.590,BUSHELING,Indbush
1332,68,334,16161,35.3,46.92,133.0,code+40.0;desc+20.0;net_wt_over-15.0;price+1.92,800,2026-01-20 16:41:02.590,BUSHELING,Indbush
1332,68,337,16185,34.3,45.58,133.0,code+40.0;desc+20.0;net_wt_over-15.0;price+0.58,42600,2026-01-20 20:08:10.435,BUSHELING,Indbush
1332,68,368,16197,33.8,45.0,133.0,code+40.0;desc+20.0;net_wt_over-15.0,47700,2026-01-21 14:01:05.637,BUSHELING,Indbush
1329,69,225,15884,90.4,131.02,145.0,code+40.0;desc+20.0;net_wt+40.0;date+25.0;time+6.02,38520,2026-01-09 20:40:06.747,STEEL WIRE,STWR
1329,69,11,15588,62.3,82.89,133.0,code+40.0;desc+20.0;net_wt+19.89;date+3.0,37940,2026-01-02 20:16:51.605,STEEL WIRE,STWR
1329,69,224,15883,52.5,76.09,145.0,code+40.0;desc+20.0;net_wt_over-15.0;date+25.0;time+6.09,39680,2026-01-09 20:35:50.665,STEEL WIRE,STWR
1329,69,304,16088,36.1,48.0,133.0,code+40.0;desc+20.0;net_wt_over-15.0;date+3.0,25760,2026-01-15 14:04:25.604,STEEL WIRE,STWR
1329,69,387,16256,33.8,45.0,133.0,code+40.0;desc+20.0;net_wt_over-15.0,23680,2026-01-22 21:03:40.564,STEEL WIRE,STWR
1329,69,388,16257,33.8,45.0,133.0,code+40.0;desc+20.0;net_wt_over-15.0,27380,2026-01-22 21:04:28.232,STEEL WIRE,STWR
1328,70,224,15883,90.4,131.08,145.0,code+40.0;desc+20.0;net_wt+40.0;date+25.0;time+6.08,39680,2026-01-09 20:35:50.665,STEEL WIRE,STWR
1328,70,225,15884,52.4,76.01,145.0,code+40.0;desc+20.0;net_wt_over-15.0;date+25.0;time+6.01,38520,2026-01-09 20:40:06.747,STEEL WIRE,STWR
1328,70,11,15588,36.1,48.0,133.0,code+40.0;desc+20.0;net_wt_over-15.0;date+3.0,37940,2026-01-02 20:16:51.605,STEEL WIRE,STWR
1328,70,304,16088,36.1,48.0,133.0,code+40.0;desc+20.0;net_wt_over-15.0;date+3.0,25760,2026-01-15 14:04:25.604,STEEL WIRE,STWR
1328,70,387,16256,33.8,45.0,133.0,code+40.0;desc+20.0;net_wt_over-15.0,23680,2026-01-22 21:03:40.564,STEEL WIRE,STWR
1328,70,388,16257,33.8,45.0,133.0,code+40.0;desc+20.0;net_wt_over-15.0,27380,2026-01-22 21:04:28.232,STEEL WIRE,STWR
1367,71,195,15873,45.1,60.0,133.0,code+40.0;desc+20.0;net_wt_over-15.0;date+15.0,522,2026-01-09 19:35:16.563,EDM WIRE,EDMW
1367,71,196,15873,45.1,60.0,133.0,code+40.0;desc+20.0;net_wt_over-15.0;date+15.0,520,2026-01-09 19:35:16.563,EDM WIRE,EDMW
1367,71,197,15873,45.1,60.0,133.0,code+40.0;desc+20.0;net_wt_over-15.0;date+15.0,450,2026-01-09 19:35:16.563,EDM WIRE,EDMW
1367,71,198,15873,45.1,60.0,133.0,code+40.0;desc+20.0;net_wt_over-15.0;date+15.0,538,2026-01-09 19:35:16.563,EDM WIRE,EDMW
1367,71,339,16195,0.0,-8.72,133.0,code_diff-40.0;net_wt+31.28,2011,2026-01-21 13:47:57.090,LAS,las
1367,72,204,15873,86.5,115.0,133.0,code+40.0;desc+20.0;net_wt+40.0;date+15.0,255,2026-01-09 19:35:16.563,CARBIDE,NICARBD
1367,72,66,15723,5.6,7.5,133.0,code_diff-40.0;net_wt+40.0;date+7.5,256,2026-01-06 19:49:26.733,6061 TURNINGS,AL6061TURNS
1367,72,38,15723,1.4,1.81,133.0,code_diff-40.0;net_wt+34.31;date+7.5,257,2026-01-06 19:49:26.733,6061 TURNINGS,AL6061TURNS
1367,72,83,15734,0.0,-22.06,133.0,code_diff-40.0;net_wt+2.94;date+15.0,261,2026-01-07 13:08:46.597,BRASS BREAKAGE,BRHVBRK
1367,72,286,16052,0.0,-18.37,133.0,code_diff-40.0;net_wt+18.63;date+3.0,251,2026-01-14 18:59:19.320,ZZZ DO NOT USE - ALUMINUM FLASHINGS - 319,ALMFLASH
1367,73,203,15873,45.1,60.0,133.0,code+40.0;desc+20.0;net_wt_over-15.0;date+15.0,1512,2026-01-09 19:35:16.563,17-4 SOLIDS,174SOLIDS
1367,73,206,15873,45.1,60.0,133.0,code+40.0;desc+20.0;net_wt_over-15.0;date+15.0,1428,2026-01-09 19:35:16.563,17-4 SOLIDS,174SOLIDS
1367,73,350,16195,33.8,45.0,133.0,code+40.0;desc+20.0;net_wt_over-15.0,1756,2026-01-21 13:47:57.090,17-4 SOLIDS,174SOLIDS
1367,73,43,15723,1.9,2.53,133.0,code_diff-40.0;net_wt+35.03;date+7.5,2918,2026-01-06 19:49:26.733,HEAVY MELT,INDHVYM
1367,74,156,15871,45.1,60.0,133.0,code+40.0;desc+20.0;net_wt_over-15.0;date+15.0,584,2026-01-07 20:25:26.408,6063 BARE ALUMINUM EXTRUSION,AL06063
1367,74,157,15871,45.1,60.0,133.0,code+40.0;desc+20.0;net_wt_over-15.0;date+15.0,718,2026-01-07 20:25:26.408,6063 BARE ALUMINUM EXTRUSION,AL06063
1367,74,158,15871,45.1,60.0,133.0,code+40.0;desc+20.0;net_wt_over-15.0;date+15.0,784,2026-01-07 20:25:26.408,6063 BARE ALUMINUM EXTRUSION,AL06063
1367,74,159,15871,45.1,60.0,133.0,code+40.0;desc+20.0;net_wt_over-15.0;date+15.0,806,2026-01-07 20:25:26.408,6063 BARE ALUMINUM EXTRUSION,AL06063
1367,74,160,15871,45.1,60.0,133.0,code+40.0;desc+20.0;net_wt_over-15.0;date+15.0,866,2026-01-07 20:25:26.408,6063 BARE ALUMINUM EXTRUSION,AL06063
1367,74,317,16108,33.8,45.0,133.0,code+40.0;desc+20.0;net_wt_over-15.0,141,2026-01-16 20:40:08.592,6063 BARE ALUMINUM EXTRUSION,AL06063
1367,74,319,16108,33.8,45.0,133.0,code+40.0;desc+20.0;net_wt_over-15.0,407,2026-01-16 20:40:08.592,6063 BARE ALUMINUM EXTRUSION,AL06063
1367,74,217,15878,0.0,-3.74,133.0,code_diff-40.0;net_wt+21.26;date+15.0,3812,2026-01-09 19:54:46.887,HEAVY MELT,INDHVYM
1367,75,161,15871,86.5,115.0,133.0,code+40.0;desc+20.0;net_wt+40.0;date+15.0,974,2026-01-07 20:25:26.408,5052 ALUMINUM,AL05052
1367,75,139,16140,45.1,60.0,133.0,code+40.0;desc+20.0;net_wt_over-15.0;date+15.0,11610,2026-01-07 16:03:40.692,5052 ALUMINUM,AL05052
1367,75,324,16268,33.8,45.0,133.0,code+40.0;desc+20.0;net_wt_over-15.0,9558,2026-01-19 15:28:59.996,5052 ALUMINUM,AL05052
1367,75,186,15865,0.0,-3.75,133.0,code_diff-40.0;net_wt+21.25;date+15.0,960,2026-01-09 18:06:10.308,SHEET IRON,SHIRST
1367,76,199,15873,45.1,60.0,133.0,code+40.0;desc+20.0;net_wt_over-15.0;date+15.0,164,2026-01-09 19:35:16.563,ZZ DO NOT USE - ALUMINUM TURNINGS,ALMTRNG
1367,76,200,15873,45.1,60.0,133.0,code+40.0;desc+20.0;net_wt_over-15.0;date+15.0,182,2026-01-09 19:35:16.563,ZZ DO NOT USE - ALUMINUM TURNINGS,ALMTRNG
1367,76,201,15873,45.1,60.0,133.0,code+40.0;desc+20.0;net_wt_over-15.0;date+15.0,196,2026-01-09 19:35:16.563,ZZ DO NOT USE - ALUMINUM TURNINGS,ALMTRNG
1367,76,202,15873,45.1,60.0,133.0,code+40.0;desc+20.0;net_wt_over-15.0;date+15.0,232,2026-01-09 19:35:16.563,ZZ DO NOT USE - ALUMINUM TURNINGS,ALMTRNG
1367,76,275,16052,36.1,48.0,133.0,code+40.0;desc+20.0;net_wt_over-15.0;date+3.0,624,2026-01-14 18:59:19.320,ZZ DO NOT USE - ALUMINUM TURNINGS,ALMTRNG
1367,76,292,16052,36.1,48.0,133.0,code+40.0;desc+20.0;net_wt_over-15.0;date+3.0,175,2026-01-14 18:59:19.320,ZZ DO NOT USE - ALUMINUM TURNINGS,ALMTRNG
1367,76,289,16052,36.1,48.0,133.0,code+40.0;desc+20.0;net_wt_over-15.0;date+3.0,201,2026-01-14 18:59:19.320,ZZ DO NOT USE - ALUMINUM TURNINGS,ALMTRNG
1367,76,288,16052,36.1,48.0,133.0,code+40.0;desc+20.0;net_wt_over-15.0;date+3.0,153,2026-01-14 18:59:19.320,ZZ DO NOT USE - ALUMINUM TURNINGS,ALMTRNG
1367,76,287,16052,36.1,48.0,133.0,code+40.0;desc+20.0;net_wt_over-15.0;date+3.0,228,2026-01-14 18:59:19.320,ZZ DO NOT USE - ALUMINUM TURNINGS,ALMTRNG
1367,76,285,16052,36.1,48.0,133.0,code+40.0;desc+20.0;net_wt_over-15.0;date+3.0,266,2026-01-14 18:59:19.320,ZZ DO NOT USE - ALUMINUM TURNINGS,ALMTRNG
1367,76,283,16052,36.1,48.0,133.0,code+40.0;desc+20.0;net_wt_over-15.0;date+3.0,325,2026-01-14 18:59:19.320,ZZ DO NOT USE - ALUMINUM TURNINGS,ALMTRNG
1367,76,281,16052,36.1,48.0,133.0,code+40.0;desc+20.0;net_wt_over-15.0;date+3.0,452,2026-01-14 18:59:19.320,ZZ DO NOT USE - ALUMINUM TURNINGS,ALMTRNG
1367,76,273,16052,36.1,48.0,133.0,code+40.0;desc+20.0;net_wt_over-15.0;date+3.0,800,2026-01-14 18:59:19.320,ZZ DO NOT USE - ALUMINUM TURNINGS,ALMTRNG
1367,76,274,16052,36.1,48.0,133.0,code+40.0;desc+20.0;net_wt_over-15.0;date+3.0,644,2026-01-14 18:59:19.320,ZZ DO NOT USE - ALUMINUM TURNINGS,ALMTRNG
1367,76,291,16052,36.1,48.0,133.0,code+40.0;desc+20.0;net_wt_over-15.0;date+3.0,182,2026-01-14 18:59:19.320,ZZ DO NOT USE - ALUMINUM TURNINGS,ALMTRNG
1367,76,272,16052,36.1,48.0,133.0,code+40.0;desc+20.0;net_wt_over-15.0;date+3.0,823,2026-01-14 18:59:19.320,ZZ DO NOT USE - ALUMINUM TURNINGS,ALMTRNG
1367,76,266,16052,36.1,48.0,133.0,code+40.0;desc+20.0;net_wt_over-15.0;date+3.0,1367,2026-01-14 18:59:19.320,ZZ DO NOT USE - ALUMINUM TURNINGS,ALMTRNG
1367,76,261,16052,36.1,48.0,133.0,code+40.0;desc+20.0;net_wt_over-15.0;date+3.0,147,2026-01-14 18:59:19.320,ZZ DO NOT USE - ALUMINUM TURNINGS,ALMTRNG
1367,76,293,16052,36.1,48.0,133.0,code+40.0;desc+20.0;net_wt_over-15.0;date+3.0,166,2026-01-14 18:59:19.320,ZZ DO NOT USE - ALUMINUM TURNINGS,ALMTRNG
1367,76,290,16052,36.1,48.0,133.0,code+40.0;desc+20.0;net_wt_over-15.0;date+3.0,194,2026-01-14 18:59:19.320,ZZ DO NOT USE - ALUMINUM TURNINGS,ALMTRNG
1367,76,352,16195,33.8,45.0,133.0,code+40.0;desc+20.0;net_wt_over-15.0,435,2026-01-21 13:47:57.090,ZZ DO NOT USE - ALUMINUM TURNINGS,ALMTRNG
1367,76,75,15723,0.0,-26.32,133.0,code_diff-40.0;net_wt+3.49;date+7.5;price+2.69,756,2026-01-06 19:49:26.733,316 STAINLESS STEEL TURNINGS,NI316BO
1367,76,158,15871,0.0,-0.84,133.0,code_diff-40.0;net_wt+24.16;date+15.0,784,2026-01-07 20:25:26.408,6063 BARE ALUMINUM EXTRUSION,AL06063
1367,76,74,15723,0.0,-10.92,133.0,code_diff-40.0;net_wt+21.58;date+7.5,763,2026-01-06 19:49:26.733,304 STAINLESS STEEL TURNINGS,NI300BO
1367,77,205,15873,88.1,117.18,133.0,code+40.0;desc+20.0;net_wt+40.0;date+15.0;price+2.18,230,2026-01-09 19:35:16.563,17-4 STAINLESS STEEL TURNINGS,NI174BO
1367,77,202,15873,5.7,7.61,133.0,code_diff-40.0;net_wt+32.61;date+15.0,232,2026-01-09 19:35:16.563,ZZ DO NOT USE - ALUMINUM TURNINGS,ALMTRNG
1367,77,39,15723,0.0,-29.25,133.0,code_diff-40.0;desc+18.25;net_wt_over-15.0;date+7.5,627,2026-01-06 19:49:26.733,316 STAINLESS STEEL TURNINGS,NI316BO
1367,77,216,15878,0.0,-21.75,133.0,code_diff-40.0;desc+18.25;net_wt_over-15.0;date+15.0,553,2026-01-09 19:54:46.887,304 STAINLESS STEEL TURNINGS,NI300BO
1367,77,360,16195,0.0,-37.76,133.0,code_diff-40.0;desc+17.24;net_wt_over-15.0,309,2026-01-21 13:47:57.090,2205 STAINLESS STEEL TURNINGS,2205 STAINLESS
1367,77,359,16195,0.0,-37.76,133.0,code_diff-40.0;desc+17.24;net_wt_over-15.0,325,2026-01-21 13:47:57.090,2205 STAINLESS STEEL TURNINGS,2205 STAINLESS
1367,77,358,16195,0.0,-37.76,133.0,code_diff-40.0;desc+17.24;net_wt_over-15.0,334,2026-01-21 13:47:57.090,2205 STAINLESS STEEL TURNINGS,2205 STAINLESS
1367,77,357,16195,0.0,-37.76,133.0,code_diff-40.0;desc+17.24;net_wt_over-15.0,327,2026-01-21 13:47:57.090,2205 STAINLESS STEEL TURNINGS,2205 STAINLESS
1367,77,345,16195,0.0,-37.76,133.0,code_diff-40.0;desc+17.24;net_wt_over-15.0,375,2026-01-21 13:47:57.090,2205 STAINLESS STEEL TURNINGS,2205 STAINLESS
1367,77,344,16195,0.0,-37.76,133.0,code_diff-40.0;desc+17.24;net_wt_over-15.0,359,2026-01-21 13:47:57.090,2205 STAINLESS STEEL TURNINGS,2205 STAINLESS
1367,77,287,16052,0.0,-4.39,133.0,code_diff-40.0;net_wt+32.61;date+3.0,228,2026-01-14 18:59:19.320,ZZ DO NOT USE - ALUMINUM TURNINGS,ALMTRNG
1367,77,258,16153,0.0,-33.75,133.0,code_diff-40.0;desc+18.25;net_wt_over-15.0;date+3.0,2199,2026-01-14 16:21:05.122,304 STAINLESS STEEL TURNINGS,NI300BO
1367,77,257,16153,0.0,-33.75,133.0,code_diff-40.0;desc+18.25;net_wt_over-15.0;date+3.0,2549,2026-01-14 16:21:05.122,304 STAINLESS STEEL TURNINGS,NI300BO
1367,77,220,15878,0.0,-21.75,133.0,code_diff-40.0;desc+18.25;net_wt_over-15.0;date+15.0,70,2026-01-09 19:54:46.887,304 STAINLESS STEEL TURNINGS,NI300BO
1367,77,215,15878,0.0,-21.75,133.0,code_diff-40.0;desc+18.25;net_wt_over-15.0;date+15.0,364,2026-01-09 19:54:46.887,304 STAINLESS STEEL TURNINGS,NI300BO
1367,77,40,15723,0.0,-29.25,133.0,code_diff-40.0;desc+18.25;net_wt_over-15.0;date+7.5,611,2026-01-06 19:49:26.733,316 STAINLESS STEEL TURNINGS,NI316BO
1367,77,213,15878,0.0,-21.75,133.0,code_diff-40.0;desc+18.25;net_wt_over-15.0;date+15.0,553,2026-01-09 19:54:46.887,304 STAINLESS STEEL TURNINGS,NI300BO
1367,77,78,15723,0.0,-29.25,133.0,code_diff-40.0;desc+18.25;net_wt_over-15.0;date+7.5,700,2026-01-06 19:49:26.733,316 STAINLESS STEEL TURNINGS,NI316BO
1367,77,77,15723,0.0,-29.25,133.0,code_diff-40.0;desc+18.25;net_wt_over-15.0;date+7.5,704,2026-01-06 19:49:26.733,304 STAINLESS STEEL TURNINGS,NI300BO
1367,77,76,15723,0.0,-29.25,133.0,code_diff-40.0;desc+18.25;net_wt_over-15.0;date+7.5,733,2026-01-06 19:49:26.733,316 STAINLESS STEEL TURNINGS,NI316BO
1367,77,75,15723,0.0,-29.25,133.0,code_diff-40.0;desc+18.25;net_wt_over-15.0;date+7.5,756,2026-01-06 19:49:26.733,316 STAINLESS STEEL TURNINGS,NI316BO
1367,77,74,15723,0.0,-29.25,133.0,code_diff-40.0;desc+18.25;net_wt_over-15.0;date+7.5,763,2026-01-06 19:49:26.733,304 STAINLESS STEEL TURNINGS,NI300BO
1367,77,73,15723,0.0,-29.25,133.0,code_diff-40.0;desc+18.25;net_wt_over-15.0;date+7.5,819,2026-01-06 19:49:26.733,316 STAINLESS STEEL TURNINGS,NI316BO
1367,77,42,15723,0.0,-29.25,133.0,code_diff-40.0;desc+18.25;net_wt_over-15.0;date+7.5,290,2026-01-06 19:49:26.733,316 STAINLESS STEEL TURNINGS,NI316BO
1367,77,41,15723,0.0,-29.25,133.0,code_diff-40.0;desc+18.25;net_wt_over-15.0;date+7.5,530,2026-01-06 19:49:26.733,316 STAINLESS STEEL TURNINGS,NI316BO
1367,77,361,16195,0.0,-37.76,133.0,code_diff-40.0;desc+17.24;net_wt_over-15.0,339,2026-01-21 13:47:57.090,2205 STAINLESS STEEL TURNINGS,2205 STAINLESS
1323,78,169,15803,54.3,78.79,145.0,code+40.0;desc+20.0;net_wt_over-15.0;date+25.0;time+8.79,25020,2026-01-08 16:31:44.461,BUSHELING,Indbush
1323,78,181,15836,50.7,73.57,145.0,code+40.0;desc+20.0;net_wt_over-15.0;date+25.0;time+3.57,720,2026-01-08 21:44:47.629,BUSHELING,Indbush
1323,78,182,15836,50.7,73.57,145.0,code+40.0;desc+20.0;net_wt_over-15.0;date+25.0;time+3.57,700,2026-01-08 21:44:47.629,BUSHELING,Indbush
1323,78,183,15836,50.7,73.57,145.0,code+40.0;desc+20.0;net_wt_over-15.0;date+25.0;time+3.57,680,2026-01-08 21:44:47.629,BUSHELING,Indbush
1323,78,12,15683,39.9,53.08,133.0,code+40.0;desc+20.0;net_wt_over-15.0;date+7.5;price+0.58,28880,2026-01-05 14:33:04.175,BUSHELING,Indbush
1323,78,228,15979,36.5,48.58,133.0,code+40.0;desc+20.0;net_wt_over-15.0;date+3.0;price+0.58,34460,2026-01-12 15:15:23.549,BUSHELING,Indbush
1323,78,307,16073,36.1,48.0,133.0,code+40.0;desc+20.0;net_wt_over-15.0;date+3.0,21264,2026-01-15 17:24:07.056,BUSHELING,Indbush
1323,78,331,16161,35.3,46.92,133.0,code+40.0;desc+20.0;net_wt_over-15.0;price+1.92,1720,2026-01-20 16:41:02.590,BUSHELING,Indbush
1323,78,332,16161,35.3,46.92,133.0,code+40.0;desc+20.0;net_wt_over-15.0;price+1.92,1000,2026-01-20 16:41:02.590,BUSHELING,Indbush
1323,78,333,16161,35.3,46.92,133.0,code+40.0;desc+20.0;net_wt_over-15.0;price+1.92,820,2026-01-20 16:41:02.590,BUSHELING,Indbush
1323,78,334,16161,35.3,46.92,133.0,code+40.0;desc+20.0;net_wt_over-15.0;price+1.92,800,2026-01-20 16:41:02.590,BUSHELING,Indbush
1323,78,337,16185,34.3,45.58,133.0,code+40.0;desc+20.0;net_wt_over-15.0;price+0.58,42600,2026-01-20 20:08:10.435,BUSHELING,Indbush
1323,78,368,16197,33.8,45.0,133.0,code+40.0;desc+20.0;net_wt_over-15.0,47700,2026-01-21 14:01:05.637,BUSHELING,Indbush
1363,79,139,16140,89.3,118.83,133.0,code+40.0;desc+20.0;net_wt+40.0;date+15.0;price+3.83,11610,2026-01-07 16:03:40.692,5052 ALUMINUM,AL05052
1363,79,161,15871,47.4,63.01,133.0,code+40.0;desc+20.0;net_wt_over-15.0;date+15.0;price+3.01,974,2026-01-07 20:25:26.408,5052 ALUMINUM,AL05052
1363,79,324,16268,36.7,48.83,133.0,code+40.0;desc+20.0;net_wt_over-15.0;price+3.83,9558,2026-01-19 15:28:59.996,5052 ALUMINUM,AL05052
1363,79,335,16170,0.0,-33.07,133.0,code_diff-40.0;net_wt+6.93,11860,2026-01-20 18:04:49.108,ZZ DO NOT USE STEEL TURNINGS,FETURN
1363,80,138,16140,86.5,115.0,133.0,code+40.0;desc+20.0;net_wt+40.0;date+15.0,1290,2026-01-07 16:03:40.692,6061 ALUMINUM - SPC,AL06061
1363,80,31,15665,39.5,52.5,133.0,code+40.0;desc+20.0;net_wt_over-15.0;date+7.5,1579,2026-01-05 20:19:43.362,6061 ALUMINUM - SPC,AL06061
1363,80,55,15723,39.5,52.5,133.0,code+40.0;desc+20.0;net_wt_over-15.0;date+7.5,1111,2026-01-06 19:49:26.733,6061 ALUMINUM - SPC,AL06061
1363,80,322,16268,33.8,45.0,133.0,code+40.0;desc+20.0;net_wt_over-15.0,579,2026-01-19 15:28:59.996,6061 ALUMINUM - SPC,AL06061
1363,80,133,15741,0.0,-1.36,133.0,code_diff-40.0;net_wt+23.64;date+15.0,1273,2026-01-07 14:41:15.467,ZZ DO NOT USE - LEAD FINES (PB),LDFNE
1363,80,267,16052,0.0,-30.41,133.0,code_diff-40.0;net_wt+6.59;date+3.0,1318,2026-01-14 18:59:19.320,ZZ DO NOT USE - ALUMINUM DROSS,ALMDROSS
1363,80,346,16195,0.0,0.0,133.0,code_diff-40.0;net_wt+40.0,1294,2026-01-21 13:47:57.090,410 STAINLESS SOLIDS,410SSS
1320,81,146,15759,53.5,77.51,145.0,code+40.0;desc+20.0;net_wt_over-15.0;date+25.0;time+7.51,28260,2026-01-07 17:41:50.153,ZZ DO NOT USE STEEL TURNINGS,FETURN
1320,81,53,15723,45.1,60.0,133.0,code+40.0;desc+20.0;net_wt_over-15.0;date+15.0,338,2026-01-06 19:49:26.733,ZZ DO NOT USE STEEL TURNINGS,FETURN
1320,81,50,15723,45.1,60.0,133.0,code+40.0;desc+20.0;net_wt_over-15.0;date+15.0,526,2026-01-06 19:49:26.733,ZZ DO NOT USE STEEL TURNINGS,FETURN
1320,81,179,15833,45.1,60.0,133.0,code+40.0;desc+20.0;net_wt_over-15.0;date+15.0,20800,2026-01-08 19:49:34.672,ZZ DO NOT USE STEEL TURNINGS,FETURN
1320,81,167,15789,45.1,60.0,133.0,code+40.0;desc+20.0;net_wt_over-15.0;date+15.0,8180,2026-01-08 15:08:36.804,ZZ DO NOT USE STEEL TURNINGS,FETURN
1320,81,54,15723,45.1,60.0,133.0,code+40.0;desc+20.0;net_wt_over-15.0;date+15.0,286,2026-01-06 19:49:26.733,ZZ DO NOT USE STEEL TURNINGS,FETURN
1320,81,34,15696,45.1,60.0,133.0,code+40.0;desc+20.0;net_wt_over-15.0;date+15.0,24780,2026-01-06 16:26:51.795,ZZ DO NOT USE STEEL TURNINGS,FETURN
1320,81,52,15723,45.1,60.0,133.0,code+40.0;desc+20.0;net_wt_over-15.0;date+15.0,368,2026-01-06 19:49:26.733,ZZ DO NOT USE STEEL TURNINGS,FETURN
1320,81,51,15723,45.1,60.0,133.0,code+40.0;desc+20.0;net_wt_over-15.0;date+15.0,403,2026-01-06 19:49:26.733,ZZ DO NOT USE STEEL TURNINGS,FETURN
1320,81,49,15723,45.1,60.0,133.0,code+40.0;desc+20.0;net_wt_over-15.0;date+15.0,597,2026-01-06 19:49:26.733,ZZ DO NOT USE STEEL TURNINGS,FETURN
1320,81,48,15723,45.1,60.0,133.0,code+40.0;desc+20.0;net_wt_over-15.0;date+15.0,603,2026-01-06 19:49:26.733,ZZ DO NOT USE STEEL TURNINGS,FETURN
1320,81,47,15723,45.1,60.0,133.0,code+40.0;desc+20.0;net_wt_over-15.0;date+15.0,613,2026-01-06 19:49:26.733,ZZ DO NOT USE STEEL TURNINGS,FETURN
1320,81,46,15723,45.1,60.0,133.0,code+40.0;desc+20.0;net_wt_over-15.0;date+15.0,673,2026-01-06 19:49:26.733,ZZ DO NOT USE STEEL TURNINGS,FETURN
1320,81,45,15723,45.1,60.0,133.0,code+40.0;desc+20.0;net_wt_over-15.0;date+15.0,691,2026-01-06 19:49:26.733,ZZ DO NOT USE STEEL TURNINGS,FETURN
1320,81,44,15723,45.1,60.0,133.0,code+40.0;desc+20.0;net_wt_over-15.0;date+15.0,1008,2026-01-06 19:49:26.733,ZZ DO NOT USE STEEL TURNINGS,FETURN
1320,81,184,15847,39.5,52.5,133.0,code+40.0;desc+20.0;net_wt_over-15.0;date+7.5,17860,2026-01-09 14:45:43.821,ZZ DO NOT USE STEEL TURNINGS,FETURN
1320,81,250,16024,36.1,48.0,133.0,code+40.0;desc+20.0;net_wt_over-15.0;date+3.0,43100,2026-01-13 20:05:45.031,ZZ DO NOT USE STEEL TURNINGS,FETURN
1320,81,294,16050,36.1,48.0,133.0,code+40.0;desc+20.0;net_wt_over-15.0;date+3.0,15280,2026-01-14 19:00:49.416,ZZ DO NOT USE STEEL TURNINGS,FETURN
1320,81,10,15574,36.1,48.0,133.0,code+40.0;desc+20.0;net_wt_over-15.0;date+3.0,17040,2026-01-02 18:21:42.875,ZZ DO NOT USE STEEL TURNINGS,FETURN
1320,81,238,15945,36.1,48.0,133.0,code+40.0;desc+20.0;net_wt_over-15.0;date+3.0,18440,2026-01-12 18:28:19.356,ZZ DO NOT USE STEEL TURNINGS,FETURN
1320,81,308,16089,33.8,45.0,133.0,code+40.0;desc+20.0;net_wt_over-15.0,22440,2026-01-16 13:55:43.277,ZZ DO NOT USE STEEL TURNINGS,FETURN
1320,81,328,16155,33.8,45.0,133.0,code+40.0;desc+20.0;net_wt_over-15.0,1083,2026-01-20 15:04:32.061,ZZ DO NOT USE STEEL TURNINGS,FETURN
1320,81,335,16170,33.8,45.0,133.0,code+40.0;desc+20.0;net_wt_over-15.0,11860,2026-01-20 18:04:49.108,ZZ DO NOT USE STEEL TURNINGS,FETURN
1318,82,34,15696,55.4,80.26,145.0,code+40.0;desc+20.0;net_wt_over-15.0;date+25.0;time+10.26,24780,2026-01-06 16:26:51.795,ZZ DO NOT USE STEEL TURNINGS,FETURN
1318,82,52,15723,53.0,76.89,145.0,code+40.0;desc+20.0;net_wt_over-15.0;date+25.0;time+6.89,368,2026-01-06 19:49:26.733,ZZ DO NOT USE STEEL TURNINGS,FETURN
1318,82,49,15723,53.0,76.89,145.0,code+40.0;desc+20.0;net_wt_over-15.0;date+25.0;time+6.89,597,2026-01-06 19:49:26.733,ZZ DO NOT USE STEEL TURNINGS,FETURN
1318,82,54,15723,53.0,76.89,145.0,code+40.0;desc+20.0;net_wt_over-15.0;date+25.0;time+6.89,286,2026-01-06 19:49:26.733,ZZ DO NOT USE STEEL TURNINGS,FETURN
1318,82,53,15723,53.0,76.89,145.0,code+40.0;desc+20.0;net_wt_over-15.0;date+25.0;time+6.89,338,2026-01-06 19:49:26.733,ZZ DO NOT USE STEEL TURNINGS,FETURN
1318,82,51,15723,53.0,76.89,145.0,code+40.0;desc+20.0;net_wt_over-15.0;date+25.0;time+6.89,403,2026-01-06 19:49:26.733,ZZ DO NOT USE STEEL TURNINGS,FETURN
1318,82,50,15723,53.0,76.89,145.0,code+40.0;desc+20.0;net_wt_over-15.0;date+25.0;time+6.89,526,2026-01-06 19:49:26.733,ZZ DO NOT USE STEEL TURNINGS,FETURN
1318,82,48,15723,53.0,76.89,145.0,code+40.0;desc+20.0;net_wt_over-15.0;date+25.0;time+6.89,603,2026-01-06 19:49:26.733,ZZ DO NOT USE STEEL TURNINGS,FETURN
1318,82,47,15723,53.0,76.89,145.0,code+40.0;desc+20.0;net_wt_over-15.0;date+25.0;time+6.89,613,2026-01-06 19:49:26.733,ZZ DO NOT USE STEEL TURNINGS,FETURN
1318,82,46,15723,53.0,76.89,145.0,code+40.0;desc+20.0;net_wt_over-15.0;date+25.0;time+6.89,673,2026-01-06 19:49:26.733,ZZ DO NOT USE STEEL TURNINGS,FETURN
1318,82,45,15723,53.0,76.89,145.0,code+40.0;desc+20.0;net_wt_over-15.0;date+25.0;time+6.89,691,2026-01-06 19:49:26.733,ZZ DO NOT USE STEEL TURNINGS,FETURN
1318,82,44,15723,53.0,76.89,145.0,code+40.0;desc+20.0;net_wt_over-15.0;date+25.0;time+6.89,1008,2026-01-06 19:49:26.733,ZZ DO NOT USE STEEL TURNINGS,FETURN
1318,82,146,15759,45.1,60.0,133.0,code+40.0;desc+20.0;net_wt_over-15.0;date+15.0,28260,2026-01-07 17:41:50.153,ZZ DO NOT USE STEEL TURNINGS,FETURN
1318,82,167,15789,39.5,52.5,133.0,code+40.0;desc+20.0;net_wt_over-15.0;date+7.5,8180,2026-01-08 15:08:36.804,ZZ DO NOT USE STEEL TURNINGS,FETURN
1318,82,179,15833,39.5,52.5,133.0,code+40.0;desc+20.0;net_wt_over-15.0;date+7.5,20800,2026-01-08 19:49:34.672,ZZ DO NOT USE STEEL TURNINGS,FETURN
1318,82,184,15847,39.5,52.5,133.0,code+40.0;desc+20.0;net_wt_over-15.0;date+7.5,17860,2026-01-09 14:45:43.821,ZZ DO NOT USE STEEL TURNINGS,FETURN
1318,82,250,16024,36.1,48.0,133.0,code+40.0;desc+20.0;net_wt_over-15.0;date+3.0,43100,2026-01-13 20:05:45.031,ZZ DO NOT USE STEEL TURNINGS,FETURN
1318,82,10,15574,36.1,48.0,133.0,code+40.0;desc+20.0;net_wt_over-15.0;date+3.0,17040,2026-01-02 18:21:42.875,ZZ DO NOT USE STEEL TURNINGS,FETURN
1318,82,238,15945,36.1,48.0,133.0,code+40.0;desc+20.0;net_wt_over-15.0;date+3.0,18440,2026-01-12 18:28:19.356,ZZ DO NOT USE STEEL TURNINGS,FETURN
1318,82,294,16050,33.8,45.0,133.0,code+40.0;desc+20.0;net_wt_over-15.0,15280,2026-01-14 19:00:49.416,ZZ DO NOT USE STEEL TURNINGS,FETURN
1318,82,308,16089,33.8,45.0,133.0,code+40.0;desc+20.0;net_wt_over-15.0,22440,2026-01-16 13:55:43.277,ZZ DO NOT USE STEEL TURNINGS,FETURN
1317,83,29,15726,86.5,115.0,133.0,code+40.0;desc+20.0;net_wt+40.0;date+15.0,26800,2026-01-05 19:55:37.466,STEEL BANDING (FE),STBD
1317,83,321,16129,33.8,45.0,133.0,code+40.0;desc+20.0;net_wt_over-15.0,20040,2026-01-19 14:01:12.731,STEEL BANDING (FE),STBD
1314,84,12,15683,90.8,131.59,145.0,code+40.0;desc+20.0;net_wt+40.0;date+25.0;time+6.01;price+0.58,28880,2026-01-05 14:33:04.175,BUSHELING,Indbush
1314,84,169,15803,39.5,52.5,133.0,code+40.0;desc+20.0;net_wt_over-15.0;date+7.5,25020,2026-01-08 16:31:44.461,BUSHELING,Indbush
1314,84,181,15836,39.5,52.5,133.0,code+40.0;desc+20.0;net_wt_over-15.0;date+7.5,720,2026-01-08 21:44:47.629,BUSHELING,Indbush
1314,84,182,15836,39.5,52.5,133.0,code+40.0;desc+20.0;net_wt_over-15.0;date+7.5,700,2026-01-08 21:44:47.629,BUSHELING,Indbush
1314,84,183,15836,39.5,52.5,133.0,code+40.0;desc+20.0;net_wt_over-15.0;date+7.5,680,2026-01-08 21:44:47.629,BUSHELING,Indbush
1314,84,228,15979,36.5,48.58,133.0,code+40.0;desc+20.0;net_wt_over-15.0;date+3.0;price+0.58,34460,2026-01-12 15:15:23.549,BUSHELING,Indbush
1314,84,307,16073,33.8,45.0,133.0,code+40.0;desc+20.0;net_wt_over-15.0,21264,2026-01-15 17:24:07.056,BUSHELING,Indbush
1314,84,146,15759,0.0,-25.44,133.0,code_diff-40.0;net_wt+7.06;date+7.5,28260,2026-01-07 17:41:50.153,ZZ DO NOT USE STEEL TURNINGS,FETURN
1311,85,11,15588,90.4,131.02,145.0,code+40.0;desc+20.0;net_wt+40.0;date+25.0;time+6.02,37940,2026-01-02 20:16:51.605,STEEL WIRE,STWR
1311,85,225,15884,62.0,82.43,133.0,code+40.0;desc+20.0;net_wt+19.43;date+3.0,38520,2026-01-09 20:40:06.747,STEEL WIRE,STWR
1311,85,224,15883,36.1,48.0,133.0,code+40.0;desc+20.0;net_wt_over-15.0;date+3.0,39680,2026-01-09 20:35:50.665,STEEL WIRE,STWR
1311,85,304,16088,33.8,45.0,133.0,code+40.0;desc+20.0;net_wt_over-15.0,25760,2026-01-15 14:04:25.604,STEEL WIRE,STWR
