dtc_row_id,dtc_order_no,ticket_row_id,ticket,true_outbound_ticket,label,truth_in_candidate,rule_score,rule_raw,rule_max_possible,rule_rank,score_gap_to_best,dtc_weight,ticket_weight,weight_abs_diff,weight_pct_diff,date_abs_days,date_signed_days,same_day,code_points,code_diff_points,desc_points,net_wt_points,net_wt_over_points,date_points,time_points,customer_points,customer_diff_points,price_points
1,1507,302,1452,1452,1,1,100.0,169.99,170.0,1.0,0.0,11960,11960,0,0.0,0,0,1.0,40.0,0.0,20.0,40.0,0.0,25.0,11.99,25.0,0.0,8.0
1,1507,293,1443,1452,0,1,54.1,85.5,158.0,2.0,45.9,11960,14240,2280,0.19063545150501673,3,-3,0.0,40.0,0.0,20.0,0.0,-15.0,7.5,0.0,25.0,0.0,8.0
1,1507,309,1459,1452,0,1,51.3,81.0,158.0,3.0,48.7,11960,33560,21600,1.806020066889632,4,4,0.0,40.0,0.0,20.0,0.0,-15.0,3.0,0.0,25.0,0.0,8.0
1,1507,266,1434,1452,0,1,50.2,79.37,158.0,4.0,49.8,11960,44420,32460,2.7140468227424748,6,-6,0.0,40.0,0.0,20.0,0.0,-15.0,3.0,0.0,25.0,0.0,6.37
1,1507,273,1438,1452,0,1,50.2,79.37,158.0,5.0,49.8,11960,47660,35700,2.9849498327759196,5,-5,0.0,40.0,0.0,20.0,0.0,-15.0,3.0,0.0,25.0,0.0,6.37
1,1507,222,1406,1452,0,1,49.4,78.0,158.0,6.0,50.6,11960,15220,3260,0.2725752508361204,14,-14,0.0,40.0,0.0,20.0,0.0,-15.0,0.0,0.0,25.0,0.0,8.0
1,1507,223,1407,1452,0,1,49.4,78.0,158.0,7.0,50.6,11960,56480,44520,3.722408026755853,14,-14,0.0,40.0,0.0,20.0,0.0,-15.0,0.0,0.0,25.0,0.0,8.0
1,1507,224,1408,1452,0,1,49.4,78.0,158.0,8.0,50.6,11960,12280,320,0.026755852842809364,14,-14,0.0,40.0,0.0,20.0,0.0,-15.0,0.0,0.0,25.0,0.0,8.0
1,1507,231,1418,1452,0,1,49.4,78.0,158.0,9.0,50.6,11960,19820,7860,0.657190635451505,10,-10,0.0,40.0,0.0,20.0,0.0,-15.0,0.0,0.0,25.0,0.0,8.0
1,1507,254,1419,1452,0,1,49.4,78.0,158.0,10.0,50.6,11960,15180,3220,0.2692307692307692,9,-9,0.0,40.0,0.0,20.0,0.0,-15.0,0.0,0.0,25.0,0.0,8.0
1,1507,255,1421,1452,0,1,49.4,78.0,158.0,11.0,50.6,11960,28440,16480,1.3779264214046822,9,-9,0.0,40.0,0.0,20.0,0.0,-15.0,0.0,0.0,25.0,0.0,8.0
1,1507,360,1481,1452,0,1,48.3,76.37,158.0,12.0,51.7,11960,42100,30140,2.520066889632107,13,13,0.0,40.0,0.0,20.0,0.0,-15.0,0.0,0.0,25.0,0.0,6.37
1,1507,221,1404,1452,0,1,20.3,32.03,158.0,13.0,79.7,11960,46440,34480,2.882943143812709,14,-14,0.0,40.0,0.0,20.0,0.0,-15.0,0.0,0.0,0.0,-15.0,2.03
1,1507,305,1460,1452,0,1,1.5,2.54,170.0,14.0,98.5,11960,1140,10820,0.9046822742474916,0,0,1.0,0.0,-40.0,0.0,0.0,-15.0,25.0,3.88,25.0,0.0,3.66
1,1507,304,1460,1452,0,1,0.0,-1.12,170.0,15.0,100.0,11960,1132,10828,0.9053511705685618,0,0,1.0,0.0,-40.0,0.0,0.0,-15.0,25.0,3.88,25.0,0.0,0.0
1,1507,306,1460,1452,0,1,0.0,-1.12,170.0,16.0,100.0,11960,668,11292,0.9441471571906355,0,0,1.0,0.0,-40.0,0.0,0.0,-15.0,25.0,3.88,25.0,0.0,0.0
1,1507,307,1454,1452,0,1,0.0,-7.54,158.0,17.0,100.0,11960,22720,10760,0.8996655518394648,1,1,0.0,0.0,-40.0,0.0,0.0,-15.0,15.0,0.0,25.0,0.0,7.46
1,1507,272,1440,1452,0,1,0.0,-19.54,158.0,18.0,100.0,11960,38700,26740,2.2357859531772575,6,-6,0.0,0.0,-40.0,0.0,0.0,-15.0,3.0,0.0,25.0,0.0,7.46
1,1507,337,1487,1452,0,1,0.0,-27.0,158.0,19.0,100.0,11960,148,11812,0.9876254180602007,7,7,0.0,0.0,-40.0,0.0,0.0,-15.0,3.0,0.0,25.0,0.0,0.0
1,1507,338,1487,1452,0,1,0.0,-27.0,158.0,20.0,100.0,11960,1038,10922,0.9132107023411371,7,7,0.0,0.0,-40.0,0.0,0.0,-15.0,3.0,0.0,25.0,0.0,0.0
1,1507,339,1487,1452,0,1,0.0,-27.0,158.0,21.0,100.0,11960,4419,7541,0.6305183946488294,7,7,0.0,0.0,-40.0,0.0,0.0,-15.0,3.0,0.0,25.0,0.0,0.0
1,1507,340,1487,1452,0,1,0.0,-27.0,158.0,22.0,100.0,11960,1924,10036,0.8391304347826087,7,7,0.0,0.0,-40.0,0.0,0.0,-15.0,3.0,0.0,25.0,0.0,0.0
1,1507,348,1476,1452,0,1,0.0,-22.54,158.0,23.0,100.0,11960,21600,9640,0.8060200668896321,12,12,0.0,0.0,-40.0,0.0,0.0,-15.0,0.0,0.0,25.0,0.0,7.46
1,1507,303,1460,1452,0,1,0.0,-1.12,170.0,24.0,100.0,11960,618,11342,0.9483277591973244,0,0,1.0,0.0,-40.0,0.0,0.0,-15.0,25.0,3.88,25.0,0.0,0.0
2,1506,301,1451,1451,1,1,100.0,169.98,170.0,1.0,0.0,25600,25600,0,0.0,0,0,1.0,40.0,0.0,20.0,40.0,0.0,25.0,11.98,25.0,0.0,8.0
2,1506,292,1442,1451,0,1,54.1,85.5,158.0,2.0,45.9,25600,20060,5540,0.21640625,3,-3,0.0,40.0,0.0,20.0,0.0,-15.0,7.5,0.0,25.0,0.0,8.0
2,1506,335,1467,1451,0,1,51.3,81.0,158.0,3.0,48.7,25600,53840,28240,1.103125,6,6,0.0,40.0,0.0,20.0,0.0,-15.0,3.0,0.0,25.0,0.0,8.0
2,1506,229,1412,1451,0,1,49.4,78.0,158.0,4.0,50.6,25600,44380,18780,0.73359375,13,-13,0.0,40.0,0.0,20.0,0.0,-15.0,0.0,0.0,25.0,0.0,8.0
2,1506,259,1427,1451,0,1,49.4,78.0,158.0,5.0,50.6,25600,46900,21300,0.83203125,8,-8,0.0,40.0,0.0,20.0,0.0,-15.0,0.0,0.0,25.0,0.0,8.0
2,1506,345,1473,1451,0,1,49.4,78.0,158.0,6.0,50.6,25600,36740,11140,0.43515625,11,11,0.0,40.0,0.0,20.0,0.0,-15.0,0.0,0.0,25.0,0.0,8.0
2,1506,227,1410,1451,0,1,0.0,-25.96,158.0,7.0,100.0,25600,32820,7220,0.28203125,13,-13,0.0,0.0,-40.0,0.0,0.0,-15.0,0.0,0.0,25.0,0.0,4.04
2,1506,300,1449,1451,0,1,0.0,-15.0,158.0,8.0,100.0,25600,34120,8520,0.3328125,1,-1,0.0,0.0,-40.0,0.0,0.0,-15.0,15.0,0.0,25.0,0.0,0.0
2,1506,347,1475,1451,0,1,0.0,-27.52,158.0,9.0,100.0,25600,36360,10760,0.4203125,12,12,0.0,0.0,-40.0,0.0,0.0,-15.0,0.0,0.0,25.0,0.0,2.48
2,1506,346,1474,1451,0,1,0.0,-30.0,158.0,10.0,100.0,25600,27420,1820,0.07109375,11,11,0.0,0.0,-40.0,0.0,0.0,-15.0,0.0,0.0,25.0,0.0,0.0
2,1506,343,1470,1451,0,1,0.0,-19.06,158.0,11.0,100.0,25600,25780,180,0.00703125,11,11,0.0,0.0,-40.0,0.0,35.94,0.0,0.0,0.0,0.0,-15.0,0.0
2,1506,341,1468,1451,0,1,0.0,-21.89,158.0,12.0,100.0,25600,15240,10360,0.4046875,7,7,0.0,0.0,-40.0,0.0,0.0,-15.0,3.0,0.0,25.0,0.0,5.11
2,1506,312,1463,1451,0,1,0.0,-27.0,158.0,13.0,100.0,25600,44640,19040,0.74375,5,5,0.0,0.0,-40.0,0.0,0.0,-15.0,3.0,0.0,25.0,0.0,0.0
2,1506,311,1457,1451,0,1,0.0,-24.52,158.0,14.0,100.0,25600,31460,5860,0.22890625,4,4,0.0,0.0,-40.0,0.0,0.0,-15.0,3.0,0.0,25.0,0.0,2.48
2,1506,308,1455,1451,0,1,0.0,-20.02,158.0,15.0,100.0,25600,33020,7420,0.28984375,2,2,0.0,0.0,-40.0,0.0,0.0,-15.0,7.5,0.0,25.0,0.0,2.48
2,1506,295,1445,1451,0,1,0.0,-20.02,158.0,16.0,100.0,25600,34040,8440,0.3296875,2,-2,0.0,0.0,-40.0,0.0,0.0,-15.0,7.5,0.0,25.0,0.0,2.48
2,1506,296,1450,1451,0,1,0.0,-15.0,158.0,17.0,100.0,25600,24820,780,0.03046875,1,-1,0.0,0.0,-40.0,0.0,0.0,-15.0,15.0,0.0,25.0,0.0,0.0
2,1506,228,1411,1451,0,1,0.0,-30.0,158.0,18.0,100.0,25600,27840,2240,0.0875,13,-13,0.0,0.0,-40.0,0.0,0.0,-15.0,0.0,0.0,25.0,0.0,0.0
2,1506,271,1439,1451,0,1,0.0,-24.52,158.0,19.0,100.0,25600,34680,9080,0.3546875,6,-6,0.0,0.0,-40.0,0.0,0.0,-15.0,3.0,0.0,25.0,0.0,2.48
2,1506,270,1444,1451,0,1,0.0,-27.0,158.0,20.0,100.0,25600,18080,7520,0.29375,6,-6,0.0,0.0,-40.0,0.0,0.0,-15.0,3.0,0.0,25.0,0.0,0.0
2,1506,269,1437,1451,0,1,0.0,-24.52,158.0,21.0,100.0,25600,34780,9180,0.35859375,6,-6,0.0,0.0,-40.0,0.0,0.0,-15.0,3.0,0.0,25.0,0.0,2.48
2,1506,267,1435,1451,0,1,0.0,-27.0,158.0,22.0,100.0,25600,30860,5260,0.20546875,6,-6,0.0,0.0,-40.0,0.0,0.0,-15.0,3.0,0.0,25.0,0.0,0.0
2,1506,265,1432,1451,0,1,0.0,-27.0,158.0,23.0,100.0,25600,29080,3480,0.1359375,7,-7,0.0,0.0,-40.0,0.0,0.0,-15.0,3.0,0.0,25.0,0.0,0.0
2,1506,264,1431,1451,0,1,0.0,-25.06,158.0,24.0,100.0,25600,8620,16980,0.66328125,7,-7,0.0,0.0,-40.0,0.0,0.0,-15.0,3.0,0.0,25.0,0.0,1.94
2,1506,263,1430,1451,0,1,0.0,-24.52,158.0,25.0,100.0,25600,32200,6600,0.2578125,7,-7,0.0,0.0,-40.0,0.0,0.0,-15.0,3.0,0.0,25.0,0.0,2.48
2,1506,258,1424,1451,0,1,0.0,-27.52,158.0,26.0,100.0,25600,28020,2420,0.09453125,8,-8,0.0,0.0,-40.0,0.0,0.0,-15.0,0.0,0.0,25.0,0.0,2.48
2,1506,230,1413,1451,0,1,0.0,-30.0,158.0,27.0,100.0,25600,27180,1580,0.06171875,13,-13,0.0,0.0,-40.0,0.0,0.0,-15.0,0.0,0.0,25.0,0.0,0.0
2,1506,359,1480,1451,0,1,0.0,-30.0,158.0,28.0,100.0,25600,27160,1560,0.0609375,13,13,0.0,0.0,-40.0,0.0,0.0,-15.0,0.0,0.0,25.0,0.0,0.0
3,1501,300,1449,1449,1,1,100.0,169.99,170.0,1.0,0.0,34120,34120,0,0.0,0,0,1.0,40.0,0.0,20.0,40.0,0.0,25.0,11.99,25.0,0.0,8.0
3,1501,296,1450,1449,0,1,63.0,107.14,170.0,2.0,37.0,34120,24820,9300,0.27256740914419697,0,0,1.0,40.0,0.0,20.0,0.0,-15.0,25.0,4.14,25.0,0.0,8.0
3,1501,265,1432,1449,0,1,51.3,81.0,158.0,3.0,48.7,34120,29080,5040,0.1477139507620164,6,-6,0.0,40.0,0.0,20.0,0.0,-15.0,3.0,0.0,25.0,0.0,8.0
3,1501,312,1463,1449,0,1,51.3,81.0,158.0,4.0,48.7,34120,44640,10520,0.3083235638921454,6,6,0.0,40.0,0.0,20.0,0.0,-15.0,3.0,0.0,25.0,0.0,8.0
3,1501,230,1413,1449,0,1,49.4,78.0,158.0,5.0,50.6,34120,27180,6940,0.2033997655334115,12,-12,0.0,40.0,0.0,20.0,0.0,-15.0,0.0,0.0,25.0,0.0,8.0
3,1501,228,1411,1449,0,1,49.4,78.0,158.0,6.0,50.6,34120,27840,6280,0.18405627198124266,12,-12,0.0,40.0,0.0,20.0,0.0,-15.0,0.0,0.0,25.0,0.0,8.0
3,1501,346,1474,1449,0,1,49.4,78.0,158.0,7.0,50.6,34120,27420,6700,0.19636576787807739,12,12,0.0,40.0,0.0,20.0,0.0,-15.0,0.0,0.0,25.0,0.0,8.0
3,1501,295,1445,1449,0,1,25.3,40.0,158.0,8.0,74.7,34120,34040,80,0.0023446658851113715,1,-1,0.0,0.0,-40.0,0.0,40.0,0.0,15.0,0.0,25.0,0.0,0.0
3,1501,336,1466,1449,0,1,21.0,33.22,158.0,9.0,79.0,34120,31900,2220,0.06506447831184056,7,7,0.0,40.0,0.0,20.0,0.0,-15.0,3.0,0.0,0.0,-15.0,0.22
3,1501,218,1398,1449,0,1,19.1,30.22,158.0,10.0,80.9,34120,42100,7980,0.23388042203985931,14,-14,0.0,40.0,0.0,20.0,0.0,-15.0,0.0,0.0,0.0,-15.0,0.22
3,1501,271,1439,1449,0,1,3.3,5.17,158.0,11.0,96.7,34120,34680,560,0.016412661195779603,5,-5,0.0,0.0,-40.0,0.0,17.17,0.0,3.0,0.0,25.0,0.0,0.0
3,1501,345,1473,1449,0,1,0.0,-30.0,158.0,12.0,100.0,34120,36740,2620,0.07678780773739742,12,12,0.0,0.0,-40.0,0.0,0.0,-15.0,0.0,0.0,25.0,0.0,0.0
3,1501,341,1468,1449,0,1,0.0,-30.0,158.0,13.0,100.0,34120,15240,18880,0.5533411488862837,8,8,0.0,0.0,-40.0,0.0,0.0,-15.0,0.0,0.0,25.0,0.0,0.0
3,1501,335,1467,1449,0,1,0.0,-27.0,158.0,14.0,100.0,34120,53840,19720,0.5779601406799532,7,7,0.0,0.0,-40.0,0.0,0.0,-15.0,3.0,0.0,25.0,0.0,0.0
3,1501,311,1457,1449,0,1,0.0,-27.0,158.0,15.0,100.0,34120,31460,2660,0.0779601406799531,5,5,0.0,0.0,-40.0,0.0,0.0,-15.0,3.0,0.0,25.0,0.0,0.0
3,1501,309,1459,1449,0,1,0.0,-32.46,158.0,16.0,100.0,34120,33560,560,0.016412661195779603,5,5,0.0,0.0,-40.0,0.0,17.17,0.0,3.0,0.0,0.0,-15.0,2.37
3,1501,308,1455,1449,0,1,0.0,-22.5,158.0,17.0,100.0,34120,33020,1100,0.03223915592028136,3,3,0.0,0.0,-40.0,0.0,0.0,-15.0,7.5,0.0,25.0,0.0,0.0
3,1501,301,1451,1449,0,1,0.0,-15.0,158.0,18.0,100.0,34120,25600,8520,0.24970691676436108,1,1,0.0,0.0,-40.0,0.0,0.0,-15.0,15.0,0.0,25.0,0.0,0.0
3,1501,292,1442,1449,0,1,0.0,-22.5,158.0,19.0,100.0,34120,20060,14060,0.41207502930832357,2,-2,0.0,0.0,-40.0,0.0,0.0,-15.0,7.5,0.0,25.0,0.0,0.0
3,1501,219,1399,1449,0,1,0.0,-30.0,158.0,20.0,100.0,34120,29180,4940,0.1447831184056272,14,-14,0.0,0.0,-40.0,0.0,0.0,-15.0,0.0,0.0,25.0,0.0,0.0
3,1501,270,1444,1449,0,1,0.0,-22.84,158.0,21.0,100.0,34120,18080,16040,0.47010550996483,5,-5,0.0,0.0,-40.0,0.0,0.0,-15.0,3.0,0.0,25.0,0.0,4.16
3,1501,269,1437,1449,0,1,0.0,-0.69,158.0,22.0,100.0,34120,34780,660,0.019343493552168817,5,-5,0.0,0.0,-40.0,0.0,11.31,0.0,3.0,0.0,25.0,0.0,0.0
3,1501,267,1435,1449,0,1,0.0,-25.08,158.0,23.0,100.0,34120,30860,3260,0.0955451348182884,5,-5,0.0,0.0,-40.0,0.0,0.0,-15.0,3.0,0.0,25.0,0.0,1.92
3,1501,264,1431,1449,0,1,0.0,-26.97,158.0,24.0,100.0,34120,8620,25500,0.7473622508792497,6,-6,0.0,0.0,-40.0,0.0,0.0,-15.0,3.0,0.0,25.0,0.0,0.03
3,1501,263,1430,1449,0,1,0.0,-27.0,158.0,25.0,100.0,34120,32200,1920,0.05627198124267292,6,-6,0.0,0.0,-40.0,0.0,0.0,-15.0,3.0,0.0,25.0,0.0,0.0
3,1501,259,1427,1449,0,1,0.0,-27.0,158.0,26.0,100.0,34120,46900,12780,0.3745603751465416,7,-7,0.0,0.0,-40.0,0.0,0.0,-15.0,3.0,0.0,25.0,0.0,0.0
3,1501,258,1424,1449,0,1,0.0,-27.0,158.0,27.0,100.0,34120,28020,6100,0.17878077373974208,7,-7,0.0,0.0,-40.0,0.0,0.0,-15.0,3.0,0.0,25.0,0.0,0.0
3,1501,229,1412,1449,0,1,0.0,-30.0,158.0,28.0,100.0,34120,44380,10260,0.3007033997655334,12,-12,0.0,0.0,-40.0,0.0,0.0,-15.0,0.0,0.0,25.0,0.0,0.0
3,1501,227,1410,1449,0,1,0.0,-30.0,158.0,29.0,100.0,34120,32820,1300,0.038100820633059786,12,-12,0.0,0.0,-40.0,0.0,0.0,-15.0,0.0,0.0,25.0,0.0,0.0
3,1501,347,1475,1449,0,1,0.0,-30.0,158.0,30.0,100.0,34120,36360,2240,0.06565064478311841,13,13,0.0,0.0,-40.0,0.0,0.0,-15.0,0.0,0.0,25.0,0.0,0.0
4,1502,296,1450,1450,1,1,100.0,169.99,170.0,1.0,0.0,24820,24820,0,0.0,0,0,1.0,40.0,0.0,20.0,40.0,0.0,25.0,11.99,25.0,0.0,8.0
4,1502,300,1449,1450,0,1,63.0,107.16,170.0,2.0,37.0,24820,34120,9300,0.37469782433521354,0,0,1.0,40.0,0.0,20.0,0.0,-15.0,25.0,4.16,25.0,0.0,8.0
4,1502,312,1463,1450,0,1,51.3,81.0,158.0,3.0,48.7,24820,44640,19820,0.798549556809025,6,6,0.0,40.0,0.0,20.0,0.0,-15.0,3.0,0.0,25.0,0.0,8.0
4,1502,265,1432,1450,0,1,51.3,81.0,158.0,4.0,48.7,24820,29080,4260,0.1716357775987107,6,-6,0.0,40.0,0.0,20.0,0.0,-15.0,3.0,0.0,25.0,0.0,8.0
4,1502,346,1474,1450,0,1,49.4,78.0,158.0,5.0,50.6,24820,27420,2600,0.10475423045930701,12,12,0.0,40.0,0.0,20.0,0.0,-15.0,0.0,0.0,25.0,0.0,8.0
4,1502,228,1411,1450,0,1,49.4,78.0,158.0,6.0,50.6,24820,27840,3020,0.12167606768734891,12,-12,0.0,40.0,0.0,20.0,0.0,-15.0,0.0,0.0,25.0,0.0,8.0
4,1502,230,1413,1450,0,1,49.4,78.0,158.0,7.0,50.6,24820,27180,2360,0.09508460918614021,12,-12,0.0,40.0,0.0,20.0,0.0,-15.0,0.0,0.0,25.0,0.0,8.0
4,1502,336,1466,1450,0,1,21.0,33.22,158.0,8.0,79.0,24820,31900,7080,0.2852538275584206,7,7,0.0,40.0,0.0,20.0,0.0,-15.0,3.0,0.0,0.0,-15.0,0.22
4,1502,218,1398,1450,0,1,19.1,30.22,158.0,9.0,80.9,24820,42100,17280,0.6962127316680097,14,-14,0.0,40.0,0.0,20.0,0.0,-15.0,0.0,0.0,0.0,-15.0,0.22
4,1502,295,1445,1450,0,1,0.0,-15.0,158.0,10.0,100.0,24820,34040,9220,0.3714746172441579,1,-1,0.0,0.0,-40.0,0.0,0.0,-15.0,15.0,0.0,25.0,0.0,0.0
4,1502,345,1473,1450,0,1,0.0,-30.0,158.0,11.0,100.0,24820,36740,11920,0.4802578565672844,12,12,0.0,0.0,-40.0,0.0,0.0,-15.0,0.0,0.0,25.0,0.0,0.0
4,1502,341,1468,1450,0,1,0.0,-30.0,158.0,12.0,100.0,24820,15240,9580,0.3859790491539081,8,8,0.0,0.0,-40.0,0.0,0.0,-15.0,0.0,0.0,25.0,0.0,0.0
4,1502,335,1467,1450,0,1,0.0,-27.0,158.0,13.0,100.0,24820,53840,29020,1.169218372280419,7,7,0.0,0.0,-40.0,0.0,0.0,-15.0,3.0,0.0,25.0,0.0,0.0
4,1502,311,1457,1450,0,1,0.0,-27.0,158.0,14.0,100.0,24820,31460,6640,0.26752618855761484,5,5,0.0,0.0,-40.0,0.0,0.0,-15.0,3.0,0.0,25.0,0.0,0.0
4,1502,308,1455,1450,0,1,0.0,-22.5,158.0,15.0,100.0,24820,33020,8200,0.330378726833199,3,3,0.0,0.0,-40.0,0.0,0.0,-15.0,7.5,0.0,25.0,0.0,0.0
4,1502,301,1451,1450,0,1,0.0,-15.0,158.0,16.0,100.0,24820,25600,780,0.031426269137792104,1,1,0.0,0.0,-40.0,0.0,0.0,-15.0,15.0,0.0,25.0,0.0,0.0
4,1502,271,1439,1450,0,1,0.0,-27.0,158.0,17.0,100.0,24820,34680,9860,0.3972602739726027,5,-5,0.0,0.0,-40.0,0.0,0.0,-15.0,3.0,0.0,25.0,0.0,0.0
4,1502,292,1442,1450,0,1,0.0,-22.5,158.0,18.0,100.0,24820,20060,4760,0.1917808219178082,2,-2,0.0,0.0,-40.0,0.0,0.0,-15.0,7.5,0.0,25.0,0.0,0.0
4,1502,219,1399,1450,0,1,0.0,-30.0,158.0,19.0,100.0,24820,29180,4360,0.17566478646253023,14,-14,0.0,0.0,-40.0,0.0,0.0,-15.0,0.0,0.0,25.0,0.0,0.0
4,1502,270,1444,1450,0,1,0.0,-22.84,158.0,20.0,100.0,24820,18080,6740,0.2715551974214343,5,-5,0.0,0.0,-40.0,0.0,0.0,-15.0,3.0,0.0,25.0,0.0,4.16
4,1502,269,1437,1450,0,1,0.0,-27.0,158.0,21.0,100.0,24820,34780,9960,0.40128928283642223,5,-5,0.0,0.0,-40.0,0.0,0.0,-15.0,3.0,0.0,25.0,0.0,0.0
4,1502,267,1435,1450,0,1,0.0,-25.08,158.0,22.0,100.0,24820,30860,6040,0.24335213537469783,5,-5,0.0,0.0,-40.0,0.0,0.0,-15.0,3.0,0.0,25.0,0.0,1.92
4,1502,264,1431,1450,0,1,0.0,-26.97,158.0,23.0,100.0,24820,8620,16200,0.6526994359387591,6,-6,0.0,0.0,-40.0,0.0,0.0,-15.0,3.0,0.0,25.0,0.0,0.03
4,1502,263,1430,1450,0,1,0.0,-27.0,158.0,24.0,100.0,24820,32200,7380,0.29734085414987915,6,-6,0.0,0.0,-40.0,0.0,0.0,-15.0,3.0,0.0,25.0,0.0,0.0
4,1502,259,1427,1450,0,1,0.0,-27.0,158.0,25.0,100.0,24820,46900,22080,0.8896051571313457,7,-7,0.0,0.0,-40.0,0.0,0.0,-15.0,3.0,0.0,25.0,0.0,0.0
4,1502,258,1424,1450,0,1,0.0,-27.0,158.0,26.0,100.0,24820,28020,3200,0.128928283642224,7,-7,0.0,0.0,-40.0,0.0,0.0,-15.0,3.0,0.0,25.0,0.0,0.0
4,1502,229,1412,1450,0,1,0.0,-30.0,158.0,27.0,100.0,24820,44380,19560,0.7880741337630943,12,-12,0.0,0.0,-40.0,0.0,0.0,-15.0,0.0,0.0,25.0,0.0,0.0
4,1502,227,1410,1450,0,1,0.0,-30.0,158.0,28.0,100.0,24820,32820,8000,0.32232070910556004,12,-12,0.0,0.0,-40.0,0.0,0.0,-15.0,0.0,0.0,25.0,0.0,0.0
4,1502,347,1475,1450,0,1,0.0,-30.0,158.0,29.0,100.0,24820,36360,11540,0.4649476228847704,13,13,0.0,0.0,-40.0,0.0,0.0,-15.0,0.0,0.0,25.0,0.0,0.0
5,1494,293,1443,1443,1,1,100.0,169.99,170.0,1.0,0.0,14240,14240,0,0.0,0,0,1.0,40.0,0.0,20.0,40.0,0.0,25.0,11.99,25.0,0.0,8.0
5,1494,302,1452,1443,0,1,54.1,85.5,158.0,2.0,45.9,14240,11960,2280,0.1601123595505618,3,3,0.0,40.0,0.0,20.0,0.0,-15.0,7.5,0.0,25.0,0.0,8.0
5,1494,266,1434,1443,0,1,53.1,83.87,158.0,3.0,46.9,14240,44420,30180,2.11938202247191,3,-3,0.0,40.0,0.0,20.0,0.0,-15.0,7.5,0.0,25.0,0.0,6.37
5,1494,273,1438,1443,0,1,53.1,83.87,158.0,4.0,46.9,14240,47660,33420,2.3469101123595504,2,-2,0.0,40.0,0.0,20.0,0.0,-15.0,7.5,0.0,25.0,0.0,6.37
5,1494,231,1418,1443,0,1,51.3,81.0,158.0,5.0,48.7,14240,19820,5580,0.39185393258426965,7,-7,0.0,40.0,0.0,20.0,0.0,-15.0,3.0,0.0,25.0,0.0,8.0
5,1494,309,1459,1443,0,1,51.3,81.0,158.0,6.0,48.7,14240,33560,19320,1.3567415730337078,7,7,0.0,40.0,0.0,20.0,0.0,-15.0,3.0,0.0,25.0,0.0,8.0
5,1494,254,1419,1443,0,1,51.3,81.0,158.0,7.0,48.7,14240,15180,940,0.06601123595505617,6,-6,0.0,40.0,0.0,20.0,0.0,-15.0,3.0,0.0,25.0,0.0,8.0
5,1494,255,1421,1443,0,1,51.3,81.0,158.0,8.0,48.7,14240,28440,14200,0.9971910112359551,6,-6,0.0,40.0,0.0,20.0,0.0,-15.0,3.0,0.0,25.0,0.0,8.0
5,1494,222,1406,1443,0,1,49.4,78.0,158.0,9.0,50.6,14240,15220,980,0.06882022471910113,11,-11,0.0,40.0,0.0,20.0,0.0,-15.0,0.0,0.0,25.0,0.0,8.0
5,1494,223,1407,1443,0,1,49.4,78.0,158.0,10.0,50.6,14240,56480,42240,2.966292134831461,11,-11,0.0,40.0,0.0,20.0,0.0,-15.0,0.0,0.0,25.0,0.0,8.0
5,1494,224,1408,1443,0,1,49.4,78.0,158.0,11.0,50.6,14240,12280,1960,0.13764044943820225,11,-11,0.0,40.0,0.0,20.0,0.0,-15.0,0.0,0.0,25.0,0.0,8.0
5,1494,221,1404,1443,0,1,20.3,32.03,158.0,12.0,79.7,14240,46440,32200,2.2612359550561796,11,-11,0.0,40.0,0.0,20.0,0.0,-15.0,0.0,0.0,0.0,-15.0,2.03
5,1494,272,1440,1443,0,1,0.0,-15.04,158.0,13.0,100.0,14240,38700,24460,1.7176966292134832,3,-3,0.0,0.0,-40.0,0.0,0.0,-15.0,7.5,0.0,25.0,0.0,7.46
5,1494,303,1460,1443,0,1,0.0,-22.5,158.0,14.0,100.0,14240,618,13622,0.9566011235955056,3,3,0.0,0.0,-40.0,0.0,0.0,-15.0,7.5,0.0,25.0,0.0,0.0
5,1494,304,1460,1443,0,1,0.0,-22.5,158.0,15.0,100.0,14240,1132,13108,0.9205056179775281,3,3,0.0,0.0,-40.0,0.0,0.0,-15.0,7.5,0.0,25.0,0.0,0.0
5,1494,305,1460,1443,0,1,0.0,-18.84,158.0,16.0,100.0,14240,1140,13100,0.9199438202247191,3,3,0.0,0.0,-40.0,0.0,0.0,-15.0,7.5,0.0,25.0,0.0,3.66
5,1494,306,1460,1443,0,1,0.0,-22.5,158.0,17.0,100.0,14240,668,13572,0.9530898876404494,3,3,0.0,0.0,-40.0,0.0,0.0,-15.0,7.5,0.0,25.0,0.0,0.0
5,1494,307,1454,1443,0,1,0.0,-19.54,158.0,18.0,100.0,14240,22720,8480,0.5955056179775281,4,4,0.0,0.0,-40.0,0.0,0.0,-15.0,3.0,0.0,25.0,0.0,7.46
5,1494,235,1416,1443,0,1,0.0,-12.0,158.0,19.0,100.0,14240,14208,32,0.0022471910112359553,7,-7,0.0,0.0,-40.0,0.0,40.0,0.0,3.0,0.0,0.0,-15.0,0.0
5,1494,337,1487,1443,0,1,0.0,-30.0,158.0,20.0,100.0,14240,148,14092,0.9896067415730337,10,10,0.0,0.0,-40.0,0.0,0.0,-15.0,0.0,0.0,25.0,0.0,0.0
5,1494,338,1487,1443,0,1,0.0,-30.0,158.0,21.0,100.0,14240,1038,13202,0.9271067415730337,10,10,0.0,0.0,-40.0,0.0,0.0,-15.0,0.0,0.0,25.0,0.0,0.0
5,1494,339,1487,1443,0,1,0.0,-30.0,158.0,22.0,100.0,14240,4419,9821,0.6896769662921348,10,10,0.0,0.0,-40.0,0.0,0.0,-15.0,0.0,0.0,25.0,0.0,0.0
5,1494,340,1487,1443,0,1,0.0,-30.0,158.0,23.0,100.0,14240,1924,12316,0.8648876404494382,10,10,0.0,0.0,-40.0,0.0,0.0,-15.0,0.0,0.0,25.0,0.0,0.0
6,1493,292,1442,1442,1,1,100.0,169.99,170.0,1.0,0.0,20060,20060,0,0.0,0,0,1.0,40.0,0.0,20.0,40.0,0.0,25.0,11.99,25.0,0.0,8.0
6,1493,301,1451,1442,0,1,54.1,85.5,158.0,2.0,45.9,20060,25600,5540,0.2761714855433699,3,3,0.0,40.0,0.0,20.0,0.0,-15.0,7.5,0.0,25.0,0.0,8.0
6,1493,259,1427,1442,0,1,51.3,81.0,158.0,3.0,48.7,20060,46900,26840,1.337986041874377,5,-5,0.0,40.0,0.0,20.0,0.0,-15.0,3.0,0.0,25.0,0.0,8.0
6,1493,204,1388,1442,0,1,49.4,78.0,158.0,4.0,50.6,20060,40340,20280,1.0109670987038883,14,-14,0.0,40.0,0.0,20.0,0.0,-15.0,0.0,0.0,25.0,0.0,8.0
6,1493,335,1467,1442,0,1,49.4,78.0,158.0,5.0,50.6,20060,53840,33780,1.6839481555333997,9,9,0.0,40.0,0.0,20.0,0.0,-15.0,0.0,0.0,25.0,0.0,8.0
6,1493,229,1412,1442,0,1,49.4,78.0,158.0,6.0,50.6,20060,44380,24320,1.2123629112662013,10,-10,0.0,40.0,0.0,20.0,0.0,-15.0,0.0,0.0,25.0,0.0,8.0
6,1493,270,1444,1442,0,1,0.0,-22.5,158.0,7.0,100.0,20060,18080,1980,0.09870388833499502,3,-3,0.0,0.0,-40.0,0.0,0.0,-15.0,7.5,0.0,25.0,0.0,0.0
6,1493,312,1463,1442,0,1,0.0,-30.0,158.0,8.0,100.0,20060,44640,24580,1.2253240279162512,8,8,0.0,0.0,-40.0,0.0,0.0,-15.0,0.0,0.0,25.0,0.0,0.0
6,1493,311,1457,1442,0,1,0.0,-24.52,158.0,9.0,100.0,20060,31460,11400,0.5682951146560319,7,7,0.0,0.0,-40.0,0.0,0.0,-15.0,3.0,0.0,25.0,0.0,2.48
6,1493,308,1455,1442,0,1,0.0,-24.52,158.0,10.0,100.0,20060,33020,12960,0.646061814556331,5,5,0.0,0.0,-40.0,0.0,0.0,-15.0,3.0,0.0,25.0,0.0,2.48
6,1493,300,1449,1442,0,1,0.0,-22.5,158.0,11.0,100.0,20060,34120,14060,0.7008973080757727,2,2,0.0,0.0,-40.0,0.0,0.0,-15.0,7.5,0.0,25.0,0.0,0.0
6,1493,296,1450,1442,0,1,0.0,-22.5,158.0,12.0,100.0,20060,24820,4760,0.23728813559322035,2,2,0.0,0.0,-40.0,0.0,0.0,-15.0,7.5,0.0,25.0,0.0,0.0
6,1493,295,1445,1442,0,1,0.0,-12.52,158.0,13.0,100.0,20060,34040,13980,0.6969092721834497,1,1,0.0,0.0,-40.0,0.0,0.0,-15.0,15.0,0.0,25.0,0.0,2.48
6,1493,271,1439,1442,0,1,0.0,-20.02,158.0,14.0,100.0,20060,34680,14620,0.7288135593220338,3,-3,0.0,0.0,-40.0,0.0,0.0,-15.0,7.5,0.0,25.0,0.0,2.48
6,1493,269,1437,1442,0,1,0.0,-20.02,158.0,15.0,100.0,20060,34780,14720,0.7337986041874377,3,-3,0.0,0.0,-40.0,0.0,0.0,-15.0,7.5,0.0,25.0,0.0,2.48
6,1493,219,1399,1442,0,1,0.0,-27.52,158.0,16.0,100.0,20060,29180,9120,0.4546360917248255,12,-12,0.0,0.0,-40.0,0.0,0.0,-15.0,0.0,0.0,25.0,0.0,2.48
6,1493,267,1435,1442,0,1,0.0,-22.5,158.0,17.0,100.0,20060,30860,10800,0.5383848454636092,3,-3,0.0,0.0,-40.0,0.0,0.0,-15.0,7.5,0.0,25.0,0.0,0.0
6,1493,265,1432,1442,0,1,0.0,-27.0,158.0,18.0,100.0,20060,29080,9020,0.44965104685942175,4,-4,0.0,0.0,-40.0,0.0,0.0,-15.0,3.0,0.0,25.0,0.0,0.0
6,1493,264,1431,1442,0,1,0.0,-25.06,158.0,19.0,100.0,20060,8620,11440,0.5702891326021934,4,-4,0.0,0.0,-40.0,0.0,0.0,-15.0,3.0,0.0,25.0,0.0,1.94
6,1493,263,1430,1442,0,1,0.0,-24.52,158.0,20.0,100.0,20060,32200,12140,0.6051844466600199,4,-4,0.0,0.0,-40.0,0.0,0.0,-15.0,3.0,0.0,25.0,0.0,2.48
6,1493,258,1424,1442,0,1,0.0,-24.52,158.0,21.0,100.0,20060,28020,7960,0.3968095712861416,5,-5,0.0,0.0,-40.0,0.0,0.0,-15.0,3.0,0.0,25.0,0.0,2.48
6,1493,231,1418,1442,0,1,0.0,-25.93,158.0,22.0,100.0,20060,19820,240,0.011964107676969093,7,-7,0.0,0.0,-40.0,0.0,26.07,0.0,3.0,0.0,0.0,-15.0,0.0
6,1493,230,1413,1442,0,1,0.0,-30.0,158.0,23.0,100.0,20060,27180,7120,0.35493519441674976,10,-10,0.0,0.0,-40.0,0.0,0.0,-15.0,0.0,0.0,25.0,0.0,0.0
6,1493,228,1411,1442,0,1,0.0,-30.0,158.0,24.0,100.0,20060,27840,7780,0.38783649052841473,10,-10,0.0,0.0,-40.0,0.0,0.0,-15.0,0.0,0.0,25.0,0.0,0.0
6,1493,227,1410,1442,0,1,0.0,-25.96,158.0,25.0,100.0,20060,32820,12760,0.6360917248255235,10,-10,0.0,0.0,-40.0,0.0,0.0,-15.0,0.0,0.0,25.0,0.0,4.04
6,1493,341,1468,1442,0,1,0.0,-24.89,158.0,26.0,100.0,20060,15240,4820,0.24027916251246262,10,10,0.0,0.0,-40.0,0.0,0.0,-15.0,0.0,0.0,25.0,0.0,5.11
7,1487,272,1440,1440,1,1,100.0,169.99,170.0,1.0,0.0,38700,38700,0,0.0,0,0,1.0,40.0,0.0,20.0,40.0,0.0,25.0,11.99,25.0,0.0,8.0
7,1487,307,1454,1440,0,1,51.3,81.0,158.0,2.0,48.7,38700,22720,15980,0.4129198966408269,7,7,0.0,40.0,0.0,20.0,0.0,-15.0,3.0,0.0,25.0,0.0,8.0
7,1487,266,1434,1440,0,1,5.1,8.65,170.0,3.0,94.9,38700,44420,5720,0.14780361757105942,0,0,1.0,0.0,-40.0,0.0,0.0,-15.0,25.0,6.75,25.0,0.0,6.9
7,1487,222,1406,1440,0,1,0.0,-22.55,158.0,4.0,100.0,38700,15220,23480,0.60671834625323,8,-8,0.0,0.0,-40.0,0.0,0.0,-15.0,0.0,0.0,25.0,0.0,7.45
7,1487,304,1460,1440,0,1,0.0,-27.0,158.0,5.0,100.0,38700,1132,37568,0.9707493540051679,6,6,0.0,0.0,-40.0,0.0,0.0,-15.0,3.0,0.0,25.0,0.0,0.0
7,1487,339,1487,1440,0,1,0.0,-30.0,158.0,6.0,100.0,38700,4419,34281,0.8858139534883721,13,13,0.0,0.0,-40.0,0.0,0.0,-15.0,0.0,0.0,25.0,0.0,0.0
7,1487,338,1487,1440,0,1,0.0,-30.0,158.0,7.0,100.0,38700,1038,37662,0.9731782945736435,13,13,0.0,0.0,-40.0,0.0,0.0,-15.0,0.0,0.0,25.0,0.0,0.0
7,1487,337,1487,1440,0,1,0.0,-30.0,158.0,8.0,100.0,38700,148,38552,0.9961757105943152,13,13,0.0,0.0,-40.0,0.0,0.0,-15.0,0.0,0.0,25.0,0.0,0.0
7,1487,309,1459,1440,0,1,0.0,-22.55,158.0,9.0,100.0,38700,33560,5140,0.13281653746770025,10,10,0.0,0.0,-40.0,0.0,0.0,-15.0,0.0,0.0,25.0,0.0,7.45
7,1487,306,1460,1440,0,1,0.0,-27.0,158.0,10.0,100.0,38700,668,38032,0.9827390180878552,6,6,0.0,0.0,-40.0,0.0,0.0,-15.0,3.0,0.0,25.0,0.0,0.0
7,1487,305,1460,1440,0,1,0.0,-22.86,158.0,11.0,100.0,38700,1140,37560,0.9705426356589147,6,6,0.0,0.0,-40.0,0.0,0.0,-15.0,3.0,0.0,25.0,0.0,4.14
7,1487,302,1452,1440,0,1,0.0,-19.55,158.0,12.0,100.0,38700,11960,26740,0.6909560723514212,6,6,0.0,0.0,-40.0,0.0,0.0,-15.0,3.0,0.0,25.0,0.0,7.45
7,1487,303,1460,1440,0,1,0.0,-27.0,158.0,13.0,100.0,38700,618,38082,0.984031007751938,6,6,0.0,0.0,-40.0,0.0,0.0,-15.0,3.0,0.0,25.0,0.0,0.0
7,1487,223,1407,1440,0,1,0.0,-22.55,158.0,14.0,100.0,38700,56480,17780,0.4594315245478036,8,-8,0.0,0.0,-40.0,0.0,0.0,-15.0,0.0,0.0,25.0,0.0,7.45
7,1487,293,1443,1440,0,1,0.0,-15.05,158.0,15.0,100.0,38700,14240,24460,0.6320413436692507,3,3,0.0,0.0,-40.0,0.0,0.0,-15.0,7.5,0.0,25.0,0.0,7.45
7,1487,273,1438,1440,0,1,0.0,-8.1,158.0,16.0,100.0,38700,47660,8960,0.23152454780361756,1,1,0.0,0.0,-40.0,0.0,0.0,-15.0,15.0,0.0,25.0,0.0,6.9
7,1487,255,1421,1440,0,1,0.0,-15.05,158.0,17.0,100.0,38700,28440,10260,0.2651162790697674,3,-3,0.0,0.0,-40.0,0.0,0.0,-15.0,7.5,0.0,25.0,0.0,7.45
7,1487,254,1419,1440,0,1,0.0,-15.05,158.0,18.0,100.0,38700,15180,23520,0.6077519379844961,3,-3,0.0,0.0,-40.0,0.0,0.0,-15.0,7.5,0.0,25.0,0.0,7.45
7,1487,231,1418,1440,0,1,0.0,-19.55,158.0,19.0,100.0,38700,19820,18880,0.4878552971576227,4,-4,0.0,0.0,-40.0,0.0,0.0,-15.0,3.0,0.0,25.0,0.0,7.45
7,1487,224,1408,1440,0,1,0.0,-22.55,158.0,20.0,100.0,38700,12280,26420,0.682687338501292,8,-8,0.0,0.0,-40.0,0.0,0.0,-15.0,0.0,0.0,25.0,0.0,7.45
7,1487,340,1487,1440,0,1,0.0,-30.0,158.0,21.0,100.0,38700,1924,36776,0.9502842377260982,13,13,0.0,0.0,-40.0,0.0,0.0,-15.0,0.0,0.0,25.0,0.0,0.0
8,1492,273,1438,1438,1,1,93.7,148.0,158.0,1.0,0.0,47660,47660,0,0.0,1,1,0.0,40.0,0.0,20.0,40.0,0.0,15.0,0.0,25.0,0.0,8.0
8,1492,266,1434,1438,0,1,65.1,110.7,170.0,2.0,28.60000000000001,47660,44420,3240,0.06798153587914393,0,0,1.0,40.0,0.0,20.0,0.0,-15.0,25.0,7.7,25.0,0.0,8.0
8,1492,254,1419,1438,0,1,53.0,83.79,158.0,3.0,40.7,47660,15180,32480,0.6814939152328997,3,-3,0.0,40.0,0.0,20.0,0.0,-15.0,7.5,0.0,25.0,0.0,6.29
8,1492,255,1421,1438,0,1,53.0,83.79,158.0,4.0,40.7,47660,28440,19220,0.4032731850608477,3,-3,0.0,40.0,0.0,20.0,0.0,-15.0,7.5,0.0,25.0,0.0,6.29
8,1492,293,1443,1438,0,1,53.0,83.79,158.0,5.0,40.7,47660,14240,33420,0.7012169534200587,3,3,0.0,40.0,0.0,20.0,0.0,-15.0,7.5,0.0,25.0,0.0,6.29
8,1492,231,1418,1438,0,1,50.2,79.29,158.0,6.0,43.5,47660,19820,27840,0.5841376416281997,4,-4,0.0,40.0,0.0,20.0,0.0,-15.0,3.0,0.0,25.0,0.0,6.29
8,1492,302,1452,1438,0,1,50.2,79.29,158.0,7.0,43.5,47660,11960,35700,0.7490558120016786,6,6,0.0,40.0,0.0,20.0,0.0,-15.0,3.0,0.0,25.0,0.0,6.29
8,1492,222,1406,1438,0,1,48.3,76.29,158.0,8.0,45.400000000000006,47660,15220,32440,0.6806546370121695,8,-8,0.0,40.0,0.0,20.0,0.0,-15.0,0.0,0.0,25.0,0.0,6.29
8,1492,223,1407,1438,0,1,48.3,76.29,158.0,9.0,45.400000000000006,47660,56480,8820,0.18506084767100295,8,-8,0.0,40.0,0.0,20.0,0.0,-15.0,0.0,0.0,25.0,0.0,6.29
8,1492,224,1408,1438,0,1,48.3,76.29,158.0,10.0,45.400000000000006,47660,12280,35380,0.7423415862358371,8,-8,0.0,40.0,0.0,20.0,0.0,-15.0,0.0,0.0,25.0,0.0,6.29
8,1492,309,1459,1438,0,1,48.3,76.29,158.0,11.0,45.400000000000006,47660,33560,14100,0.29584557280738566,10,10,0.0,40.0,0.0,20.0,0.0,-15.0,0.0,0.0,25.0,0.0,6.29
8,1492,221,1404,1438,0,1,21.2,33.43,158.0,12.0,72.5,47660,46440,1220,0.025597985732270248,8,-8,0.0,40.0,0.0,20.0,0.0,-15.0,0.0,0.0,0.0,-15.0,3.43
8,1492,272,1440,1438,0,1,7.6,12.91,170.0,13.0,86.10000000000001,47660,38700,8960,0.18799832144355855,0,0,1.0,0.0,-40.0,0.0,0.0,-15.0,25.0,11.05,25.0,0.0,6.86
8,1492,260,1425,1438,0,1,0.0,-8.38,158.0,14.0,93.7,47660,47360,300,0.00629458665547629,2,-2,0.0,0.0,-40.0,0.0,37.41,0.0,7.5,0.0,0.0,-15.0,1.71
8,1492,259,1427,1438,0,1,0.0,-27.56,158.0,15.0,93.7,47660,46900,760,0.01594628619387327,2,-2,0.0,0.0,-40.0,0.0,18.11,0.0,7.5,0.0,0.0,-15.0,1.83
8,1492,303,1460,1438,0,1,0.0,-27.0,158.0,16.0,93.7,47660,618,47042,0.9870331514897188,6,6,0.0,0.0,-40.0,0.0,0.0,-15.0,3.0,0.0,25.0,0.0,0.0
8,1492,304,1460,1438,0,1,0.0,-27.0,158.0,17.0,93.7,47660,1132,46528,0.9762484263533361,6,6,0.0,0.0,-40.0,0.0,0.0,-15.0,3.0,0.0,25.0,0.0,0.0
8,1492,305,1460,1438,0,1,0.0,-21.86,158.0,18.0,93.7,47660,1140,46520,0.9760805707091901,6,6,0.0,0.0,-40.0,0.0,0.0,-15.0,3.0,0.0,25.0,0.0,5.14
8,1492,306,1460,1438,0,1,0.0,-27.0,158.0,19.0,93.7,47660,668,46992,0.9859840537138062,6,6,0.0,0.0,-40.0,0.0,0.0,-15.0,3.0,0.0,25.0,0.0,0.0
8,1492,307,1454,1438,0,1,0.0,-20.14,158.0,20.0,93.7,47660,22720,24940,0.5232899706252623,7,7,0.0,0.0,-40.0,0.0,0.0,-15.0,3.0,0.0,25.0,0.0,6.86
8,1492,253,1417,1438,0,1,0.0,-26.54,158.0,21.0,93.7,47660,48340,680,0.014267729752412925,4,-4,0.0,0.0,-40.0,0.0,21.46,0.0,3.0,0.0,0.0,-15.0,4.0
8,1492,337,1487,1438,0,1,0.0,-30.0,158.0,22.0,93.7,47660,148,47512,0.9968946705832984,13,13,0.0,0.0,-40.0,0.0,0.0,-15.0,0.0,0.0,25.0,0.0,0.0
8,1492,338,1487,1438,0,1,0.0,-30.0,158.0,23.0,93.7,47660,1038,46622,0.978220730172052,13,13,0.0,0.0,-40.0,0.0,0.0,-15.0,0.0,0.0,25.0,0.0,0.0
8,1492,339,1487,1438,0,1,0.0,-30.0,158.0,24.0,93.7,47660,4419,43241,0.9072807385648343,13,13,0.0,0.0,-40.0,0.0,0.0,-15.0,0.0,0.0,25.0,0.0,0.0
8,1492,340,1487,1438,0,1,0.0,-30.0,158.0,25.0,93.7,47660,1924,45736,0.9596307175828788,13,13,0.0,0.0,-40.0,0.0,0.0,-15.0,0.0,0.0,25.0,0.0,0.0
9,1485,266,1434,1434,1,1,97.5,165.73,170.0,1.0,0.0,44420,44420,0,0.0,0,0,1.0,40.0,0.0,20.0,40.0,0.0,25.0,7.73,25.0,0.0,8.0
9,1485,273,1438,1434,0,1,58.9,93.0,158.0,2.0,38.6,44420,47660,3240,0.07294011706438541,1,1,0.0,40.0,0.0,20.0,0.0,-15.0,15.0,0.0,25.0,0.0,8.0
9,1485,293,1443,1434,0,1,53.0,83.79,158.0,3.0,44.5,44420,14240,30180,0.6794236830256641,3,3,0.0,40.0,0.0,20.0,0.0,-15.0,7.5,0.0,25.0,0.0,6.29
9,1485,254,1419,1434,0,1,53.0,83.79,158.0,4.0,44.5,44420,15180,29240,0.6582620441242684,3,-3,0.0,40.0,0.0,20.0,0.0,-15.0,7.5,0.0,25.0,0.0,6.29
9,1485,255,1421,1434,0,1,53.0,83.79,158.0,5.0,44.5,44420,28440,15980,0.35974786132372805,3,-3,0.0,40.0,0.0,20.0,0.0,-15.0,7.5,0.0,25.0,0.0,6.29
9,1485,302,1452,1434,0,1,50.2,79.29,158.0,6.0,47.3,44420,11960,32460,0.7307519135524538,6,6,0.0,40.0,0.0,20.0,0.0,-15.0,3.0,0.0,25.0,0.0,6.29
9,1485,231,1418,1434,0,1,50.2,79.29,158.0,7.0,47.3,44420,19820,24600,0.5538045925258892,4,-4,0.0,40.0,0.0,20.0,0.0,-15.0,3.0,0.0,25.0,0.0,6.29
9,1485,223,1407,1434,0,1,48.3,76.29,158.0,8.0,49.2,44420,56480,12060,0.2714993246285457,8,-8,0.0,40.0,0.0,20.0,0.0,-15.0,0.0,0.0,25.0,0.0,6.29
9,1485,224,1408,1434,0,1,48.3,76.29,158.0,9.0,49.2,44420,12280,32140,0.7235479513732553,8,-8,0.0,40.0,0.0,20.0,0.0,-15.0,0.0,0.0,25.0,0.0,6.29
9,1485,309,1459,1434,0,1,48.3,76.29,158.0,10.0,49.2,44420,33560,10860,0.2444844664565511,10,10,0.0,40.0,0.0,20.0,0.0,-15.0,0.0,0.0,25.0,0.0,6.29
9,1485,222,1406,1434,0,1,48.3,76.29,158.0,11.0,49.2,44420,15220,29200,0.6573615488518685,8,-8,0.0,40.0,0.0,20.0,0.0,-15.0,0.0,0.0,25.0,0.0,6.29
9,1485,221,1404,1434,0,1,21.2,33.43,158.0,12.0,76.3,44420,46440,2020,0.045475011256190905,8,-8,0.0,40.0,0.0,20.0,0.0,-15.0,0.0,0.0,0.0,-15.0,3.43
9,1485,272,1440,1434,0,1,7.6,12.88,170.0,13.0,89.9,44420,38700,5720,0.12877082395317424,0,0,1.0,0.0,-40.0,0.0,0.0,-15.0,25.0,11.02,25.0,0.0,6.86
9,1485,303,1460,1434,0,1,0.0,-27.0,158.0,14.0,97.5,44420,618,43802,0.9860873480414227,6,6,0.0,0.0,-40.0,0.0,0.0,-15.0,3.0,0.0,25.0,0.0,0.0
9,1485,304,1460,1434,0,1,0.0,-27.0,158.0,15.0,97.5,44420,1132,43288,0.9745159837910851,6,6,0.0,0.0,-40.0,0.0,0.0,-15.0,3.0,0.0,25.0,0.0,0.0
9,1485,305,1460,1434,0,1,0.0,-21.86,158.0,16.0,97.5,44420,1140,43280,0.9743358847366052,6,6,0.0,0.0,-40.0,0.0,0.0,-15.0,3.0,0.0,25.0,0.0,5.14
9,1485,306,1460,1434,0,1,0.0,-27.0,158.0,17.0,97.5,44420,668,43752,0.984961728950923,6,6,0.0,0.0,-40.0,0.0,0.0,-15.0,3.0,0.0,25.0,0.0,0.0
9,1485,307,1454,1434,0,1,0.0,-20.14,158.0,18.0,97.5,44420,22720,21700,0.4885186852769023,7,7,0.0,0.0,-40.0,0.0,0.0,-15.0,3.0,0.0,25.0,0.0,6.86
9,1485,229,1412,1434,0,1,0.0,-10.17,158.0,19.0,97.5,44420,44380,40,0.0009004952723998199,7,-7,0.0,0.0,-40.0,0.0,40.0,0.0,3.0,0.0,0.0,-15.0,1.83
9,1485,312,1463,1434,0,1,0.0,-15.0,158.0,20.0,97.5,44420,44640,220,0.00495272399819901,11,11,0.0,0.0,-40.0,0.0,40.0,0.0,0.0,0.0,0.0,-15.0,0.0
9,1485,337,1487,1434,0,1,0.0,-30.0,158.0,21.0,97.5,44420,148,44272,0.9966681674921206,13,13,0.0,0.0,-40.0,0.0,0.0,-15.0,0.0,0.0,25.0,0.0,0.0
9,1485,338,1487,1434,0,1,0.0,-30.0,158.0,22.0,97.5,44420,1038,43382,0.9766321476812246,13,13,0.0,0.0,-40.0,0.0,0.0,-15.0,0.0,0.0,25.0,0.0,0.0
9,1485,339,1487,1434,0,1,0.0,-30.0,158.0,23.0,97.5,44420,4419,40001,0.9005177847816299,13,13,0.0,0.0,-40.0,0.0,0.0,-15.0,0.0,0.0,25.0,0.0,0.0
9,1485,340,1487,1434,0,1,0.0,-30.0,158.0,24.0,97.5,44420,1924,42496,0.9566861773975687,13,13,0.0,0.0,-40.0,0.0,0.0,-15.0,0.0,0.0,25.0,0.0,0.0
10,1498,270,1444,1444,1,1,97.9,166.51,170.0,1.0,0.0,18080,18080,0,0.0,0,0,1.0,40.0,0.0,20.0,40.0,0.0,25.0,8.51,25.0,0.0,8.0
10,1498,267,1435,1444,0,1,65.8,111.81,170.0,2.0,32.10000000000001,18080,30860,12780,0.706858407079646,0,0,1.0,40.0,0.0,20.0,0.0,-15.0,25.0,11.35,25.0,0.0,5.46
10,1498,269,1437,1444,0,1,4.0,6.76,170.0,3.0,93.9,18080,34780,16700,0.9236725663716814,0,0,1.0,0.0,-40.0,0.0,0.0,-15.0,25.0,8.84,25.0,0.0,2.92
10,1498,271,1439,1444,0,1,3.1,5.27,170.0,4.0,94.80000000000001,18080,34680,16600,0.918141592920354,0,0,1.0,0.0,-40.0,0.0,0.0,-15.0,25.0,7.35,25.0,0.0,2.92
10,1498,335,1467,1444,0,1,0.0,-30.0,158.0,5.0,97.9,18080,53840,35760,1.9778761061946903,12,12,0.0,0.0,-40.0,0.0,0.0,-15.0,0.0,0.0,25.0,0.0,0.0
10,1498,312,1463,1444,0,1,0.0,-26.37,158.0,6.0,97.9,18080,44640,26560,1.4690265486725664,11,11,0.0,0.0,-40.0,0.0,0.0,-15.0,0.0,0.0,25.0,0.0,3.63
10,1498,311,1457,1444,0,1,0.0,-27.08,158.0,7.0,97.9,18080,31460,13380,0.7400442477876106,10,10,0.0,0.0,-40.0,0.0,0.0,-15.0,0.0,0.0,25.0,0.0,2.92
10,1498,308,1455,1444,0,1,0.0,-27.08,158.0,8.0,97.9,18080,33020,14940,0.8263274336283186,8,8,0.0,0.0,-40.0,0.0,0.0,-15.0,0.0,0.0,25.0,0.0,2.92
10,1498,301,1451,1444,0,1,0.0,-27.0,158.0,9.0,97.9,18080,25600,7520,0.415929203539823,6,6,0.0,0.0,-40.0,0.0,0.0,-15.0,3.0,0.0,25.0,0.0,0.0
10,1498,300,1449,1444,0,1,0.0,-23.37,158.0,10.0,97.9,18080,34120,16040,0.8871681415929203,5,5,0.0,0.0,-40.0,0.0,0.0,-15.0,3.0,0.0,25.0,0.0,3.63
10,1498,296,1450,1444,0,1,0.0,-23.37,158.0,11.0,97.9,18080,24820,6740,0.372787610619469,5,5,0.0,0.0,-40.0,0.0,0.0,-15.0,3.0,0.0,25.0,0.0,3.63
10,1498,295,1445,1444,0,1,0.0,-24.08,158.0,12.0,97.9,18080,34040,15960,0.8827433628318584,4,4,0.0,0.0,-40.0,0.0,0.0,-15.0,3.0,0.0,25.0,0.0,2.92
10,1498,292,1442,1444,0,1,0.0,-22.5,158.0,13.0,97.9,18080,20060,1980,0.10951327433628319,3,3,0.0,0.0,-40.0,0.0,0.0,-15.0,7.5,0.0,25.0,0.0,0.0
10,1498,204,1388,1444,0,1,0.0,-30.0,158.0,14.0,97.9,18080,40340,22260,1.2311946902654867,11,-11,0.0,0.0,-40.0,0.0,0.0,-15.0,0.0,0.0,25.0,0.0,0.0
10,1498,219,1399,1444,0,1,0.0,-27.08,158.0,15.0,97.9,18080,29180,11100,0.6139380530973452,9,-9,0.0,0.0,-40.0,0.0,0.0,-15.0,0.0,0.0,25.0,0.0,2.92
10,1498,265,1432,1444,0,1,0.0,-11.37,158.0,16.0,97.9,18080,29080,11000,0.6084070796460177,1,-1,0.0,0.0,-40.0,0.0,0.0,-15.0,15.0,0.0,25.0,0.0,3.63
10,1498,264,1431,1444,0,1,0.0,-11.69,158.0,17.0,97.9,18080,8620,9460,0.5232300884955752,1,-1,0.0,0.0,-40.0,0.0,0.0,-15.0,15.0,0.0,25.0,0.0,3.31
10,1498,263,1430,1444,0,1,0.0,-12.08,158.0,18.0,97.9,18080,32200,14120,0.7809734513274337,1,-1,0.0,0.0,-40.0,0.0,0.0,-15.0,15.0,0.0,25.0,0.0,2.92
10,1498,259,1427,1444,0,1,0.0,-22.5,158.0,19.0,97.9,18080,46900,28820,1.5940265486725664,2,-2,0.0,0.0,-40.0,0.0,0.0,-15.0,7.5,0.0,25.0,0.0,0.0
10,1498,258,1424,1444,0,1,0.0,-19.58,158.0,20.0,97.9,18080,28020,9940,0.5497787610619469,2,-2,0.0,0.0,-40.0,0.0,0.0,-15.0,7.5,0.0,25.0,0.0,2.92
10,1498,230,1413,1444,0,1,0.0,-23.37,158.0,21.0,97.9,18080,27180,9100,0.5033185840707964,7,-7,0.0,0.0,-40.0,0.0,0.0,-15.0,3.0,0.0,25.0,0.0,3.63
10,1498,229,1412,1444,0,1,0.0,-27.0,158.0,22.0,97.9,18080,44380,26300,1.454646017699115,7,-7,0.0,0.0,-40.0,0.0,0.0,-15.0,3.0,0.0,25.0,0.0,0.0
10,1498,228,1411,1444,0,1,0.0,-23.37,158.0,23.0,97.9,18080,27840,9760,0.5398230088495575,7,-7,0.0,0.0,-40.0,0.0,0.0,-15.0,3.0,0.0,25.0,0.0,3.63
10,1498,227,1410,1444,0,1,0.0,-25.2,158.0,24.0,97.9,18080,32820,14740,0.8152654867256637,7,-7,0.0,0.0,-40.0,0.0,0.0,-15.0,3.0,0.0,25.0,0.0,1.8
10,1498,341,1468,1444,0,1,0.0,-28.97,158.0,25.0,97.9,18080,15240,2840,0.1570796460176991,13,13,0.0,0.0,-40.0,0.0,0.0,-15.0,0.0,0.0,25.0,0.0,1.03
11,1484,265,1432,1432,1,1,100.0,169.99,170.0,1.0,0.0,29080,29080,0,0.0,0,0,1.0,40.0,0.0,20.0,40.0,0.0,25.0,11.99,25.0,0.0,8.0
11,1484,228,1411,1432,0,1,51.3,81.0,158.0,2.0,48.7,29080,27840,1240,0.04264099037138927,6,-6,0.0,40.0,0.0,20.0,0.0,-15.0,3.0,0.0,25.0,0.0,8.0
11,1484,300,1449,1432,0,1,51.3,81.0,158.0,3.0,48.7,29080,34120,5040,0.1733149931224209,6,6,0.0,40.0,0.0,20.0,0.0,-15.0,3.0,0.0,25.0,0.0,8.0
11,1484,296,1450,1432,0,1,51.3,81.0,158.0,4.0,48.7,29080,24820,4260,0.14649243466299863,6,6,0.0,40.0,0.0,20.0,0.0,-15.0,3.0,0.0,25.0,0.0,8.0
11,1484,230,1413,1432,0,1,51.3,81.0,158.0,5.0,48.7,29080,27180,1900,0.06533700137551582,6,-6,0.0,40.0,0.0,20.0,0.0,-15.0,3.0,0.0,25.0,0.0,8.0
11,1484,312,1463,1432,0,1,49.4,78.0,158.0,6.0,50.6,29080,44640,15560,0.5350756533700137,12,12,0.0,40.0,0.0,20.0,0.0,-15.0,0.0,0.0,25.0,0.0,8.0
11,1484,200,1376,1432,0,1,19.1,30.22,158.0,7.0,80.9,29080,36760,7680,0.2640990371389271,14,-14,0.0,40.0,0.0,20.0,0.0,-15.0,0.0,0.0,0.0,-15.0,0.22
11,1484,336,1466,1432,0,1,19.1,30.22,158.0,8.0,80.9,29080,31900,2820,0.0969738651994498,13,13,0.0,40.0,0.0,20.0,0.0,-15.0,0.0,0.0,0.0,-15.0,0.22
11,1484,218,1398,1432,0,1,19.1,30.22,158.0,9.0,80.9,29080,42100,13020,0.4477303988995873,8,-8,0.0,40.0,0.0,20.0,0.0,-15.0,0.0,0.0,0.0,-15.0,0.22
11,1484,202,1383,1432,0,1,19.1,30.22,158.0,10.0,80.9,29080,40960,11880,0.40852819807427787,14,-14,0.0,40.0,0.0,20.0,0.0,-15.0,0.0,0.0,0.0,-15.0,0.22
11,1484,213,1393,1432,0,1,19.1,30.22,158.0,11.0,80.9,29080,37700,8620,0.29642365887207706,9,-9,0.0,40.0,0.0,20.0,0.0,-15.0,0.0,0.0,0.0,-15.0,0.22
11,1484,219,1399,1432,0,1,15.8,25.0,158.0,12.0,84.2,29080,29180,100,0.0034387895460797797,8,-8,0.0,0.0,-40.0,0.0,40.0,0.0,0.0,0.0,25.0,0.0,0.0
11,1484,264,1431,1432,0,1,4.1,6.99,170.0,13.0,95.9,29080,8620,20460,0.703576341127923,0,0,1.0,0.0,-40.0,0.0,0.0,-15.0,25.0,11.96,25.0,0.0,0.03
11,1484,263,1430,1432,0,1,3.5,6.03,170.0,14.0,96.5,29080,32200,3120,0.10729023383768914,0,0,1.0,0.0,-40.0,0.0,0.0,-15.0,25.0,11.03,25.0,0.0,0.0
11,1484,295,1445,1432,0,1,0.0,-27.0,158.0,15.0,100.0,29080,34040,4960,0.17056396148555708,5,5,0.0,0.0,-40.0,0.0,0.0,-15.0,3.0,0.0,25.0,0.0,0.0
11,1484,335,1467,1432,0,1,0.0,-30.0,158.0,16.0,100.0,29080,53840,24760,0.8514442916093535,13,13,0.0,0.0,-40.0,0.0,0.0,-15.0,0.0,0.0,25.0,0.0,0.0
11,1484,311,1457,1432,0,1,0.0,-30.0,158.0,17.0,100.0,29080,31460,2380,0.08184319119669876,11,11,0.0,0.0,-40.0,0.0,0.0,-15.0,0.0,0.0,25.0,0.0,0.0
11,1484,308,1455,1432,0,1,0.0,-30.0,158.0,18.0,100.0,29080,33020,3940,0.13548830811554333,9,9,0.0,0.0,-40.0,0.0,0.0,-15.0,0.0,0.0,25.0,0.0,0.0
11,1484,301,1451,1432,0,1,0.0,-27.0,158.0,19.0,100.0,29080,25600,3480,0.11966987620357634,7,7,0.0,0.0,-40.0,0.0,0.0,-15.0,3.0,0.0,25.0,0.0,0.0
11,1484,204,1388,1432,0,1,0.0,-30.0,158.0,20.0,100.0,29080,40340,11260,0.3872077028885832,10,-10,0.0,0.0,-40.0,0.0,0.0,-15.0,0.0,0.0,25.0,0.0,0.0
11,1484,297,1446,1432,0,1,0.0,-10.22,158.0,21.0,100.0,29080,28900,180,0.006189821182943604,6,6,0.0,0.0,-40.0,0.0,37.62,0.0,3.0,0.0,0.0,-15.0,4.16
11,1484,206,1387,1432,0,1,0.0,-10.56,158.0,22.0,100.0,29080,29420,340,0.011691884456671253,10,-10,0.0,0.0,-40.0,0.0,26.62,0.0,0.0,0.0,0.0,0.0,2.82
11,1484,227,1410,1432,0,1,0.0,-27.0,158.0,23.0,100.0,29080,32820,3740,0.12861072902338377,6,-6,0.0,0.0,-40.0,0.0,0.0,-15.0,3.0,0.0,25.0,0.0,0.0
11,1484,292,1442,1432,0,1,0.0,-27.0,158.0,24.0,100.0,29080,20060,9020,0.31017881705639616,4,4,0.0,0.0,-40.0,0.0,0.0,-15.0,3.0,0.0,25.0,0.0,0.0
11,1484,271,1439,1432,0,1,0.0,-15.0,158.0,25.0,100.0,29080,34680,5600,0.19257221458046767,1,1,0.0,0.0,-40.0,0.0,0.0,-15.0,15.0,0.0,25.0,0.0,0.0
11,1484,269,1437,1432,0,1,0.0,-15.0,158.0,26.0,100.0,29080,34780,5700,0.19601100412654746,1,1,0.0,0.0,-40.0,0.0,0.0,-15.0,15.0,0.0,25.0,0.0,0.0
11,1484,267,1435,1432,0,1,0.0,-13.08,158.0,27.0,100.0,29080,30860,1780,0.061210453920220086,1,1,0.0,0.0,-40.0,0.0,0.0,-15.0,15.0,0.0,25.0,0.0,1.92
11,1484,201,1382,1432,0,1,0.0,-13.08,158.0,28.0,100.0,29080,29040,40,0.001375515818431912,14,-14,0.0,0.0,-40.0,0.0,40.0,0.0,0.0,0.0,0.0,-15.0,1.92
11,1484,259,1427,1432,0,1,0.0,-15.0,158.0,29.0,100.0,29080,46900,17820,0.6127922971114168,1,-1,0.0,0.0,-40.0,0.0,0.0,-15.0,15.0,0.0,25.0,0.0,0.0
11,1484,258,1424,1432,0,1,0.0,-15.0,158.0,30.0,100.0,29080,28020,1060,0.03645116918844567,1,-1,0.0,0.0,-40.0,0.0,0.0,-15.0,15.0,0.0,25.0,0.0,0.0
11,1484,255,1421,1432,0,1,0.0,-39.15,158.0,31.0,100.0,29080,28440,640,0.02200825309491059,2,-2,0.0,0.0,-40.0,0.0,5.98,0.0,7.5,0.0,0.0,-15.0,2.37
11,1484,229,1412,1432,0,1,0.0,-27.0,158.0,32.0,100.0,29080,44380,15300,0.5261348005502063,6,-6,0.0,0.0,-40.0,0.0,0.0,-15.0,3.0,0.0,25.0,0.0,0.0
11,1484,270,1444,1432,0,1,0.0,-10.84,158.0,33.0,100.0,29080,18080,11000,0.3782668500687758,1,1,0.0,0.0,-40.0,0.0,0.0,-15.0,15.0,0.0,25.0,0.0,4.16
12,1483,264,1431,1431,1,1,100.0,169.99,170.0,1.0,0.0,8620,8620,0,0.0,0,0,1.0,40.0,0.0,20.0,40.0,0.0,25.0,11.99,25.0,0.0,8.0
12,1483,263,1430,1431,0,1,8.0,13.61,170.0,2.0,92.0,8620,32200,23580,2.7354988399071924,0,0,1.0,0.0,-40.0,0.0,0.0,-15.0,25.0,11.06,25.0,0.0,7.55
12,1483,265,1432,1431,0,1,4.1,6.98,170.0,3.0,95.9,8620,29080,20460,2.3735498839907194,0,0,1.0,0.0,-40.0,0.0,0.0,-15.0,25.0,11.98,25.0,0.0,0.0
12,1483,204,1388,1431,0,1,0.0,-27.1,158.0,4.0,100.0,8620,40340,31720,3.679814385150812,10,-10,0.0,0.0,-40.0,0.0,0.0,-15.0,0.0,0.0,25.0,0.0,2.9
12,1483,271,1439,1431,0,1,0.0,-7.45,158.0,5.0,100.0,8620,34680,26060,3.023201856148492,1,1,0.0,0.0,-40.0,0.0,0.0,-15.0,15.0,0.0,25.0,0.0,7.55
12,1483,312,1463,1431,0,1,0.0,-30.0,158.0,6.0,100.0,8620,44640,36020,4.178654292343388,12,12,0.0,0.0,-40.0,0.0,0.0,-15.0,0.0,0.0,25.0,0.0,0.0
12,1483,311,1457,1431,0,1,0.0,-22.45,158.0,7.0,100.0,8620,31460,22840,2.6496519721577725,11,11,0.0,0.0,-40.0,0.0,0.0,-15.0,0.0,0.0,25.0,0.0,7.55
12,1483,308,1455,1431,0,1,0.0,-22.45,158.0,8.0,100.0,8620,33020,24400,2.8306264501160094,9,9,0.0,0.0,-40.0,0.0,0.0,-15.0,0.0,0.0,25.0,0.0,7.55
12,1483,301,1451,1431,0,1,0.0,-24.1,158.0,9.0,100.0,8620,25600,16980,1.9698375870069607,7,7,0.0,0.0,-40.0,0.0,0.0,-15.0,3.0,0.0,25.0,0.0,2.9
12,1483,300,1449,1431,0,1,0.0,-27.0,158.0,10.0,100.0,8620,34120,25500,2.9582366589327145,6,6,0.0,0.0,-40.0,0.0,0.0,-15.0,3.0,0.0,25.0,0.0,0.0
12,1483,296,1450,1431,0,1,0.0,-27.0,158.0,11.0,100.0,8620,24820,16200,1.8793503480278422,6,6,0.0,0.0,-40.0,0.0,0.0,-15.0,3.0,0.0,25.0,0.0,0.0
12,1483,295,1445,1431,0,1,0.0,-19.45,158.0,12.0,100.0,8620,34040,25420,2.948955916473318,5,5,0.0,0.0,-40.0,0.0,0.0,-15.0,3.0,0.0,25.0,0.0,7.55
12,1483,292,1442,1431,0,1,0.0,-24.1,158.0,13.0,100.0,8620,20060,11440,1.3271461716937354,4,4,0.0,0.0,-40.0,0.0,0.0,-15.0,3.0,0.0,25.0,0.0,2.9
12,1483,269,1437,1431,0,1,0.0,-7.45,158.0,14.0,100.0,8620,34780,26160,3.034802784222738,1,1,0.0,0.0,-40.0,0.0,0.0,-15.0,15.0,0.0,25.0,0.0,7.55
12,1483,270,1444,1431,0,1,0.0,-12.5,158.0,15.0,100.0,8620,18080,9460,1.097447795823666,1,1,0.0,0.0,-40.0,0.0,0.0,-15.0,15.0,0.0,25.0,0.0,2.5
12,1483,219,1399,1431,0,1,0.0,-22.45,158.0,16.0,100.0,8620,29180,20560,2.3851508120649654,8,-8,0.0,0.0,-40.0,0.0,0.0,-15.0,0.0,0.0,25.0,0.0,7.55
12,1483,267,1435,1431,0,1,0.0,-9.52,158.0,17.0,100.0,8620,30860,22240,2.5800464037122968,1,1,0.0,0.0,-40.0,0.0,0.0,-15.0,15.0,0.0,25.0,0.0,5.48
12,1483,259,1427,1431,0,1,0.0,-12.1,158.0,18.0,100.0,8620,46900,38280,4.440835266821345,1,-1,0.0,0.0,-40.0,0.0,0.0,-15.0,15.0,0.0,25.0,0.0,2.9
12,1483,258,1424,1431,0,1,0.0,-7.45,158.0,19.0,100.0,8620,28020,19400,2.2505800464037122,1,-1,0.0,0.0,-40.0,0.0,0.0,-15.0,15.0,0.0,25.0,0.0,7.55
12,1483,230,1413,1431,0,1,0.0,-27.0,158.0,20.0,100.0,8620,27180,18560,2.1531322505800463,6,-6,0.0,0.0,-40.0,0.0,0.0,-15.0,3.0,0.0,25.0,0.0,0.0
12,1483,229,1412,1431,0,1,0.0,-24.1,158.0,21.0,100.0,8620,44380,35760,4.148491879350348,6,-6,0.0,0.0,-40.0,0.0,0.0,-15.0,3.0,0.0,25.0,0.0,2.9
12,1483,228,1411,1431,0,1,0.0,-27.0,158.0,22.0,100.0,8620,27840,19220,2.2296983758700697,6,-6,0.0,0.0,-40.0,0.0,0.0,-15.0,3.0,0.0,25.0,0.0,0.0
12,1483,227,1410,1431,0,1,0.0,-20.76,158.0,23.0,100.0,8620,32820,24200,2.8074245939675175,6,-6,0.0,0.0,-40.0,0.0,0.0,-15.0,3.0,0.0,25.0,0.0,6.24
12,1483,335,1467,1431,0,1,0.0,-27.1,158.0,24.0,100.0,8620,53840,45220,5.2459396751740135,13,13,0.0,0.0,-40.0,0.0,0.0,-15.0,0.0,0.0,25.0,0.0,2.9
13,1479,259,1427,1427,1,1,100.0,169.99,170.0,1.0,0.0,46900,46900,0,0.0,0,0,1.0,40.0,0.0,20.0,40.0,0.0,25.0,11.99,25.0,0.0,8.0
13,1479,229,1412,1427,0,1,51.3,81.0,158.0,2.0,48.7,46900,44380,2520,0.05373134328358209,5,-5,0.0,40.0,0.0,20.0,0.0,-15.0,3.0,0.0,25.0,0.0,8.0
13,1479,292,1442,1427,0,1,51.3,81.0,158.0,3.0,48.7,46900,20060,26840,0.5722814498933901,5,5,0.0,40.0,0.0,20.0,0.0,-15.0,3.0,0.0,25.0,0.0,8.0
13,1479,204,1388,1427,0,1,49.4,78.0,158.0,4.0,50.6,46900,40340,6560,0.13987206823027717,9,-9,0.0,40.0,0.0,20.0,0.0,-15.0,0.0,0.0,25.0,0.0,8.0
13,1479,301,1451,1427,0,1,49.4,78.0,158.0,5.0,50.6,46900,25600,21300,0.4541577825159915,8,8,0.0,40.0,0.0,20.0,0.0,-15.0,0.0,0.0,25.0,0.0,8.0
13,1479,258,1424,1427,0,1,5.5,9.39,170.0,6.0,94.5,46900,28020,18880,0.4025586353944563,0,0,1.0,0.0,-40.0,0.0,0.0,-15.0,25.0,11.91,25.0,0.0,2.48
13,1479,260,1425,1427,0,1,5.2,8.9,170.0,7.0,94.8,46900,47360,460,0.009808102345415778,0,0,1.0,0.0,-40.0,0.0,30.38,0.0,25.0,8.52,0.0,-15.0,0.0
13,1479,192,1373,1427,0,1,0.0,-53.61,158.0,8.0,100.0,46900,45760,1140,0.024307036247334754,14,-14,0.0,0.0,-40.0,0.0,1.39,0.0,0.0,0.0,0.0,-15.0,0.0
13,1479,273,1438,1427,0,1,0.0,-29.56,158.0,9.0,100.0,46900,47660,760,0.0162046908315565,3,3,0.0,0.0,-40.0,0.0,17.59,0.0,7.5,0.0,0.0,-15.0,0.35
13,1479,270,1444,1427,0,1,0.0,-22.5,158.0,10.0,100.0,46900,18080,28820,0.614498933901919,2,2,0.0,0.0,-40.0,0.0,0.0,-15.0,7.5,0.0,25.0,0.0,0.0
13,1479,271,1439,1427,0,1,0.0,-20.02,158.0,11.0,100.0,46900,34680,12220,0.2605543710021322,2,2,0.0,0.0,-40.0,0.0,0.0,-15.0,7.5,0.0,25.0,0.0,2.48
13,1479,295,1445,1427,0,1,0.0,-24.52,158.0,12.0,100.0,46900,34040,12860,0.2742004264392324,6,6,0.0,0.0,-40.0,0.0,0.0,-15.0,3.0,0.0,25.0,0.0,2.48
13,1479,268,1436,1427,0,1,0.0,-24.79,158.0,13.0,100.0,46900,46260,640,0.013646055437100213,2,2,0.0,0.0,-40.0,0.0,22.71,0.0,7.5,0.0,0.0,-15.0,0.0
13,1479,296,1450,1427,0,1,0.0,-27.0,158.0,14.0,100.0,46900,24820,22080,0.47078891257995736,7,7,0.0,0.0,-40.0,0.0,0.0,-15.0,3.0,0.0,25.0,0.0,0.0
13,1479,300,1449,1427,0,1,0.0,-27.0,158.0,15.0,100.0,46900,34120,12780,0.2724946695095949,7,7,0.0,0.0,-40.0,0.0,0.0,-15.0,3.0,0.0,25.0,0.0,0.0
13,1479,308,1455,1427,0,1,0.0,-27.52,158.0,16.0,100.0,46900,33020,13880,0.29594882729211086,10,10,0.0,0.0,-40.0,0.0,0.0,-15.0,0.0,0.0,25.0,0.0,2.48
13,1479,311,1457,1427,0,1,0.0,-27.52,158.0,17.0,100.0,46900,31460,15440,0.3292110874200426,12,12,0.0,0.0,-40.0,0.0,0.0,-15.0,0.0,0.0,25.0,0.0,2.48
13,1479,269,1437,1427,0,1,0.0,-20.02,158.0,18.0,100.0,46900,34780,12120,0.2584221748400853,2,2,0.0,0.0,-40.0,0.0,0.0,-15.0,7.5,0.0,25.0,0.0,2.48
13,1479,264,1431,1427,0,1,0.0,-13.06,158.0,19.0,100.0,46900,8620,38280,0.8162046908315566,1,1,0.0,0.0,-40.0,0.0,0.0,-15.0,15.0,0.0,25.0,0.0,1.94
13,1479,267,1435,1427,0,1,0.0,-22.5,158.0,20.0,100.0,46900,30860,16040,0.3420042643923241,2,2,0.0,0.0,-40.0,0.0,0.0,-15.0,7.5,0.0,25.0,0.0,0.0
13,1479,265,1432,1427,0,1,0.0,-15.0,158.0,21.0,100.0,46900,29080,17820,0.37995735607675907,1,1,0.0,0.0,-40.0,0.0,0.0,-15.0,15.0,0.0,25.0,0.0,0.0
13,1479,194,1378,1427,0,1,0.0,-30.0,158.0,22.0,100.0,46900,39540,7360,0.15692963752665245,14,-14,0.0,0.0,-40.0,0.0,0.0,-15.0,0.0,0.0,25.0,0.0,0.0
13,1479,263,1430,1427,0,1,0.0,-12.52,158.0,23.0,100.0,46900,32200,14700,0.31343283582089554,1,1,0.0,0.0,-40.0,0.0,0.0,-15.0,15.0,0.0,25.0,0.0,2.48
13,1479,256,1422,1427,0,1,0.0,-32.64,158.0,24.0,100.0,46900,45900,1000,0.021321961620469083,1,-1,0.0,0.0,-40.0,0.0,7.36,0.0,15.0,0.0,0.0,-15.0,0.0
13,1479,232,1414,1427,0,1,0.0,-37.59,158.0,25.0,100.0,46900,45960,940,0.020042643923240937,2,-2,0.0,0.0,-40.0,0.0,9.91,0.0,7.5,0.0,0.0,-15.0,0.0
13,1479,230,1413,1427,0,1,0.0,-27.0,158.0,26.0,100.0,46900,27180,19720,0.42046908315565035,5,-5,0.0,0.0,-40.0,0.0,0.0,-15.0,3.0,0.0,25.0,0.0,0.0
13,1479,228,1411,1427,0,1,0.0,-27.0,158.0,27.0,100.0,46900,27840,19060,0.40639658848614074,5,-5,0.0,0.0,-40.0,0.0,0.0,-15.0,3.0,0.0,25.0,0.0,0.0
13,1479,227,1410,1427,0,1,0.0,-22.96,158.0,28.0,100.0,46900,32820,14080,0.3002132196162047,5,-5,0.0,0.0,-40.0,0.0,0.0,-15.0,3.0,0.0,25.0,0.0,4.04
13,1479,221,1404,1427,0,1,0.0,-15.6,158.0,29.0,100.0,46900,46440,460,0.009808102345415778,6,-6,0.0,0.0,-40.0,0.0,30.38,0.0,3.0,0.0,0.0,-15.0,6.02
13,1479,219,1399,1427,0,1,0.0,-24.52,158.0,30.0,100.0,46900,29180,17720,0.37782515991471216,7,-7,0.0,0.0,-40.0,0.0,0.0,-15.0,3.0,0.0,25.0,0.0,2.48
13,1479,195,1379,1427,0,1,0.0,-30.0,158.0,31.0,100.0,46900,40300,6600,0.14072494669509594,14,-14,0.0,0.0,-40.0,0.0,0.0,-15.0,0.0,0.0,25.0,0.0,0.0
13,1479,312,1463,1427,0,1,0.0,-30.0,158.0,32.0,100.0,46900,44640,2260,0.04818763326226013,13,13,0.0,0.0,-40.0,0.0,0.0,-15.0,0.0,0.0,25.0,0.0,0.0
14,1477,273,1438,1426,0,0,73.7,116.46,158.0,1.0,0.0,46900,47660,760,0.0162046908315565,3,3,0.0,40.0,0.0,20.0,17.59,0.0,7.5,0.0,25.0,0.0,6.37
14,1477,254,1419,1426,0,0,58.9,93.0,158.0,2.0,14.800000000000004,46900,15180,31720,0.6763326226012794,1,-1,0.0,40.0,0.0,20.0,0.0,-15.0,15.0,0.0,25.0,0.0,8.0
14,1477,255,1421,1426,0,0,58.9,93.0,158.0,3.0,14.800000000000004,46900,28440,18460,0.3936034115138593,1,-1,0.0,40.0,0.0,20.0,0.0,-15.0,15.0,0.0,25.0,0.0,8.0
14,1477,231,1418,1426,0,0,54.1,85.5,158.0,4.0,19.6,46900,19820,27080,0.5773987206823028,2,-2,0.0,40.0,0.0,20.0,0.0,-15.0,7.5,0.0,25.0,0.0,8.0
14,1477,266,1434,1426,0,0,53.1,83.87,158.0,5.0,20.6,46900,44420,2480,0.05287846481876333,2,2,0.0,40.0,0.0,20.0,0.0,-15.0,7.5,0.0,25.0,0.0,6.37
14,1477,222,1406,1426,0,0,51.3,81.0,158.0,6.0,22.400000000000006,46900,15220,31680,0.6754797441364605,6,-6,0.0,40.0,0.0,20.0,0.0,-15.0,3.0,0.0,25.0,0.0,8.0
14,1477,223,1407,1426,0,0,51.3,81.0,158.0,7.0,22.400000000000006,46900,56480,9580,0.20426439232409382,6,-6,0.0,40.0,0.0,20.0,0.0,-15.0,3.0,0.0,25.0,0.0,8.0
14,1477,224,1408,1426,0,0,51.3,81.0,158.0,8.0,22.400000000000006,46900,12280,34620,0.7381663113006397,6,-6,0.0,40.0,0.0,20.0,0.0,-15.0,3.0,0.0,25.0,0.0,8.0
14,1477,293,1443,1426,0,0,51.3,81.0,158.0,9.0,22.400000000000006,46900,14240,32660,0.6963752665245203,5,5,0.0,40.0,0.0,20.0,0.0,-15.0,3.0,0.0,25.0,0.0,8.0
14,1477,221,1404,1426,0,0,50.9,80.41,158.0,10.0,22.800000000000004,46900,46440,460,0.009808102345415778,6,-6,0.0,40.0,0.0,20.0,30.38,0.0,3.0,0.0,0.0,-15.0,2.03
14,1477,309,1459,1426,0,0,49.4,78.0,158.0,11.0,24.300000000000004,46900,33560,13340,0.2844349680170576,12,12,0.0,40.0,0.0,20.0,0.0,-15.0,0.0,0.0,25.0,0.0,8.0
14,1477,302,1452,1426,0,0,49.4,78.0,158.0,12.0,24.300000000000004,46900,11960,34940,0.7449893390191897,8,8,0.0,40.0,0.0,20.0,0.0,-15.0,0.0,0.0,25.0,0.0,8.0
14,1477,259,1427,1426,0,0,11.9,20.18,170.0,13.0,61.800000000000004,46900,46900,0,0.0,0,0,1.0,0.0,-40.0,0.0,40.0,0.0,25.0,9.66,0.0,-15.0,0.52
14,1477,260,1425,1426,0,0,6.0,10.21,170.0,14.0,67.7,46900,47360,460,0.009808102345415778,0,0,1.0,0.0,-40.0,0.0,30.38,0.0,25.0,6.17,0.0,-15.0,3.66
14,1477,268,1436,1426,0,0,0.0,-21.13,158.0,15.0,73.7,46900,46260,640,0.013646055437100213,2,2,0.0,0.0,-40.0,0.0,22.71,0.0,7.5,0.0,0.0,-15.0,3.66
14,1477,272,1440,1426,0,0,0.0,-15.04,158.0,16.0,73.7,46900,38700,8200,0.17484008528784648,2,2,0.0,0.0,-40.0,0.0,0.0,-15.0,7.5,0.0,25.0,0.0,7.46
14,1477,201,1382,1426,0,0,0.0,-22.54,158.0,17.0,73.7,46900,29040,17860,0.3808102345415778,13,-13,0.0,0.0,-40.0,0.0,0.0,-15.0,0.0,0.0,25.0,0.0,7.46
14,1477,256,1422,1426,0,0,0.0,-32.64,158.0,18.0,73.7,46900,45900,1000,0.021321961620469083,1,-1,0.0,0.0,-40.0,0.0,7.36,0.0,15.0,0.0,0.0,-15.0,0.0
14,1477,232,1414,1426,0,0,0.0,-36.1,158.0,19.0,73.7,46900,45960,940,0.020042643923240937,2,-2,0.0,0.0,-40.0,0.0,9.91,0.0,7.5,0.0,0.0,-15.0,1.49
14,1477,303,1460,1426,0,0,0.0,-30.0,158.0,20.0,73.7,46900,618,46282,0.9868230277185501,8,8,0.0,0.0,-40.0,0.0,0.0,-15.0,0.0,0.0,25.0,0.0,0.0
14,1477,304,1460,1426,0,0,0.0,-30.0,158.0,21.0,73.7,46900,1132,45768,0.975863539445629,8,8,0.0,0.0,-40.0,0.0,0.0,-15.0,0.0,0.0,25.0,0.0,0.0
14,1477,305,1460,1426,0,0,0.0,-26.34,158.0,22.0,73.7,46900,1140,45760,0.9756929637526652,8,8,0.0,0.0,-40.0,0.0,0.0,-15.0,0.0,0.0,25.0,0.0,3.66
14,1477,306,1460,1426,0,0,0.0,-30.0,158.0,23.0,73.7,46900,668,46232,0.9857569296375267,8,8,0.0,0.0,-40.0,0.0,0.0,-15.0,0.0,0.0,25.0,0.0,0.0
14,1477,307,1454,1426,0,0,0.0,-22.54,158.0,24.0,73.7,46900,22720,24180,0.5155650319829425,9,9,0.0,0.0,-40.0,0.0,0.0,-15.0,0.0,0.0,25.0,0.0,7.46
14,1477,192,1373,1426,0,0,0.0,-48.32,158.0,25.0,73.7,46900,45760,1140,0.024307036247334754,14,-14,0.0,0.0,-40.0,0.0,1.39,0.0,0.0,0.0,0.0,-15.0,5.29
15,1471,255,1421,1421,1,1,100.0,169.97,170.0,1.0,0.0,28440,28440,0,0.0,0,0,1.0,40.0,0.0,20.0,40.0,0.0,25.0,11.97,25.0,0.0,8.0
15,1471,254,1419,1421,0,1,65.8,111.83,170.0,2.0,34.2,28440,15180,13260,0.46624472573839665,0,0,1.0,40.0,0.0,20.0,0.0,-15.0,25.0,8.83,25.0,0.0,8.0
15,1471,231,1418,1421,0,1,58.9,93.0,158.0,3.0,41.1,28440,19820,8620,0.3030942334739803,1,-1,0.0,40.0,0.0,20.0,0.0,-15.0,15.0,0.0,25.0,0.0,8.0
15,1471,266,1434,1421,0,1,53.1,83.87,158.0,4.0,46.9,28440,44420,15980,0.5618846694796061,3,3,0.0,40.0,0.0,20.0,0.0,-15.0,7.5,0.0,25.0,0.0,6.37
15,1471,293,1443,1421,0,1,51.3,81.0,158.0,5.0,48.7,28440,14240,14200,0.49929676511954996,6,6,0.0,40.0,0.0,20.0,0.0,-15.0,3.0,0.0,25.0,0.0,8.0
15,1471,222,1406,1421,0,1,51.3,81.0,158.0,6.0,48.7,28440,15220,13220,0.4648382559774965,5,-5,0.0,40.0,0.0,20.0,0.0,-15.0,3.0,0.0,25.0,0.0,8.0
15,1471,223,1407,1421,0,1,51.3,81.0,158.0,7.0,48.7,28440,56480,28040,0.9859353023909986,5,-5,0.0,40.0,0.0,20.0,0.0,-15.0,3.0,0.0,25.0,0.0,8.0
15,1471,224,1408,1421,0,1,51.3,81.0,158.0,8.0,48.7,28440,12280,16160,0.5682137834036568,5,-5,0.0,40.0,0.0,20.0,0.0,-15.0,3.0,0.0,25.0,0.0,8.0
15,1471,273,1438,1421,0,1,50.2,79.37,158.0,9.0,49.8,28440,47660,19220,0.6758087201125176,4,4,0.0,40.0,0.0,20.0,0.0,-15.0,3.0,0.0,25.0,0.0,6.37
15,1471,309,1459,1421,0,1,49.4,78.0,158.0,10.0,50.6,28440,33560,5120,0.180028129395218,13,13,0.0,40.0,0.0,20.0,0.0,-15.0,0.0,0.0,25.0,0.0,8.0
15,1471,302,1452,1421,0,1,49.4,78.0,158.0,11.0,50.6,28440,11960,16480,0.5794655414908579,9,9,0.0,40.0,0.0,20.0,0.0,-15.0,0.0,0.0,25.0,0.0,8.0
15,1471,221,1404,1421,0,1,22.2,35.03,158.0,12.0,77.8,28440,46440,18000,0.6329113924050633,5,-5,0.0,40.0,0.0,20.0,0.0,-15.0,3.0,0.0,0.0,-15.0,2.03
15,1471,201,1382,1421,0,1,0.2,0.27,158.0,13.0,99.8,28440,29040,600,0.02109704641350211,12,-12,0.0,0.0,-40.0,0.0,7.81,0.0,0.0,0.0,25.0,0.0,7.46
15,1471,306,1460,1421,0,1,0.0,-30.0,158.0,14.0,100.0,28440,668,27772,0.9765119549929676,9,9,0.0,0.0,-40.0,0.0,0.0,-15.0,0.0,0.0,25.0,0.0,0.0
15,1471,305,1460,1421,0,1,0.0,-26.34,158.0,15.0,100.0,28440,1140,27300,0.959915611814346,9,9,0.0,0.0,-40.0,0.0,0.0,-15.0,0.0,0.0,25.0,0.0,3.66
15,1471,307,1454,1421,0,1,0.0,-22.54,158.0,16.0,100.0,28440,22720,5720,0.2011251758087201,10,10,0.0,0.0,-40.0,0.0,0.0,-15.0,0.0,0.0,25.0,0.0,7.46
15,1471,304,1460,1421,0,1,0.0,-30.0,158.0,17.0,100.0,28440,1132,27308,0.960196905766526,9,9,0.0,0.0,-40.0,0.0,0.0,-15.0,0.0,0.0,25.0,0.0,0.0
15,1471,303,1460,1421,0,1,0.0,-30.0,158.0,18.0,100.0,28440,618,27822,0.9782700421940929,9,9,0.0,0.0,-40.0,0.0,0.0,-15.0,0.0,0.0,25.0,0.0,0.0
15,1471,187,1368,1421,0,1,0.0,-25.25,158.0,19.0,100.0,28440,14140,14300,0.5028129395218003,14,-14,0.0,0.0,-40.0,0.0,0.0,-15.0,0.0,0.0,25.0,0.0,4.75
15,1471,297,1446,1421,0,1,0.0,-31.52,158.0,20.0,100.0,28440,28900,460,0.01617440225035162,8,8,0.0,0.0,-40.0,0.0,17.65,0.0,0.0,0.0,0.0,-15.0,5.83
15,1471,272,1440,1421,0,1,0.0,-15.04,158.0,21.0,100.0,28440,38700,10260,0.36075949367088606,3,3,0.0,0.0,-40.0,0.0,0.0,-15.0,7.5,0.0,25.0,0.0,7.46
15,1471,189,1370,1421,0,1,0.0,-25.25,158.0,22.0,100.0,28440,20980,7460,0.26230661040787623,14,-14,0.0,0.0,-40.0,0.0,0.0,-15.0,0.0,0.0,25.0,0.0,4.75
15,1471,258,1424,1421,0,1,0.0,-14.79,158.0,23.0,100.0,28440,28020,420,0.014767932489451477,1,1,0.0,0.0,-40.0,0.0,20.46,0.0,15.0,0.0,0.0,-15.0,4.75
15,1471,228,1411,1421,0,1,0.0,-43.02,158.0,24.0,100.0,28440,27840,600,0.02109704641350211,4,-4,0.0,0.0,-40.0,0.0,7.81,0.0,3.0,0.0,0.0,-15.0,1.17
15,1471,265,1432,1421,0,1,0.0,-41.34,158.0,25.0,100.0,28440,29080,640,0.02250351617440225,2,2,0.0,0.0,-40.0,0.0,4.99,0.0,7.5,0.0,0.0,-15.0,1.17
16,1470,254,1419,1419,1,1,100.0,169.99,170.0,1.0,0.0,15180,15180,0,0.0,0,0,1.0,40.0,0.0,20.0,40.0,0.0,25.0,11.99,25.0,0.0,8.0
16,1470,222,1406,1419,0,1,86.1,136.0,158.0,2.0,13.900000000000006,15180,15220,40,0.002635046113306983,5,-5,0.0,40.0,0.0,20.0,40.0,0.0,3.0,0.0,25.0,0.0,8.0
16,1470,255,1421,1419,0,1,65.8,111.87,170.0,3.0,34.2,15180,28440,13260,0.8735177865612648,0,0,1.0,40.0,0.0,20.0,0.0,-15.0,25.0,8.87,25.0,0.0,8.0
16,1470,231,1418,1419,0,1,58.9,93.0,158.0,4.0,41.1,15180,19820,4640,0.30566534914361,1,-1,0.0,40.0,0.0,20.0,0.0,-15.0,15.0,0.0,25.0,0.0,8.0
16,1470,266,1434,1419,0,1,53.1,83.87,158.0,5.0,46.9,15180,44420,29240,1.9262187088274045,3,3,0.0,40.0,0.0,20.0,0.0,-15.0,7.5,0.0,25.0,0.0,6.37
16,1470,293,1443,1419,0,1,51.3,81.0,158.0,6.0,48.7,15180,14240,940,0.061923583662714096,6,6,0.0,40.0,0.0,20.0,0.0,-15.0,3.0,0.0,25.0,0.0,8.0
16,1470,223,1407,1419,0,1,51.3,81.0,158.0,7.0,48.7,15180,56480,41300,2.72068511198946,5,-5,0.0,40.0,0.0,20.0,0.0,-15.0,3.0,0.0,25.0,0.0,8.0
16,1470,224,1408,1419,0,1,51.3,81.0,158.0,8.0,48.7,15180,12280,2900,0.19104084321475626,5,-5,0.0,40.0,0.0,20.0,0.0,-15.0,3.0,0.0,25.0,0.0,8.0
16,1470,273,1438,1419,0,1,50.2,79.37,158.0,9.0,49.8,15180,47660,32480,2.13965744400527,4,4,0.0,40.0,0.0,20.0,0.0,-15.0,3.0,0.0,25.0,0.0,6.37
16,1470,302,1452,1419,0,1,49.4,78.0,158.0,10.0,50.6,15180,11960,3220,0.21212121212121213,9,9,0.0,40.0,0.0,20.0,0.0,-15.0,0.0,0.0,25.0,0.0,8.0
16,1470,309,1459,1419,0,1,49.4,78.0,158.0,11.0,50.6,15180,33560,18380,1.2108036890645586,13,13,0.0,40.0,0.0,20.0,0.0,-15.0,0.0,0.0,25.0,0.0,8.0
16,1470,221,1404,1419,0,1,22.2,35.03,158.0,12.0,77.8,15180,46440,31260,2.059288537549407,5,-5,0.0,40.0,0.0,20.0,0.0,-15.0,3.0,0.0,0.0,-15.0,2.03
16,1470,272,1440,1419,0,1,0.0,-15.04,158.0,13.0,100.0,15180,38700,23520,1.5494071146245059,3,3,0.0,0.0,-40.0,0.0,0.0,-15.0,7.5,0.0,25.0,0.0,7.46
16,1470,189,1370,1419,0,1,0.0,-25.25,158.0,14.0,100.0,15180,20980,5800,0.3820816864295125,14,-14,0.0,0.0,-40.0,0.0,0.0,-15.0,0.0,0.0,25.0,0.0,4.75
16,1470,201,1382,1419,0,1,0.0,-22.54,158.0,15.0,100.0,15180,29040,13860,0.9130434782608695,12,-12,0.0,0.0,-40.0,0.0,0.0,-15.0,0.0,0.0,25.0,0.0,7.46
16,1470,303,1460,1419,0,1,0.0,-30.0,158.0,16.0,100.0,15180,618,14562,0.9592885375494071,9,9,0.0,0.0,-40.0,0.0,0.0,-15.0,0.0,0.0,25.0,0.0,0.0
16,1470,304,1460,1419,0,1,0.0,-30.0,158.0,17.0,100.0,15180,1132,14048,0.9254281949934123,9,9,0.0,0.0,-40.0,0.0,0.0,-15.0,0.0,0.0,25.0,0.0,0.0
16,1470,305,1460,1419,0,1,0.0,-26.34,158.0,18.0,100.0,15180,1140,14040,0.924901185770751,9,9,0.0,0.0,-40.0,0.0,0.0,-15.0,0.0,0.0,25.0,0.0,3.66
16,1470,306,1460,1419,0,1,0.0,-30.0,158.0,19.0,100.0,15180,668,14512,0.9559947299077733,9,9,0.0,0.0,-40.0,0.0,0.0,-15.0,0.0,0.0,25.0,0.0,0.0
16,1470,307,1454,1419,0,1,0.0,-22.54,158.0,20.0,100.0,15180,22720,7540,0.49670619235836627,10,10,0.0,0.0,-40.0,0.0,0.0,-15.0,0.0,0.0,25.0,0.0,7.46
16,1470,187,1368,1419,0,1,0.0,-25.25,158.0,21.0,100.0,15180,14140,1040,0.06851119894598155,14,-14,0.0,0.0,-40.0,0.0,0.0,-15.0,0.0,0.0,25.0,0.0,4.75
17,1457,231,1418,1418,1,1,100.0,169.93,170.0,1.0,0.0,19820,19820,0,0.0,0,0,1.0,40.0,0.0,20.0,40.0,0.0,25.0,11.93,25.0,0.0,8.0
17,1457,255,1421,1418,0,1,58.9,93.0,158.0,2.0,41.1,19820,28440,8620,0.43491422805247226,1,1,0.0,40.0,0.0,20.0,0.0,-15.0,15.0,0.0,25.0,0.0,8.0
17,1457,254,1419,1418,0,1,58.9,93.0,158.0,3.0,41.1,19820,15180,4640,0.2341069626639758,1,1,0.0,40.0,0.0,20.0,0.0,-15.0,15.0,0.0,25.0,0.0,8.0
17,1457,222,1406,1418,0,1,51.3,81.0,158.0,4.0,48.7,19820,15220,4600,0.23208879919273462,4,-4,0.0,40.0,0.0,20.0,0.0,-15.0,3.0,0.0,25.0,0.0,8.0
17,1457,224,1408,1418,0,1,51.3,81.0,158.0,5.0,48.7,19820,12280,7540,0.38042381432896066,4,-4,0.0,40.0,0.0,20.0,0.0,-15.0,3.0,0.0,25.0,0.0,8.0
17,1457,223,1407,1418,0,1,51.3,81.0,158.0,6.0,48.7,19820,56480,36660,1.8496468213925328,4,-4,0.0,40.0,0.0,20.0,0.0,-15.0,3.0,0.0,25.0,0.0,8.0
17,1457,293,1443,1418,0,1,51.3,81.0,158.0,7.0,48.7,19820,14240,5580,0.2815338042381433,7,7,0.0,40.0,0.0,20.0,0.0,-15.0,3.0,0.0,25.0,0.0,8.0
17,1457,273,1438,1418,0,1,50.2,79.37,158.0,8.0,49.8,19820,47660,27840,1.4046417759838548,5,5,0.0,40.0,0.0,20.0,0.0,-15.0,3.0,0.0,25.0,0.0,6.37
17,1457,266,1434,1418,0,1,50.2,79.37,158.0,9.0,49.8,19820,44420,24600,1.24117053481332,4,4,0.0,40.0,0.0,20.0,0.0,-15.0,3.0,0.0,25.0,0.0,6.37
17,1457,302,1452,1418,0,1,49.4,78.0,158.0,10.0,50.6,19820,11960,7860,0.39656912209889,10,10,0.0,40.0,0.0,20.0,0.0,-15.0,0.0,0.0,25.0,0.0,8.0
17,1457,221,1404,1418,0,1,22.2,35.03,158.0,11.0,77.8,19820,46440,26620,1.343087790110999,4,-4,0.0,40.0,0.0,20.0,0.0,-15.0,3.0,0.0,0.0,-15.0,2.03
17,1457,272,1440,1418,0,1,0.0,-19.54,158.0,12.0,100.0,19820,38700,18880,0.9525731584258325,4,4,0.0,0.0,-40.0,0.0,0.0,-15.0,3.0,0.0,25.0,0.0,7.46
17,1457,303,1460,1418,0,1,0.0,-30.0,158.0,13.0,100.0,19820,618,19202,0.9688193743693239,10,10,0.0,0.0,-40.0,0.0,0.0,-15.0,0.0,0.0,25.0,0.0,0.0
17,1457,304,1460,1418,0,1,0.0,-30.0,158.0,14.0,100.0,19820,1132,18688,0.9428859737638748,10,10,0.0,0.0,-40.0,0.0,0.0,-15.0,0.0,0.0,25.0,0.0,0.0
17,1457,305,1460,1418,0,1,0.0,-26.34,158.0,15.0,100.0,19820,1140,18680,0.9424823410696267,10,10,0.0,0.0,-40.0,0.0,0.0,-15.0,0.0,0.0,25.0,0.0,3.66
17,1457,306,1460,1418,0,1,0.0,-30.0,158.0,16.0,100.0,19820,668,19152,0.9662966700302724,10,10,0.0,0.0,-40.0,0.0,0.0,-15.0,0.0,0.0,25.0,0.0,0.0
17,1457,292,1442,1418,0,1,0.0,-25.7,158.0,17.0,100.0,19820,20060,240,0.012108980827447022,7,7,0.0,0.0,-40.0,0.0,25.78,0.0,3.0,0.0,0.0,-15.0,0.52
17,1457,180,1367,1418,0,1,0.0,-25.25,158.0,18.0,100.0,19820,22600,2780,0.14026236125126135,14,-14,0.0,0.0,-40.0,0.0,0.0,-15.0,0.0,0.0,25.0,0.0,4.75
17,1457,181,1386,1418,0,1,0.0,-30.0,158.0,19.0,100.0,19820,366,19454,0.9815338042381433,14,-14,0.0,0.0,-40.0,0.0,0.0,-15.0,0.0,0.0,25.0,0.0,0.0
17,1457,201,1382,1418,0,1,0.0,-22.54,158.0,20.0,100.0,19820,29040,9220,0.4651866801210898,11,-11,0.0,0.0,-40.0,0.0,0.0,-15.0,0.0,0.0,25.0,0.0,7.46
17,1457,189,1370,1418,0,1,0.0,-25.25,158.0,21.0,100.0,19820,20980,1160,0.05852674066599395,13,-13,0.0,0.0,-40.0,0.0,0.0,-15.0,0.0,0.0,25.0,0.0,4.75
17,1457,187,1368,1418,0,1,0.0,-25.25,158.0,22.0,100.0,19820,14140,5680,0.2865792129162462,13,-13,0.0,0.0,-40.0,0.0,0.0,-15.0,0.0,0.0,25.0,0.0,4.75
17,1457,185,1386,1418,0,1,0.0,-30.0,158.0,23.0,100.0,19820,1182,18638,0.9403632694248234,14,-14,0.0,0.0,-40.0,0.0,0.0,-15.0,0.0,0.0,25.0,0.0,0.0
17,1457,184,1386,1418,0,1,0.0,-30.0,158.0,24.0,100.0,19820,638,19182,0.9678102926337033,14,-14,0.0,0.0,-40.0,0.0,0.0,-15.0,0.0,0.0,25.0,0.0,0.0
17,1457,183,1386,1418,0,1,0.0,-30.0,158.0,25.0,100.0,19820,2706,17114,0.8634712411705349,14,-14,0.0,0.0,-40.0,0.0,0.0,-15.0,0.0,0.0,25.0,0.0,0.0
17,1457,182,1386,1418,0,1,0.0,-30.0,158.0,26.0,100.0,19820,263,19557,0.9867305751765894,14,-14,0.0,0.0,-40.0,0.0,0.0,-15.0,0.0,0.0,25.0,0.0,0.0
17,1457,307,1454,1418,0,1,0.0,-22.54,158.0,27.0,100.0,19820,22720,2900,0.14631685166498487,11,11,0.0,0.0,-40.0,0.0,0.0,-15.0,0.0,0.0,25.0,0.0,7.46
18,1451,227,1410,1410,1,1,99.6,169.36,170.0,1.0,0.0,32820,32820,0,0.0,0,0,1.0,40.0,0.0,20.0,40.0,0.0,25.0,11.36,25.0,0.0,8.0
18,1451,225,1409,1410,0,1,70.3,119.43,170.0,2.0,29.299999999999997,32820,32960,140,0.0042656916514320535,0,0,1.0,40.0,0.0,20.0,40.0,0.0,25.0,5.34,0.0,-15.0,4.09
18,1451,263,1430,1410,0,1,67.6,106.83,158.0,3.0,32.0,32820,32200,620,0.018890920170627667,6,6,0.0,40.0,0.0,20.0,12.22,0.0,3.0,0.0,25.0,0.0,6.61
18,1451,220,1400,1410,0,1,65.9,104.09,158.0,4.0,33.69999999999999,32820,32900,80,0.002437538086532602,1,-1,0.0,40.0,0.0,20.0,40.0,0.0,15.0,0.0,0.0,-15.0,4.09
18,1451,219,1399,1410,0,1,53.2,84.11,158.0,5.0,46.39999999999999,32820,29180,3640,0.11090798293723339,2,-2,0.0,40.0,0.0,20.0,0.0,-15.0,7.5,0.0,25.0,0.0,6.61
18,1451,271,1439,1410,0,1,50.4,79.61,158.0,6.0,49.199999999999996,32820,34680,1860,0.056672760511883,7,7,0.0,40.0,0.0,20.0,0.0,-15.0,3.0,0.0,25.0,0.0,6.61
18,1451,269,1437,1410,0,1,50.4,79.61,158.0,7.0,49.199999999999996,32820,34780,1960,0.05971968312004875,7,7,0.0,40.0,0.0,20.0,0.0,-15.0,3.0,0.0,25.0,0.0,6.61
18,1451,258,1424,1410,0,1,50.4,79.61,158.0,8.0,49.199999999999996,32820,28020,4800,0.14625228519195613,5,5,0.0,40.0,0.0,20.0,0.0,-15.0,3.0,0.0,25.0,0.0,6.61
18,1451,295,1445,1410,0,1,48.5,76.61,158.0,9.0,51.099999999999994,32820,34040,1220,0.03717245581962218,11,11,0.0,40.0,0.0,20.0,0.0,-15.0,0.0,0.0,25.0,0.0,6.61
18,1451,305,1460,1410,0,1,24.0,37.87,158.0,10.0,75.6,32820,1140,31680,0.9652650822669104,13,13,0.0,40.0,0.0,20.0,0.0,-15.0,0.0,0.0,0.0,-15.0,7.87
18,1451,217,1396,1410,0,1,23.7,37.5,158.0,11.0,75.89999999999999,32820,327,32493,0.990036563071298,2,-2,0.0,40.0,0.0,20.0,0.0,-15.0,7.5,0.0,0.0,-15.0,0.0
18,1451,257,1423,1410,0,1,23.5,37.09,158.0,12.0,76.1,32820,30760,2060,0.0627666057282145,5,5,0.0,40.0,0.0,20.0,0.0,-15.0,3.0,0.0,0.0,-15.0,4.09
18,1451,193,1374,1410,0,1,21.6,34.09,158.0,13.0,78.0,32820,40880,8060,0.24558196221815967,9,-9,0.0,40.0,0.0,20.0,0.0,-15.0,0.0,0.0,0.0,-15.0,4.09
18,1451,205,1385,1410,0,1,20.9,33.0,158.0,14.0,78.69999999999999,32820,46,32774,0.9985984156002438,4,-4,0.0,40.0,0.0,20.0,0.0,-15.0,3.0,0.0,0.0,-15.0,0.0
18,1451,297,1446,1410,0,1,19.2,30.31,158.0,15.0,80.39999999999999,32820,28900,3920,0.1194393662400975,12,12,0.0,40.0,0.0,20.0,0.0,-15.0,0.0,0.0,0.0,-15.0,0.31
18,1451,198,1377,1410,0,1,19.0,30.0,158.0,16.0,80.6,32820,25,32795,0.9992382693479586,9,-9,0.0,40.0,0.0,20.0,0.0,-15.0,0.0,0.0,0.0,-15.0,0.0
18,1451,229,1412,1410,0,1,6.4,10.95,170.0,17.0,93.19999999999999,32820,44380,11560,0.352224253503961,0,0,1.0,0.0,-40.0,0.0,0.0,-15.0,25.0,11.48,25.0,0.0,4.47
18,1451,228,1411,1410,0,1,3.8,6.46,170.0,18.0,95.8,32820,27840,4980,0.15173674588665448,0,0,1.0,0.0,-40.0,0.0,0.0,-15.0,25.0,11.46,25.0,0.0,0.0
18,1451,230,1413,1410,0,1,3.8,6.49,170.0,19.0,95.8,32820,27180,5640,0.17184643510054845,0,0,1.0,0.0,-40.0,0.0,0.0,-15.0,25.0,11.49,25.0,0.0,0.0
18,1451,215,1394,1410,0,1,0.0,-6.52,158.0,20.0,99.6,32820,33240,420,0.012797074954296161,2,-2,0.0,0.0,-40.0,0.0,24.41,0.0,7.5,0.0,0.0,0.0,1.57
18,1451,194,1378,1410,0,1,0.0,-30.0,158.0,21.0,99.6,32820,39540,6720,0.20475319926873858,9,-9,0.0,0.0,-40.0,0.0,0.0,-15.0,0.0,0.0,25.0,0.0,0.0
18,1451,301,1451,1410,0,1,0.0,-25.53,158.0,22.0,99.6,32820,25600,7220,0.21998781230956735,13,13,0.0,0.0,-40.0,0.0,0.0,-15.0,0.0,0.0,25.0,0.0,4.47
18,1451,300,1449,1410,0,1,0.0,-30.0,158.0,23.0,99.6,32820,34120,1300,0.039609993906154786,12,12,0.0,0.0,-40.0,0.0,0.0,-15.0,0.0,0.0,25.0,0.0,0.0
18,1451,296,1450,1410,0,1,0.0,-30.0,158.0,24.0,99.6,32820,24820,8000,0.2437538086532602,12,12,0.0,0.0,-40.0,0.0,0.0,-15.0,0.0,0.0,25.0,0.0,0.0
18,1451,292,1442,1410,0,1,0.0,-25.53,158.0,25.0,99.6,32820,20060,12760,0.38878732480195005,10,10,0.0,0.0,-40.0,0.0,0.0,-15.0,0.0,0.0,25.0,0.0,4.47
18,1451,267,1435,1410,0,1,0.0,-23.54,158.0,26.0,99.6,32820,30860,1960,0.05971968312004875,7,7,0.0,0.0,-40.0,0.0,0.0,-15.0,3.0,0.0,25.0,0.0,3.46
18,1451,270,1444,1410,0,1,0.0,-26.69,158.0,27.0,99.6,32820,18080,14740,0.44911639244363194,7,7,0.0,0.0,-40.0,0.0,0.0,-15.0,3.0,0.0,25.0,0.0,0.31
18,1451,195,1379,1410,0,1,0.0,-30.0,158.0,28.0,99.6,32820,40300,7480,0.2279098110907983,9,-9,0.0,0.0,-40.0,0.0,0.0,-15.0,0.0,0.0,25.0,0.0,0.0
18,1451,265,1432,1410,0,1,0.0,-27.0,158.0,29.0,99.6,32820,29080,3740,0.11395490554539915,6,6,0.0,0.0,-40.0,0.0,0.0,-15.0,3.0,0.0,25.0,0.0,0.0
18,1451,264,1431,1410,0,1,0.0,-20.86,158.0,30.0,99.6,32820,8620,24200,0.7373552711761121,6,6,0.0,0.0,-40.0,0.0,0.0,-15.0,3.0,0.0,25.0,0.0,6.14
18,1451,259,1427,1410,0,1,0.0,-22.53,158.0,31.0,99.6,32820,46900,14080,0.42900670322973794,5,5,0.0,0.0,-40.0,0.0,0.0,-15.0,3.0,0.0,25.0,0.0,4.47
18,1451,204,1388,1410,0,1,0.0,-22.53,158.0,32.0,99.6,32820,40340,7520,0.2291285801340646,4,-4,0.0,0.0,-40.0,0.0,0.0,-15.0,3.0,0.0,25.0,0.0,4.47
18,1451,191,1372,1410,0,1,0.0,-25.53,158.0,33.0,99.6,32820,34200,1380,0.04204753199268738,10,-10,0.0,0.0,-40.0,0.0,0.0,-15.0,0.0,0.0,25.0,0.0,4.47
18,1451,190,1371,1410,0,1,0.0,-30.0,158.0,34.0,99.6,32820,38860,6040,0.18403412553321147,10,-10,0.0,0.0,-40.0,0.0,0.0,-15.0,0.0,0.0,25.0,0.0,0.0
19,1449,230,1413,1413,1,1,100.0,169.99,170.0,1.0,0.0,27180,27180,0,0.0,0,0,1.0,40.0,0.0,20.0,40.0,0.0,25.0,11.99,25.0,0.0,8.0
19,1449,228,1411,1413,0,1,77.3,131.39,170.0,2.0,22.700000000000003,27180,27840,660,0.024282560706401765,0,0,1.0,40.0,0.0,20.0,1.43,0.0,25.0,11.96,25.0,0.0,8.0
19,1449,265,1432,1413,0,1,51.3,81.0,158.0,3.0,48.7,27180,29080,1900,0.06990434142752024,6,6,0.0,40.0,0.0,20.0,0.0,-15.0,3.0,0.0,25.0,0.0,8.0
19,1449,300,1449,1413,0,1,49.4,78.0,158.0,4.0,50.6,27180,34120,6940,0.25533480500367917,12,12,0.0,40.0,0.0,20.0,0.0,-15.0,0.0,0.0,25.0,0.0,8.0
19,1449,194,1378,1413,0,1,49.4,78.0,158.0,5.0,50.6,27180,39540,12360,0.45474613686534215,9,-9,0.0,40.0,0.0,20.0,0.0,-15.0,0.0,0.0,25.0,0.0,8.0
19,1449,195,1379,1413,0,1,49.4,78.0,158.0,6.0,50.6,27180,40300,13120,0.48270787343635024,9,-9,0.0,40.0,0.0,20.0,0.0,-15.0,0.0,0.0,25.0,0.0,8.0
19,1449,296,1450,1413,0,1,49.4,78.0,158.0,7.0,50.6,27180,24820,2360,0.08682855040470934,12,12,0.0,40.0,0.0,20.0,0.0,-15.0,0.0,0.0,25.0,0.0,8.0
19,1449,190,1371,1413,0,1,49.4,78.0,158.0,8.0,50.6,27180,38860,11680,0.4297277409860191,10,-10,0.0,40.0,0.0,20.0,0.0,-15.0,0.0,0.0,25.0,0.0,8.0
19,1449,213,1393,1413,0,1,23.9,37.72,158.0,9.0,76.1,27180,37700,10520,0.38704930095658574,3,-3,0.0,40.0,0.0,20.0,0.0,-15.0,7.5,0.0,0.0,-15.0,0.22
19,1449,218,1398,1413,0,1,23.9,37.72,158.0,10.0,76.1,27180,42100,14920,0.5489330389992642,2,-2,0.0,40.0,0.0,20.0,0.0,-15.0,7.5,0.0,0.0,-15.0,0.22
19,1449,188,1369,1413,0,1,19.1,30.22,158.0,11.0,80.9,27180,38560,11380,0.41869021339220014,10,-10,0.0,40.0,0.0,20.0,0.0,-15.0,0.0,0.0,0.0,-15.0,0.22
19,1449,200,1376,1413,0,1,19.1,30.22,158.0,12.0,80.9,27180,36760,9580,0.3524650478292862,8,-8,0.0,40.0,0.0,20.0,0.0,-15.0,0.0,0.0,0.0,-15.0,0.22
19,1449,202,1383,1413,0,1,19.1,30.22,158.0,13.0,80.9,27180,40960,13780,0.506990434142752,8,-8,0.0,40.0,0.0,20.0,0.0,-15.0,0.0,0.0,0.0,-15.0,0.22
19,1449,229,1412,1413,0,1,4.1,6.98,170.0,14.0,95.9,27180,44380,17200,0.6328182487122884,0,0,1.0,0.0,-40.0,0.0,0.0,-15.0,25.0,11.98,25.0,0.0,0.0
19,1449,227,1410,1413,0,1,4.0,6.86,170.0,15.0,96.0,27180,32820,5640,0.20750551876379691,0,0,1.0,0.0,-40.0,0.0,0.0,-15.0,25.0,11.86,25.0,0.0,0.0
19,1449,269,1437,1413,0,1,0.0,-27.0,158.0,16.0,100.0,27180,34780,7600,0.27961736571008095,7,7,0.0,0.0,-40.0,0.0,0.0,-15.0,3.0,0.0,25.0,0.0,0.0
19,1449,191,1372,1413,0,1,0.0,-30.0,158.0,17.0,100.0,27180,34200,7020,0.2582781456953642,10,-10,0.0,0.0,-40.0,0.0,0.0,-15.0,0.0,0.0,25.0,0.0,0.0
19,1449,295,1445,1413,0,1,0.0,-30.0,158.0,18.0,100.0,27180,34040,6860,0.2523914643119941,11,11,0.0,0.0,-40.0,0.0,0.0,-15.0,0.0,0.0,25.0,0.0,0.0
19,1449,292,1442,1413,0,1,0.0,-30.0,158.0,19.0,100.0,27180,20060,7120,0.2619573215599706,10,10,0.0,0.0,-40.0,0.0,0.0,-15.0,0.0,0.0,25.0,0.0,0.0
19,1449,271,1439,1413,0,1,0.0,-27.0,158.0,20.0,100.0,27180,34680,7500,0.27593818984547464,7,7,0.0,0.0,-40.0,0.0,0.0,-15.0,3.0,0.0,25.0,0.0,0.0
19,1449,270,1444,1413,0,1,0.0,-22.84,158.0,21.0,100.0,27180,18080,9100,0.33480500367917587,7,7,0.0,0.0,-40.0,0.0,0.0,-15.0,3.0,0.0,25.0,0.0,4.16
19,1449,267,1435,1413,0,1,0.0,-25.08,158.0,22.0,100.0,27180,30860,3680,0.13539367181751288,7,7,0.0,0.0,-40.0,0.0,0.0,-15.0,3.0,0.0,25.0,0.0,1.92
19,1449,219,1399,1413,0,1,0.0,-22.5,158.0,23.0,100.0,27180,29180,2000,0.07358351729212656,2,-2,0.0,0.0,-40.0,0.0,0.0,-15.0,7.5,0.0,25.0,0.0,0.0
19,1449,264,1431,1413,0,1,0.0,-26.97,158.0,24.0,100.0,27180,8620,18560,0.6828550404709345,6,6,0.0,0.0,-40.0,0.0,0.0,-15.0,3.0,0.0,25.0,0.0,0.03
19,1449,263,1430,1413,0,1,0.0,-27.0,158.0,25.0,100.0,27180,32200,5020,0.18469462840323767,6,6,0.0,0.0,-40.0,0.0,0.0,-15.0,3.0,0.0,25.0,0.0,0.0
19,1449,259,1427,1413,0,1,0.0,-27.0,158.0,26.0,100.0,27180,46900,19720,0.7255334805003679,5,5,0.0,0.0,-40.0,0.0,0.0,-15.0,3.0,0.0,25.0,0.0,0.0
19,1449,258,1424,1413,0,1,0.0,-27.0,158.0,27.0,100.0,27180,28020,840,0.03090507726269316,5,5,0.0,0.0,-40.0,0.0,0.0,-15.0,3.0,0.0,25.0,0.0,0.0
19,1449,204,1388,1413,0,1,0.0,-27.0,158.0,28.0,100.0,27180,40340,13160,0.4841795437821928,4,-4,0.0,0.0,-40.0,0.0,0.0,-15.0,3.0,0.0,25.0,0.0,0.0
19,1449,301,1451,1413,0,1,0.0,-30.0,158.0,29.0,100.0,27180,25600,1580,0.058130978660779986,13,13,0.0,0.0,-40.0,0.0,0.0,-15.0,0.0,0.0,25.0,0.0,0.0
20,1448,229,1412,1412,1,1,100.0,169.99,170.0,1.0,0.0,44380,44380,0,0.0,0,0,1.0,40.0,0.0,20.0,40.0,0.0,25.0,11.99,25.0,0.0,8.0
20,1448,204,1388,1412,0,1,51.3,81.0,158.0,2.0,48.7,44380,40340,4040,0.09103199639477241,4,-4,0.0,40.0,0.0,20.0,0.0,-15.0,3.0,0.0,25.0,0.0,8.0
20,1448,259,1427,1412,0,1,51.3,81.0,158.0,3.0,48.7,44380,46900,2520,0.056782334384858045,5,5,0.0,40.0,0.0,20.0,0.0,-15.0,3.0,0.0,25.0,0.0,8.0
20,1448,301,1451,1412,0,1,49.4,78.0,158.0,4.0,50.6,44380,25600,18780,0.4231635872014421,13,13,0.0,40.0,0.0,20.0,0.0,-15.0,0.0,0.0,25.0,0.0,8.0
20,1448,292,1442,1412,0,1,49.4,78.0,158.0,5.0,50.6,44380,20060,24320,0.54799459215863,10,10,0.0,40.0,0.0,20.0,0.0,-15.0,0.0,0.0,25.0,0.0,8.0
20,1448,191,1372,1412,0,1,49.4,78.0,158.0,6.0,50.6,44380,34200,10180,0.22938260477692654,10,-10,0.0,40.0,0.0,20.0,0.0,-15.0,0.0,0.0,25.0,0.0,8.0
20,1448,227,1410,1412,0,1,6.4,10.91,170.0,7.0,93.6,44380,32820,11560,0.2604776926543488,0,0,1.0,0.0,-40.0,0.0,0.0,-15.0,25.0,11.87,25.0,0.0,4.04
20,1448,228,1411,1412,0,1,4.1,6.97,170.0,8.0,95.9,44380,27840,16540,0.37269040108156826,0,0,1.0,0.0,-40.0,0.0,0.0,-15.0,25.0,11.97,25.0,0.0,0.0
20,1448,230,1413,1412,0,1,4.1,7.0,170.0,9.0,95.9,44380,27180,17200,0.3875619648490311,0,0,1.0,0.0,-40.0,0.0,0.0,-15.0,25.0,12.0,25.0,0.0,0.0
20,1448,267,1435,1412,0,1,0.0,-27.0,158.0,10.0,100.0,44380,30860,13520,0.3046417305092384,7,7,0.0,0.0,-40.0,0.0,0.0,-15.0,3.0,0.0,25.0,0.0,0.0
20,1448,300,1449,1412,0,1,0.0,-30.0,158.0,11.0,100.0,44380,34120,10260,0.23118521856692203,12,12,0.0,0.0,-40.0,0.0,0.0,-15.0,0.0,0.0,25.0,0.0,0.0
20,1448,296,1450,1412,0,1,0.0,-30.0,158.0,12.0,100.0,44380,24820,19560,0.44073907165389814,12,12,0.0,0.0,-40.0,0.0,0.0,-15.0,0.0,0.0,25.0,0.0,0.0
20,1448,295,1445,1412,0,1,0.0,-27.52,158.0,13.0,100.0,44380,34040,10340,0.23298783235691753,11,11,0.0,0.0,-40.0,0.0,0.0,-15.0,0.0,0.0,25.0,0.0,2.48
20,1448,271,1439,1412,0,1,0.0,-24.52,158.0,14.0,100.0,44380,34680,9700,0.21856692203695358,7,7,0.0,0.0,-40.0,0.0,0.0,-15.0,3.0,0.0,25.0,0.0,2.48
20,1448,270,1444,1412,0,1,0.0,-27.0,158.0,15.0,100.0,44380,18080,26300,0.5926092834610185,7,7,0.0,0.0,-40.0,0.0,0.0,-15.0,3.0,0.0,25.0,0.0,0.0
20,1448,269,1437,1412,0,1,0.0,-24.52,158.0,16.0,100.0,44380,34780,9600,0.21631365479945922,7,7,0.0,0.0,-40.0,0.0,0.0,-15.0,3.0,0.0,25.0,0.0,2.48
20,1448,190,1371,1412,0,1,0.0,-30.0,158.0,17.0,100.0,44380,38860,5520,0.12438035150968905,10,-10,0.0,0.0,-40.0,0.0,0.0,-15.0,0.0,0.0,25.0,0.0,0.0
20,1448,266,1434,1412,0,1,0.0,-11.65,158.0,18.0,100.0,44380,44420,40,0.0009013068949977468,7,7,0.0,0.0,-40.0,0.0,40.0,0.0,3.0,0.0,0.0,-15.0,0.35
20,1448,265,1432,1412,0,1,0.0,-27.0,158.0,19.0,100.0,44380,29080,15300,0.34474988733663814,6,6,0.0,0.0,-40.0,0.0,0.0,-15.0,3.0,0.0,25.0,0.0,0.0
20,1448,264,1431,1412,0,1,0.0,-25.06,158.0,20.0,100.0,44380,8620,35760,0.8057683641279856,6,6,0.0,0.0,-40.0,0.0,0.0,-15.0,3.0,0.0,25.0,0.0,1.94
20,1448,258,1424,1412,0,1,0.0,-24.52,158.0,21.0,100.0,44380,28020,16360,0.36863452005407843,5,5,0.0,0.0,-40.0,0.0,0.0,-15.0,3.0,0.0,25.0,0.0,2.48
20,1448,219,1399,1412,0,1,0.0,-20.02,158.0,22.0,100.0,44380,29180,15200,0.3424966200991438,2,-2,0.0,0.0,-40.0,0.0,0.0,-15.0,7.5,0.0,25.0,0.0,2.48
20,1448,195,1379,1412,0,1,0.0,-30.0,158.0,23.0,100.0,44380,40300,4080,0.09193330328977016,9,-9,0.0,0.0,-40.0,0.0,0.0,-15.0,0.0,0.0,25.0,0.0,0.0
20,1448,194,1378,1412,0,1,0.0,-30.0,158.0,24.0,100.0,44380,39540,4840,0.10905813429472735,9,-9,0.0,0.0,-40.0,0.0,0.0,-15.0,0.0,0.0,25.0,0.0,0.0
20,1448,263,1430,1412,0,1,0.0,-24.52,158.0,25.0,100.0,44380,32200,12180,0.2744479495268139,6,6,0.0,0.0,-40.0,0.0,0.0,-15.0,3.0,0.0,25.0,0.0,2.48
21,1447,228,1411,1411,1,1,100.0,169.99,170.0,1.0,0.0,27840,27840,0,0.0,0,0,1.0,40.0,0.0,20.0,40.0,0.0,25.0,11.99,25.0,0.0,8.0
21,1447,230,1413,1411,0,1,78.0,132.56,170.0,2.0,22.0,27840,27180,660,0.023706896551724137,0,0,1.0,40.0,0.0,20.0,2.59,0.0,25.0,11.97,25.0,0.0,8.0
21,1447,265,1432,1411,0,1,51.3,81.0,158.0,3.0,48.7,27840,29080,1240,0.04454022988505747,6,6,0.0,40.0,0.0,20.0,0.0,-15.0,3.0,0.0,25.0,0.0,8.0
21,1447,300,1449,1411,0,1,49.4,78.0,158.0,4.0,50.6,27840,34120,6280,0.22557471264367815,12,12,0.0,40.0,0.0,20.0,0.0,-15.0,0.0,0.0,25.0,0.0,8.0
21,1447,194,1378,1411,0,1,49.4,78.0,158.0,5.0,50.6,27840,39540,11700,0.4202586206896552,9,-9,0.0,40.0,0.0,20.0,0.0,-15.0,0.0,0.0,25.0,0.0,8.0
21,1447,195,1379,1411,0,1,49.4,78.0,158.0,6.0,50.6,27840,40300,12460,0.4475574712643678,9,-9,0.0,40.0,0.0,20.0,0.0,-15.0,0.0,0.0,25.0,0.0,8.0
21,1447,190,1371,1411,0,1,49.4,78.0,158.0,7.0,50.6,27840,38860,11020,0.3958333333333333,10,-10,0.0,40.0,0.0,20.0,0.0,-15.0,0.0,0.0,25.0,0.0,8.0
21,1447,296,1450,1411,0,1,49.4,78.0,158.0,8.0,50.6,27840,24820,3020,0.10847701149425287,12,12,0.0,40.0,0.0,20.0,0.0,-15.0,0.0,0.0,25.0,0.0,8.0
21,1447,213,1393,1411,0,1,23.9,37.72,158.0,9.0,76.1,27840,37700,9860,0.3541666666666667,3,-3,0.0,40.0,0.0,20.0,0.0,-15.0,7.5,0.0,0.0,-15.0,0.22
21,1447,218,1398,1411,0,1,23.9,37.72,158.0,10.0,76.1,27840,42100,14260,0.5122126436781609,2,-2,0.0,40.0,0.0,20.0,0.0,-15.0,7.5,0.0,0.0,-15.0,0.22
21,1447,188,1369,1411,0,1,19.1,30.22,158.0,11.0,80.9,27840,38560,10720,0.3850574712643678,10,-10,0.0,40.0,0.0,20.0,0.0,-15.0,0.0,0.0,0.0,-15.0,0.22
21,1447,202,1383,1411,0,1,19.1,30.22,158.0,12.0,80.9,27840,40960,13120,0.47126436781609193,8,-8,0.0,40.0,0.0,20.0,0.0,-15.0,0.0,0.0,0.0,-15.0,0.22
21,1447,200,1376,1411,0,1,19.1,30.22,158.0,13.0,80.9,27840,36760,8920,0.3204022988505747,8,-8,0.0,40.0,0.0,20.0,0.0,-15.0,0.0,0.0,0.0,-15.0,0.22
21,1447,258,1424,1411,0,1,15.9,25.07,158.0,14.0,84.1,27840,28020,180,0.00646551724137931,5,5,0.0,0.0,-40.0,0.0,37.07,0.0,3.0,0.0,25.0,0.0,0.0
21,1447,227,1410,1411,0,1,4.1,6.89,170.0,15.0,95.9,27840,32820,4980,0.1788793103448276,0,0,1.0,0.0,-40.0,0.0,0.0,-15.0,25.0,11.89,25.0,0.0,0.0
21,1447,229,1412,1411,0,1,4.1,6.99,170.0,16.0,95.9,27840,44380,16540,0.5941091954022989,0,0,1.0,0.0,-40.0,0.0,0.0,-15.0,25.0,11.99,25.0,0.0,0.0
21,1447,269,1437,1411,0,1,0.0,-27.0,158.0,17.0,100.0,27840,34780,6940,0.2492816091954023,7,7,0.0,0.0,-40.0,0.0,0.0,-15.0,3.0,0.0,25.0,0.0,0.0
21,1447,292,1442,1411,0,1,0.0,-30.0,158.0,18.0,100.0,27840,20060,7780,0.27945402298850575,10,10,0.0,0.0,-40.0,0.0,0.0,-15.0,0.0,0.0,25.0,0.0,0.0
21,1447,271,1439,1411,0,1,0.0,-27.0,158.0,19.0,100.0,27840,34680,6840,0.24568965517241378,7,7,0.0,0.0,-40.0,0.0,0.0,-15.0,3.0,0.0,25.0,0.0,0.0
21,1447,270,1444,1411,0,1,0.0,-22.84,158.0,20.0,100.0,27840,18080,9760,0.3505747126436782,7,7,0.0,0.0,-40.0,0.0,0.0,-15.0,3.0,0.0,25.0,0.0,4.16
21,1447,295,1445,1411,0,1,0.0,-30.0,158.0,21.0,100.0,27840,34040,6200,0.22270114942528735,11,11,0.0,0.0,-40.0,0.0,0.0,-15.0,0.0,0.0,25.0,0.0,0.0
21,1447,255,1421,1411,0,1,0.0,-42.73,158.0,22.0,100.0,27840,28440,600,0.021551724137931036,4,4,0.0,0.0,-40.0,0.0,6.9,0.0,3.0,0.0,0.0,-15.0,2.37
21,1447,267,1435,1411,0,1,0.0,-25.08,158.0,23.0,100.0,27840,30860,3020,0.10847701149425287,7,7,0.0,0.0,-40.0,0.0,0.0,-15.0,3.0,0.0,25.0,0.0,1.92
21,1447,264,1431,1411,0,1,0.0,-26.97,158.0,24.0,100.0,27840,8620,19220,0.6903735632183908,6,6,0.0,0.0,-40.0,0.0,0.0,-15.0,3.0,0.0,25.0,0.0,0.03
21,1447,263,1430,1411,0,1,0.0,-27.0,158.0,25.0,100.0,27840,32200,4360,0.15660919540229884,6,6,0.0,0.0,-40.0,0.0,0.0,-15.0,3.0,0.0,25.0,0.0,0.0
21,1447,259,1427,1411,0,1,0.0,-27.0,158.0,26.0,100.0,27840,46900,19060,0.6846264367816092,5,5,0.0,0.0,-40.0,0.0,0.0,-15.0,3.0,0.0,25.0,0.0,0.0
21,1447,219,1399,1411,0,1,0.0,-22.5,158.0,27.0,100.0,27840,29180,1340,0.048132183908045974,2,-2,0.0,0.0,-40.0,0.0,0.0,-15.0,7.5,0.0,25.0,0.0,0.0
21,1447,204,1388,1411,0,1,0.0,-27.0,158.0,28.0,100.0,27840,40340,12500,0.4489942528735632,4,-4,0.0,0.0,-40.0,0.0,0.0,-15.0,3.0,0.0,25.0,0.0,0.0
21,1447,191,1372,1411,0,1,0.0,-30.0,158.0,29.0,100.0,27840,34200,6360,0.22844827586206898,10,-10,0.0,0.0,-40.0,0.0,0.0,-15.0,0.0,0.0,25.0,0.0,0.0
21,1447,301,1451,1411,0,1,0.0,-30.0,158.0,30.0,100.0,27840,25600,2240,0.08045977011494253,13,13,0.0,0.0,-40.0,0.0,0.0,-15.0,0.0,0.0,25.0,0.0,0.0
22,1445,224,1408,1408,1,1,100.0,169.99,170.0,1.0,0.0,12280,12280,0,0.0,0,0,1.0,40.0,0.0,20.0,40.0,0.0,25.0,11.99,25.0,0.0,8.0
22,1445,223,1407,1408,0,1,67.6,114.98,170.0,2.0,32.400000000000006,12280,56480,44200,3.599348534201954,0,0,1.0,40.0,0.0,20.0,0.0,-15.0,25.0,11.98,25.0,0.0,8.0
22,1445,222,1406,1408,0,1,66.2,112.47,170.0,3.0,33.8,12280,15220,2940,0.23941368078175895,0,0,1.0,40.0,0.0,20.0,0.0,-15.0,25.0,9.47,25.0,0.0,8.0
22,1445,255,1421,1408,0,1,51.3,81.0,158.0,4.0,48.7,12280,28440,16160,1.3159609120521172,5,5,0.0,40.0,0.0,20.0,0.0,-15.0,3.0,0.0,25.0,0.0,8.0
22,1445,254,1419,1408,0,1,51.3,81.0,158.0,5.0,48.7,12280,15180,2900,0.23615635179153094,5,5,0.0,40.0,0.0,20.0,0.0,-15.0,3.0,0.0,25.0,0.0,8.0
22,1445,231,1418,1408,0,1,51.3,81.0,158.0,6.0,48.7,12280,19820,7540,0.6140065146579805,4,4,0.0,40.0,0.0,20.0,0.0,-15.0,3.0,0.0,25.0,0.0,8.0
22,1445,293,1443,1408,0,1,49.4,78.0,158.0,7.0,50.6,12280,14240,1960,0.15960912052117263,11,11,0.0,40.0,0.0,20.0,0.0,-15.0,0.0,0.0,25.0,0.0,8.0
22,1445,273,1438,1408,0,1,48.3,76.37,158.0,8.0,51.7,12280,47660,35380,2.8811074918566777,9,9,0.0,40.0,0.0,20.0,0.0,-15.0,0.0,0.0,25.0,0.0,6.37
22,1445,266,1434,1408,0,1,48.3,76.37,158.0,9.0,51.7,12280,44420,32140,2.6172638436482085,8,8,0.0,40.0,0.0,20.0,0.0,-15.0,0.0,0.0,25.0,0.0,6.37
22,1445,221,1404,1408,0,1,37.7,64.08,170.0,10.0,62.3,12280,46440,34160,2.781758957654723,0,0,1.0,40.0,0.0,20.0,0.0,-15.0,25.0,7.05,0.0,-15.0,2.03
22,1445,180,1367,1408,0,1,0.0,-25.25,158.0,11.0,100.0,12280,22600,10320,0.8403908794788274,10,-10,0.0,0.0,-40.0,0.0,0.0,-15.0,0.0,0.0,25.0,0.0,4.75
22,1445,201,1382,1408,0,1,0.0,-19.54,158.0,12.0,100.0,12280,29040,16760,1.3648208469055374,7,-7,0.0,0.0,-40.0,0.0,0.0,-15.0,3.0,0.0,25.0,0.0,7.46
22,1445,189,1370,1408,0,1,0.0,-25.25,158.0,13.0,100.0,12280,20980,8700,0.7084690553745928,9,-9,0.0,0.0,-40.0,0.0,0.0,-15.0,0.0,0.0,25.0,0.0,4.75
22,1445,187,1368,1408,0,1,0.0,-25.25,158.0,14.0,100.0,12280,14140,1860,0.15146579804560262,9,-9,0.0,0.0,-40.0,0.0,0.0,-15.0,0.0,0.0,25.0,0.0,4.75
22,1445,185,1386,1408,0,1,0.0,-30.0,158.0,15.0,100.0,12280,1182,11098,0.9037459283387622,10,-10,0.0,0.0,-40.0,0.0,0.0,-15.0,0.0,0.0,25.0,0.0,0.0
22,1445,184,1386,1408,0,1,0.0,-30.0,158.0,16.0,100.0,12280,638,11642,0.9480456026058632,10,-10,0.0,0.0,-40.0,0.0,0.0,-15.0,0.0,0.0,25.0,0.0,0.0
22,1445,183,1386,1408,0,1,0.0,-30.0,158.0,17.0,100.0,12280,2706,9574,0.779641693811075,10,-10,0.0,0.0,-40.0,0.0,0.0,-15.0,0.0,0.0,25.0,0.0,0.0
22,1445,182,1386,1408,0,1,0.0,-30.0,158.0,18.0,100.0,12280,263,12017,0.9785830618892508,10,-10,0.0,0.0,-40.0,0.0,0.0,-15.0,0.0,0.0,25.0,0.0,0.0
22,1445,272,1440,1408,0,1,0.0,-22.54,158.0,19.0,100.0,12280,38700,26420,2.1514657980456025,8,8,0.0,0.0,-40.0,0.0,0.0,-15.0,0.0,0.0,25.0,0.0,7.46
22,1445,181,1386,1408,0,1,0.0,-30.0,158.0,20.0,100.0,12280,366,11914,0.9701954397394137,10,-10,0.0,0.0,-40.0,0.0,0.0,-15.0,0.0,0.0,25.0,0.0,0.0
22,1445,179,1365,1408,0,1,0.0,-25.25,158.0,21.0,100.0,12280,25760,13480,1.0977198697068404,13,-13,0.0,0.0,-40.0,0.0,0.0,-15.0,0.0,0.0,25.0,0.0,4.75
23,1444,223,1407,1407,1,1,100.0,169.99,170.0,1.0,0.0,56480,56480,0,0.0,0,0,1.0,40.0,0.0,20.0,40.0,0.0,25.0,11.99,25.0,0.0,8.0
23,1444,224,1408,1407,0,1,67.6,115.0,170.0,2.0,32.400000000000006,56480,12280,44200,0.7825779036827195,0,0,1.0,40.0,0.0,20.0,0.0,-15.0,25.0,12.0,25.0,0.0,8.0
23,1444,222,1406,1407,0,1,66.2,112.48,170.0,3.0,33.8,56480,15220,41260,0.7305240793201133,0,0,1.0,40.0,0.0,20.0,0.0,-15.0,25.0,9.48,25.0,0.0,8.0
23,1444,255,1421,1407,0,1,51.3,81.0,158.0,4.0,48.7,56480,28440,28040,0.4964589235127479,5,5,0.0,40.0,0.0,20.0,0.0,-15.0,3.0,0.0,25.0,0.0,8.0
23,1444,254,1419,1407,0,1,51.3,81.0,158.0,5.0,48.7,56480,15180,41300,0.7312322946175638,5,5,0.0,40.0,0.0,20.0,0.0,-15.0,3.0,0.0,25.0,0.0,8.0
23,1444,231,1418,1407,0,1,51.3,81.0,158.0,6.0,48.7,56480,19820,36660,0.6490793201133145,4,4,0.0,40.0,0.0,20.0,0.0,-15.0,3.0,0.0,25.0,0.0,8.0
23,1444,293,1443,1407,0,1,49.4,78.0,158.0,7.0,50.6,56480,14240,42240,0.7478753541076487,11,11,0.0,40.0,0.0,20.0,0.0,-15.0,0.0,0.0,25.0,0.0,8.0
23,1444,273,1438,1407,0,1,48.3,76.37,158.0,8.0,51.7,56480,47660,8820,0.1561614730878187,9,9,0.0,40.0,0.0,20.0,0.0,-15.0,0.0,0.0,25.0,0.0,6.37
23,1444,266,1434,1407,0,1,48.3,76.37,158.0,9.0,51.7,56480,44420,12060,0.21352691218130312,8,8,0.0,40.0,0.0,20.0,0.0,-15.0,0.0,0.0,25.0,0.0,6.37
23,1444,221,1404,1407,0,1,37.7,64.09,170.0,10.0,62.3,56480,46440,10040,0.17776203966005666,0,0,1.0,40.0,0.0,20.0,0.0,-15.0,25.0,7.06,0.0,-15.0,2.03
23,1444,180,1367,1407,0,1,0.0,-25.25,158.0,11.0,100.0,56480,22600,33880,0.5998583569405099,10,-10,0.0,0.0,-40.0,0.0,0.0,-15.0,0.0,0.0,25.0,0.0,4.75
23,1444,201,1382,1407,0,1,0.0,-19.54,158.0,12.0,100.0,56480,29040,27440,0.48583569405099153,7,-7,0.0,0.0,-40.0,0.0,0.0,-15.0,3.0,0.0,25.0,0.0,7.46
23,1444,189,1370,1407,0,1,0.0,-25.25,158.0,13.0,100.0,56480,20980,35500,0.6285410764872521,9,-9,0.0,0.0,-40.0,0.0,0.0,-15.0,0.0,0.0,25.0,0.0,4.75
23,1444,187,1368,1407,0,1,0.0,-25.25,158.0,14.0,100.0,56480,14140,42340,0.7496458923512748,9,-9,0.0,0.0,-40.0,0.0,0.0,-15.0,0.0,0.0,25.0,0.0,4.75
23,1444,185,1386,1407,0,1,0.0,-30.0,158.0,15.0,100.0,56480,1182,55298,0.9790722379603399,10,-10,0.0,0.0,-40.0,0.0,0.0,-15.0,0.0,0.0,25.0,0.0,0.0
23,1444,184,1386,1407,0,1,0.0,-30.0,158.0,16.0,100.0,56480,638,55842,0.9887039660056657,10,-10,0.0,0.0,-40.0,0.0,0.0,-15.0,0.0,0.0,25.0,0.0,0.0
23,1444,183,1386,1407,0,1,0.0,-30.0,158.0,17.0,100.0,56480,2706,53774,0.9520892351274788,10,-10,0.0,0.0,-40.0,0.0,0.0,-15.0,0.0,0.0,25.0,0.0,0.0
23,1444,182,1386,1407,0,1,0.0,-30.0,158.0,18.0,100.0,56480,263,56217,0.9953434844192635,10,-10,0.0,0.0,-40.0,0.0,0.0,-15.0,0.0,0.0,25.0,0.0,0.0
23,1444,272,1440,1407,0,1,0.0,-22.54,158.0,19.0,100.0,56480,38700,17780,0.3148016997167139,8,8,0.0,0.0,-40.0,0.0,0.0,-15.0,0.0,0.0,25.0,0.0,7.46
23,1444,181,1386,1407,0,1,0.0,-30.0,158.0,20.0,100.0,56480,366,56114,0.9935198300283287,10,-10,0.0,0.0,-40.0,0.0,0.0,-15.0,0.0,0.0,25.0,0.0,0.0
23,1444,179,1365,1407,0,1,0.0,-25.25,158.0,21.0,100.0,56480,25760,30720,0.5439093484419264,13,-13,0.0,0.0,-40.0,0.0,0.0,-15.0,0.0,0.0,25.0,0.0,4.75
24,1442,222,1406,1406,1,1,100.0,169.99,170.0,1.0,0.0,15220,15220,0,0.0,0,0,1.0,40.0,0.0,20.0,40.0,0.0,25.0,11.99,25.0,0.0,8.0
24,1442,254,1419,1406,0,1,86.1,136.0,158.0,2.0,13.900000000000006,15220,15180,40,0.002628120893561104,5,5,0.0,40.0,0.0,20.0,40.0,0.0,3.0,0.0,25.0,0.0,8.0
24,1442,224,1408,1406,0,1,66.2,112.49,170.0,3.0,33.8,15220,12280,2940,0.19316688567674112,0,0,1.0,40.0,0.0,20.0,0.0,-15.0,25.0,9.49,25.0,0.0,8.0
24,1442,223,1407,1406,0,1,66.2,112.5,170.0,4.0,33.8,15220,56480,41260,2.7109067017082786,0,0,1.0,40.0,0.0,20.0,0.0,-15.0,25.0,9.5,25.0,0.0,8.0
24,1442,255,1421,1406,0,1,51.3,81.0,158.0,5.0,48.7,15220,28440,13220,0.8685939553219448,5,5,0.0,40.0,0.0,20.0,0.0,-15.0,3.0,0.0,25.0,0.0,8.0
24,1442,231,1418,1406,0,1,51.3,81.0,158.0,6.0,48.7,15220,19820,4600,0.30223390275952694,4,4,0.0,40.0,0.0,20.0,0.0,-15.0,3.0,0.0,25.0,0.0,8.0
24,1442,293,1443,1406,0,1,49.4,78.0,158.0,7.0,50.6,15220,14240,980,0.06438896189224705,11,11,0.0,40.0,0.0,20.0,0.0,-15.0,0.0,0.0,25.0,0.0,8.0
24,1442,273,1438,1406,0,1,48.3,76.37,158.0,8.0,51.7,15220,47660,32440,2.131406044678055,9,9,0.0,40.0,0.0,20.0,0.0,-15.0,0.0,0.0,25.0,0.0,6.37
24,1442,266,1434,1406,0,1,48.3,76.37,158.0,9.0,51.7,15220,44420,29200,1.9185282522996059,8,8,0.0,40.0,0.0,20.0,0.0,-15.0,0.0,0.0,25.0,0.0,6.37
24,1442,221,1404,1406,0,1,39.2,66.6,170.0,10.0,60.8,15220,46440,31220,2.0512483574244413,0,0,1.0,40.0,0.0,20.0,0.0,-15.0,25.0,9.57,0.0,-15.0,2.03
24,1442,180,1367,1406,0,1,0.0,-25.25,158.0,11.0,100.0,15220,22600,7380,0.48488830486202367,10,-10,0.0,0.0,-40.0,0.0,0.0,-15.0,0.0,0.0,25.0,0.0,4.75
24,1442,201,1382,1406,0,1,0.0,-19.54,158.0,12.0,100.0,15220,29040,13820,0.9080157687253614,7,-7,0.0,0.0,-40.0,0.0,0.0,-15.0,3.0,0.0,25.0,0.0,7.46
24,1442,189,1370,1406,0,1,0.0,-25.25,158.0,13.0,100.0,15220,20980,5760,0.37844940867279897,9,-9,0.0,0.0,-40.0,0.0,0.0,-15.0,0.0,0.0,25.0,0.0,4.75
24,1442,187,1368,1406,0,1,0.0,-25.25,158.0,14.0,100.0,15220,14140,1080,0.07095926412614981,9,-9,0.0,0.0,-40.0,0.0,0.0,-15.0,0.0,0.0,25.0,0.0,4.75
24,1442,185,1386,1406,0,1,0.0,-30.0,158.0,15.0,100.0,15220,1182,14038,0.9223390275952694,10,-10,0.0,0.0,-40.0,0.0,0.0,-15.0,0.0,0.0,25.0,0.0,0.0
24,1442,184,1386,1406,0,1,0.0,-30.0,158.0,16.0,100.0,15220,638,14582,0.9580814717477004,10,-10,0.0,0.0,-40.0,0.0,0.0,-15.0,0.0,0.0,25.0,0.0,0.0
24,1442,183,1386,1406,0,1,0.0,-30.0,158.0,17.0,100.0,15220,2706,12514,0.8222076215505913,10,-10,0.0,0.0,-40.0,0.0,0.0,-15.0,0.0,0.0,25.0,0.0,0.0
24,1442,182,1386,1406,0,1,0.0,-30.0,158.0,18.0,100.0,15220,263,14957,0.9827201051248358,10,-10,0.0,0.0,-40.0,0.0,0.0,-15.0,0.0,0.0,25.0,0.0,0.0
24,1442,272,1440,1406,0,1,0.0,-22.54,158.0,19.0,100.0,15220,38700,23480,1.542706964520368,8,8,0.0,0.0,-40.0,0.0,0.0,-15.0,0.0,0.0,25.0,0.0,7.46
24,1442,181,1386,1406,0,1,0.0,-30.0,158.0,20.0,100.0,15220,366,14854,0.9759526938239159,10,-10,0.0,0.0,-40.0,0.0,0.0,-15.0,0.0,0.0,25.0,0.0,0.0
24,1442,179,1365,1406,0,1,0.0,-25.25,158.0,21.0,100.0,15220,25760,10540,0.6925098554533509,13,-13,0.0,0.0,-40.0,0.0,0.0,-15.0,0.0,0.0,25.0,0.0,4.75
25,1432,204,1388,1388,1,1,100.0,169.99,170.0,1.0,0.0,40340,40340,0,0.0,0,0,1.0,40.0,0.0,20.0,40.0,0.0,25.0,11.99,25.0,0.0,8.0
25,1432,229,1412,1388,0,1,51.3,81.0,158.0,2.0,48.7,40340,44380,4040,0.10014873574615767,4,4,0.0,40.0,0.0,20.0,0.0,-15.0,3.0,0.0,25.0,0.0,8.0
25,1432,191,1372,1388,0,1,51.3,81.0,158.0,3.0,48.7,40340,34200,6140,0.15220624690133863,6,-6,0.0,40.0,0.0,20.0,0.0,-15.0,3.0,0.0,25.0,0.0,8.0
25,1432,117,1354,1388,0,1,49.4,78.0,158.0,4.0,50.6,40340,30460,9880,0.2449181953396133,13,-13,0.0,40.0,0.0,20.0,0.0,-15.0,0.0,0.0,25.0,0.0,8.0
25,1432,259,1427,1388,0,1,49.4,78.0,158.0,5.0,50.6,40340,46900,6560,0.1626177491323748,9,9,0.0,40.0,0.0,20.0,0.0,-15.0,0.0,0.0,25.0,0.0,8.0
25,1432,195,1379,1388,0,1,17.7,28.0,158.0,6.0,82.3,40340,40300,40,0.0009915716410510659,5,-5,0.0,0.0,-40.0,0.0,40.0,0.0,3.0,0.0,25.0,0.0,0.0
25,1432,270,1444,1388,0,1,0.0,-30.0,158.0,7.0,100.0,40340,18080,22260,0.5518096182449181,11,11,0.0,0.0,-40.0,0.0,0.0,-15.0,0.0,0.0,25.0,0.0,0.0
25,1432,269,1437,1388,0,1,0.0,-27.52,158.0,8.0,100.0,40340,34780,5560,0.13782845810609817,11,11,0.0,0.0,-40.0,0.0,0.0,-15.0,0.0,0.0,25.0,0.0,2.48
25,1432,267,1435,1388,0,1,0.0,-30.0,158.0,9.0,100.0,40340,30860,9480,0.23500247892910262,11,11,0.0,0.0,-40.0,0.0,0.0,-15.0,0.0,0.0,25.0,0.0,0.0
25,1432,265,1432,1388,0,1,0.0,-30.0,158.0,10.0,100.0,40340,29080,11260,0.27912741695587506,10,10,0.0,0.0,-40.0,0.0,0.0,-15.0,0.0,0.0,25.0,0.0,0.0
25,1432,264,1431,1388,0,1,0.0,-28.06,158.0,11.0,100.0,40340,8620,31720,0.7863163113534953,10,10,0.0,0.0,-40.0,0.0,0.0,-15.0,0.0,0.0,25.0,0.0,1.94
25,1432,263,1430,1388,0,1,0.0,-27.52,158.0,12.0,100.0,40340,32200,8140,0.2017848289538919,10,10,0.0,0.0,-40.0,0.0,0.0,-15.0,0.0,0.0,25.0,0.0,2.48
25,1432,258,1424,1388,0,1,0.0,-27.52,158.0,13.0,100.0,40340,28020,12320,0.30540406544372833,9,9,0.0,0.0,-40.0,0.0,0.0,-15.0,0.0,0.0,25.0,0.0,2.48
25,1432,230,1413,1388,0,1,0.0,-27.0,158.0,14.0,100.0,40340,27180,13160,0.3262270699058007,4,4,0.0,0.0,-40.0,0.0,0.0,-15.0,3.0,0.0,25.0,0.0,0.0
25,1432,227,1410,1388,0,1,0.0,-22.96,158.0,15.0,100.0,40340,32820,7520,0.1864154685176004,4,4,0.0,0.0,-40.0,0.0,0.0,-15.0,3.0,0.0,25.0,0.0,4.04
25,1432,228,1411,1388,0,1,0.0,-27.0,158.0,16.0,100.0,40340,27840,12500,0.3098661378284581,4,4,0.0,0.0,-40.0,0.0,0.0,-15.0,3.0,0.0,25.0,0.0,0.0
25,1432,118,1355,1388,0,1,0.0,-30.0,158.0,17.0,100.0,40340,49780,9440,0.23401090728805157,13,-13,0.0,0.0,-40.0,0.0,0.0,-15.0,0.0,0.0,25.0,0.0,0.0
25,1432,219,1399,1388,0,1,0.0,-20.02,158.0,18.0,100.0,40340,29180,11160,0.2766484878532474,2,2,0.0,0.0,-40.0,0.0,0.0,-15.0,7.5,0.0,25.0,0.0,2.48
25,1432,202,1383,1388,0,1,0.0,-32.74,158.0,19.0,100.0,40340,40960,620,0.015369360436291522,4,-4,0.0,0.0,-40.0,0.0,19.26,0.0,3.0,0.0,0.0,-15.0,0.0
25,1432,199,1381,1388,0,1,0.0,-4.85,158.0,20.0,100.0,40340,39980,360,0.008924144769459593,4,-4,0.0,0.0,-40.0,0.0,32.15,0.0,3.0,0.0,0.0,0.0,0.0
25,1432,194,1378,1388,0,1,0.0,-1.66,158.0,21.0,100.0,40340,39540,800,0.01983143282102132,5,-5,0.0,0.0,-40.0,0.0,10.34,0.0,3.0,0.0,25.0,0.0,0.0
25,1432,193,1374,1388,0,1,0.0,-28.77,158.0,22.0,100.0,40340,40880,540,0.013386217154189391,5,-5,0.0,0.0,-40.0,0.0,23.23,0.0,3.0,0.0,0.0,-15.0,0.0
25,1432,190,1371,1388,0,1,0.0,-27.0,158.0,23.0,100.0,40340,38860,1480,0.03668815071888944,6,-6,0.0,0.0,-40.0,0.0,0.0,-15.0,3.0,0.0,25.0,0.0,0.0
25,1432,146,1359,1388,0,1,0.0,-30.0,158.0,24.0,100.0,40340,36900,3440,0.08527516113039167,12,-12,0.0,0.0,-40.0,0.0,0.0,-15.0,0.0,0.0,25.0,0.0,0.0
25,1432,120,1351,1388,0,1,0.0,-30.0,158.0,25.0,100.0,40340,32440,7900,0.19583539910758552,13,-13,0.0,0.0,-40.0,0.0,0.0,-15.0,0.0,0.0,25.0,0.0,0.0
25,1432,271,1439,1388,0,1,0.0,-27.52,158.0,26.0,100.0,40340,34680,5660,0.14030738720872582,11,11,0.0,0.0,-40.0,0.0,0.0,-15.0,0.0,0.0,25.0,0.0,2.48
26,1426,201,1382,1382,1,1,100.0,169.99,170.0,1.0,0.0,29040,29040,0,0.0,0,0,1.0,40.0,0.0,20.0,40.0,0.0,25.0,11.99,25.0,0.0,8.0
26,1426,255,1421,1382,0,1,0.7,1.13,158.0,2.0,99.3,29040,28440,600,0.02066115702479339,12,12,0.0,0.0,-40.0,0.0,8.68,0.0,0.0,0.0,25.0,0.0,7.45
26,1426,184,1386,1382,0,1,0.0,-22.5,158.0,3.0,100.0,29040,638,28402,0.978030303030303,3,-3,0.0,0.0,-40.0,0.0,0.0,-15.0,7.5,0.0,25.0,0.0,0.0
26,1426,254,1419,1382,0,1,0.0,-22.55,158.0,4.0,100.0,29040,15180,13860,0.4772727272727273,12,12,0.0,0.0,-40.0,0.0,0.0,-15.0,0.0,0.0,25.0,0.0,7.45
26,1426,231,1418,1382,0,1,0.0,-22.55,158.0,5.0,100.0,29040,19820,9220,0.3174931129476584,11,11,0.0,0.0,-40.0,0.0,0.0,-15.0,0.0,0.0,25.0,0.0,7.45
26,1426,224,1408,1382,0,1,0.0,-19.55,158.0,6.0,100.0,29040,12280,16760,0.5771349862258953,7,7,0.0,0.0,-40.0,0.0,0.0,-15.0,3.0,0.0,25.0,0.0,7.45
26,1426,223,1407,1382,0,1,0.0,-19.55,158.0,7.0,100.0,29040,56480,27440,0.9449035812672176,7,7,0.0,0.0,-40.0,0.0,0.0,-15.0,3.0,0.0,25.0,0.0,7.45
26,1426,222,1406,1382,0,1,0.0,-19.55,158.0,8.0,100.0,29040,15220,13820,0.4758953168044077,7,7,0.0,0.0,-40.0,0.0,0.0,-15.0,3.0,0.0,25.0,0.0,7.45
26,1426,219,1399,1382,0,1,0.0,-6.76,158.0,9.0,100.0,29040,29180,140,0.0048209366391184574,6,6,0.0,0.0,-40.0,0.0,40.0,0.0,3.0,0.0,0.0,-15.0,5.24
26,1426,206,1387,1382,0,1,0.0,-21.27,158.0,10.0,100.0,29040,29420,380,0.013085399449035813,4,4,0.0,0.0,-40.0,0.0,23.83,0.0,3.0,0.0,0.0,-15.0,6.9
26,1426,189,1370,1382,0,1,0.0,-17.26,158.0,11.0,100.0,29040,20980,8060,0.2775482093663912,2,-2,0.0,0.0,-40.0,0.0,0.0,-15.0,7.5,0.0,25.0,0.0,5.24
26,1426,187,1368,1382,0,1,0.0,-17.26,158.0,12.0,100.0,29040,14140,14900,0.5130853994490359,2,-2,0.0,0.0,-40.0,0.0,0.0,-15.0,7.5,0.0,25.0,0.0,5.24
26,1426,185,1386,1382,0,1,0.0,-22.5,158.0,13.0,100.0,29040,1182,27858,0.959297520661157,3,-3,0.0,0.0,-40.0,0.0,0.0,-15.0,7.5,0.0,25.0,0.0,0.0
26,1426,104,1336,1382,0,1,0.0,-22.0,158.0,14.0,100.0,29040,38140,9100,0.3133608815426997,14,-14,0.0,0.0,-40.0,0.0,0.0,-15.0,0.0,0.0,25.0,0.0,8.0
26,1426,107,1338,1382,0,1,0.0,-24.76,158.0,15.0,100.0,29040,50820,21780,0.75,14,-14,0.0,0.0,-40.0,0.0,0.0,-15.0,0.0,0.0,25.0,0.0,5.24
26,1426,182,1386,1382,0,1,0.0,-22.5,158.0,16.0,100.0,29040,263,28777,0.990943526170799,3,-3,0.0,0.0,-40.0,0.0,0.0,-15.0,7.5,0.0,25.0,0.0,0.0
26,1426,181,1386,1382,0,1,0.0,-22.5,158.0,17.0,100.0,29040,366,28674,0.9873966942148761,3,-3,0.0,0.0,-40.0,0.0,0.0,-15.0,7.5,0.0,25.0,0.0,0.0
26,1426,180,1367,1382,0,1,0.0,-17.26,158.0,18.0,100.0,29040,22600,6440,0.22176308539944903,3,-3,0.0,0.0,-40.0,0.0,0.0,-15.0,7.5,0.0,25.0,0.0,5.24
26,1426,179,1365,1382,0,1,0.0,-21.76,158.0,19.0,100.0,29040,25760,3280,0.11294765840220386,6,-6,0.0,0.0,-40.0,0.0,0.0,-15.0,3.0,0.0,25.0,0.0,5.24
26,1426,144,1356,1382,0,1,0.0,-12.98,158.0,20.0,100.0,29040,28840,200,0.006887052341597796,8,-8,0.0,0.0,-40.0,0.0,36.23,0.0,0.0,0.0,0.0,-15.0,5.79
26,1426,143,1361,1382,0,1,0.0,-24.76,158.0,21.0,100.0,29040,17400,11640,0.40082644628099173,8,-8,0.0,0.0,-40.0,0.0,0.0,-15.0,0.0,0.0,25.0,0.0,5.24
26,1426,142,1360,1382,0,1,0.0,-24.76,158.0,22.0,100.0,29040,21020,8020,0.2761707988980716,8,-8,0.0,0.0,-40.0,0.0,0.0,-15.0,0.0,0.0,25.0,0.0,5.24
26,1426,113,1345,1382,0,1,0.0,-24.76,158.0,23.0,100.0,29040,18960,10080,0.34710743801652894,13,-13,0.0,0.0,-40.0,0.0,0.0,-15.0,0.0,0.0,25.0,0.0,5.24
26,1426,112,1344,1382,0,1,0.0,-24.76,158.0,24.0,100.0,29040,47060,18020,0.6205234159779615,13,-13,0.0,0.0,-40.0,0.0,0.0,-15.0,0.0,0.0,25.0,0.0,5.24
26,1426,110,1342,1382,0,1,0.0,-24.76,158.0,25.0,100.0,29040,56280,27240,0.9380165289256198,13,-13,0.0,0.0,-40.0,0.0,0.0,-15.0,0.0,0.0,25.0,0.0,5.24
26,1426,109,1348,1382,0,1,0.0,-24.76,158.0,26.0,100.0,29040,11020,18020,0.6205234159779615,13,-13,0.0,0.0,-40.0,0.0,0.0,-15.0,0.0,0.0,25.0,0.0,5.24
26,1426,183,1386,1382,0,1,0.0,-22.5,158.0,27.0,100.0,29040,2706,26334,0.9068181818181819,3,-3,0.0,0.0,-40.0,0.0,0.0,-15.0,7.5,0.0,25.0,0.0,0.0
27,1424,195,1379,1379,1,1,100.0,169.99,170.0,1.0,0.0,40300,40300,0,0.0,0,0,1.0,40.0,0.0,20.0,40.0,0.0,25.0,11.99,25.0,0.0,8.0
27,1424,194,1378,1379,0,1,83.7,142.26,170.0,2.0,16.299999999999997,40300,39540,760,0.018858560794044667,0,0,1.0,40.0,0.0,20.0,12.28,0.0,25.0,11.98,25.0,0.0,8.0
27,1424,190,1371,1379,0,1,58.9,93.0,158.0,3.0,41.1,40300,38860,1440,0.03573200992555831,1,-1,0.0,40.0,0.0,20.0,0.0,-15.0,15.0,0.0,25.0,0.0,8.0
27,1424,146,1359,1379,0,1,51.3,81.0,158.0,4.0,48.7,40300,36900,3400,0.08436724565756824,7,-7,0.0,40.0,0.0,20.0,0.0,-15.0,3.0,0.0,25.0,0.0,8.0
27,1424,228,1411,1379,0,1,49.4,78.0,158.0,5.0,50.6,40300,27840,12460,0.30918114143920594,9,9,0.0,40.0,0.0,20.0,0.0,-15.0,0.0,0.0,25.0,0.0,8.0
27,1424,106,1341,1379,0,1,49.4,78.0,158.0,6.0,50.6,40300,17760,22540,0.5593052109181141,13,-13,0.0,40.0,0.0,20.0,0.0,-15.0,0.0,0.0,25.0,0.0,8.0
27,1424,230,1413,1379,0,1,49.4,78.0,158.0,7.0,50.6,40300,27180,13120,0.32555831265508683,9,9,0.0,40.0,0.0,20.0,0.0,-15.0,0.0,0.0,25.0,0.0,8.0
27,1424,118,1355,1379,0,1,49.4,78.0,158.0,8.0,50.6,40300,49780,9480,0.23523573200992556,8,-8,0.0,40.0,0.0,20.0,0.0,-15.0,0.0,0.0,25.0,0.0,8.0
27,1424,202,1383,1379,0,1,49.0,77.47,158.0,9.0,51.0,40300,40960,660,0.016377171215880892,1,1,0.0,40.0,0.0,20.0,17.25,0.0,15.0,0.0,0.0,-15.0,0.22
27,1424,200,1376,1379,0,1,28.6,45.22,158.0,10.0,71.4,40300,36760,3540,0.08784119106699752,1,1,0.0,40.0,0.0,20.0,0.0,-15.0,15.0,0.0,0.0,-15.0,0.22
27,1424,188,1369,1379,0,1,28.6,45.22,158.0,11.0,71.4,40300,38560,1740,0.04317617866004963,1,-1,0.0,40.0,0.0,20.0,0.0,-15.0,15.0,0.0,0.0,-15.0,0.22
27,1424,218,1398,1379,0,1,21.0,33.22,158.0,12.0,79.0,40300,42100,1800,0.04466501240694789,7,7,0.0,40.0,0.0,20.0,0.0,-15.0,3.0,0.0,0.0,-15.0,0.22
27,1424,213,1393,1379,0,1,21.0,33.22,158.0,13.0,79.0,40300,37700,2600,0.06451612903225806,6,6,0.0,40.0,0.0,20.0,0.0,-15.0,3.0,0.0,0.0,-15.0,0.22
27,1424,145,1358,1379,0,1,21.0,33.22,158.0,14.0,79.0,40300,37780,2520,0.06253101736972705,7,-7,0.0,40.0,0.0,20.0,0.0,-15.0,3.0,0.0,0.0,-15.0,0.22
27,1424,204,1388,1379,0,1,17.7,28.0,158.0,15.0,82.3,40300,40340,40,0.0009925558312655087,5,5,0.0,0.0,-40.0,0.0,40.0,0.0,3.0,0.0,25.0,0.0,0.0
27,1424,199,1381,1379,0,1,7.6,11.94,158.0,16.0,92.4,40300,39980,320,0.00794044665012407,1,1,0.0,0.0,-40.0,0.0,34.12,0.0,15.0,0.0,0.0,0.0,2.82
27,1424,193,1374,1379,0,1,2.2,3.77,170.0,17.0,97.8,40300,40880,580,0.014392059553349877,0,0,1.0,0.0,-40.0,0.0,21.22,0.0,25.0,11.08,0.0,-15.0,1.47
27,1424,117,1354,1379,0,1,0.0,-30.0,158.0,18.0,100.0,40300,30460,9840,0.24416873449131513,8,-8,0.0,0.0,-40.0,0.0,0.0,-15.0,0.0,0.0,25.0,0.0,0.0
27,1424,191,1372,1379,0,1,0.0,-15.0,158.0,19.0,100.0,40300,34200,6100,0.1513647642679901,1,-1,0.0,0.0,-40.0,0.0,0.0,-15.0,15.0,0.0,25.0,0.0,0.0
27,1424,120,1351,1379,0,1,0.0,-28.08,158.0,20.0,100.0,40300,32440,7860,0.19503722084367245,8,-8,0.0,0.0,-40.0,0.0,0.0,-15.0,0.0,0.0,25.0,0.0,1.92
27,1424,219,1399,1379,0,1,0.0,-27.0,158.0,21.0,100.0,40300,29180,11120,0.27593052109181143,7,7,0.0,0.0,-40.0,0.0,0.0,-15.0,3.0,0.0,25.0,0.0,0.0
27,1424,227,1410,1379,0,1,0.0,-30.0,158.0,22.0,100.0,40300,32820,7480,0.18560794044665013,9,9,0.0,0.0,-40.0,0.0,0.0,-15.0,0.0,0.0,25.0,0.0,0.0
27,1424,111,1343,1379,0,1,0.0,-30.0,158.0,23.0,100.0,40300,36260,4040,0.10024813895781638,12,-12,0.0,0.0,-40.0,0.0,0.0,-15.0,0.0,0.0,25.0,0.0,0.0
27,1424,229,1412,1379,0,1,0.0,-30.0,158.0,24.0,100.0,40300,44380,4080,0.10124069478908189,9,9,0.0,0.0,-40.0,0.0,0.0,-15.0,0.0,0.0,25.0,0.0,0.0
27,1424,105,1340,1379,0,1,0.0,-30.0,158.0,25.0,100.0,40300,35920,4380,0.1086848635235732,13,-13,0.0,0.0,-40.0,0.0,0.0,-15.0,0.0,0.0,25.0,0.0,0.0
28,1423,194,1378,1378,1,1,100.0,169.99,170.0,1.0,0.0,39540,39540,0,0.0,0,0,1.0,40.0,0.0,20.0,40.0,0.0,25.0,11.99,25.0,0.0,8.0
28,1423,195,1379,1378,0,1,83.3,141.56,170.0,2.0,16.700000000000003,39540,40300,760,0.019221041982802226,0,0,1.0,40.0,0.0,20.0,11.56,0.0,25.0,12.0,25.0,0.0,8.0
28,1423,190,1371,1378,0,1,78.2,123.6,158.0,3.0,21.799999999999997,39540,38860,680,0.01719777440566515,1,-1,0.0,40.0,0.0,20.0,15.6,0.0,15.0,0.0,25.0,0.0,8.0
28,1423,146,1359,1378,0,1,51.3,81.0,158.0,4.0,48.7,39540,36900,2640,0.06676783004552352,7,-7,0.0,40.0,0.0,20.0,0.0,-15.0,3.0,0.0,25.0,0.0,8.0
28,1423,228,1411,1378,0,1,49.4,78.0,158.0,5.0,50.6,39540,27840,11700,0.2959028831562974,9,9,0.0,40.0,0.0,20.0,0.0,-15.0,0.0,0.0,25.0,0.0,8.0
28,1423,106,1341,1378,0,1,49.4,78.0,158.0,6.0,50.6,39540,17760,21780,0.5508345978755691,13,-13,0.0,40.0,0.0,20.0,0.0,-15.0,0.0,0.0,25.0,0.0,8.0
28,1423,230,1413,1378,0,1,49.4,78.0,158.0,7.0,50.6,39540,27180,12360,0.3125948406676783,9,9,0.0,40.0,0.0,20.0,0.0,-15.0,0.0,0.0,25.0,0.0,8.0
28,1423,118,1355,1378,0,1,49.4,78.0,158.0,8.0,50.6,39540,49780,10240,0.2589782498735458,8,-8,0.0,40.0,0.0,20.0,0.0,-15.0,0.0,0.0,25.0,0.0,8.0
28,1423,188,1369,1378,0,1,38.4,60.65,158.0,9.0,61.6,39540,38560,980,0.024785027819929185,1,-1,0.0,40.0,0.0,20.0,0.43,0.0,15.0,0.0,0.0,-15.0,0.22
28,1423,202,1383,1378,0,1,28.6,45.22,158.0,10.0,71.4,39540,40960,1420,0.035912999494183105,1,1,0.0,40.0,0.0,20.0,0.0,-15.0,15.0,0.0,0.0,-15.0,0.22
28,1423,200,1376,1378,0,1,28.6,45.22,158.0,11.0,71.4,39540,36760,2780,0.0703085483055134,1,1,0.0,40.0,0.0,20.0,0.0,-15.0,15.0,0.0,0.0,-15.0,0.22
28,1423,218,1398,1378,0,1,21.0,33.22,158.0,12.0,79.0,39540,42100,2560,0.06474456246838645,7,7,0.0,40.0,0.0,20.0,0.0,-15.0,3.0,0.0,0.0,-15.0,0.22
28,1423,213,1393,1378,0,1,21.0,33.22,158.0,13.0,79.0,39540,37700,1840,0.04653515427415276,6,6,0.0,40.0,0.0,20.0,0.0,-15.0,3.0,0.0,0.0,-15.0,0.22
28,1423,145,1358,1378,0,1,21.0,33.22,158.0,14.0,79.0,39540,37780,1760,0.04451188669701568,7,-7,0.0,40.0,0.0,20.0,0.0,-15.0,3.0,0.0,0.0,-15.0,0.22
28,1423,199,1381,1378,0,1,3.5,5.56,158.0,15.0,96.5,39540,39980,440,0.01112797167425392,1,1,0.0,0.0,-40.0,0.0,27.74,0.0,15.0,0.0,0.0,0.0,2.82
28,1423,117,1354,1378,0,1,0.0,-30.0,158.0,16.0,100.0,39540,30460,9080,0.22964087000505817,8,-8,0.0,0.0,-40.0,0.0,0.0,-15.0,0.0,0.0,25.0,0.0,0.0
28,1423,204,1388,1378,0,1,0.0,-2.47,158.0,17.0,100.0,39540,40340,800,0.020232675771370764,5,5,0.0,0.0,-40.0,0.0,9.53,0.0,3.0,0.0,25.0,0.0,0.0
28,1423,191,1372,1378,0,1,0.0,-15.0,158.0,18.0,100.0,39540,34200,5340,0.13505311077389984,1,-1,0.0,0.0,-40.0,0.0,0.0,-15.0,15.0,0.0,25.0,0.0,0.0
28,1423,120,1351,1378,0,1,0.0,-28.08,158.0,19.0,100.0,39540,32440,7100,0.17956499747091553,8,-8,0.0,0.0,-40.0,0.0,0.0,-15.0,0.0,0.0,25.0,0.0,1.92
28,1423,219,1399,1378,0,1,0.0,-27.0,158.0,20.0,100.0,39540,29180,10360,0.2620131512392514,7,7,0.0,0.0,-40.0,0.0,0.0,-15.0,3.0,0.0,25.0,0.0,0.0
28,1423,227,1410,1378,0,1,0.0,-30.0,158.0,21.0,100.0,39540,32820,6720,0.16995447647951442,9,9,0.0,0.0,-40.0,0.0,0.0,-15.0,0.0,0.0,25.0,0.0,0.0
28,1423,111,1343,1378,0,1,0.0,-30.0,158.0,22.0,100.0,39540,36260,3280,0.08295397066262013,12,-12,0.0,0.0,-40.0,0.0,0.0,-15.0,0.0,0.0,25.0,0.0,0.0
28,1423,229,1412,1378,0,1,0.0,-30.0,158.0,23.0,100.0,39540,44380,4840,0.12240768841679311,9,9,0.0,0.0,-40.0,0.0,0.0,-15.0,0.0,0.0,25.0,0.0,0.0
28,1423,105,1340,1378,0,1,0.0,-30.0,158.0,24.0,100.0,39540,35920,3620,0.09155285786545271,13,-13,0.0,0.0,-40.0,0.0,0.0,-15.0,0.0,0.0,25.0,0.0,0.0
29,1417,191,1372,1372,1,1,100.0,169.99,170.0,1.0,0.0,34200,34200,0,0.0,0,0,1.0,40.0,0.0,20.0,40.0,0.0,25.0,11.99,25.0,0.0,8.0
29,1417,204,1388,1372,0,1,51.3,81.0,158.0,2.0,48.7,34200,40340,6140,0.17953216374269007,6,6,0.0,40.0,0.0,20.0,0.0,-15.0,3.0,0.0,25.0,0.0,8.0
29,1417,117,1354,1372,0,1,51.3,81.0,158.0,3.0,48.7,34200,30460,3740,0.10935672514619883,7,-7,0.0,40.0,0.0,20.0,0.0,-15.0,3.0,0.0,25.0,0.0,8.0
29,1417,229,1412,1372,0,1,49.4,78.0,158.0,4.0,50.6,34200,44380,10180,0.2976608187134503,10,10,0.0,40.0,0.0,20.0,0.0,-15.0,0.0,0.0,25.0,0.0,8.0
29,1417,105,1340,1372,0,1,49.4,78.0,158.0,5.0,50.6,34200,35920,1720,0.050292397660818715,12,-12,0.0,40.0,0.0,20.0,0.0,-15.0,0.0,0.0,25.0,0.0,8.0
29,1417,190,1371,1372,0,1,4.1,6.98,170.0,6.0,95.9,34200,38860,4660,0.13625730994152047,0,0,1.0,0.0,-40.0,0.0,0.0,-15.0,25.0,11.98,25.0,0.0,0.0
29,1417,120,1351,1372,0,1,0.0,-27.0,158.0,7.0,100.0,34200,32440,1760,0.05146198830409357,7,-7,0.0,0.0,-40.0,0.0,0.0,-15.0,3.0,0.0,25.0,0.0,0.0
29,1417,146,1359,1372,0,1,0.0,-27.0,158.0,8.0,100.0,34200,36900,2700,0.07894736842105263,6,-6,0.0,0.0,-40.0,0.0,0.0,-15.0,3.0,0.0,25.0,0.0,0.0
29,1417,106,1341,1372,0,1,0.0,-30.0,158.0,9.0,100.0,34200,17760,16440,0.4807017543859649,12,-12,0.0,0.0,-40.0,0.0,0.0,-15.0,0.0,0.0,25.0,0.0,0.0
29,1417,194,1378,1372,0,1,0.0,-15.0,158.0,10.0,100.0,34200,39540,5340,0.156140350877193,1,1,0.0,0.0,-40.0,0.0,0.0,-15.0,15.0,0.0,25.0,0.0,0.0
29,1417,195,1379,1372,0,1,0.0,-15.0,158.0,11.0,100.0,34200,40300,6100,0.1783625730994152,1,1,0.0,0.0,-40.0,0.0,0.0,-15.0,15.0,0.0,25.0,0.0,0.0
29,1417,118,1355,1372,0,1,0.0,-27.0,158.0,12.0,100.0,34200,49780,15580,0.45555555555555555,7,-7,0.0,0.0,-40.0,0.0,0.0,-15.0,3.0,0.0,25.0,0.0,0.0
29,1417,219,1399,1372,0,1,0.0,-27.52,158.0,13.0,100.0,34200,29180,5020,0.14678362573099416,8,8,0.0,0.0,-40.0,0.0,0.0,-15.0,0.0,0.0,25.0,0.0,2.48
29,1417,227,1410,1372,0,1,0.0,-25.96,158.0,14.0,100.0,34200,32820,1380,0.04035087719298246,10,10,0.0,0.0,-40.0,0.0,0.0,-15.0,0.0,0.0,25.0,0.0,4.04
29,1417,228,1411,1372,0,1,0.0,-30.0,158.0,15.0,100.0,34200,27840,6360,0.18596491228070175,10,10,0.0,0.0,-40.0,0.0,0.0,-15.0,0.0,0.0,25.0,0.0,0.0
29,1417,111,1343,1372,0,1,0.0,-27.52,158.0,16.0,100.0,34200,36260,2060,0.06023391812865497,11,-11,0.0,0.0,-40.0,0.0,0.0,-15.0,0.0,0.0,25.0,0.0,2.48
29,1417,230,1413,1372,0,1,0.0,-30.0,158.0,17.0,100.0,34200,27180,7020,0.20526315789473684,10,10,0.0,0.0,-40.0,0.0,0.0,-15.0,0.0,0.0,25.0,0.0,0.0
30,1416,190,1371,1371,1,1,100.0,169.99,170.0,1.0,0.0,38860,38860,0,0.0,0,0,1.0,40.0,0.0,20.0,40.0,0.0,25.0,11.99,25.0,0.0,8.0
30,1416,194,1378,1371,0,1,77.8,123.0,158.0,2.0,22.200000000000003,38860,39540,680,0.017498713329902212,1,1,0.0,40.0,0.0,20.0,15.0,0.0,15.0,0.0,25.0,0.0,8.0
30,1416,188,1369,1371,0,1,66.1,112.45,170.0,3.0,33.900000000000006,38860,38560,300,0.007720020586721565,0,0,1.0,40.0,0.0,20.0,34.56,0.0,25.0,7.67,0.0,-15.0,0.22
30,1416,195,1379,1371,0,1,58.9,93.0,158.0,4.0,41.1,38860,40300,1440,0.03705609881626351,1,1,0.0,40.0,0.0,20.0,0.0,-15.0,15.0,0.0,25.0,0.0,8.0
30,1416,146,1359,1371,0,1,51.3,81.0,158.0,5.0,48.7,38860,36900,1960,0.050437467833247554,6,-6,0.0,40.0,0.0,20.0,0.0,-15.0,3.0,0.0,25.0,0.0,8.0
30,1416,118,1355,1371,0,1,51.3,81.0,158.0,6.0,48.7,38860,49780,10920,0.281008749356665,7,-7,0.0,40.0,0.0,20.0,0.0,-15.0,3.0,0.0,25.0,0.0,8.0
30,1416,228,1411,1371,0,1,49.4,78.0,158.0,7.0,50.6,38860,27840,11020,0.2835820895522388,10,10,0.0,40.0,0.0,20.0,0.0,-15.0,0.0,0.0,25.0,0.0,8.0
30,1416,230,1413,1371,0,1,49.4,78.0,158.0,8.0,50.6,38860,27180,11680,0.30056613484302624,10,10,0.0,40.0,0.0,20.0,0.0,-15.0,0.0,0.0,25.0,0.0,8.0
30,1416,106,1341,1371,0,1,49.4,78.0,158.0,9.0,50.6,38860,17760,21100,0.5429747812660833,12,-12,0.0,40.0,0.0,20.0,0.0,-15.0,0.0,0.0,25.0,0.0,8.0
30,1416,200,1376,1371,0,1,23.9,37.72,158.0,10.0,76.1,38860,36760,2100,0.05404014410705095,2,2,0.0,40.0,0.0,20.0,0.0,-15.0,7.5,0.0,0.0,-15.0,0.22
30,1416,202,1383,1371,0,1,23.9,37.72,158.0,11.0,76.1,38860,40960,2100,0.05404014410705095,2,2,0.0,40.0,0.0,20.0,0.0,-15.0,7.5,0.0,0.0,-15.0,0.22
30,1416,145,1358,1371,0,1,21.0,33.22,158.0,12.0,79.0,38860,37780,1080,0.027792074112197633,6,-6,0.0,40.0,0.0,20.0,0.0,-15.0,3.0,0.0,0.0,-15.0,0.22
30,1416,213,1393,1371,0,1,21.0,33.22,158.0,13.0,79.0,38860,37700,1160,0.029850746268656716,7,7,0.0,40.0,0.0,20.0,0.0,-15.0,3.0,0.0,0.0,-15.0,0.22
30,1416,218,1398,1371,0,1,19.1,30.22,158.0,14.0,80.9,38860,42100,3240,0.08337622233659289,8,8,0.0,40.0,0.0,20.0,0.0,-15.0,0.0,0.0,0.0,-15.0,0.22
30,1416,191,1372,1371,0,1,4.1,7.0,170.0,15.0,95.9,38860,34200,4660,0.11991765311374164,0,0,1.0,0.0,-40.0,0.0,0.0,-15.0,25.0,12.0,25.0,0.0,0.0
30,1416,120,1351,1371,0,1,0.0,-25.08,158.0,16.0,100.0,38860,32440,6420,0.1652084405558415,7,-7,0.0,0.0,-40.0,0.0,0.0,-15.0,3.0,0.0,25.0,0.0,1.92
30,1416,117,1354,1371,0,1,0.0,-27.0,158.0,17.0,100.0,38860,30460,8400,0.2161605764282038,7,-7,0.0,0.0,-40.0,0.0,0.0,-15.0,3.0,0.0,25.0,0.0,0.0
30,1416,105,1340,1371,0,1,0.0,-30.0,158.0,18.0,100.0,38860,35920,2940,0.07565620174987134,12,-12,0.0,0.0,-40.0,0.0,0.0,-15.0,0.0,0.0,25.0,0.0,0.0
30,1416,111,1343,1371,0,1,0.0,-30.0,158.0,19.0,100.0,38860,36260,2600,0.06690684508492023,11,-11,0.0,0.0,-40.0,0.0,0.0,-15.0,0.0,0.0,25.0,0.0,0.0
30,1416,204,1388,1371,0,1,0.0,-27.0,158.0,20.0,100.0,38860,40340,1480,0.03808543489449305,6,6,0.0,0.0,-40.0,0.0,0.0,-15.0,3.0,0.0,25.0,0.0,0.0
30,1416,219,1399,1371,0,1,0.0,-30.0,158.0,21.0,100.0,38860,29180,9680,0.24909933093154915,8,8,0.0,0.0,-40.0,0.0,0.0,-15.0,0.0,0.0,25.0,0.0,0.0
30,1416,227,1410,1371,0,1,0.0,-30.0,158.0,22.0,100.0,38860,32820,6040,0.15542974781266083,10,10,0.0,0.0,-40.0,0.0,0.0,-15.0,0.0,0.0,25.0,0.0,0.0
30,1416,229,1412,1371,0,1,0.0,-30.0,158.0,23.0,100.0,38860,44380,5520,0.14204837879567678,10,10,0.0,0.0,-40.0,0.0,0.0,-15.0,0.0,0.0,25.0,0.0,0.0
30,1416,104,1336,1371,0,1,0.0,-40.14,158.0,24.0,100.0,38860,38140,720,0.018528049408131755,12,-12,0.0,0.0,-40.0,0.0,12.94,0.0,0.0,0.0,0.0,-15.0,1.92
31,1415,189,1370,1370,1,1,100.0,169.99,170.0,1.0,0.0,20980,20980,0,0.0,0,0,1.0,40.0,0.0,20.0,40.0,0.0,25.0,11.99,25.0,0.0,8.0
31,1415,142,1360,1370,0,1,86.1,136.0,158.0,2.0,13.900000000000006,20980,21020,40,0.0019065776930409914,6,-6,0.0,40.0,0.0,20.0,40.0,0.0,3.0,0.0,25.0,0.0,8.0
31,1415,187,1368,1370,0,1,64.5,109.64,170.0,3.0,35.5,20980,14140,6840,0.3260247855100095,0,0,1.0,40.0,0.0,20.0,0.0,-15.0,25.0,6.64,25.0,0.0,8.0
31,1415,180,1367,1370,0,1,58.9,93.0,158.0,4.0,41.1,20980,22600,1620,0.07721639656816015,1,-1,0.0,40.0,0.0,20.0,0.0,-15.0,15.0,0.0,25.0,0.0,8.0
31,1415,143,1361,1370,0,1,51.3,81.0,158.0,5.0,48.7,20980,17400,3580,0.17063870352716873,6,-6,0.0,40.0,0.0,20.0,0.0,-15.0,3.0,0.0,25.0,0.0,8.0
31,1415,179,1365,1370,0,1,51.3,81.0,158.0,6.0,48.7,20980,25760,4780,0.22783603431839847,4,-4,0.0,40.0,0.0,20.0,0.0,-15.0,3.0,0.0,25.0,0.0,8.0
31,1415,107,1338,1370,0,1,49.4,78.0,158.0,7.0,50.6,20980,50820,29840,1.4223069590085795,12,-12,0.0,40.0,0.0,20.0,0.0,-15.0,0.0,0.0,25.0,0.0,8.0
31,1415,109,1348,1370,0,1,49.4,78.0,158.0,8.0,50.6,20980,11020,9960,0.4747378455672069,11,-11,0.0,40.0,0.0,20.0,0.0,-15.0,0.0,0.0,25.0,0.0,8.0
31,1415,110,1342,1370,0,1,49.4,78.0,158.0,9.0,50.6,20980,56280,35300,1.682554814108675,11,-11,0.0,40.0,0.0,20.0,0.0,-15.0,0.0,0.0,25.0,0.0,8.0
31,1415,112,1344,1370,0,1,49.4,78.0,158.0,10.0,50.6,20980,47060,26080,1.2430886558627263,11,-11,0.0,40.0,0.0,20.0,0.0,-15.0,0.0,0.0,25.0,0.0,8.0
31,1415,113,1345,1370,0,1,49.4,78.0,158.0,11.0,50.6,20980,18960,2020,0.09628217349857007,11,-11,0.0,40.0,0.0,20.0,0.0,-15.0,0.0,0.0,25.0,0.0,8.0
31,1415,119,1350,1370,0,1,24.0,37.98,158.0,12.0,76.0,20980,49500,28520,1.3593898951382268,7,-7,0.0,40.0,0.0,20.0,0.0,-15.0,3.0,0.0,0.0,-15.0,4.98
31,1415,224,1408,1370,0,1,0.0,-25.62,158.0,13.0,100.0,20980,12280,8700,0.41468064823641565,9,9,0.0,0.0,-40.0,0.0,0.0,-15.0,0.0,0.0,25.0,0.0,4.38
31,1415,223,1407,1370,0,1,0.0,-25.62,158.0,14.0,100.0,20980,56480,35500,1.6920877025738799,9,9,0.0,0.0,-40.0,0.0,0.0,-15.0,0.0,0.0,25.0,0.0,4.38
31,1415,222,1406,1370,0,1,0.0,-25.62,158.0,15.0,100.0,20980,15220,5760,0.27454718779790277,9,9,0.0,0.0,-40.0,0.0,0.0,-15.0,0.0,0.0,25.0,0.0,4.38
31,1415,201,1382,1370,0,1,0.0,-17.52,158.0,16.0,100.0,20980,29040,8060,0.3841754051477598,2,2,0.0,0.0,-40.0,0.0,0.0,-15.0,7.5,0.0,25.0,0.0,4.98
31,1415,103,1337,1370,0,1,0.0,-25.02,158.0,17.0,100.0,20980,23980,3000,0.14299332697807435,13,-13,0.0,0.0,-40.0,0.0,0.0,-15.0,0.0,0.0,25.0,0.0,4.98
31,1415,181,1386,1370,0,1,0.0,-15.0,158.0,18.0,100.0,20980,366,20614,0.982554814108675,1,-1,0.0,0.0,-40.0,0.0,0.0,-15.0,15.0,0.0,25.0,0.0,0.0
31,1415,185,1386,1370,0,1,0.0,-15.0,158.0,19.0,100.0,20980,1182,19798,0.9436606291706388,1,-1,0.0,0.0,-40.0,0.0,0.0,-15.0,15.0,0.0,25.0,0.0,0.0
31,1415,184,1386,1370,0,1,0.0,-15.0,158.0,20.0,100.0,20980,638,20342,0.9695900857959961,1,-1,0.0,0.0,-40.0,0.0,0.0,-15.0,15.0,0.0,25.0,0.0,0.0
31,1415,183,1386,1370,0,1,0.0,-15.0,158.0,21.0,100.0,20980,2706,18274,0.871020019065777,1,-1,0.0,0.0,-40.0,0.0,0.0,-15.0,15.0,0.0,25.0,0.0,0.0
31,1415,182,1386,1370,0,1,0.0,-15.0,158.0,22.0,100.0,20980,263,20717,0.9874642516682555,1,-1,0.0,0.0,-40.0,0.0,0.0,-15.0,15.0,0.0,25.0,0.0,0.0
31,1415,104,1336,1370,0,1,0.0,-25.02,158.0,23.0,100.0,20980,38140,17160,0.8179218303145853,12,-12,0.0,0.0,-40.0,0.0,0.0,-15.0,0.0,0.0,25.0,0.0,4.98
31,1415,231,1418,1370,0,1,0.0,-25.62,158.0,24.0,100.0,20980,19820,1160,0.055290753098188754,13,13,0.0,0.0,-40.0,0.0,0.0,-15.0,0.0,0.0,25.0,0.0,4.38
32,1413,187,1368,1368,1,1,93.7,148.0,158.0,1.0,0.0,14140,14140,0,0.0,1,1,0.0,40.0,0.0,20.0,40.0,0.0,15.0,0.0,25.0,0.0,8.0
32,1413,180,1367,1368,0,1,67.1,114.07,170.0,2.0,26.60000000000001,14140,22600,8460,0.5983026874115983,0,0,1.0,40.0,0.0,20.0,0.0,-15.0,25.0,11.07,25.0,0.0,8.0
32,1413,189,1370,1368,0,1,58.9,93.0,158.0,3.0,34.800000000000004,14140,20980,6840,0.4837340876944837,1,1,0.0,40.0,0.0,20.0,0.0,-15.0,15.0,0.0,25.0,0.0,8.0
32,1413,179,1365,1368,0,1,54.1,85.5,158.0,4.0,39.6,14140,25760,11620,0.8217821782178217,3,-3,0.0,40.0,0.0,20.0,0.0,-15.0,7.5,0.0,25.0,0.0,8.0
32,1413,142,1360,1368,0,1,51.3,81.0,158.0,5.0,42.400000000000006,14140,21020,6880,0.48656294200848654,5,-5,0.0,40.0,0.0,20.0,0.0,-15.0,3.0,0.0,25.0,0.0,8.0
32,1413,143,1361,1368,0,1,51.3,81.0,158.0,6.0,42.400000000000006,14140,17400,3260,0.23055162659123055,5,-5,0.0,40.0,0.0,20.0,0.0,-15.0,3.0,0.0,25.0,0.0,8.0
32,1413,109,1348,1368,0,1,49.4,78.0,158.0,7.0,44.300000000000004,14140,11020,3120,0.22065063649222066,10,-10,0.0,40.0,0.0,20.0,0.0,-15.0,0.0,0.0,25.0,0.0,8.0
32,1413,110,1342,1368,0,1,49.4,78.0,158.0,8.0,44.300000000000004,14140,56280,42140,2.98019801980198,10,-10,0.0,40.0,0.0,20.0,0.0,-15.0,0.0,0.0,25.0,0.0,8.0
32,1413,112,1344,1368,0,1,49.4,78.0,158.0,9.0,44.300000000000004,14140,47060,32920,2.328147100424328,10,-10,0.0,40.0,0.0,20.0,0.0,-15.0,0.0,0.0,25.0,0.0,8.0
32,1413,113,1345,1368,0,1,49.4,78.0,158.0,10.0,44.300000000000004,14140,18960,4820,0.3408769448373409,10,-10,0.0,40.0,0.0,20.0,0.0,-15.0,0.0,0.0,25.0,0.0,8.0
32,1413,107,1338,1368,0,1,49.4,78.0,158.0,11.0,44.300000000000004,14140,50820,36680,2.594059405940594,11,-11,0.0,40.0,0.0,20.0,0.0,-15.0,0.0,0.0,25.0,0.0,8.0
32,1413,119,1350,1368,0,1,24.0,37.98,158.0,12.0,69.7,14140,49500,35360,2.500707213578501,6,-6,0.0,40.0,0.0,20.0,0.0,-15.0,3.0,0.0,0.0,-15.0,4.98
32,1413,181,1386,1368,0,1,3.8,6.52,170.0,13.0,89.9,14140,366,13774,0.9741159830268741,0,0,1.0,0.0,-40.0,0.0,0.0,-15.0,25.0,11.52,25.0,0.0,0.0
32,1413,182,1386,1368,0,1,3.8,6.52,170.0,14.0,89.9,14140,263,13877,0.9814002828854314,0,0,1.0,0.0,-40.0,0.0,0.0,-15.0,25.0,11.52,25.0,0.0,0.0
32,1413,183,1386,1368,0,1,3.8,6.52,170.0,15.0,89.9,14140,2706,11434,0.8086280056577086,0,0,1.0,0.0,-40.0,0.0,0.0,-15.0,25.0,11.52,25.0,0.0,0.0
32,1413,184,1386,1368,0,1,3.8,6.52,170.0,16.0,89.9,14140,638,13502,0.9548797736916549,0,0,1.0,0.0,-40.0,0.0,0.0,-15.0,25.0,11.52,25.0,0.0,0.0
32,1413,185,1386,1368,0,1,3.8,6.52,170.0,17.0,89.9,14140,1182,12958,0.9164073550212164,0,0,1.0,0.0,-40.0,0.0,0.0,-15.0,25.0,11.52,25.0,0.0,0.0
32,1413,222,1406,1368,0,1,0.0,-25.62,158.0,18.0,93.7,14140,15220,1080,0.07637906647807638,10,10,0.0,0.0,-40.0,0.0,0.0,-15.0,0.0,0.0,25.0,0.0,4.38
32,1413,223,1407,1368,0,1,0.0,-25.62,158.0,19.0,93.7,14140,56480,42340,2.994342291371994,10,10,0.0,0.0,-40.0,0.0,0.0,-15.0,0.0,0.0,25.0,0.0,4.38
32,1413,103,1337,1368,0,1,0.0,-25.02,158.0,20.0,93.7,14140,23980,9840,0.695898161244696,12,-12,0.0,0.0,-40.0,0.0,0.0,-15.0,0.0,0.0,25.0,0.0,4.98
32,1413,201,1382,1368,0,1,0.0,-17.52,158.0,21.0,93.7,14140,29040,14900,1.0537482319660538,3,3,0.0,0.0,-40.0,0.0,0.0,-15.0,7.5,0.0,25.0,0.0,4.98
32,1413,104,1336,1368,0,1,0.0,-25.02,158.0,22.0,93.7,14140,38140,24000,1.6973125884016973,11,-11,0.0,0.0,-40.0,0.0,0.0,-15.0,0.0,0.0,25.0,0.0,4.98
32,1413,224,1408,1368,0,1,0.0,-25.62,158.0,23.0,93.7,14140,12280,1860,0.13154172560113153,10,10,0.0,0.0,-40.0,0.0,0.0,-15.0,0.0,0.0,25.0,0.0,4.38
33,1412,180,1367,1367,1,1,100.0,169.99,170.0,1.0,0.0,22600,22600,0,0.0,0,0,1.0,40.0,0.0,20.0,40.0,0.0,25.0,11.99,25.0,0.0,8.0
33,1412,187,1368,1367,0,1,58.9,93.0,158.0,2.0,41.1,22600,14140,8460,0.3743362831858407,1,1,0.0,40.0,0.0,20.0,0.0,-15.0,15.0,0.0,25.0,0.0,8.0
33,1412,189,1370,1367,0,1,58.9,93.0,158.0,3.0,41.1,22600,20980,1620,0.07168141592920355,1,1,0.0,40.0,0.0,20.0,0.0,-15.0,15.0,0.0,25.0,0.0,8.0
33,1412,179,1365,1367,0,1,54.1,85.5,158.0,4.0,45.9,22600,25760,3160,0.13982300884955753,3,-3,0.0,40.0,0.0,20.0,0.0,-15.0,7.5,0.0,25.0,0.0,8.0
33,1412,142,1360,1367,0,1,51.3,81.0,158.0,5.0,48.7,22600,21020,1580,0.06991150442477877,5,-5,0.0,40.0,0.0,20.0,0.0,-15.0,3.0,0.0,25.0,0.0,8.0
33,1412,143,1361,1367,0,1,51.3,81.0,158.0,6.0,48.7,22600,17400,5200,0.23008849557522124,5,-5,0.0,40.0,0.0,20.0,0.0,-15.0,3.0,0.0,25.0,0.0,8.0
33,1412,107,1338,1367,0,1,49.4,78.0,158.0,7.0,50.6,22600,50820,28220,1.2486725663716813,11,-11,0.0,40.0,0.0,20.0,0.0,-15.0,0.0,0.0,25.0,0.0,8.0
33,1412,110,1342,1367,0,1,49.4,78.0,158.0,8.0,50.6,22600,56280,33680,1.4902654867256637,10,-10,0.0,40.0,0.0,20.0,0.0,-15.0,0.0,0.0,25.0,0.0,8.0
33,1412,109,1348,1367,0,1,49.4,78.0,158.0,9.0,50.6,22600,11020,11580,0.5123893805309735,10,-10,0.0,40.0,0.0,20.0,0.0,-15.0,0.0,0.0,25.0,0.0,8.0
33,1412,113,1345,1367,0,1,49.4,78.0,158.0,10.0,50.6,22600,18960,3640,0.16106194690265488,10,-10,0.0,40.0,0.0,20.0,0.0,-15.0,0.0,0.0,25.0,0.0,8.0
33,1412,112,1344,1367,0,1,49.4,78.0,158.0,11.0,50.6,22600,47060,24460,1.0823008849557523,10,-10,0.0,40.0,0.0,20.0,0.0,-15.0,0.0,0.0,25.0,0.0,8.0
33,1412,119,1350,1367,0,1,24.0,37.98,158.0,12.0,76.0,22600,49500,26900,1.1902654867256637,6,-6,0.0,40.0,0.0,20.0,0.0,-15.0,3.0,0.0,0.0,-15.0,4.98
33,1412,181,1386,1367,0,1,3.3,5.61,170.0,13.0,96.7,22600,366,22234,0.9838053097345133,0,0,1.0,0.0,-40.0,0.0,0.0,-15.0,25.0,10.61,25.0,0.0,0.0
33,1412,182,1386,1367,0,1,3.3,5.61,170.0,14.0,96.7,22600,263,22337,0.9883628318584071,0,0,1.0,0.0,-40.0,0.0,0.0,-15.0,25.0,10.61,25.0,0.0,0.0
33,1412,183,1386,1367,0,1,3.3,5.61,170.0,15.0,96.7,22600,2706,19894,0.8802654867256637,0,0,1.0,0.0,-40.0,0.0,0.0,-15.0,25.0,10.61,25.0,0.0,0.0
33,1412,184,1386,1367,0,1,3.3,5.61,170.0,16.0,96.7,22600,638,21962,0.9717699115044248,0,0,1.0,0.0,-40.0,0.0,0.0,-15.0,25.0,10.61,25.0,0.0,0.0
33,1412,185,1386,1367,0,1,3.3,5.61,170.0,17.0,96.7,22600,1182,21418,0.9476991150442478,0,0,1.0,0.0,-40.0,0.0,0.0,-15.0,25.0,10.61,25.0,0.0,0.0
33,1412,214,1380,1367,0,1,0.0,-45.71,158.0,18.0,100.0,22600,23060,460,0.020353982300884955,8,8,0.0,0.0,-40.0,0.0,9.29,0.0,0.0,0.0,0.0,-15.0,0.0
33,1412,222,1406,1367,0,1,0.0,-25.62,158.0,19.0,100.0,22600,15220,7380,0.32654867256637166,10,10,0.0,0.0,-40.0,0.0,0.0,-15.0,0.0,0.0,25.0,0.0,4.38
33,1412,223,1407,1367,0,1,0.0,-25.62,158.0,20.0,100.0,22600,56480,33880,1.4991150442477876,10,10,0.0,0.0,-40.0,0.0,0.0,-15.0,0.0,0.0,25.0,0.0,4.38
33,1412,103,1337,1367,0,1,0.0,-25.02,158.0,21.0,100.0,22600,23980,1380,0.061061946902654866,12,-12,0.0,0.0,-40.0,0.0,0.0,-15.0,0.0,0.0,25.0,0.0,4.98
33,1412,201,1382,1367,0,1,0.0,-17.52,158.0,22.0,100.0,22600,29040,6440,0.2849557522123894,3,3,0.0,0.0,-40.0,0.0,0.0,-15.0,7.5,0.0,25.0,0.0,4.98
33,1412,104,1336,1367,0,1,0.0,-25.02,158.0,23.0,100.0,22600,38140,15540,0.6876106194690266,11,-11,0.0,0.0,-40.0,0.0,0.0,-15.0,0.0,0.0,25.0,0.0,4.98
33,1412,178,1364,1367,0,1,0.0,-10.3,158.0,24.0,100.0,22600,22440,160,0.007079646017699115,3,-3,0.0,0.0,-40.0,0.0,35.84,0.0,7.5,0.0,0.0,-15.0,1.36
33,1412,224,1408,1367,0,1,0.0,-25.62,158.0,25.0,100.0,22600,12280,10320,0.45663716814159294,10,10,0.0,0.0,-40.0,0.0,0.0,-15.0,0.0,0.0,25.0,0.0,4.38
34,1410,179,1365,1365,1,1,99.9,169.84,170.0,1.0,0.0,25760,25760,0,0.0,0,0,1.0,40.0,0.0,20.0,40.0,0.0,25.0,11.84,25.0,0.0,8.0
34,1410,180,1367,1365,0,1,54.1,85.5,158.0,2.0,45.800000000000004,25760,22600,3160,0.12267080745341614,3,3,0.0,40.0,0.0,20.0,0.0,-15.0,7.5,0.0,25.0,0.0,8.0
34,1410,142,1360,1365,0,1,54.1,85.5,158.0,3.0,45.800000000000004,25760,21020,4740,0.18400621118012422,2,-2,0.0,40.0,0.0,20.0,0.0,-15.0,7.5,0.0,25.0,0.0,8.0
34,1410,143,1361,1365,0,1,54.1,85.5,158.0,4.0,45.800000000000004,25760,17400,8360,0.3245341614906832,2,-2,0.0,40.0,0.0,20.0,0.0,-15.0,7.5,0.0,25.0,0.0,8.0
34,1410,109,1348,1365,0,1,51.3,81.0,158.0,5.0,48.60000000000001,25760,11020,14740,0.5722049689440993,7,-7,0.0,40.0,0.0,20.0,0.0,-15.0,3.0,0.0,25.0,0.0,8.0
34,1410,110,1342,1365,0,1,51.3,81.0,158.0,6.0,48.60000000000001,25760,56280,30520,1.184782608695652,7,-7,0.0,40.0,0.0,20.0,0.0,-15.0,3.0,0.0,25.0,0.0,8.0
34,1410,112,1344,1365,0,1,51.3,81.0,158.0,7.0,48.60000000000001,25760,47060,21300,0.8268633540372671,7,-7,0.0,40.0,0.0,20.0,0.0,-15.0,3.0,0.0,25.0,0.0,8.0
34,1410,113,1345,1365,0,1,51.3,81.0,158.0,8.0,48.60000000000001,25760,18960,6800,0.2639751552795031,7,-7,0.0,40.0,0.0,20.0,0.0,-15.0,3.0,0.0,25.0,0.0,8.0
34,1410,189,1370,1365,0,1,51.3,81.0,158.0,9.0,48.60000000000001,25760,20980,4780,0.18555900621118013,4,4,0.0,40.0,0.0,20.0,0.0,-15.0,3.0,0.0,25.0,0.0,8.0
34,1410,187,1368,1365,0,1,51.3,81.0,158.0,10.0,48.60000000000001,25760,14140,11620,0.45108695652173914,4,4,0.0,40.0,0.0,20.0,0.0,-15.0,3.0,0.0,25.0,0.0,8.0
34,1410,107,1338,1365,0,1,49.4,78.0,158.0,11.0,50.50000000000001,25760,50820,25060,0.9728260869565217,8,-8,0.0,40.0,0.0,20.0,0.0,-15.0,0.0,0.0,25.0,0.0,8.0
34,1410,119,1350,1365,0,1,26.9,42.48,158.0,12.0,73.0,25760,49500,23740,0.921583850931677,3,-3,0.0,40.0,0.0,20.0,0.0,-15.0,7.5,0.0,0.0,-15.0,4.98
34,1410,185,1386,1365,0,1,0.0,-22.5,158.0,13.0,99.9,25760,1182,24578,0.9541149068322982,3,3,0.0,0.0,-40.0,0.0,0.0,-15.0,7.5,0.0,25.0,0.0,0.0
34,1410,223,1407,1365,0,1,0.0,-25.62,158.0,14.0,99.9,25760,56480,30720,1.1925465838509317,13,13,0.0,0.0,-40.0,0.0,0.0,-15.0,0.0,0.0,25.0,0.0,4.38
34,1410,222,1406,1365,0,1,0.0,-25.62,158.0,15.0,99.9,25760,15220,10540,0.4091614906832298,13,13,0.0,0.0,-40.0,0.0,0.0,-15.0,0.0,0.0,25.0,0.0,4.38
34,1410,201,1382,1365,0,1,0.0,-22.02,158.0,16.0,99.9,25760,29040,3280,0.12732919254658384,6,6,0.0,0.0,-40.0,0.0,0.0,-15.0,3.0,0.0,25.0,0.0,4.98
34,1410,103,1337,1365,0,1,0.0,-25.02,158.0,17.0,99.9,25760,23980,1780,0.06909937888198758,9,-9,0.0,0.0,-40.0,0.0,0.0,-15.0,0.0,0.0,25.0,0.0,4.98
34,1410,184,1386,1365,0,1,0.0,-22.5,158.0,18.0,99.9,25760,638,25122,0.9752329192546584,3,3,0.0,0.0,-40.0,0.0,0.0,-15.0,7.5,0.0,25.0,0.0,0.0
34,1410,183,1386,1365,0,1,0.0,-22.5,158.0,19.0,99.9,25760,2706,23054,0.8949534161490683,3,3,0.0,0.0,-40.0,0.0,0.0,-15.0,7.5,0.0,25.0,0.0,0.0
34,1410,182,1386,1365,0,1,0.0,-22.5,158.0,20.0,99.9,25760,263,25497,0.9897903726708075,3,3,0.0,0.0,-40.0,0.0,0.0,-15.0,7.5,0.0,25.0,0.0,0.0
34,1410,181,1386,1365,0,1,0.0,-22.5,158.0,21.0,99.9,25760,366,25394,0.9857919254658385,3,3,0.0,0.0,-40.0,0.0,0.0,-15.0,7.5,0.0,25.0,0.0,0.0
34,1410,104,1336,1365,0,1,0.0,-25.02,158.0,22.0,99.9,25760,38140,12380,0.4805900621118012,8,-8,0.0,0.0,-40.0,0.0,0.0,-15.0,0.0,0.0,25.0,0.0,4.98
34,1410,224,1408,1365,0,1,0.0,-25.62,158.0,23.0,99.9,25760,12280,13480,0.5232919254658385,13,13,0.0,0.0,-40.0,0.0,0.0,-15.0,0.0,0.0,25.0,0.0,4.38
35,1429,185,1386,1386,1,1,88.9,140.5,158.0,1.0,0.0,1182,1182,0,0.0,3,3,0.0,40.0,0.0,20.0,40.0,0.0,7.5,0.0,25.0,0.0,8.0
35,1429,162,1363,1386,0,1,43.2,73.44,170.0,2.0,45.7,1182,742,440,0.37225042301184436,0,0,1.0,40.0,0.0,20.0,0.0,-15.0,25.0,10.84,0.0,-15.0,7.6
35,1429,121,1352,1386,0,1,28.5,45.1,158.0,3.0,60.400000000000006,1182,493,689,0.5829103214890017,3,-3,0.0,40.0,0.0,20.0,0.0,-15.0,7.5,0.0,0.0,-15.0,7.6
35,1429,179,1365,1386,0,1,1.2,2.04,170.0,4.0,87.7,1182,25760,24578,20.79357021996616,0,0,1.0,0.0,-40.0,0.0,0.0,-15.0,25.0,7.04,25.0,0.0,0.0
35,1429,181,1386,1386,1,1,0.0,-22.5,158.0,5.0,88.9,1182,366,816,0.6903553299492385,3,3,0.0,0.0,-40.0,0.0,0.0,-15.0,7.5,0.0,25.0,0.0,0.0
35,1429,223,1407,1386,0,1,0.0,-30.0,158.0,6.0,88.9,1182,56480,55298,46.7834179357022,13,13,0.0,0.0,-40.0,0.0,0.0,-15.0,0.0,0.0,25.0,0.0,0.0
35,1429,222,1406,1386,0,1,0.0,-30.0,158.0,7.0,88.9,1182,15220,14038,11.87648054145516,13,13,0.0,0.0,-40.0,0.0,0.0,-15.0,0.0,0.0,25.0,0.0,0.0
35,1429,201,1382,1386,0,1,0.0,-27.0,158.0,8.0,88.9,1182,29040,27858,23.568527918781726,6,6,0.0,0.0,-40.0,0.0,0.0,-15.0,3.0,0.0,25.0,0.0,0.0
35,1429,189,1370,1386,0,1,0.0,-27.0,158.0,9.0,88.9,1182,20980,19798,16.749576988155667,4,4,0.0,0.0,-40.0,0.0,0.0,-15.0,3.0,0.0,25.0,0.0,0.0
35,1429,187,1368,1386,0,1,0.0,-27.0,158.0,10.0,88.9,1182,14140,12958,10.962774957698816,4,4,0.0,0.0,-40.0,0.0,0.0,-15.0,3.0,0.0,25.0,0.0,0.0
35,1429,184,1386,1386,1,1,0.0,-22.5,158.0,11.0,88.9,1182,638,544,0.4602368866328257,3,3,0.0,0.0,-40.0,0.0,0.0,-15.0,7.5,0.0,25.0,0.0,0.0
35,1429,183,1386,1386,1,1,0.0,-22.5,158.0,12.0,88.9,1182,2706,1524,1.2893401015228427,3,3,0.0,0.0,-40.0,0.0,0.0,-15.0,7.5,0.0,25.0,0.0,0.0
35,1429,182,1386,1386,1,1,0.0,-22.5,158.0,13.0,88.9,1182,263,919,0.7774957698815567,3,3,0.0,0.0,-40.0,0.0,0.0,-15.0,7.5,0.0,25.0,0.0,0.0
35,1429,103,1337,1386,0,1,0.0,-30.0,158.0,14.0,88.9,1182,23980,22798,19.287648054145517,9,-9,0.0,0.0,-40.0,0.0,0.0,-15.0,0.0,0.0,25.0,0.0,0.0
35,1429,180,1367,1386,0,1,0.0,-22.5,158.0,15.0,88.9,1182,22600,21418,18.120135363790187,3,3,0.0,0.0,-40.0,0.0,0.0,-15.0,7.5,0.0,25.0,0.0,0.0
35,1429,104,1336,1386,0,1,0.0,-30.0,158.0,16.0,88.9,1182,38140,36958,31.267343485617598,8,-8,0.0,0.0,-40.0,0.0,0.0,-15.0,0.0,0.0,25.0,0.0,0.0
35,1429,163,1363,1386,0,1,0.0,-4.69,170.0,17.0,88.9,1182,1161,21,0.017766497461928935,0,0,1.0,0.0,-40.0,0.0,14.47,0.0,25.0,10.84,0.0,-15.0,0.0
35,1429,143,1361,1386,0,1,0.0,-22.5,158.0,18.0,88.9,1182,17400,16218,13.720812182741117,2,-2,0.0,0.0,-40.0,0.0,0.0,-15.0,7.5,0.0,25.0,0.0,0.0
35,1429,142,1360,1386,0,1,0.0,-22.5,158.0,19.0,88.9,1182,21020,19838,16.7834179357022,2,-2,0.0,0.0,-40.0,0.0,0.0,-15.0,7.5,0.0,25.0,0.0,0.0
35,1429,113,1345,1386,0,1,0.0,-27.0,158.0,20.0,88.9,1182,18960,17778,15.040609137055837,7,-7,0.0,0.0,-40.0,0.0,0.0,-15.0,3.0,0.0,25.0,0.0,0.0
35,1429,112,1344,1386,0,1,0.0,-27.0,158.0,21.0,88.9,1182,47060,45878,38.813874788494076,7,-7,0.0,0.0,-40.0,0.0,0.0,-15.0,3.0,0.0,25.0,0.0,0.0
35,1429,110,1342,1386,0,1,0.0,-27.0,158.0,22.0,88.9,1182,56280,55098,46.61421319796954,7,-7,0.0,0.0,-40.0,0.0,0.0,-15.0,3.0,0.0,25.0,0.0,0.0
35,1429,109,1348,1386,0,1,0.0,-27.0,158.0,23.0,88.9,1182,11020,9838,8.323181049069374,7,-7,0.0,0.0,-40.0,0.0,0.0,-15.0,3.0,0.0,25.0,0.0,0.0
35,1429,107,1338,1386,0,1,0.0,-30.0,158.0,24.0,88.9,1182,50820,49638,41.994923857868024,8,-8,0.0,0.0,-40.0,0.0,0.0,-15.0,0.0,0.0,25.0,0.0,0.0
35,1429,224,1408,1386,0,1,0.0,-30.0,158.0,25.0,88.9,1182,12280,11098,9.38917089678511,13,13,0.0,0.0,-40.0,0.0,0.0,-15.0,0.0,0.0,25.0,0.0,0.0
36,1429,182,1386,1386,1,1,88.9,140.5,158.0,1.0,0.0,263,263,0,0.0,3,3,0.0,40.0,0.0,20.0,40.0,0.0,7.5,0.0,25.0,0.0,8.0
36,1429,179,1365,1386,0,1,1.2,2.04,170.0,2.0,87.7,263,25760,25497,96.9467680608365,0,0,1.0,0.0,-40.0,0.0,0.0,-15.0,25.0,7.04,25.0,0.0,0.0
36,1429,103,1337,1386,0,1,0.0,-30.0,158.0,3.0,88.9,263,23980,23717,90.1787072243346,9,-9,0.0,0.0,-40.0,0.0,0.0,-15.0,0.0,0.0,25.0,0.0,0.0
36,1429,223,1407,1386,0,1,0.0,-30.0,158.0,4.0,88.9,263,56480,56217,213.7528517110266,13,13,0.0,0.0,-40.0,0.0,0.0,-15.0,0.0,0.0,25.0,0.0,0.0
36,1429,222,1406,1386,0,1,0.0,-30.0,158.0,5.0,88.9,263,15220,14957,56.870722433460074,13,13,0.0,0.0,-40.0,0.0,0.0,-15.0,0.0,0.0,25.0,0.0,0.0
36,1429,201,1382,1386,0,1,0.0,-27.0,158.0,6.0,88.9,263,29040,28777,109.41825095057034,6,6,0.0,0.0,-40.0,0.0,0.0,-15.0,3.0,0.0,25.0,0.0,0.0
36,1429,189,1370,1386,0,1,0.0,-27.0,158.0,7.0,88.9,263,20980,20717,78.77186311787072,4,4,0.0,0.0,-40.0,0.0,0.0,-15.0,3.0,0.0,25.0,0.0,0.0
36,1429,187,1368,1386,0,1,0.0,-27.0,158.0,8.0,88.9,263,14140,13877,52.76425855513308,4,4,0.0,0.0,-40.0,0.0,0.0,-15.0,3.0,0.0,25.0,0.0,0.0
36,1429,185,1386,1386,1,1,0.0,-22.5,158.0,9.0,88.9,263,1182,919,3.494296577946768,3,3,0.0,0.0,-40.0,0.0,0.0,-15.0,7.5,0.0,25.0,0.0,0.0
36,1429,184,1386,1386,1,1,0.0,-22.5,158.0,10.0,88.9,263,638,375,1.4258555133079849,3,3,0.0,0.0,-40.0,0.0,0.0,-15.0,7.5,0.0,25.0,0.0,0.0
36,1429,183,1386,1386,1,1,0.0,-22.5,158.0,11.0,88.9,263,2706,2443,9.288973384030419,3,3,0.0,0.0,-40.0,0.0,0.0,-15.0,7.5,0.0,25.0,0.0,0.0
36,1429,181,1386,1386,1,1,0.0,-22.5,158.0,12.0,88.9,263,366,103,0.3916349809885932,3,3,0.0,0.0,-40.0,0.0,0.0,-15.0,7.5,0.0,25.0,0.0,0.0
36,1429,104,1336,1386,0,1,0.0,-30.0,158.0,13.0,88.9,263,38140,37877,144.0190114068441,8,-8,0.0,0.0,-40.0,0.0,0.0,-15.0,0.0,0.0,25.0,0.0,0.0
36,1429,180,1367,1386,0,1,0.0,-22.5,158.0,14.0,88.9,263,22600,22337,84.93155893536121,3,3,0.0,0.0,-40.0,0.0,0.0,-15.0,7.5,0.0,25.0,0.0,0.0
36,1429,143,1361,1386,0,1,0.0,-22.5,158.0,15.0,88.9,263,17400,17137,65.1596958174905,2,-2,0.0,0.0,-40.0,0.0,0.0,-15.0,7.5,0.0,25.0,0.0,0.0
36,1429,142,1360,1386,0,1,0.0,-22.5,158.0,16.0,88.9,263,21020,20757,78.92395437262357,2,-2,0.0,0.0,-40.0,0.0,0.0,-15.0,7.5,0.0,25.0,0.0,0.0
36,1429,113,1345,1386,0,1,0.0,-27.0,158.0,17.0,88.9,263,18960,18697,71.09125475285171,7,-7,0.0,0.0,-40.0,0.0,0.0,-15.0,3.0,0.0,25.0,0.0,0.0
36,1429,112,1344,1386,0,1,0.0,-27.0,158.0,18.0,88.9,263,47060,46797,177.93536121673003,7,-7,0.0,0.0,-40.0,0.0,0.0,-15.0,3.0,0.0,25.0,0.0,0.0
36,1429,110,1342,1386,0,1,0.0,-27.0,158.0,19.0,88.9,263,56280,56017,212.99239543726236,7,-7,0.0,0.0,-40.0,0.0,0.0,-15.0,3.0,0.0,25.0,0.0,0.0
36,1429,109,1348,1386,0,1,0.0,-27.0,158.0,20.0,88.9,263,11020,10757,40.90114068441065,7,-7,0.0,0.0,-40.0,0.0,0.0,-15.0,3.0,0.0,25.0,0.0,0.0
36,1429,107,1338,1386,0,1,0.0,-30.0,158.0,21.0,88.9,263,50820,50557,192.2319391634981,8,-8,0.0,0.0,-40.0,0.0,0.0,-15.0,0.0,0.0,25.0,0.0,0.0
36,1429,224,1408,1386,0,1,0.0,-30.0,158.0,22.0,88.9,263,12280,12017,45.69201520912547,13,13,0.0,0.0,-40.0,0.0,0.0,-15.0,0.0,0.0,25.0,0.0,0.0
37,1429,181,1386,1386,1,1,88.9,140.5,158.0,1.0,0.0,366,366,0,0.0,3,3,0.0,40.0,0.0,20.0,40.0,0.0,7.5,0.0,25.0,0.0,8.0
37,1429,179,1365,1386,0,1,1.2,2.04,170.0,2.0,87.7,366,25760,25394,69.38251366120218,0,0,1.0,0.0,-40.0,0.0,0.0,-15.0,25.0,7.04,25.0,0.0,0.0
37,1429,182,1386,1386,1,1,0.0,-22.5,158.0,3.0,88.9,366,263,103,0.2814207650273224,3,3,0.0,0.0,-40.0,0.0,0.0,-15.0,7.5,0.0,25.0,0.0,0.0
37,1429,223,1407,1386,0,1,0.0,-30.0,158.0,4.0,88.9,366,56480,56114,153.3169398907104,13,13,0.0,0.0,-40.0,0.0,0.0,-15.0,0.0,0.0,25.0,0.0,0.0
37,1429,222,1406,1386,0,1,0.0,-30.0,158.0,5.0,88.9,366,15220,14854,40.58469945355191,13,13,0.0,0.0,-40.0,0.0,0.0,-15.0,0.0,0.0,25.0,0.0,0.0
37,1429,201,1382,1386,0,1,0.0,-27.0,158.0,6.0,88.9,366,29040,28674,78.34426229508196,6,6,0.0,0.0,-40.0,0.0,0.0,-15.0,3.0,0.0,25.0,0.0,0.0
37,1429,189,1370,1386,0,1,0.0,-27.0,158.0,7.0,88.9,366,20980,20614,56.322404371584696,4,4,0.0,0.0,-40.0,0.0,0.0,-15.0,3.0,0.0,25.0,0.0,0.0
37,1429,187,1368,1386,0,1,0.0,-27.0,158.0,8.0,88.9,366,14140,13774,37.63387978142077,4,4,0.0,0.0,-40.0,0.0,0.0,-15.0,3.0,0.0,25.0,0.0,0.0
37,1429,185,1386,1386,1,1,0.0,-22.5,158.0,9.0,88.9,366,1182,816,2.2295081967213113,3,3,0.0,0.0,-40.0,0.0,0.0,-15.0,7.5,0.0,25.0,0.0,0.0
37,1429,184,1386,1386,1,1,0.0,-22.5,158.0,10.0,88.9,366,638,272,0.7431693989071039,3,3,0.0,0.0,-40.0,0.0,0.0,-15.0,7.5,0.0,25.0,0.0,0.0
37,1429,183,1386,1386,1,1,0.0,-22.5,158.0,11.0,88.9,366,2706,2340,6.39344262295082,3,3,0.0,0.0,-40.0,0.0,0.0,-15.0,7.5,0.0,25.0,0.0,0.0
37,1429,103,1337,1386,0,1,0.0,-30.0,158.0,12.0,88.9,366,23980,23614,64.51912568306011,9,-9,0.0,0.0,-40.0,0.0,0.0,-15.0,0.0,0.0,25.0,0.0,0.0
37,1429,104,1336,1386,0,1,0.0,-30.0,158.0,13.0,88.9,366,38140,37774,103.20765027322405,8,-8,0.0,0.0,-40.0,0.0,0.0,-15.0,0.0,0.0,25.0,0.0,0.0
37,1429,180,1367,1386,0,1,0.0,-22.5,158.0,14.0,88.9,366,22600,22234,60.74863387978142,3,3,0.0,0.0,-40.0,0.0,0.0,-15.0,7.5,0.0,25.0,0.0,0.0
37,1429,143,1361,1386,0,1,0.0,-22.5,158.0,15.0,88.9,366,17400,17034,46.540983606557376,2,-2,0.0,0.0,-40.0,0.0,0.0,-15.0,7.5,0.0,25.0,0.0,0.0
37,1429,142,1360,1386,0,1,0.0,-22.5,158.0,16.0,88.9,366,21020,20654,56.431693989071036,2,-2,0.0,0.0,-40.0,0.0,0.0,-15.0,7.5,0.0,25.0,0.0,0.0
37,1429,113,1345,1386,0,1,0.0,-27.0,158.0,17.0,88.9,366,18960,18594,50.80327868852459,7,-7,0.0,0.0,-40.0,0.0,0.0,-15.0,3.0,0.0,25.0,0.0,0.0
37,1429,112,1344,1386,0,1,0.0,-27.0,158.0,18.0,88.9,366,47060,46694,127.5792349726776,7,-7,0.0,0.0,-40.0,0.0,0.0,-15.0,3.0,0.0,25.0,0.0,0.0
37,1429,110,1342,1386,0,1,0.0,-27.0,158.0,19.0,88.9,366,56280,55914,152.7704918032787,7,-7,0.0,0.0,-40.0,0.0,0.0,-15.0,3.0,0.0,25.0,0.0,0.0
37,1429,109,1348,1386,0,1,0.0,-27.0,158.0,20.0,88.9,366,11020,10654,29.10928961748634,7,-7,0.0,0.0,-40.0,0.0,0.0,-15.0,3.0,0.0,25.0,0.0,0.0
37,1429,107,1338,1386,0,1,0.0,-30.0,158.0,21.0,88.9,366,50820,50454,137.85245901639345,8,-8,0.0,0.0,-40.0,0.0,0.0,-15.0,0.0,0.0,25.0,0.0,0.0
37,1429,224,1408,1386,0,1,0.0,-30.0,158.0,22.0,88.9,366,12280,11914,32.55191256830601,13,13,0.0,0.0,-40.0,0.0,0.0,-15.0,0.0,0.0,25.0,0.0,0.0
38,1429,183,1386,1386,1,1,88.9,140.5,158.0,1.0,0.0,2706,2706,0,0.0,3,3,0.0,40.0,0.0,20.0,40.0,0.0,7.5,0.0,25.0,0.0,8.0
38,1429,155,1357,1386,0,1,28.5,45.0,158.0,2.0,60.400000000000006,2706,3644,938,0.3466371027346637,1,-1,0.0,40.0,0.0,20.0,0.0,-15.0,15.0,0.0,0.0,-15.0,0.0
38,1429,152,1357,1386,0,1,4.0,6.32,158.0,3.0,84.9,2706,2699,7,0.0025868440502586844,1,-1,0.0,0.0,-40.0,0.0,40.0,0.0,15.0,0.0,0.0,-15.0,6.32
38,1429,179,1365,1386,0,1,1.2,2.04,170.0,4.0,87.7,2706,25760,23054,8.519586104951959,0,0,1.0,0.0,-40.0,0.0,0.0,-15.0,25.0,7.04,25.0,0.0,0.0
38,1429,103,1337,1386,0,1,0.0,-30.0,158.0,5.0,88.9,2706,23980,21274,7.861788617886178,9,-9,0.0,0.0,-40.0,0.0,0.0,-15.0,0.0,0.0,25.0,0.0,0.0
38,1429,182,1386,1386,1,1,0.0,-22.5,158.0,6.0,88.9,2706,263,2443,0.9028085735402809,3,3,0.0,0.0,-40.0,0.0,0.0,-15.0,7.5,0.0,25.0,0.0,0.0
38,1429,223,1407,1386,0,1,0.0,-30.0,158.0,7.0,88.9,2706,56480,53774,19.872135994087213,13,13,0.0,0.0,-40.0,0.0,0.0,-15.0,0.0,0.0,25.0,0.0,0.0
38,1429,222,1406,1386,0,1,0.0,-30.0,158.0,8.0,88.9,2706,15220,12514,4.624538063562454,13,13,0.0,0.0,-40.0,0.0,0.0,-15.0,0.0,0.0,25.0,0.0,0.0
38,1429,201,1382,1386,0,1,0.0,-27.0,158.0,9.0,88.9,2706,29040,26334,9.731707317073171,6,6,0.0,0.0,-40.0,0.0,0.0,-15.0,3.0,0.0,25.0,0.0,0.0
38,1429,189,1370,1386,0,1,0.0,-27.0,158.0,10.0,88.9,2706,20980,18274,6.753141167775314,4,4,0.0,0.0,-40.0,0.0,0.0,-15.0,3.0,0.0,25.0,0.0,0.0
38,1429,187,1368,1386,0,1,0.0,-27.0,158.0,11.0,88.9,2706,14140,11434,4.225424981522543,4,4,0.0,0.0,-40.0,0.0,0.0,-15.0,3.0,0.0,25.0,0.0,0.0
38,1429,185,1386,1386,1,1,0.0,-22.5,158.0,12.0,88.9,2706,1182,1524,0.5631929046563193,3,3,0.0,0.0,-40.0,0.0,0.0,-15.0,7.5,0.0,25.0,0.0,0.0
38,1429,184,1386,1386,1,1,0.0,-22.5,158.0,13.0,88.9,2706,638,2068,0.7642276422764228,3,3,0.0,0.0,-40.0,0.0,0.0,-15.0,7.5,0.0,25.0,0.0,0.0
38,1429,180,1367,1386,0,1,0.0,-22.5,158.0,14.0,88.9,2706,22600,19894,7.351810790835181,3,3,0.0,0.0,-40.0,0.0,0.0,-15.0,7.5,0.0,25.0,0.0,0.0
38,1429,181,1386,1386,1,1,0.0,-22.5,158.0,15.0,88.9,2706,366,2340,0.8647450110864745,3,3,0.0,0.0,-40.0,0.0,0.0,-15.0,7.5,0.0,25.0,0.0,0.0
38,1429,104,1336,1386,0,1,0.0,-30.0,158.0,16.0,88.9,2706,38140,35434,13.09460458240946,8,-8,0.0,0.0,-40.0,0.0,0.0,-15.0,0.0,0.0,25.0,0.0,0.0
38,1429,143,1361,1386,0,1,0.0,-22.5,158.0,17.0,88.9,2706,17400,14694,5.430155210643015,2,-2,0.0,0.0,-40.0,0.0,0.0,-15.0,7.5,0.0,25.0,0.0,0.0
38,1429,142,1360,1386,0,1,0.0,-22.5,158.0,18.0,88.9,2706,21020,18314,6.767923133776792,2,-2,0.0,0.0,-40.0,0.0,0.0,-15.0,7.5,0.0,25.0,0.0,0.0
38,1429,113,1345,1386,0,1,0.0,-27.0,158.0,19.0,88.9,2706,18960,16254,6.006651884700665,7,-7,0.0,0.0,-40.0,0.0,0.0,-15.0,3.0,0.0,25.0,0.0,0.0
38,1429,112,1344,1386,0,1,0.0,-27.0,158.0,20.0,88.9,2706,47060,44354,16.390983000739098,7,-7,0.0,0.0,-40.0,0.0,0.0,-15.0,3.0,0.0,25.0,0.0,0.0
38,1429,110,1342,1386,0,1,0.0,-27.0,158.0,21.0,88.9,2706,56280,53574,19.79822616407982,7,-7,0.0,0.0,-40.0,0.0,0.0,-15.0,3.0,0.0,25.0,0.0,0.0
38,1429,109,1348,1386,0,1,0.0,-27.0,158.0,22.0,88.9,2706,11020,8314,3.072431633407243,7,-7,0.0,0.0,-40.0,0.0,0.0,-15.0,3.0,0.0,25.0,0.0,0.0
38,1429,107,1338,1386,0,1,0.0,-30.0,158.0,23.0,88.9,2706,50820,48114,17.78048780487805,8,-8,0.0,0.0,-40.0,0.0,0.0,-15.0,0.0,0.0,25.0,0.0,0.0
38,1429,224,1408,1386,0,1,0.0,-30.0,158.0,24.0,88.9,2706,12280,9574,3.5380635624538064,13,13,0.0,0.0,-40.0,0.0,0.0,-15.0,0.0,0.0,25.0,0.0,0.0
39,1429,184,1386,1386,1,1,88.9,140.5,158.0,1.0,0.0,638,638,0,0.0,3,3,0.0,40.0,0.0,20.0,40.0,0.0,7.5,0.0,25.0,0.0,8.0
39,1429,169,1363,1386,0,1,7.1,12.03,170.0,2.0,81.80000000000001,638,632,6,0.009404388714733543,0,0,1.0,0.0,-40.0,0.0,31.19,0.0,25.0,10.84,0.0,-15.0,0.0
39,1429,179,1365,1386,0,1,1.2,2.04,170.0,3.0,87.7,638,25760,25122,39.376175548589345,0,0,1.0,0.0,-40.0,0.0,0.0,-15.0,25.0,7.04,25.0,0.0,0.0
39,1429,103,1337,1386,0,1,0.0,-30.0,158.0,4.0,88.9,638,23980,23342,36.58620689655172,9,-9,0.0,0.0,-40.0,0.0,0.0,-15.0,0.0,0.0,25.0,0.0,0.0
39,1429,181,1386,1386,1,1,0.0,-22.5,158.0,5.0,88.9,638,366,272,0.4263322884012539,3,3,0.0,0.0,-40.0,0.0,0.0,-15.0,7.5,0.0,25.0,0.0,0.0
39,1429,223,1407,1386,0,1,0.0,-30.0,158.0,6.0,88.9,638,56480,55842,87.52664576802508,13,13,0.0,0.0,-40.0,0.0,0.0,-15.0,0.0,0.0,25.0,0.0,0.0
39,1429,222,1406,1386,0,1,0.0,-30.0,158.0,7.0,88.9,638,15220,14582,22.855799373040753,13,13,0.0,0.0,-40.0,0.0,0.0,-15.0,0.0,0.0,25.0,0.0,0.0
39,1429,201,1382,1386,0,1,0.0,-27.0,158.0,8.0,88.9,638,29040,28402,44.51724137931034,6,6,0.0,0.0,-40.0,0.0,0.0,-15.0,3.0,0.0,25.0,0.0,0.0
39,1429,189,1370,1386,0,1,0.0,-27.0,158.0,9.0,88.9,638,20980,20342,31.884012539184955,4,4,0.0,0.0,-40.0,0.0,0.0,-15.0,3.0,0.0,25.0,0.0,0.0
39,1429,187,1368,1386,0,1,0.0,-27.0,158.0,10.0,88.9,638,14140,13502,21.163009404388713,4,4,0.0,0.0,-40.0,0.0,0.0,-15.0,3.0,0.0,25.0,0.0,0.0
39,1429,185,1386,1386,1,1,0.0,-22.5,158.0,11.0,88.9,638,1182,544,0.8526645768025078,3,3,0.0,0.0,-40.0,0.0,0.0,-15.0,7.5,0.0,25.0,0.0,0.0
39,1429,183,1386,1386,1,1,0.0,-22.5,158.0,12.0,88.9,638,2706,2068,3.2413793103448274,3,3,0.0,0.0,-40.0,0.0,0.0,-15.0,7.5,0.0,25.0,0.0,0.0
39,1429,182,1386,1386,1,1,0.0,-22.5,158.0,13.0,88.9,638,263,375,0.5877742946708464,3,3,0.0,0.0,-40.0,0.0,0.0,-15.0,7.5,0.0,25.0,0.0,0.0
39,1429,180,1367,1386,0,1,0.0,-22.5,158.0,14.0,88.9,638,22600,21962,34.42319749216301,3,3,0.0,0.0,-40.0,0.0,0.0,-15.0,7.5,0.0,25.0,0.0,0.0
39,1429,104,1336,1386,0,1,0.0,-30.0,158.0,15.0,88.9,638,38140,37502,58.78056426332289,8,-8,0.0,0.0,-40.0,0.0,0.0,-15.0,0.0,0.0,25.0,0.0,0.0
39,1429,157,1363,1386,0,1,0.0,-9.91,170.0,16.0,88.9,638,625,13,0.02037617554858934,0,0,1.0,0.0,-40.0,0.0,9.25,0.0,25.0,10.84,0.0,-15.0,0.0
39,1429,143,1361,1386,0,1,0.0,-22.5,158.0,17.0,88.9,638,17400,16762,26.272727272727273,2,-2,0.0,0.0,-40.0,0.0,0.0,-15.0,7.5,0.0,25.0,0.0,0.0
39,1429,142,1360,1386,0,1,0.0,-22.5,158.0,18.0,88.9,638,21020,20382,31.946708463949843,2,-2,0.0,0.0,-40.0,0.0,0.0,-15.0,7.5,0.0,25.0,0.0,0.0
39,1429,113,1345,1386,0,1,0.0,-27.0,158.0,19.0,88.9,638,18960,18322,28.717868338557995,7,-7,0.0,0.0,-40.0,0.0,0.0,-15.0,3.0,0.0,25.0,0.0,0.0
39,1429,112,1344,1386,0,1,0.0,-27.0,158.0,20.0,88.9,638,47060,46422,72.76175548589342,7,-7,0.0,0.0,-40.0,0.0,0.0,-15.0,3.0,0.0,25.0,0.0,0.0
39,1429,110,1342,1386,0,1,0.0,-27.0,158.0,21.0,88.9,638,56280,55642,87.21316614420063,7,-7,0.0,0.0,-40.0,0.0,0.0,-15.0,3.0,0.0,25.0,0.0,0.0
39,1429,109,1348,1386,0,1,0.0,-27.0,158.0,22.0,88.9,638,11020,10382,16.272727272727273,7,-7,0.0,0.0,-40.0,0.0,0.0,-15.0,3.0,0.0,25.0,0.0,0.0
39,1429,107,1338,1386,0,1,0.0,-30.0,158.0,23.0,88.9,638,50820,50182,78.65517241379311,8,-8,0.0,0.0,-40.0,0.0,0.0,-15.0,0.0,0.0,25.0,0.0,0.0
39,1429,224,1408,1386,0,1,0.0,-30.0,158.0,24.0,88.9,638,12280,11642,18.247648902821318,13,13,0.0,0.0,-40.0,0.0,0.0,-15.0,0.0,0.0,25.0,0.0,0.0
40,1401,146,1359,1359,1,1,100.0,169.98,170.0,1.0,0.0,36900,36900,0,0.0,0,0,1.0,40.0,0.0,20.0,40.0,0.0,25.0,11.98,25.0,0.0,8.0
40,1401,118,1355,1359,0,1,58.9,93.0,158.0,2.0,41.1,36900,49780,12880,0.34905149051490514,1,-1,0.0,40.0,0.0,20.0,0.0,-15.0,15.0,0.0,25.0,0.0,8.0
40,1401,200,1376,1359,0,1,53.9,85.22,158.0,3.0,46.1,36900,36760,140,0.003794037940379404,8,8,0.0,40.0,0.0,20.0,40.0,0.0,0.0,0.0,0.0,-15.0,0.22
40,1401,195,1379,1359,0,1,51.3,81.0,158.0,4.0,48.7,36900,40300,3400,0.0921409214092141,7,7,0.0,40.0,0.0,20.0,0.0,-15.0,3.0,0.0,25.0,0.0,8.0
40,1401,194,1378,1359,0,1,51.3,81.0,158.0,5.0,48.7,36900,39540,2640,0.07154471544715447,7,7,0.0,40.0,0.0,20.0,0.0,-15.0,3.0,0.0,25.0,0.0,8.0
40,1401,106,1341,1359,0,1,51.3,81.0,158.0,6.0,48.7,36900,17760,19140,0.5186991869918699,6,-6,0.0,40.0,0.0,20.0,0.0,-15.0,3.0,0.0,25.0,0.0,8.0
40,1401,190,1371,1359,0,1,51.3,81.0,158.0,7.0,48.7,36900,38860,1960,0.053116531165311655,6,6,0.0,40.0,0.0,20.0,0.0,-15.0,3.0,0.0,25.0,0.0,8.0
40,1401,92,1333,1359,0,1,49.4,78.0,158.0,8.0,50.6,36900,47620,10720,0.2905149051490515,9,-9,0.0,40.0,0.0,20.0,0.0,-15.0,0.0,0.0,25.0,0.0,8.0
40,1401,145,1358,1359,0,1,48.1,81.74,170.0,9.0,51.9,36900,37780,880,0.023848238482384824,0,0,1.0,40.0,0.0,20.0,2.3,0.0,25.0,9.22,0.0,-15.0,0.22
40,1401,213,1393,1359,0,1,32.8,51.86,158.0,10.0,67.2,36900,37700,800,0.02168021680216802,13,13,0.0,40.0,0.0,20.0,6.64,0.0,0.0,0.0,0.0,-15.0,0.22
40,1401,88,1326,1359,0,1,23.6,37.28,158.0,11.0,76.4,36900,33940,2960,0.08021680216802168,13,-13,0.0,40.0,0.0,20.0,0.0,-15.0,0.0,0.0,0.0,-15.0,7.28
40,1401,188,1369,1359,0,1,21.0,33.22,158.0,12.0,79.0,36900,38560,1660,0.044986449864498644,6,6,0.0,40.0,0.0,20.0,0.0,-15.0,3.0,0.0,0.0,-15.0,0.22
40,1401,202,1383,1359,0,1,19.1,30.22,158.0,13.0,80.9,36900,40960,4060,0.11002710027100271,8,8,0.0,40.0,0.0,20.0,0.0,-15.0,0.0,0.0,0.0,-15.0,0.22
40,1401,111,1343,1359,0,1,2.1,3.31,158.0,14.0,97.9,36900,36260,640,0.017344173441734417,5,-5,0.0,0.0,-40.0,0.0,15.31,0.0,3.0,0.0,25.0,0.0,0.0
40,1401,120,1351,1359,0,1,0.0,-13.08,158.0,15.0,100.0,36900,32440,4460,0.12086720867208672,1,-1,0.0,0.0,-40.0,0.0,0.0,-15.0,15.0,0.0,25.0,0.0,1.92
40,1401,117,1354,1359,0,1,0.0,-15.0,158.0,16.0,100.0,36900,30460,6440,0.17452574525745257,1,-1,0.0,0.0,-40.0,0.0,0.0,-15.0,15.0,0.0,25.0,0.0,0.0
40,1401,191,1372,1359,0,1,0.0,-27.0,158.0,17.0,100.0,36900,34200,2700,0.07317073170731707,6,6,0.0,0.0,-40.0,0.0,0.0,-15.0,3.0,0.0,25.0,0.0,0.0
40,1401,105,1340,1359,0,1,0.0,-27.0,158.0,18.0,100.0,36900,35920,980,0.026558265582655827,6,-6,0.0,0.0,-40.0,0.0,0.0,-15.0,3.0,0.0,25.0,0.0,0.0
40,1401,91,1330,1359,0,1,0.0,-30.0,158.0,19.0,100.0,36900,27380,9520,0.25799457994579944,13,-13,0.0,0.0,-40.0,0.0,0.0,-15.0,0.0,0.0,25.0,0.0,0.0
40,1401,90,1329,1359,0,1,0.0,-30.0,158.0,20.0,100.0,36900,23680,13220,0.35826558265582653,13,-13,0.0,0.0,-40.0,0.0,0.0,-15.0,0.0,0.0,25.0,0.0,0.0
40,1401,204,1388,1359,0,1,0.0,-30.0,158.0,21.0,100.0,36900,40340,3440,0.09322493224932249,12,12,0.0,0.0,-40.0,0.0,0.0,-15.0,0.0,0.0,25.0,0.0,0.0
40,1401,86,1325,1359,0,1,0.0,-30.0,158.0,22.0,100.0,36900,34780,2120,0.05745257452574526,13,-13,0.0,0.0,-40.0,0.0,0.0,-15.0,0.0,0.0,25.0,0.0,0.0
41,1405,143,1361,1361,1,1,100.0,169.99,170.0,1.0,0.0,17400,17400,0,0.0,0,0,1.0,40.0,0.0,20.0,40.0,0.0,25.0,11.99,25.0,0.0,8.0
41,1405,142,1360,1361,0,1,67.6,114.97,170.0,2.0,32.400000000000006,17400,21020,3620,0.20804597701149424,0,0,1.0,40.0,0.0,20.0,0.0,-15.0,25.0,11.97,25.0,0.0,8.0
41,1405,179,1365,1361,0,1,54.1,85.5,158.0,3.0,45.9,17400,25760,8360,0.4804597701149425,2,2,0.0,40.0,0.0,20.0,0.0,-15.0,7.5,0.0,25.0,0.0,8.0
41,1405,189,1370,1361,0,1,51.3,81.0,158.0,4.0,48.7,17400,20980,3580,0.2057471264367816,6,6,0.0,40.0,0.0,20.0,0.0,-15.0,3.0,0.0,25.0,0.0,8.0
41,1405,107,1338,1361,0,1,51.3,81.0,158.0,5.0,48.7,17400,50820,33420,1.9206896551724137,6,-6,0.0,40.0,0.0,20.0,0.0,-15.0,3.0,0.0,25.0,0.0,8.0
41,1405,109,1348,1361,0,1,51.3,81.0,158.0,6.0,48.7,17400,11020,6380,0.36666666666666664,5,-5,0.0,40.0,0.0,20.0,0.0,-15.0,3.0,0.0,25.0,0.0,8.0
41,1405,110,1342,1361,0,1,51.3,81.0,158.0,7.0,48.7,17400,56280,38880,2.2344827586206897,5,-5,0.0,40.0,0.0,20.0,0.0,-15.0,3.0,0.0,25.0,0.0,8.0
41,1405,112,1344,1361,0,1,51.3,81.0,158.0,8.0,48.7,17400,47060,29660,1.7045977011494253,5,-5,0.0,40.0,0.0,20.0,0.0,-15.0,3.0,0.0,25.0,0.0,8.0
41,1405,113,1345,1361,0,1,51.3,81.0,158.0,9.0,48.7,17400,18960,1560,0.0896551724137931,5,-5,0.0,40.0,0.0,20.0,0.0,-15.0,3.0,0.0,25.0,0.0,8.0
41,1405,187,1368,1361,0,1,51.3,81.0,158.0,10.0,48.7,17400,14140,3260,0.18735632183908046,6,6,0.0,40.0,0.0,20.0,0.0,-15.0,3.0,0.0,25.0,0.0,8.0
41,1405,180,1367,1361,0,1,51.3,81.0,158.0,11.0,48.7,17400,22600,5200,0.2988505747126437,5,5,0.0,40.0,0.0,20.0,0.0,-15.0,3.0,0.0,25.0,0.0,8.0
41,1405,119,1350,1361,0,1,31.6,49.98,158.0,12.0,68.4,17400,49500,32100,1.8448275862068966,1,-1,0.0,40.0,0.0,20.0,0.0,-15.0,15.0,0.0,0.0,-15.0,4.98
41,1405,183,1386,1361,0,1,0.0,-27.0,158.0,13.0,100.0,17400,2706,14694,0.8444827586206897,5,5,0.0,0.0,-40.0,0.0,0.0,-15.0,3.0,0.0,25.0,0.0,0.0
41,1405,185,1386,1361,0,1,0.0,-27.0,158.0,14.0,100.0,17400,1182,16218,0.9320689655172414,5,5,0.0,0.0,-40.0,0.0,0.0,-15.0,3.0,0.0,25.0,0.0,0.0
41,1405,184,1386,1361,0,1,0.0,-27.0,158.0,15.0,100.0,17400,638,16762,0.9633333333333334,5,5,0.0,0.0,-40.0,0.0,0.0,-15.0,3.0,0.0,25.0,0.0,0.0
41,1405,103,1337,1361,0,1,0.0,-22.02,158.0,16.0,100.0,17400,23980,6580,0.3781609195402299,7,-7,0.0,0.0,-40.0,0.0,0.0,-15.0,3.0,0.0,25.0,0.0,4.98
41,1405,182,1386,1361,0,1,0.0,-27.0,158.0,17.0,100.0,17400,263,17137,0.9848850574712643,5,5,0.0,0.0,-40.0,0.0,0.0,-15.0,3.0,0.0,25.0,0.0,0.0
41,1405,181,1386,1361,0,1,0.0,-27.0,158.0,18.0,100.0,17400,366,17034,0.9789655172413793,5,5,0.0,0.0,-40.0,0.0,0.0,-15.0,3.0,0.0,25.0,0.0,0.0
41,1405,104,1336,1361,0,1,0.0,-22.02,158.0,19.0,100.0,17400,38140,20740,1.1919540229885057,6,-6,0.0,0.0,-40.0,0.0,0.0,-15.0,3.0,0.0,25.0,0.0,4.98
41,1405,106,1341,1361,0,1,0.0,-43.38,158.0,20.0,100.0,17400,17760,360,0.020689655172413793,6,-6,0.0,0.0,-40.0,0.0,8.62,0.0,3.0,0.0,0.0,-15.0,0.0
41,1405,201,1382,1361,0,1,0.0,-25.02,158.0,21.0,100.0,17400,29040,11640,0.6689655172413793,8,8,0.0,0.0,-40.0,0.0,0.0,-15.0,0.0,0.0,25.0,0.0,4.98
42,1404,142,1360,1360,1,1,100.0,169.99,170.0,1.0,0.0,21020,21020,0,0.0,0,0,1.0,40.0,0.0,20.0,40.0,0.0,25.0,11.99,25.0,0.0,8.0
42,1404,189,1370,1360,0,1,86.1,136.0,158.0,2.0,13.900000000000006,21020,20980,40,0.0019029495718363464,6,6,0.0,40.0,0.0,20.0,40.0,0.0,3.0,0.0,25.0,0.0,8.0
42,1404,143,1361,1360,0,1,67.6,114.98,170.0,3.0,32.400000000000006,21020,17400,3620,0.17221693625118933,0,0,1.0,40.0,0.0,20.0,0.0,-15.0,25.0,11.98,25.0,0.0,8.0
42,1404,179,1365,1360,0,1,54.1,85.5,158.0,4.0,45.9,21020,25760,4740,0.22549952426260705,2,2,0.0,40.0,0.0,20.0,0.0,-15.0,7.5,0.0,25.0,0.0,8.0
42,1404,107,1338,1360,0,1,51.3,81.0,158.0,5.0,48.7,21020,50820,29800,1.417697431018078,6,-6,0.0,40.0,0.0,20.0,0.0,-15.0,3.0,0.0,25.0,0.0,8.0
42,1404,109,1348,1360,0,1,51.3,81.0,158.0,6.0,48.7,21020,11020,10000,0.47573739295908657,5,-5,0.0,40.0,0.0,20.0,0.0,-15.0,3.0,0.0,25.0,0.0,8.0
42,1404,110,1342,1360,0,1,51.3,81.0,158.0,7.0,48.7,21020,56280,35260,1.6774500475737393,5,-5,0.0,40.0,0.0,20.0,0.0,-15.0,3.0,0.0,25.0,0.0,8.0
42,1404,112,1344,1360,0,1,51.3,81.0,158.0,8.0,48.7,21020,47060,26040,1.2388201712654614,5,-5,0.0,40.0,0.0,20.0,0.0,-15.0,3.0,0.0,25.0,0.0,8.0
42,1404,113,1345,1360,0,1,51.3,81.0,158.0,9.0,48.7,21020,18960,2060,0.09800190294957184,5,-5,0.0,40.0,0.0,20.0,0.0,-15.0,3.0,0.0,25.0,0.0,8.0
42,1404,180,1367,1360,0,1,51.3,81.0,158.0,10.0,48.7,21020,22600,1580,0.07516650808753568,5,5,0.0,40.0,0.0,20.0,0.0,-15.0,3.0,0.0,25.0,0.0,8.0
42,1404,187,1368,1360,0,1,51.3,81.0,158.0,11.0,48.7,21020,14140,6880,0.3273073263558516,6,6,0.0,40.0,0.0,20.0,0.0,-15.0,3.0,0.0,25.0,0.0,8.0
42,1404,119,1350,1360,0,1,31.6,49.98,158.0,12.0,68.4,21020,49500,28480,1.3549000951474786,1,-1,0.0,40.0,0.0,20.0,0.0,-15.0,15.0,0.0,0.0,-15.0,4.98
42,1404,184,1386,1360,0,1,0.0,-27.0,158.0,13.0,100.0,21020,638,20382,0.9696479543292102,5,5,0.0,0.0,-40.0,0.0,0.0,-15.0,3.0,0.0,25.0,0.0,0.0
42,1404,185,1386,1360,0,1,0.0,-27.0,158.0,14.0,100.0,21020,1182,19838,0.9437678401522359,5,5,0.0,0.0,-40.0,0.0,0.0,-15.0,3.0,0.0,25.0,0.0,0.0
42,1404,103,1337,1360,0,1,0.0,-22.02,158.0,15.0,100.0,21020,23980,2960,0.14081826831588962,7,-7,0.0,0.0,-40.0,0.0,0.0,-15.0,3.0,0.0,25.0,0.0,4.98
42,1404,183,1386,1360,0,1,0.0,-27.0,158.0,16.0,100.0,21020,2706,18314,0.8712654614652712,5,5,0.0,0.0,-40.0,0.0,0.0,-15.0,3.0,0.0,25.0,0.0,0.0
42,1404,182,1386,1360,0,1,0.0,-27.0,158.0,17.0,100.0,21020,263,20757,0.987488106565176,5,5,0.0,0.0,-40.0,0.0,0.0,-15.0,3.0,0.0,25.0,0.0,0.0
42,1404,181,1386,1360,0,1,0.0,-27.0,158.0,18.0,100.0,21020,366,20654,0.9825880114176975,5,5,0.0,0.0,-40.0,0.0,0.0,-15.0,3.0,0.0,25.0,0.0,0.0
42,1404,104,1336,1360,0,1,0.0,-22.02,158.0,19.0,100.0,21020,38140,17120,0.8144624167459562,6,-6,0.0,0.0,-40.0,0.0,0.0,-15.0,3.0,0.0,25.0,0.0,4.98
42,1404,201,1382,1360,0,1,0.0,-25.02,158.0,20.0,100.0,21020,29040,8020,0.3815413891531874,8,8,0.0,0.0,-40.0,0.0,0.0,-15.0,0.0,0.0,25.0,0.0,4.98
43,1395,118,1355,1355,1,1,100.0,169.99,170.0,1.0,0.0,49780,49780,0,0.0,0,0,1.0,40.0,0.0,20.0,40.0,0.0,25.0,11.99,25.0,0.0,8.0
43,1395,146,1359,1355,0,1,58.9,93.0,158.0,2.0,41.1,49780,36900,12880,0.25873844917637606,1,1,0.0,40.0,0.0,20.0,0.0,-15.0,15.0,0.0,25.0,0.0,8.0
43,1395,190,1371,1355,0,1,51.3,81.0,158.0,3.0,48.7,49780,38860,10920,0.21936520691040579,7,7,0.0,40.0,0.0,20.0,0.0,-15.0,3.0,0.0,25.0,0.0,8.0
43,1395,106,1341,1355,0,1,51.3,81.0,158.0,4.0,48.7,49780,17760,32020,0.6432302129369225,5,-5,0.0,40.0,0.0,20.0,0.0,-15.0,3.0,0.0,25.0,0.0,8.0
43,1395,83,1322,1355,0,1,49.4,78.0,158.0,5.0,50.6,49780,42600,7180,0.14423463238248294,14,-14,0.0,40.0,0.0,20.0,0.0,-15.0,0.0,0.0,25.0,0.0,8.0
43,1395,195,1379,1355,0,1,49.4,78.0,158.0,6.0,50.6,49780,40300,9480,0.19043792687826436,8,8,0.0,40.0,0.0,20.0,0.0,-15.0,0.0,0.0,25.0,0.0,8.0
43,1395,194,1378,1355,0,1,49.4,78.0,158.0,7.0,50.6,49780,39540,10240,0.20570510245078344,8,8,0.0,40.0,0.0,20.0,0.0,-15.0,0.0,0.0,25.0,0.0,8.0
43,1395,92,1333,1355,0,1,49.4,78.0,158.0,8.0,50.6,49780,47620,2160,0.043390920048212135,8,-8,0.0,40.0,0.0,20.0,0.0,-15.0,0.0,0.0,25.0,0.0,8.0
43,1395,145,1358,1355,0,1,28.6,45.22,158.0,9.0,71.4,49780,37780,12000,0.24106066693451186,1,1,0.0,40.0,0.0,20.0,0.0,-15.0,15.0,0.0,0.0,-15.0,0.22
43,1395,81,1320,1355,0,1,23.6,37.28,158.0,10.0,76.4,49780,27000,22780,0.45761349939734836,14,-14,0.0,40.0,0.0,20.0,0.0,-15.0,0.0,0.0,0.0,-15.0,7.28
43,1395,88,1326,1355,0,1,23.6,37.28,158.0,11.0,76.4,49780,33940,15840,0.3182000803535556,12,-12,0.0,40.0,0.0,20.0,0.0,-15.0,0.0,0.0,0.0,-15.0,7.28
43,1395,188,1369,1355,0,1,21.0,33.22,158.0,12.0,79.0,49780,38560,11220,0.22539172358376858,7,7,0.0,40.0,0.0,20.0,0.0,-15.0,3.0,0.0,0.0,-15.0,0.22
43,1395,200,1376,1355,0,1,19.1,30.22,158.0,13.0,80.9,49780,36760,13020,0.2615508236239454,9,9,0.0,40.0,0.0,20.0,0.0,-15.0,0.0,0.0,0.0,-15.0,0.22
43,1395,202,1383,1355,0,1,19.1,30.22,158.0,14.0,80.9,49780,40960,8820,0.17717959019686622,9,9,0.0,40.0,0.0,20.0,0.0,-15.0,0.0,0.0,0.0,-15.0,0.22
43,1395,119,1350,1355,0,1,11.2,19.01,170.0,15.0,88.8,49780,49500,280,0.00562474889513861,0,0,1.0,0.0,-40.0,0.0,38.75,0.0,25.0,10.26,0.0,-15.0,0.0
43,1395,117,1354,1355,0,1,4.1,6.98,170.0,16.0,95.9,49780,30460,19320,0.38810767376456407,0,0,1.0,0.0,-40.0,0.0,0.0,-15.0,25.0,11.98,25.0,0.0,0.0
43,1395,120,1351,1355,0,1,3.3,5.53,170.0,17.0,96.7,49780,32440,17340,0.34833266372036964,0,0,1.0,0.0,-40.0,0.0,0.0,-15.0,25.0,8.61,25.0,0.0,1.92
43,1395,111,1343,1355,0,1,0.0,-27.0,158.0,18.0,100.0,49780,36260,13520,0.27159501807955,4,-4,0.0,0.0,-40.0,0.0,0.0,-15.0,3.0,0.0,25.0,0.0,0.0
43,1395,107,1338,1355,0,1,0.0,-43.78,158.0,19.0,100.0,49780,50820,1040,0.020891924467657693,5,-5,0.0,0.0,-40.0,0.0,8.22,0.0,3.0,0.0,0.0,-15.0,0.0
43,1395,105,1340,1355,0,1,0.0,-27.0,158.0,20.0,100.0,49780,35920,13860,0.2784250703093612,5,-5,0.0,0.0,-40.0,0.0,0.0,-15.0,3.0,0.0,25.0,0.0,0.0
43,1395,91,1330,1355,0,1,0.0,-30.0,158.0,21.0,100.0,49780,27380,22400,0.4499799116110888,12,-12,0.0,0.0,-40.0,0.0,0.0,-15.0,0.0,0.0,25.0,0.0,0.0
43,1395,90,1329,1355,0,1,0.0,-30.0,158.0,22.0,100.0,49780,23680,26100,0.5243069505825633,12,-12,0.0,0.0,-40.0,0.0,0.0,-15.0,0.0,0.0,25.0,0.0,0.0
43,1395,191,1372,1355,0,1,0.0,-27.0,158.0,23.0,100.0,49780,34200,15580,0.31297709923664124,7,7,0.0,0.0,-40.0,0.0,0.0,-15.0,3.0,0.0,25.0,0.0,0.0
43,1395,86,1325,1355,0,1,0.0,-30.0,158.0,24.0,100.0,49780,34780,15000,0.3013258336681398,12,-12,0.0,0.0,-40.0,0.0,0.0,-15.0,0.0,0.0,25.0,0.0,0.0
43,1395,204,1388,1355,0,1,0.0,-30.0,158.0,25.0,100.0,49780,40340,9440,0.189634391321816,13,13,0.0,0.0,-40.0,0.0,0.0,-15.0,0.0,0.0,25.0,0.0,0.0
44,1394,117,1354,1354,1,1,100.0,169.99,170.0,1.0,0.0,30460,30460,0,0.0,0,0,1.0,40.0,0.0,20.0,40.0,0.0,25.0,11.99,25.0,0.0,8.0
44,1394,105,1340,1354,0,1,51.3,81.0,158.0,2.0,48.7,30460,35920,5460,0.1792514773473408,5,-5,0.0,40.0,0.0,20.0,0.0,-15.0,3.0,0.0,25.0,0.0,8.0
44,1394,191,1372,1354,0,1,51.3,81.0,158.0,3.0,48.7,30460,34200,3740,0.12278397898883782,7,7,0.0,40.0,0.0,20.0,0.0,-15.0,3.0,0.0,25.0,0.0,8.0
44,1394,204,1388,1354,0,1,49.4,78.0,158.0,4.0,50.6,30460,40340,9880,0.32435981615233095,13,13,0.0,40.0,0.0,20.0,0.0,-15.0,0.0,0.0,25.0,0.0,8.0
44,1394,91,1330,1354,0,1,49.4,78.0,158.0,5.0,50.6,30460,27380,3080,0.10111621799080761,12,-12,0.0,40.0,0.0,20.0,0.0,-15.0,0.0,0.0,25.0,0.0,8.0
44,1394,90,1329,1354,0,1,49.4,78.0,158.0,6.0,50.6,30460,23680,6780,0.22258699934340118,12,-12,0.0,40.0,0.0,20.0,0.0,-15.0,0.0,0.0,25.0,0.0,8.0
44,1394,118,1355,1354,0,1,4.1,7.0,170.0,7.0,95.9,30460,49780,19320,0.6342744583059751,0,0,1.0,0.0,-40.0,0.0,0.0,-15.0,25.0,12.0,25.0,0.0,0.0
44,1394,120,1351,1354,0,1,2.1,3.6,170.0,8.0,97.9,30460,32440,1980,0.06500328299409061,0,0,1.0,0.0,-40.0,0.0,0.0,-15.0,25.0,8.6,25.0,0.0,0.0
44,1394,92,1333,1354,0,1,0.0,-30.0,158.0,9.0,100.0,30460,47620,17160,0.5633617859487853,8,-8,0.0,0.0,-40.0,0.0,0.0,-15.0,0.0,0.0,25.0,0.0,0.0
44,1394,106,1341,1354,0,1,0.0,-27.0,158.0,10.0,100.0,30460,17760,12700,0.4169402495075509,5,-5,0.0,0.0,-40.0,0.0,0.0,-15.0,3.0,0.0,25.0,0.0,0.0
44,1394,111,1343,1354,0,1,0.0,-24.52,158.0,11.0,100.0,30460,36260,5800,0.19041365725541695,4,-4,0.0,0.0,-40.0,0.0,0.0,-15.0,3.0,0.0,25.0,0.0,2.48
44,1394,86,1325,1354,0,1,0.0,-27.52,158.0,12.0,100.0,30460,34780,4320,0.14182534471437952,12,-12,0.0,0.0,-40.0,0.0,0.0,-15.0,0.0,0.0,25.0,0.0,2.48
44,1394,146,1359,1354,0,1,0.0,-15.0,158.0,13.0,100.0,30460,36900,6440,0.211424819435325,1,1,0.0,0.0,-40.0,0.0,0.0,-15.0,15.0,0.0,25.0,0.0,0.0
44,1394,190,1371,1354,0,1,0.0,-27.0,158.0,14.0,100.0,30460,38860,8400,0.2757715036112935,7,7,0.0,0.0,-40.0,0.0,0.0,-15.0,3.0,0.0,25.0,0.0,0.0
44,1394,194,1378,1354,0,1,0.0,-30.0,158.0,15.0,100.0,30460,39540,9080,0.2980958634274458,8,8,0.0,0.0,-40.0,0.0,0.0,-15.0,0.0,0.0,25.0,0.0,0.0
44,1394,195,1379,1354,0,1,0.0,-30.0,158.0,16.0,100.0,30460,40300,9840,0.3230466185160867,8,8,0.0,0.0,-40.0,0.0,0.0,-15.0,0.0,0.0,25.0,0.0,0.0
44,1394,83,1322,1354,0,1,0.0,-30.0,158.0,17.0,100.0,30460,42600,12140,0.3985554826001313,14,-14,0.0,0.0,-40.0,0.0,0.0,-15.0,0.0,0.0,25.0,0.0,0.0
45,1383,112,1344,1344,1,1,100.0,169.99,170.0,1.0,0.0,47060,47060,0,0.0,0,0,1.0,40.0,0.0,20.0,40.0,0.0,25.0,11.99,25.0,0.0,8.0
45,1383,113,1345,1344,0,1,67.6,114.84,170.0,2.0,32.400000000000006,47060,18960,28100,0.5971100722481938,0,0,1.0,40.0,0.0,20.0,0.0,-15.0,25.0,11.84,25.0,0.0,8.0
45,1383,110,1342,1344,0,1,65.2,110.92,170.0,3.0,34.8,47060,56280,9220,0.19592010199745005,0,0,1.0,40.0,0.0,20.0,0.0,-15.0,25.0,7.92,25.0,0.0,8.0
45,1383,109,1348,1344,0,1,63.8,108.41,170.0,4.0,36.2,47060,11020,36040,0.7658308542286443,0,0,1.0,40.0,0.0,20.0,0.0,-15.0,25.0,5.41,25.0,0.0,8.0
45,1383,107,1338,1344,0,1,58.9,93.0,158.0,5.0,41.1,47060,50820,3760,0.07989800254993625,1,-1,0.0,40.0,0.0,20.0,0.0,-15.0,15.0,0.0,25.0,0.0,8.0
45,1383,179,1365,1344,0,1,51.3,81.0,158.0,6.0,48.7,47060,25760,21300,0.45261368465788354,7,7,0.0,40.0,0.0,20.0,0.0,-15.0,3.0,0.0,25.0,0.0,8.0
45,1383,143,1361,1344,0,1,51.3,81.0,158.0,7.0,48.7,47060,17400,29660,0.630259243518912,5,5,0.0,40.0,0.0,20.0,0.0,-15.0,3.0,0.0,25.0,0.0,8.0
45,1383,142,1360,1344,0,1,51.3,81.0,158.0,8.0,48.7,47060,21020,26040,0.5533361665958351,5,5,0.0,40.0,0.0,20.0,0.0,-15.0,3.0,0.0,25.0,0.0,8.0
45,1383,76,1314,1344,0,1,49.4,78.0,158.0,9.0,50.6,47060,41080,5980,0.1270718232044199,14,-14,0.0,40.0,0.0,20.0,0.0,-15.0,0.0,0.0,25.0,0.0,8.0
45,1383,77,1315,1344,0,1,49.4,78.0,158.0,10.0,50.6,47060,54200,7140,0.15172120696982574,14,-14,0.0,40.0,0.0,20.0,0.0,-15.0,0.0,0.0,25.0,0.0,8.0
45,1383,189,1370,1344,0,1,49.4,78.0,158.0,11.0,50.6,47060,20980,26080,0.5541861453463663,11,11,0.0,40.0,0.0,20.0,0.0,-15.0,0.0,0.0,25.0,0.0,8.0
45,1383,187,1368,1344,0,1,49.4,78.0,158.0,12.0,50.6,47060,14140,32920,0.6995325116872079,11,11,0.0,40.0,0.0,20.0,0.0,-15.0,0.0,0.0,25.0,0.0,8.0
45,1383,180,1367,1344,0,1,49.4,78.0,158.0,13.0,50.6,47060,22600,24460,0.5197620059498512,10,10,0.0,40.0,0.0,20.0,0.0,-15.0,0.0,0.0,25.0,0.0,8.0
45,1383,119,1350,1344,0,1,24.0,37.98,158.0,14.0,76.0,47060,49500,2440,0.05184870378240544,4,4,0.0,40.0,0.0,20.0,0.0,-15.0,3.0,0.0,0.0,-15.0,4.98
45,1383,141,1353,1344,0,1,0.0,-38.29,158.0,15.0,100.0,47060,46160,900,0.019124521886952826,4,4,0.0,0.0,-40.0,0.0,11.75,0.0,3.0,0.0,0.0,-15.0,1.96
45,1383,104,1336,1344,0,1,0.0,-10.02,158.0,16.0,100.0,47060,38140,8920,0.18954526136846578,1,-1,0.0,0.0,-40.0,0.0,0.0,-15.0,15.0,0.0,25.0,0.0,4.98
45,1383,103,1337,1344,0,1,0.0,-17.52,158.0,17.0,100.0,47060,23980,23080,0.4904377390565236,2,-2,0.0,0.0,-40.0,0.0,0.0,-15.0,7.5,0.0,25.0,0.0,4.98
45,1383,92,1333,1344,0,1,0.0,-25.8,158.0,18.0,100.0,47060,47620,560,0.011899702507437314,4,-4,0.0,0.0,-40.0,0.0,26.2,0.0,3.0,0.0,0.0,-15.0,0.0
45,1383,84,1323,1344,0,1,0.0,-25.02,158.0,19.0,100.0,47060,39200,7860,0.167020824479388,10,-10,0.0,0.0,-40.0,0.0,0.0,-15.0,0.0,0.0,25.0,0.0,4.98
45,1383,181,1386,1344,0,1,0.0,-30.0,158.0,20.0,100.0,47060,366,46694,0.9922226944326392,10,10,0.0,0.0,-40.0,0.0,0.0,-15.0,0.0,0.0,25.0,0.0,0.0
45,1383,182,1386,1344,0,1,0.0,-30.0,158.0,21.0,100.0,47060,263,46797,0.9944113897152571,10,10,0.0,0.0,-40.0,0.0,0.0,-15.0,0.0,0.0,25.0,0.0,0.0
45,1383,183,1386,1344,0,1,0.0,-30.0,158.0,22.0,100.0,47060,2706,44354,0.9424989375265619,10,10,0.0,0.0,-40.0,0.0,0.0,-15.0,0.0,0.0,25.0,0.0,0.0
45,1383,184,1386,1344,0,1,0.0,-30.0,158.0,23.0,100.0,47060,638,46422,0.9864428389290267,10,10,0.0,0.0,-40.0,0.0,0.0,-15.0,0.0,0.0,25.0,0.0,0.0
45,1383,185,1386,1344,0,1,0.0,-30.0,158.0,24.0,100.0,47060,1182,45878,0.974883127921802,10,10,0.0,0.0,-40.0,0.0,0.0,-15.0,0.0,0.0,25.0,0.0,0.0
45,1383,82,1321,1344,0,1,0.0,-28.54,158.0,25.0,100.0,47060,46460,600,0.012749681257968552,10,-10,0.0,0.0,-40.0,0.0,24.5,0.0,0.0,0.0,0.0,-15.0,1.96
45,1383,79,1318,1344,0,1,0.0,-25.02,158.0,26.0,100.0,47060,20040,27020,0.5741606459838504,11,-11,0.0,0.0,-40.0,0.0,0.0,-15.0,0.0,0.0,25.0,0.0,4.98
45,1383,201,1382,1344,0,1,0.0,-25.02,158.0,27.0,100.0,47060,29040,18020,0.38291542711432214,13,13,0.0,0.0,-40.0,0.0,0.0,-15.0,0.0,0.0,25.0,0.0,4.98
46,1382,110,1342,1342,1,1,99.7,169.56,170.0,1.0,0.0,56280,56280,0,0.0,0,0,1.0,40.0,0.0,20.0,40.0,0.0,25.0,11.56,25.0,0.0,8.0
46,1382,109,1348,1342,0,1,65.9,112.05,170.0,2.0,33.8,56280,11020,45260,0.8041933191186923,0,0,1.0,40.0,0.0,20.0,0.0,-15.0,25.0,9.05,25.0,0.0,8.0
46,1382,112,1344,1342,0,1,65.5,111.36,170.0,3.0,34.2,56280,47060,9220,0.16382373845060413,0,0,1.0,40.0,0.0,20.0,0.0,-15.0,25.0,8.36,25.0,0.0,8.0
46,1382,113,1345,1342,0,1,65.4,111.19,170.0,4.0,34.3,56280,18960,37320,0.6631130063965884,0,0,1.0,40.0,0.0,20.0,0.0,-15.0,25.0,8.19,25.0,0.0,8.0
46,1382,107,1338,1342,0,1,58.9,93.0,158.0,5.0,40.800000000000004,56280,50820,5460,0.09701492537313433,1,-1,0.0,40.0,0.0,20.0,0.0,-15.0,15.0,0.0,25.0,0.0,8.0
46,1382,142,1360,1342,0,1,51.3,81.0,158.0,6.0,48.400000000000006,56280,21020,35260,0.6265103056147833,5,5,0.0,40.0,0.0,20.0,0.0,-15.0,3.0,0.0,25.0,0.0,8.0
46,1382,179,1365,1342,0,1,51.3,81.0,158.0,7.0,48.400000000000006,56280,25760,30520,0.5422885572139303,7,7,0.0,40.0,0.0,20.0,0.0,-15.0,3.0,0.0,25.0,0.0,8.0
46,1382,143,1361,1342,0,1,51.3,81.0,158.0,8.0,48.400000000000006,56280,17400,38880,0.6908315565031983,5,5,0.0,40.0,0.0,20.0,0.0,-15.0,3.0,0.0,25.0,0.0,8.0
46,1382,77,1315,1342,0,1,49.4,78.0,158.0,9.0,50.300000000000004,56280,54200,2080,0.03695806680881308,14,-14,0.0,40.0,0.0,20.0,0.0,-15.0,0.0,0.0,25.0,0.0,8.0
46,1382,189,1370,1342,0,1,49.4,78.0,158.0,10.0,50.300000000000004,56280,20980,35300,0.6272210376687989,11,11,0.0,40.0,0.0,20.0,0.0,-15.0,0.0,0.0,25.0,0.0,8.0
46,1382,187,1368,1342,0,1,49.4,78.0,158.0,11.0,50.300000000000004,56280,14140,42140,0.7487562189054726,11,11,0.0,40.0,0.0,20.0,0.0,-15.0,0.0,0.0,25.0,0.0,8.0
46,1382,180,1367,1342,0,1,49.4,78.0,158.0,12.0,50.300000000000004,56280,22600,33680,0.5984363894811656,10,10,0.0,40.0,0.0,20.0,0.0,-15.0,0.0,0.0,25.0,0.0,8.0
46,1382,76,1314,1342,0,1,49.4,78.0,158.0,13.0,50.300000000000004,56280,41080,15200,0.27007818052594174,14,-14,0.0,40.0,0.0,20.0,0.0,-15.0,0.0,0.0,25.0,0.0,8.0
46,1382,119,1350,1342,0,1,24.0,37.98,158.0,14.0,75.7,56280,49500,6780,0.12046908315565032,4,4,0.0,40.0,0.0,20.0,0.0,-15.0,3.0,0.0,0.0,-15.0,4.98
46,1382,104,1336,1342,0,1,0.0,-10.02,158.0,15.0,99.7,56280,38140,18140,0.322316986496091,1,-1,0.0,0.0,-40.0,0.0,0.0,-15.0,15.0,0.0,25.0,0.0,4.98
46,1382,103,1337,1342,0,1,0.0,-17.52,158.0,16.0,99.7,56280,23980,32300,0.5739161336176262,2,-2,0.0,0.0,-40.0,0.0,0.0,-15.0,7.5,0.0,25.0,0.0,4.98
46,1382,181,1386,1342,0,1,0.0,-30.0,158.0,17.0,99.7,56280,366,55914,0.9934968017057569,10,10,0.0,0.0,-40.0,0.0,0.0,-15.0,0.0,0.0,25.0,0.0,0.0
46,1382,182,1386,1342,0,1,0.0,-30.0,158.0,18.0,99.7,56280,263,56017,0.9953269367448472,10,10,0.0,0.0,-40.0,0.0,0.0,-15.0,0.0,0.0,25.0,0.0,0.0
46,1382,183,1386,1342,0,1,0.0,-30.0,158.0,19.0,99.7,56280,2706,53574,0.9519189765458422,10,10,0.0,0.0,-40.0,0.0,0.0,-15.0,0.0,0.0,25.0,0.0,0.0
46,1382,184,1386,1342,0,1,0.0,-30.0,158.0,20.0,99.7,56280,638,55642,0.9886638237384506,10,10,0.0,0.0,-40.0,0.0,0.0,-15.0,0.0,0.0,25.0,0.0,0.0
46,1382,185,1386,1342,0,1,0.0,-30.0,158.0,21.0,99.7,56280,1182,55098,0.9789978678038379,10,10,0.0,0.0,-40.0,0.0,0.0,-15.0,0.0,0.0,25.0,0.0,0.0
46,1382,84,1323,1342,0,1,0.0,-25.02,158.0,22.0,99.7,56280,39200,17080,0.3034825870646766,10,-10,0.0,0.0,-40.0,0.0,0.0,-15.0,0.0,0.0,25.0,0.0,4.98
46,1382,79,1318,1342,0,1,0.0,-25.02,158.0,23.0,99.7,56280,20040,36240,0.6439232409381663,11,-11,0.0,0.0,-40.0,0.0,0.0,-15.0,0.0,0.0,25.0,0.0,4.98
46,1382,201,1382,1342,0,1,0.0,-25.02,158.0,24.0,99.7,56280,29040,27240,0.4840085287846482,13,13,0.0,0.0,-40.0,0.0,0.0,-15.0,0.0,0.0,25.0,0.0,4.98
47,1387,113,1345,1345,1,1,96.0,163.27,170.0,1.0,0.0,18960,18960,0,0.0,0,0,1.0,40.0,0.0,20.0,40.0,0.0,25.0,5.27,25.0,0.0,8.0
47,1387,109,1348,1345,0,1,67.6,114.98,170.0,2.0,28.400000000000006,18960,11020,7940,0.41877637130801687,0,0,1.0,40.0,0.0,20.0,0.0,-15.0,25.0,11.98,25.0,0.0,8.0
47,1387,110,1342,1345,0,1,66.2,112.51,170.0,3.0,29.799999999999997,18960,56280,37320,1.9683544303797469,0,0,1.0,40.0,0.0,20.0,0.0,-15.0,25.0,9.51,25.0,0.0,8.0
47,1387,112,1344,1345,0,1,63.8,108.44,170.0,4.0,32.2,18960,47060,28100,1.4820675105485233,0,0,1.0,40.0,0.0,20.0,0.0,-15.0,25.0,5.44,25.0,0.0,8.0
47,1387,107,1338,1345,0,1,58.9,93.0,158.0,5.0,37.1,18960,50820,31860,1.6803797468354431,1,-1,0.0,40.0,0.0,20.0,0.0,-15.0,15.0,0.0,25.0,0.0,8.0
47,1387,142,1360,1345,0,1,51.3,81.0,158.0,6.0,44.7,18960,21020,2060,0.10864978902953587,5,5,0.0,40.0,0.0,20.0,0.0,-15.0,3.0,0.0,25.0,0.0,8.0
47,1387,179,1365,1345,0,1,51.3,81.0,158.0,7.0,44.7,18960,25760,6800,0.35864978902953587,7,7,0.0,40.0,0.0,20.0,0.0,-15.0,3.0,0.0,25.0,0.0,8.0
47,1387,143,1361,1345,0,1,51.3,81.0,158.0,8.0,44.7,18960,17400,1560,0.08227848101265822,5,5,0.0,40.0,0.0,20.0,0.0,-15.0,3.0,0.0,25.0,0.0,8.0
47,1387,77,1315,1345,0,1,49.4,78.0,158.0,9.0,46.6,18960,54200,35240,1.858649789029536,14,-14,0.0,40.0,0.0,20.0,0.0,-15.0,0.0,0.0,25.0,0.0,8.0
47,1387,189,1370,1345,0,1,49.4,78.0,158.0,10.0,46.6,18960,20980,2020,0.10654008438818566,11,11,0.0,40.0,0.0,20.0,0.0,-15.0,0.0,0.0,25.0,0.0,8.0
47,1387,187,1368,1345,0,1,49.4,78.0,158.0,11.0,46.6,18960,14140,4820,0.2542194092827004,11,11,0.0,40.0,0.0,20.0,0.0,-15.0,0.0,0.0,25.0,0.0,8.0
47,1387,180,1367,1345,0,1,49.4,78.0,158.0,12.0,46.6,18960,22600,3640,0.19198312236286919,10,10,0.0,40.0,0.0,20.0,0.0,-15.0,0.0,0.0,25.0,0.0,8.0
47,1387,76,1314,1345,0,1,49.4,78.0,158.0,13.0,46.6,18960,41080,22120,1.1666666666666667,14,-14,0.0,40.0,0.0,20.0,0.0,-15.0,0.0,0.0,25.0,0.0,8.0
47,1387,119,1350,1345,0,1,24.0,37.98,158.0,14.0,72.0,18960,49500,30540,1.610759493670886,4,4,0.0,40.0,0.0,20.0,0.0,-15.0,3.0,0.0,0.0,-15.0,4.98
47,1387,104,1336,1345,0,1,0.0,-10.02,158.0,15.0,96.0,18960,38140,19180,1.011603375527426,1,-1,0.0,0.0,-40.0,0.0,0.0,-15.0,15.0,0.0,25.0,0.0,4.98
47,1387,103,1337,1345,0,1,0.0,-17.52,158.0,16.0,96.0,18960,23980,5020,0.26476793248945146,2,-2,0.0,0.0,-40.0,0.0,0.0,-15.0,7.5,0.0,25.0,0.0,4.98
47,1387,181,1386,1345,0,1,0.0,-30.0,158.0,17.0,96.0,18960,366,18594,0.9806962025316456,10,10,0.0,0.0,-40.0,0.0,0.0,-15.0,0.0,0.0,25.0,0.0,0.0
47,1387,182,1386,1345,0,1,0.0,-30.0,158.0,18.0,96.0,18960,263,18697,0.9861286919831224,10,10,0.0,0.0,-40.0,0.0,0.0,-15.0,0.0,0.0,25.0,0.0,0.0
47,1387,183,1386,1345,0,1,0.0,-30.0,158.0,19.0,96.0,18960,2706,16254,0.8572784810126582,10,10,0.0,0.0,-40.0,0.0,0.0,-15.0,0.0,0.0,25.0,0.0,0.0
47,1387,184,1386,1345,0,1,0.0,-30.0,158.0,20.0,96.0,18960,638,18322,0.9663502109704641,10,10,0.0,0.0,-40.0,0.0,0.0,-15.0,0.0,0.0,25.0,0.0,0.0
47,1387,185,1386,1345,0,1,0.0,-30.0,158.0,21.0,96.0,18960,1182,17778,0.9376582278481013,10,10,0.0,0.0,-40.0,0.0,0.0,-15.0,0.0,0.0,25.0,0.0,0.0
47,1387,84,1323,1345,0,1,0.0,-25.02,158.0,22.0,96.0,18960,39200,20240,1.0675105485232068,10,-10,0.0,0.0,-40.0,0.0,0.0,-15.0,0.0,0.0,25.0,0.0,4.98
47,1387,79,1318,1345,0,1,0.0,-25.02,158.0,23.0,96.0,18960,20040,1080,0.056962025316455694,11,-11,0.0,0.0,-40.0,0.0,0.0,-15.0,0.0,0.0,25.0,0.0,4.98
47,1387,201,1382,1345,0,1,0.0,-25.02,158.0,24.0,96.0,18960,29040,10080,0.5316455696202531,13,13,0.0,0.0,-40.0,0.0,0.0,-15.0,0.0,0.0,25.0,0.0,4.98
48,1386,109,1348,1348,1,1,100.0,169.99,170.0,1.0,0.0,11020,11020,0,0.0,0,0,1.0,40.0,0.0,20.0,40.0,0.0,25.0,11.99,25.0,0.0,8.0
48,1386,110,1342,1348,0,1,66.2,112.5,170.0,2.0,33.8,11020,56280,45260,4.107078039927405,0,0,1.0,40.0,0.0,20.0,0.0,-15.0,25.0,9.5,25.0,0.0,8.0
48,1386,112,1344,1348,0,1,63.8,108.43,170.0,3.0,36.2,11020,47060,36040,3.2704174228675136,0,0,1.0,40.0,0.0,20.0,0.0,-15.0,25.0,5.43,25.0,0.0,8.0
48,1386,113,1345,1348,0,1,63.7,108.26,170.0,4.0,36.3,11020,18960,7940,0.720508166969147,0,0,1.0,40.0,0.0,20.0,0.0,-15.0,25.0,5.26,25.0,0.0,8.0
48,1386,107,1338,1348,0,1,58.9,93.0,158.0,5.0,41.1,11020,50820,39800,3.6116152450090744,1,-1,0.0,40.0,0.0,20.0,0.0,-15.0,15.0,0.0,25.0,0.0,8.0
48,1386,142,1360,1348,0,1,51.3,81.0,158.0,6.0,48.7,11020,21020,10000,0.9074410163339383,5,5,0.0,40.0,0.0,20.0,0.0,-15.0,3.0,0.0,25.0,0.0,8.0
48,1386,179,1365,1348,0,1,51.3,81.0,158.0,7.0,48.7,11020,25760,14740,1.337568058076225,7,7,0.0,40.0,0.0,20.0,0.0,-15.0,3.0,0.0,25.0,0.0,8.0
48,1386,143,1361,1348,0,1,51.3,81.0,158.0,8.0,48.7,11020,17400,6380,0.5789473684210527,5,5,0.0,40.0,0.0,20.0,0.0,-15.0,3.0,0.0,25.0,0.0,8.0
48,1386,77,1315,1348,0,1,49.4,78.0,158.0,9.0,50.6,11020,54200,43180,3.9183303085299457,14,-14,0.0,40.0,0.0,20.0,0.0,-15.0,0.0,0.0,25.0,0.0,8.0
48,1386,189,1370,1348,0,1,49.4,78.0,158.0,10.0,50.6,11020,20980,9960,0.9038112522686026,11,11,0.0,40.0,0.0,20.0,0.0,-15.0,0.0,0.0,25.0,0.0,8.0
48,1386,187,1368,1348,0,1,49.4,78.0,158.0,11.0,50.6,11020,14140,3120,0.2831215970961887,11,11,0.0,40.0,0.0,20.0,0.0,-15.0,0.0,0.0,25.0,0.0,8.0
48,1386,180,1367,1348,0,1,49.4,78.0,158.0,12.0,50.6,11020,22600,11580,1.0508166969147006,10,10,0.0,40.0,0.0,20.0,0.0,-15.0,0.0,0.0,25.0,0.0,8.0
48,1386,76,1314,1348,0,1,49.4,78.0,158.0,13.0,50.6,11020,41080,30060,2.7277676950998186,14,-14,0.0,40.0,0.0,20.0,0.0,-15.0,0.0,0.0,25.0,0.0,8.0
48,1386,119,1350,1348,0,1,24.0,37.98,158.0,14.0,76.0,11020,49500,38480,3.4918330308529946,4,4,0.0,40.0,0.0,20.0,0.0,-15.0,3.0,0.0,0.0,-15.0,4.98
48,1386,175,1363,1348,0,1,0.0,-20.87,158.0,15.0,100.0,11020,10916,104,0.009437386569872959,7,7,0.0,0.0,-40.0,0.0,31.13,0.0,3.0,0.0,0.0,-15.0,0.0
48,1386,104,1336,1348,0,1,0.0,-10.02,158.0,16.0,100.0,11020,38140,27120,2.4609800362976406,1,-1,0.0,0.0,-40.0,0.0,0.0,-15.0,15.0,0.0,25.0,0.0,4.98
48,1386,103,1337,1348,0,1,0.0,-17.52,158.0,17.0,100.0,11020,23980,12960,1.176043557168784,2,-2,0.0,0.0,-40.0,0.0,0.0,-15.0,7.5,0.0,25.0,0.0,4.98
48,1386,181,1386,1348,0,1,0.0,-30.0,158.0,18.0,100.0,11020,366,10654,0.9667876588021779,10,10,0.0,0.0,-40.0,0.0,0.0,-15.0,0.0,0.0,25.0,0.0,0.0
48,1386,182,1386,1348,0,1,0.0,-30.0,158.0,19.0,100.0,11020,263,10757,0.9761343012704174,10,10,0.0,0.0,-40.0,0.0,0.0,-15.0,0.0,0.0,25.0,0.0,0.0
48,1386,183,1386,1348,0,1,0.0,-30.0,158.0,20.0,100.0,11020,2706,8314,0.7544464609800363,10,10,0.0,0.0,-40.0,0.0,0.0,-15.0,0.0,0.0,25.0,0.0,0.0
48,1386,184,1386,1348,0,1,0.0,-30.0,158.0,21.0,100.0,11020,638,10382,0.9421052631578948,10,10,0.0,0.0,-40.0,0.0,0.0,-15.0,0.0,0.0,25.0,0.0,0.0
48,1386,185,1386,1348,0,1,0.0,-30.0,158.0,22.0,100.0,11020,1182,9838,0.8927404718693285,10,10,0.0,0.0,-40.0,0.0,0.0,-15.0,0.0,0.0,25.0,0.0,0.0
48,1386,84,1323,1348,0,1,0.0,-25.02,158.0,23.0,100.0,11020,39200,28180,2.557168784029038,10,-10,0.0,0.0,-40.0,0.0,0.0,-15.0,0.0,0.0,25.0,0.0,4.98
48,1386,79,1318,1348,0,1,0.0,-25.02,158.0,24.0,100.0,11020,20040,9020,0.8185117967332124,11,-11,0.0,0.0,-40.0,0.0,0.0,-15.0,0.0,0.0,25.0,0.0,4.98
48,1386,201,1382,1348,0,1,0.0,-25.02,158.0,25.0,100.0,11020,29040,18020,1.6352087114337568,13,13,0.0,0.0,-40.0,0.0,0.0,-15.0,0.0,0.0,25.0,0.0,4.98
49,1380,106,1341,1341,1,1,100.0,169.99,170.0,1.0,0.0,17760,17760,0,0.0,0,0,1.0,40.0,0.0,20.0,40.0,0.0,25.0,11.99,25.0,0.0,8.0
49,1380,92,1333,1341,0,1,54.1,85.5,158.0,2.0,45.9,17760,47620,29860,1.6813063063063063,3,-3,0.0,40.0,0.0,20.0,0.0,-15.0,7.5,0.0,25.0,0.0,8.0
49,1380,118,1355,1341,0,1,51.3,81.0,158.0,3.0,48.7,17760,49780,32020,1.802927927927928,5,5,0.0,40.0,0.0,20.0,0.0,-15.0,3.0,0.0,25.0,0.0,8.0
49,1380,146,1359,1341,0,1,51.3,81.0,158.0,4.0,48.7,17760,36900,19140,1.0777027027027026,6,6,0.0,40.0,0.0,20.0,0.0,-15.0,3.0,0.0,25.0,0.0,8.0
49,1380,195,1379,1341,0,1,49.4,78.0,158.0,5.0,50.6,17760,40300,22540,1.2691441441441442,13,13,0.0,40.0,0.0,20.0,0.0,-15.0,0.0,0.0,25.0,0.0,8.0
49,1380,83,1322,1341,0,1,49.4,78.0,158.0,6.0,50.6,17760,42600,24840,1.3986486486486487,9,-9,0.0,40.0,0.0,20.0,0.0,-15.0,0.0,0.0,25.0,0.0,8.0
49,1380,194,1378,1341,0,1,49.4,78.0,158.0,7.0,50.6,17760,39540,21780,1.2263513513513513,13,13,0.0,40.0,0.0,20.0,0.0,-15.0,0.0,0.0,25.0,0.0,8.0
49,1380,190,1371,1341,0,1,49.4,78.0,158.0,8.0,50.6,17760,38860,21100,1.188063063063063,12,12,0.0,40.0,0.0,20.0,0.0,-15.0,0.0,0.0,25.0,0.0,8.0
49,1380,88,1326,1341,0,1,25.5,40.28,158.0,9.0,74.5,17760,33940,16180,0.911036036036036,7,-7,0.0,40.0,0.0,20.0,0.0,-15.0,3.0,0.0,0.0,-15.0,7.28
49,1380,75,1313,1341,0,1,23.6,37.28,158.0,10.0,76.4,17760,38440,20680,1.1644144144144144,13,-13,0.0,40.0,0.0,20.0,0.0,-15.0,0.0,0.0,0.0,-15.0,7.28
49,1380,81,1320,1341,0,1,23.6,37.28,158.0,11.0,76.4,17760,27000,9240,0.5202702702702703,9,-9,0.0,40.0,0.0,20.0,0.0,-15.0,0.0,0.0,0.0,-15.0,7.28
49,1380,145,1358,1341,0,1,21.0,33.22,158.0,12.0,79.0,17760,37780,20020,1.1272522522522523,6,6,0.0,40.0,0.0,20.0,0.0,-15.0,3.0,0.0,0.0,-15.0,0.22
49,1380,188,1369,1341,0,1,19.1,30.22,158.0,13.0,80.9,17760,38560,20800,1.1711711711711712,12,12,0.0,40.0,0.0,20.0,0.0,-15.0,0.0,0.0,0.0,-15.0,0.22
49,1380,105,1340,1341,0,1,4.1,6.9,170.0,14.0,95.9,17760,35920,18160,1.0225225225225225,0,0,1.0,0.0,-40.0,0.0,0.0,-15.0,25.0,11.9,25.0,0.0,0.0
49,1380,191,1372,1341,0,1,0.0,-30.0,158.0,15.0,100.0,17760,34200,16440,0.9256756756756757,12,12,0.0,0.0,-40.0,0.0,0.0,-15.0,0.0,0.0,25.0,0.0,0.0
49,1380,186,1366,1341,0,1,0.0,-34.28,158.0,16.0,100.0,17760,18020,260,0.01463963963963964,11,11,0.0,0.0,-40.0,0.0,20.72,0.0,0.0,0.0,0.0,-15.0,0.0
49,1380,68,1305,1341,0,1,0.0,-30.0,158.0,17.0,100.0,17760,10500,7260,0.40878378378378377,14,-14,0.0,0.0,-40.0,0.0,0.0,-15.0,0.0,0.0,25.0,0.0,0.0
49,1380,143,1361,1341,0,1,0.0,-42.54,158.0,18.0,100.0,17760,17400,360,0.02027027027027027,6,6,0.0,0.0,-40.0,0.0,9.46,0.0,3.0,0.0,0.0,-15.0,0.0
49,1380,120,1351,1341,0,1,0.0,-25.08,158.0,19.0,100.0,17760,32440,14680,0.8265765765765766,5,5,0.0,0.0,-40.0,0.0,0.0,-15.0,3.0,0.0,25.0,0.0,1.92
49,1380,117,1354,1341,0,1,0.0,-27.0,158.0,20.0,100.0,17760,30460,12700,0.7150900900900901,5,5,0.0,0.0,-40.0,0.0,0.0,-15.0,3.0,0.0,25.0,0.0,0.0
49,1380,74,1312,1341,0,1,0.0,-30.0,158.0,21.0,100.0,17760,25760,8000,0.45045045045045046,13,-13,0.0,0.0,-40.0,0.0,0.0,-15.0,0.0,0.0,25.0,0.0,0.0
49,1380,91,1330,1341,0,1,0.0,-27.0,158.0,22.0,100.0,17760,27380,9620,0.5416666666666666,7,-7,0.0,0.0,-40.0,0.0,0.0,-15.0,3.0,0.0,25.0,0.0,0.0
49,1380,90,1329,1341,0,1,0.0,-27.0,158.0,23.0,100.0,17760,23680,5920,0.3333333333333333,7,-7,0.0,0.0,-40.0,0.0,0.0,-15.0,3.0,0.0,25.0,0.0,0.0
49,1380,86,1325,1341,0,1,0.0,-27.0,158.0,24.0,100.0,17760,34780,17020,0.9583333333333334,7,-7,0.0,0.0,-40.0,0.0,0.0,-15.0,3.0,0.0,25.0,0.0,0.0
49,1380,111,1343,1341,0,1,0.0,-15.0,158.0,25.0,100.0,17760,36260,18500,1.0416666666666667,1,1,0.0,0.0,-40.0,0.0,0.0,-15.0,15.0,0.0,25.0,0.0,0.0
50,1379,105,1340,1340,1,1,100.0,169.92,170.0,1.0,0.0,35920,35920,0,0.0,0,0,1.0,40.0,0.0,20.0,40.0,0.0,25.0,11.92,25.0,0.0,8.0
50,1379,90,1329,1340,0,1,51.3,81.0,158.0,2.0,48.7,35920,23680,12240,0.34075723830734966,7,-7,0.0,40.0,0.0,20.0,0.0,-15.0,3.0,0.0,25.0,0.0,8.0
50,1379,91,1330,1340,0,1,51.3,81.0,158.0,3.0,48.7,35920,27380,8540,0.23775055679287305,7,-7,0.0,40.0,0.0,20.0,0.0,-15.0,3.0,0.0,25.0,0.0,8.0
50,1379,117,1354,1340,0,1,51.3,81.0,158.0,4.0,48.7,35920,30460,5460,0.1520044543429844,5,5,0.0,40.0,0.0,20.0,0.0,-15.0,3.0,0.0,25.0,0.0,8.0
50,1379,191,1372,1340,0,1,49.4,78.0,158.0,5.0,50.6,35920,34200,1720,0.04788418708240535,12,12,0.0,40.0,0.0,20.0,0.0,-15.0,0.0,0.0,25.0,0.0,8.0
50,1379,74,1312,1340,0,1,49.4,78.0,158.0,6.0,50.6,35920,25760,10160,0.2828507795100223,13,-13,0.0,40.0,0.0,20.0,0.0,-15.0,0.0,0.0,25.0,0.0,8.0
50,1379,111,1343,1340,0,1,21.2,33.55,158.0,7.0,78.8,35920,36260,340,0.009465478841870824,1,1,0.0,0.0,-40.0,0.0,31.07,0.0,15.0,0.0,25.0,0.0,2.48
50,1379,106,1341,1340,0,1,4.1,7.0,170.0,8.0,95.9,35920,17760,18160,0.5055679287305123,0,0,1.0,0.0,-40.0,0.0,0.0,-15.0,25.0,12.0,25.0,0.0,0.0
50,1379,120,1351,1340,0,1,0.0,-27.0,158.0,9.0,100.0,35920,32440,3480,0.09688195991091314,5,5,0.0,0.0,-40.0,0.0,0.0,-15.0,3.0,0.0,25.0,0.0,0.0
50,1379,194,1378,1340,0,1,0.0,-30.0,158.0,10.0,100.0,35920,39540,3620,0.10077951002227171,13,13,0.0,0.0,-40.0,0.0,0.0,-15.0,0.0,0.0,25.0,0.0,0.0
50,1379,190,1371,1340,0,1,0.0,-30.0,158.0,11.0,100.0,35920,38860,2940,0.08184855233853007,12,12,0.0,0.0,-40.0,0.0,0.0,-15.0,0.0,0.0,25.0,0.0,0.0
50,1379,146,1359,1340,0,1,0.0,-27.0,158.0,12.0,100.0,35920,36900,980,0.027282850779510023,6,6,0.0,0.0,-40.0,0.0,0.0,-15.0,3.0,0.0,25.0,0.0,0.0
50,1379,68,1305,1340,0,1,0.0,-30.0,158.0,13.0,100.0,35920,10500,25420,0.7076837416481069,14,-14,0.0,0.0,-40.0,0.0,0.0,-15.0,0.0,0.0,25.0,0.0,0.0
50,1379,118,1355,1340,0,1,0.0,-27.0,158.0,14.0,100.0,35920,49780,13860,0.38585746102449886,5,5,0.0,0.0,-40.0,0.0,0.0,-15.0,3.0,0.0,25.0,0.0,0.0
50,1379,93,1334,1340,0,1,0.0,-14.79,158.0,15.0,100.0,35920,35340,580,0.016146993318485525,2,-2,0.0,0.0,-40.0,0.0,17.71,0.0,7.5,0.0,0.0,0.0,0.0
50,1379,92,1333,1340,0,1,0.0,-22.5,158.0,16.0,100.0,35920,47620,11700,0.3257238307349666,3,-3,0.0,0.0,-40.0,0.0,0.0,-15.0,7.5,0.0,25.0,0.0,0.0
50,1379,86,1325,1340,0,1,0.0,-24.52,158.0,17.0,100.0,35920,34780,1140,0.03173719376391982,7,-7,0.0,0.0,-40.0,0.0,0.0,-15.0,3.0,0.0,25.0,0.0,2.48
50,1379,83,1322,1340,0,1,0.0,-30.0,158.0,18.0,100.0,35920,42600,6680,0.18596881959910913,9,-9,0.0,0.0,-40.0,0.0,0.0,-15.0,0.0,0.0,25.0,0.0,0.0
50,1379,195,1379,1340,0,1,0.0,-30.0,158.0,19.0,100.0,35920,40300,4380,0.12193763919821826,13,13,0.0,0.0,-40.0,0.0,0.0,-15.0,0.0,0.0,25.0,0.0,0.0
51,1378,107,1338,1338,1,1,99.6,169.39,170.0,1.0,0.0,50820,50820,0,0.0,0,0,1.0,40.0,0.0,20.0,40.0,0.0,25.0,11.39,25.0,0.0,8.0
51,1378,66,1303,1338,0,1,84.2,133.0,158.0,2.0,15.399999999999991,50820,50860,40,0.0007870916961826052,14,-14,0.0,40.0,0.0,20.0,40.0,0.0,0.0,0.0,25.0,0.0,8.0
51,1378,109,1348,1338,0,1,58.9,93.0,158.0,3.0,40.699999999999996,50820,11020,39800,0.7831562377016923,1,1,0.0,40.0,0.0,20.0,0.0,-15.0,15.0,0.0,25.0,0.0,8.0
51,1378,110,1342,1338,0,1,58.9,93.0,158.0,4.0,40.699999999999996,50820,56280,5460,0.10743801652892562,1,1,0.0,40.0,0.0,20.0,0.0,-15.0,15.0,0.0,25.0,0.0,8.0
51,1378,112,1344,1338,0,1,58.9,93.0,158.0,5.0,40.699999999999996,50820,47060,3760,0.0739866194411649,1,1,0.0,40.0,0.0,20.0,0.0,-15.0,15.0,0.0,25.0,0.0,8.0
51,1378,113,1345,1338,0,1,58.9,93.0,158.0,6.0,40.699999999999996,50820,18960,31860,0.6269185360094451,1,1,0.0,40.0,0.0,20.0,0.0,-15.0,15.0,0.0,25.0,0.0,8.0
51,1378,143,1361,1338,0,1,51.3,81.0,158.0,7.0,48.3,50820,17400,33420,0.6576151121605667,6,6,0.0,40.0,0.0,20.0,0.0,-15.0,3.0,0.0,25.0,0.0,8.0
51,1378,142,1360,1338,0,1,51.3,81.0,158.0,8.0,48.3,50820,21020,29800,0.5863833136560409,6,6,0.0,40.0,0.0,20.0,0.0,-15.0,3.0,0.0,25.0,0.0,8.0
51,1378,76,1314,1338,0,1,49.4,78.0,158.0,9.0,50.199999999999996,50820,41080,9740,0.19165682802046438,13,-13,0.0,40.0,0.0,20.0,0.0,-15.0,0.0,0.0,25.0,0.0,8.0
51,1378,187,1368,1338,0,1,49.4,78.0,158.0,10.0,50.199999999999996,50820,14140,36680,0.721763085399449,12,12,0.0,40.0,0.0,20.0,0.0,-15.0,0.0,0.0,25.0,0.0,8.0
51,1378,180,1367,1338,0,1,49.4,78.0,158.0,11.0,50.199999999999996,50820,22600,28220,0.555293191656828,11,11,0.0,40.0,0.0,20.0,0.0,-15.0,0.0,0.0,25.0,0.0,8.0
51,1378,179,1365,1338,0,1,49.4,78.0,158.0,12.0,50.199999999999996,50820,25760,25060,0.4931129476584022,8,8,0.0,40.0,0.0,20.0,0.0,-15.0,0.0,0.0,25.0,0.0,8.0
51,1378,189,1370,1338,0,1,49.4,78.0,158.0,13.0,50.199999999999996,50820,20980,29840,0.5871704053522235,12,12,0.0,40.0,0.0,20.0,0.0,-15.0,0.0,0.0,25.0,0.0,8.0
51,1378,77,1315,1338,0,1,49.4,78.0,158.0,14.0,50.199999999999996,50820,54200,3380,0.06650924832743015,13,-13,0.0,40.0,0.0,20.0,0.0,-15.0,0.0,0.0,25.0,0.0,8.0
51,1378,119,1350,1338,0,1,24.0,37.98,158.0,15.0,75.6,50820,49500,1320,0.025974025974025976,5,5,0.0,40.0,0.0,20.0,0.0,-15.0,3.0,0.0,0.0,-15.0,4.98
51,1378,104,1336,1338,0,1,7.0,11.84,170.0,16.0,92.6,50820,38140,12680,0.24950806768988587,0,0,1.0,0.0,-40.0,0.0,0.0,-15.0,25.0,11.86,25.0,0.0,4.98
51,1378,103,1337,1338,0,1,0.0,-10.02,158.0,17.0,99.6,50820,23980,26840,0.5281385281385281,1,-1,0.0,0.0,-40.0,0.0,0.0,-15.0,15.0,0.0,25.0,0.0,4.98
51,1378,84,1323,1338,0,1,0.0,-25.02,158.0,18.0,99.6,50820,39200,11620,0.22865013774104684,9,-9,0.0,0.0,-40.0,0.0,0.0,-15.0,0.0,0.0,25.0,0.0,4.98
51,1378,79,1318,1338,0,1,0.0,-25.02,158.0,19.0,99.6,50820,20040,30780,0.6056670602125147,10,-10,0.0,0.0,-40.0,0.0,0.0,-15.0,0.0,0.0,25.0,0.0,4.98
51,1378,181,1386,1338,0,1,0.0,-30.0,158.0,20.0,99.6,50820,366,50454,0.9927981109799292,11,11,0.0,0.0,-40.0,0.0,0.0,-15.0,0.0,0.0,25.0,0.0,0.0
51,1378,182,1386,1338,0,1,0.0,-30.0,158.0,21.0,99.6,50820,263,50557,0.9948248720975994,11,11,0.0,0.0,-40.0,0.0,0.0,-15.0,0.0,0.0,25.0,0.0,0.0
51,1378,183,1386,1338,0,1,0.0,-30.0,158.0,22.0,99.6,50820,2706,48114,0.9467532467532468,11,11,0.0,0.0,-40.0,0.0,0.0,-15.0,0.0,0.0,25.0,0.0,0.0
51,1378,184,1386,1338,0,1,0.0,-30.0,158.0,23.0,99.6,50820,638,50182,0.9874458874458875,11,11,0.0,0.0,-40.0,0.0,0.0,-15.0,0.0,0.0,25.0,0.0,0.0
51,1378,185,1386,1338,0,1,0.0,-30.0,158.0,24.0,99.6,50820,1182,49638,0.976741440377804,11,11,0.0,0.0,-40.0,0.0,0.0,-15.0,0.0,0.0,25.0,0.0,0.0
51,1378,118,1355,1338,0,1,0.0,-42.93,158.0,25.0,99.6,50820,49780,1040,0.02046438410074774,5,5,0.0,0.0,-40.0,0.0,9.07,0.0,3.0,0.0,0.0,-15.0,0.0
52,1375,103,1337,1337,1,1,100.0,169.99,170.0,1.0,0.0,23980,23980,0,0.0,0,0,1.0,40.0,0.0,20.0,40.0,0.0,25.0,11.99,25.0,0.0,8.0
52,1375,79,1318,1337,0,1,49.4,78.0,158.0,2.0,50.6,23980,20040,3940,0.16430358632193495,9,-9,0.0,40.0,0.0,20.0,0.0,-15.0,0.0,0.0,25.0,0.0,8.0
52,1375,64,1301,1337,0,1,0.0,-24.76,158.0,3.0,100.0,23980,56280,32300,1.3469557964970809,14,-14,0.0,0.0,-40.0,0.0,0.0,-15.0,0.0,0.0,25.0,0.0,5.24
52,1375,142,1360,1337,0,1,0.0,-21.76,158.0,4.0,100.0,23980,21020,2960,0.12343619683069225,7,7,0.0,0.0,-40.0,0.0,0.0,-15.0,3.0,0.0,25.0,0.0,5.24
52,1375,187,1368,1337,0,1,0.0,-24.76,158.0,5.0,100.0,23980,14140,9840,0.4103419516263553,13,13,0.0,0.0,-40.0,0.0,0.0,-15.0,0.0,0.0,25.0,0.0,5.24
52,1375,185,1386,1337,0,1,0.0,-30.0,158.0,6.0,100.0,23980,1182,22798,0.9507089241034196,12,12,0.0,0.0,-40.0,0.0,0.0,-15.0,0.0,0.0,25.0,0.0,0.0
52,1375,184,1386,1337,0,1,0.0,-30.0,158.0,7.0,100.0,23980,638,23342,0.9733944954128441,12,12,0.0,0.0,-40.0,0.0,0.0,-15.0,0.0,0.0,25.0,0.0,0.0
52,1375,183,1386,1337,0,1,0.0,-30.0,158.0,8.0,100.0,23980,2706,21274,0.8871559633027523,12,12,0.0,0.0,-40.0,0.0,0.0,-15.0,0.0,0.0,25.0,0.0,0.0
52,1375,182,1386,1337,0,1,0.0,-30.0,158.0,9.0,100.0,23980,263,23717,0.9890325271059216,12,12,0.0,0.0,-40.0,0.0,0.0,-15.0,0.0,0.0,25.0,0.0,0.0
52,1375,181,1386,1337,0,1,0.0,-30.0,158.0,10.0,100.0,23980,366,23614,0.9847372810675563,12,12,0.0,0.0,-40.0,0.0,0.0,-15.0,0.0,0.0,25.0,0.0,0.0
52,1375,180,1367,1337,0,1,0.0,-24.76,158.0,11.0,100.0,23980,22600,1380,0.057547956630525435,12,12,0.0,0.0,-40.0,0.0,0.0,-15.0,0.0,0.0,25.0,0.0,5.24
52,1375,179,1365,1337,0,1,0.0,-24.76,158.0,12.0,100.0,23980,25760,1780,0.07422852376980818,9,9,0.0,0.0,-40.0,0.0,0.0,-15.0,0.0,0.0,25.0,0.0,5.24
52,1375,143,1361,1337,0,1,0.0,-21.76,158.0,13.0,100.0,23980,17400,6580,0.274395329441201,7,7,0.0,0.0,-40.0,0.0,0.0,-15.0,3.0,0.0,25.0,0.0,5.24
52,1375,112,1344,1337,0,1,0.0,-17.26,158.0,14.0,100.0,23980,47060,23080,0.9624687239366139,2,2,0.0,0.0,-40.0,0.0,0.0,-15.0,7.5,0.0,25.0,0.0,5.24
52,1375,113,1345,1337,0,1,0.0,-17.26,158.0,15.0,100.0,23980,18960,5020,0.20934111759799834,2,2,0.0,0.0,-40.0,0.0,0.0,-15.0,7.5,0.0,25.0,0.0,5.24
52,1375,66,1303,1337,0,1,0.0,-24.76,158.0,16.0,100.0,23980,50860,26880,1.1209341117597997,13,-13,0.0,0.0,-40.0,0.0,0.0,-15.0,0.0,0.0,25.0,0.0,5.24
52,1375,110,1342,1337,0,1,0.0,-17.26,158.0,17.0,100.0,23980,56280,32300,1.3469557964970809,2,2,0.0,0.0,-40.0,0.0,0.0,-15.0,7.5,0.0,25.0,0.0,5.24
52,1375,109,1348,1337,0,1,0.0,-17.26,158.0,18.0,100.0,23980,11020,12960,0.5404503753127606,2,2,0.0,0.0,-40.0,0.0,0.0,-15.0,7.5,0.0,25.0,0.0,5.24
52,1375,107,1338,1337,0,1,0.0,-9.76,158.0,19.0,100.0,23980,50820,26840,1.1192660550458715,1,1,0.0,0.0,-40.0,0.0,0.0,-15.0,15.0,0.0,25.0,0.0,5.24
52,1375,104,1336,1337,0,1,0.0,-7.0,158.0,20.0,100.0,23980,38140,14160,0.5904920767306089,1,1,0.0,0.0,-40.0,0.0,0.0,-15.0,15.0,0.0,25.0,0.0,8.0
52,1375,90,1329,1337,0,1,0.0,-26.08,158.0,21.0,100.0,23980,23680,300,0.012510425354462052,6,-6,0.0,0.0,-40.0,0.0,24.98,0.0,3.0,0.0,0.0,-15.0,0.94
52,1375,84,1323,1337,0,1,0.0,-22.0,158.0,22.0,100.0,23980,39200,15220,0.6346955796497081,8,-8,0.0,0.0,-40.0,0.0,0.0,-15.0,0.0,0.0,25.0,0.0,8.0
52,1375,77,1315,1337,0,1,0.0,-24.76,158.0,23.0,100.0,23980,54200,30220,1.2602168473728106,12,-12,0.0,0.0,-40.0,0.0,0.0,-15.0,0.0,0.0,25.0,0.0,5.24
52,1375,76,1314,1337,0,1,0.0,-24.76,158.0,24.0,100.0,23980,41080,17100,0.713094245204337,12,-12,0.0,0.0,-40.0,0.0,0.0,-15.0,0.0,0.0,25.0,0.0,5.24
52,1375,189,1370,1337,0,1,0.0,-24.76,158.0,25.0,100.0,23980,20980,3000,0.12510425354462051,13,13,0.0,0.0,-40.0,0.0,0.0,-15.0,0.0,0.0,25.0,0.0,5.24
53,1377,104,1336,1336,1,1,93.7,148.0,158.0,1.0,0.0,38140,38140,0,0.0,1,1,0.0,40.0,0.0,20.0,40.0,0.0,15.0,0.0,25.0,0.0,8.0
53,1377,84,1323,1336,0,1,49.4,78.0,158.0,2.0,44.300000000000004,38140,39200,1060,0.02779234399580493,8,-8,0.0,40.0,0.0,20.0,0.0,-15.0,0.0,0.0,25.0,0.0,8.0
53,1377,111,1343,1336,0,1,27.1,42.74,158.0,3.0,66.6,38140,36260,1880,0.04929208180388044,2,2,0.0,40.0,0.0,20.0,0.0,-15.0,7.5,0.0,0.0,-15.0,5.24
53,1377,86,1325,1336,0,1,24.2,38.24,158.0,4.0,69.5,38140,34780,3360,0.08809648662821185,6,-6,0.0,40.0,0.0,20.0,0.0,-15.0,3.0,0.0,0.0,-15.0,5.24
53,1377,63,1299,1336,0,1,23.7,37.45,158.0,5.0,70.0,38140,28320,9820,0.2574724698479287,14,-14,0.0,40.0,0.0,20.0,0.0,-15.0,0.0,0.0,0.0,-15.0,7.45
53,1377,73,1311,1336,0,1,23.7,37.45,158.0,6.0,70.0,38140,39360,1220,0.03198741478762454,12,-12,0.0,40.0,0.0,20.0,0.0,-15.0,0.0,0.0,0.0,-15.0,7.45
53,1377,103,1337,1336,0,1,7.4,12.62,170.0,7.0,86.3,38140,23980,14160,0.37126376507603565,0,0,1.0,0.0,-40.0,0.0,0.0,-15.0,25.0,9.62,25.0,0.0,8.0
53,1377,75,1313,1336,0,1,0.0,-19.35,158.0,8.0,93.7,38140,38440,300,0.007865757734661772,12,-12,0.0,0.0,-40.0,0.0,34.27,0.0,0.0,0.0,0.0,-15.0,1.38
53,1377,143,1361,1336,0,1,0.0,-21.76,158.0,9.0,93.7,38140,17400,20740,0.5437860513896172,7,7,0.0,0.0,-40.0,0.0,0.0,-15.0,3.0,0.0,25.0,0.0,5.24
53,1377,189,1370,1336,0,1,0.0,-24.76,158.0,10.0,93.7,38140,20980,17160,0.44992134242265336,13,13,0.0,0.0,-40.0,0.0,0.0,-15.0,0.0,0.0,25.0,0.0,5.24
53,1377,188,1369,1336,0,1,0.0,-27.02,158.0,11.0,93.7,38140,38560,420,0.01101206082852648,13,13,0.0,0.0,-40.0,0.0,27.98,0.0,0.0,0.0,0.0,-15.0,0.0
53,1377,187,1368,1336,0,1,0.0,-24.76,158.0,12.0,93.7,38140,14140,24000,0.6292606187729418,13,13,0.0,0.0,-40.0,0.0,0.0,-15.0,0.0,0.0,25.0,0.0,5.24
53,1377,185,1386,1336,0,1,0.0,-30.0,158.0,13.0,93.7,38140,1182,36958,0.9690089145254326,12,12,0.0,0.0,-40.0,0.0,0.0,-15.0,0.0,0.0,25.0,0.0,0.0
53,1377,184,1386,1336,0,1,0.0,-30.0,158.0,14.0,93.7,38140,638,37502,0.9832721552176193,12,12,0.0,0.0,-40.0,0.0,0.0,-15.0,0.0,0.0,25.0,0.0,0.0
53,1377,183,1386,1336,0,1,0.0,-30.0,158.0,15.0,93.7,38140,2706,35434,0.9290508652333508,12,12,0.0,0.0,-40.0,0.0,0.0,-15.0,0.0,0.0,25.0,0.0,0.0
53,1377,182,1386,1336,0,1,0.0,-30.0,158.0,16.0,93.7,38140,263,37877,0.9931043523859465,12,12,0.0,0.0,-40.0,0.0,0.0,-15.0,0.0,0.0,25.0,0.0,0.0
53,1377,181,1386,1336,0,1,0.0,-30.0,158.0,17.0,93.7,38140,366,37774,0.9904037755637126,12,12,0.0,0.0,-40.0,0.0,0.0,-15.0,0.0,0.0,25.0,0.0,0.0
53,1377,180,1367,1336,0,1,0.0,-24.76,158.0,18.0,93.7,38140,22600,15540,0.4074462506554798,12,12,0.0,0.0,-40.0,0.0,0.0,-15.0,0.0,0.0,25.0,0.0,5.24
53,1377,179,1365,1336,0,1,0.0,-24.76,158.0,19.0,93.7,38140,25760,12380,0.3245936025170425,9,9,0.0,0.0,-40.0,0.0,0.0,-15.0,0.0,0.0,25.0,0.0,5.24
53,1377,145,1358,1336,0,1,0.0,-20.88,158.0,20.0,93.7,38140,37780,360,0.009438909281594127,7,7,0.0,0.0,-40.0,0.0,31.12,0.0,3.0,0.0,0.0,-15.0,0.0
53,1377,142,1360,1336,0,1,0.0,-21.76,158.0,21.0,93.7,38140,21020,17120,0.4488725747246985,7,7,0.0,0.0,-40.0,0.0,0.0,-15.0,3.0,0.0,25.0,0.0,5.24
53,1377,76,1314,1336,0,1,0.0,-24.76,158.0,22.0,93.7,38140,41080,2940,0.07708442579968537,12,-12,0.0,0.0,-40.0,0.0,0.0,-15.0,0.0,0.0,25.0,0.0,5.24
53,1377,113,1345,1336,0,1,0.0,-17.26,158.0,23.0,93.7,38140,18960,19180,0.502884111169376,2,2,0.0,0.0,-40.0,0.0,0.0,-15.0,7.5,0.0,25.0,0.0,5.24
53,1377,112,1344,1336,0,1,0.0,-17.26,158.0,24.0,93.7,38140,47060,8920,0.23387519664394338,2,2,0.0,0.0,-40.0,0.0,0.0,-15.0,7.5,0.0,25.0,0.0,5.24
53,1377,64,1301,1336,0,1,0.0,-24.76,158.0,25.0,93.7,38140,56280,18140,0.4756161510225485,14,-14,0.0,0.0,-40.0,0.0,0.0,-15.0,0.0,0.0,25.0,0.0,5.24
53,1377,110,1342,1336,0,1,0.0,-17.26,158.0,26.0,93.7,38140,56280,18140,0.4756161510225485,2,2,0.0,0.0,-40.0,0.0,0.0,-15.0,7.5,0.0,25.0,0.0,5.24
53,1377,109,1348,1336,0,1,0.0,-17.26,158.0,27.0,93.7,38140,11020,27120,0.7110644992134242,2,2,0.0,0.0,-40.0,0.0,0.0,-15.0,7.5,0.0,25.0,0.0,5.24
53,1377,107,1338,1336,0,1,0.0,-9.76,158.0,28.0,93.7,38140,50820,12680,0.33245936025170425,1,1,0.0,0.0,-40.0,0.0,0.0,-15.0,15.0,0.0,25.0,0.0,5.24
53,1377,66,1303,1336,0,1,0.0,-24.76,158.0,29.0,93.7,38140,50860,12720,0.33350812794965917,13,-13,0.0,0.0,-40.0,0.0,0.0,-15.0,0.0,0.0,25.0,0.0,5.24
53,1377,69,1306,1336,0,1,0.0,-49.22,158.0,30.0,93.7,38140,39020,880,0.023072889355007866,13,-13,0.0,0.0,-40.0,0.0,3.85,0.0,0.0,0.0,0.0,-15.0,1.93
53,1377,79,1318,1336,0,1,0.0,-22.0,158.0,31.0,93.7,38140,20040,18100,0.4745673833245936,9,-9,0.0,0.0,-40.0,0.0,0.0,-15.0,0.0,0.0,25.0,0.0,8.0
53,1377,77,1315,1336,0,1,0.0,-24.76,158.0,32.0,93.7,38140,54200,16060,0.42108023072889356,12,-12,0.0,0.0,-40.0,0.0,0.0,-15.0,0.0,0.0,25.0,0.0,5.24
53,1377,190,1371,1336,0,1,0.0,-42.26,158.0,33.0,93.7,38140,38860,720,0.018877818563188254,13,13,0.0,0.0,-40.0,0.0,12.24,0.0,0.0,0.0,0.0,-15.0,0.5
54,1372,92,1333,1333,1,1,100.0,169.99,170.0,1.0,0.0,47620,47620,0,0.0,0,0,1.0,40.0,0.0,20.0,40.0,0.0,25.0,11.99,25.0,0.0,8.0
54,1372,106,1341,1333,0,1,54.1,85.5,158.0,2.0,45.9,47620,17760,29860,0.6270474590508189,3,3,0.0,40.0,0.0,20.0,0.0,-15.0,7.5,0.0,25.0,0.0,8.0
54,1372,83,1322,1333,0,1,51.3,81.0,158.0,3.0,48.7,47620,42600,5020,0.10541789164216715,6,-6,0.0,40.0,0.0,20.0,0.0,-15.0,3.0,0.0,25.0,0.0,8.0
54,1372,40,1295,1333,0,1,49.4,78.0,158.0,4.0,50.6,47620,34460,13160,0.27635447291054177,14,-14,0.0,40.0,0.0,20.0,0.0,-15.0,0.0,0.0,25.0,0.0,8.0
54,1372,118,1355,1333,0,1,49.4,78.0,158.0,5.0,50.6,47620,49780,2160,0.04535909281814364,8,8,0.0,40.0,0.0,20.0,0.0,-15.0,0.0,0.0,25.0,0.0,8.0
54,1372,146,1359,1333,0,1,49.4,78.0,158.0,6.0,50.6,47620,36900,10720,0.2251154976900462,9,9,0.0,40.0,0.0,20.0,0.0,-15.0,0.0,0.0,25.0,0.0,8.0
54,1372,81,1320,1333,0,1,25.5,40.28,158.0,7.0,74.5,47620,27000,20620,0.43301133977320455,6,-6,0.0,40.0,0.0,20.0,0.0,-15.0,3.0,0.0,0.0,-15.0,7.28
54,1372,88,1326,1333,0,1,25.5,40.28,158.0,8.0,74.5,47620,33940,13680,0.2872742545149097,4,-4,0.0,40.0,0.0,20.0,0.0,-15.0,3.0,0.0,0.0,-15.0,7.28
54,1372,75,1313,1333,0,1,23.6,37.28,158.0,9.0,76.4,47620,38440,9180,0.19277614447711044,10,-10,0.0,40.0,0.0,20.0,0.0,-15.0,0.0,0.0,0.0,-15.0,7.28
54,1372,145,1358,1333,0,1,19.1,30.22,158.0,10.0,80.9,47620,37780,9840,0.20663586728265435,9,9,0.0,40.0,0.0,20.0,0.0,-15.0,0.0,0.0,0.0,-15.0,0.22
54,1372,68,1305,1333,0,1,0.0,-30.0,158.0,11.0,100.0,47620,10500,37120,0.7795044099118018,11,-11,0.0,0.0,-40.0,0.0,0.0,-15.0,0.0,0.0,25.0,0.0,0.0
54,1372,120,1351,1333,0,1,0.0,-28.08,158.0,12.0,100.0,47620,32440,15180,0.31877362452750946,8,8,0.0,0.0,-40.0,0.0,0.0,-15.0,0.0,0.0,25.0,0.0,1.92
54,1372,61,1297,1333,0,1,0.0,-51.2,158.0,13.0,100.0,47620,46520,1100,0.023099538009239817,13,-13,0.0,0.0,-40.0,0.0,3.8,0.0,0.0,0.0,0.0,-15.0,0.0
54,1372,117,1354,1333,0,1,0.0,-30.0,158.0,14.0,100.0,47620,30460,17160,0.36035279294414113,8,8,0.0,0.0,-40.0,0.0,0.0,-15.0,0.0,0.0,25.0,0.0,0.0
54,1372,112,1344,1333,0,1,0.0,-25.52,158.0,15.0,100.0,47620,47060,560,0.011759764804703907,4,4,0.0,0.0,-40.0,0.0,26.48,0.0,3.0,0.0,0.0,-15.0,0.0
54,1372,111,1343,1333,0,1,0.0,-27.0,158.0,16.0,100.0,47620,36260,11360,0.23855522889542208,4,4,0.0,0.0,-40.0,0.0,0.0,-15.0,3.0,0.0,25.0,0.0,0.0
54,1372,105,1340,1333,0,1,0.0,-22.5,158.0,17.0,100.0,47620,35920,11700,0.24569508609827803,3,3,0.0,0.0,-40.0,0.0,0.0,-15.0,7.5,0.0,25.0,0.0,0.0
54,1372,82,1321,1333,0,1,0.0,-46.56,158.0,18.0,100.0,47620,46460,1160,0.024359512809743807,6,-6,0.0,0.0,-40.0,0.0,1.28,0.0,3.0,0.0,0.0,-15.0,4.16
54,1372,74,1312,1333,0,1,0.0,-30.0,158.0,19.0,100.0,47620,25760,21860,0.4590508189836203,10,-10,0.0,0.0,-40.0,0.0,0.0,-15.0,0.0,0.0,25.0,0.0,0.0
54,1372,91,1330,1333,0,1,0.0,-27.0,158.0,20.0,100.0,47620,27380,20240,0.4250314993700126,4,-4,0.0,0.0,-40.0,0.0,0.0,-15.0,3.0,0.0,25.0,0.0,0.0
54,1372,41,1293,1333,0,1,0.0,-28.08,158.0,21.0,100.0,47620,37220,10400,0.21839563208735827,14,-14,0.0,0.0,-40.0,0.0,0.0,-15.0,0.0,0.0,25.0,0.0,1.92
54,1372,86,1325,1333,0,1,0.0,-27.0,158.0,22.0,100.0,47620,34780,12840,0.2696346073078538,4,-4,0.0,0.0,-40.0,0.0,0.0,-15.0,3.0,0.0,25.0,0.0,0.0
54,1372,85,1324,1333,0,1,0.0,-36.56,158.0,23.0,100.0,47620,48480,860,0.018059638807223857,5,-5,0.0,0.0,-40.0,0.0,13.88,0.0,3.0,0.0,0.0,-15.0,1.56
54,1372,90,1329,1333,0,1,0.0,-27.0,158.0,24.0,100.0,47620,23680,23940,0.502729945401092,4,-4,0.0,0.0,-40.0,0.0,0.0,-15.0,3.0,0.0,25.0,0.0,0.0
55,1369,91,1330,1330,1,1,100.0,169.99,170.0,1.0,0.0,27380,27380,0,0.0,0,0,1.0,40.0,0.0,20.0,40.0,0.0,25.0,11.99,25.0,0.0,8.0
55,1369,90,1329,1330,0,1,67.6,114.98,170.0,2.0,32.400000000000006,27380,23680,3700,0.13513513513513514,0,0,1.0,40.0,0.0,20.0,0.0,-15.0,25.0,11.98,25.0,0.0,8.0
55,1369,74,1312,1330,0,1,51.3,81.0,158.0,3.0,48.7,27380,25760,1620,0.0591672753834916,6,-6,0.0,40.0,0.0,20.0,0.0,-15.0,3.0,0.0,25.0,0.0,8.0
55,1369,105,1340,1330,0,1,51.3,81.0,158.0,4.0,48.7,27380,35920,8540,0.3119065010956903,7,7,0.0,40.0,0.0,20.0,0.0,-15.0,3.0,0.0,25.0,0.0,8.0
55,1369,30,1290,1330,0,1,49.4,78.0,158.0,5.0,50.6,27380,39680,12300,0.44923301680058436,13,-13,0.0,40.0,0.0,20.0,0.0,-15.0,0.0,0.0,25.0,0.0,8.0
55,1369,31,1291,1330,0,1,49.4,78.0,158.0,6.0,50.6,27380,38520,11140,0.40686632578524473,13,-13,0.0,40.0,0.0,20.0,0.0,-15.0,0.0,0.0,25.0,0.0,8.0
55,1369,117,1354,1330,0,1,49.4,78.0,158.0,7.0,50.6,27380,30460,3080,0.11249086924762601,12,12,0.0,40.0,0.0,20.0,0.0,-15.0,0.0,0.0,25.0,0.0,8.0
55,1369,86,1325,1330,0,1,1.9,3.27,170.0,8.0,98.1,27380,34780,7400,0.2702702702702703,0,0,1.0,0.0,-40.0,0.0,0.0,-15.0,25.0,5.79,25.0,0.0,2.48
55,1369,15,1284,1330,0,1,0.0,-27.52,158.0,9.0,100.0,27380,40460,13080,0.4777209642074507,14,-14,0.0,0.0,-40.0,0.0,0.0,-15.0,0.0,0.0,25.0,0.0,2.48
55,1369,120,1351,1330,0,1,0.0,-30.0,158.0,10.0,100.0,27380,32440,5060,0.1848064280496713,12,12,0.0,0.0,-40.0,0.0,0.0,-15.0,0.0,0.0,25.0,0.0,0.0
55,1369,118,1355,1330,0,1,0.0,-30.0,158.0,11.0,100.0,27380,49780,22400,0.8181154127100073,12,12,0.0,0.0,-40.0,0.0,0.0,-15.0,0.0,0.0,25.0,0.0,0.0
55,1369,111,1343,1330,0,1,0.0,-27.52,158.0,12.0,100.0,27380,36260,8880,0.32432432432432434,8,8,0.0,0.0,-40.0,0.0,0.0,-15.0,0.0,0.0,25.0,0.0,2.48
55,1369,106,1341,1330,0,1,0.0,-27.0,158.0,13.0,100.0,27380,17760,9620,0.35135135135135137,7,7,0.0,0.0,-40.0,0.0,0.0,-15.0,3.0,0.0,25.0,0.0,0.0
55,1369,92,1333,1330,0,1,0.0,-27.0,158.0,14.0,100.0,27380,47620,20240,0.7392257121986852,4,4,0.0,0.0,-40.0,0.0,0.0,-15.0,3.0,0.0,25.0,0.0,0.0
55,1369,83,1322,1330,0,1,0.0,-22.5,158.0,15.0,100.0,27380,42600,15220,0.5558802045288532,2,-2,0.0,0.0,-40.0,0.0,0.0,-15.0,7.5,0.0,25.0,0.0,0.0
55,1369,16,1285,1330,0,1,0.0,-27.52,158.0,16.0,100.0,27380,30920,3540,0.12929145361577793,14,-14,0.0,0.0,-40.0,0.0,0.0,-15.0,0.0,0.0,25.0,0.0,2.48
55,1369,81,1320,1330,0,1,0.0,-25.26,158.0,17.0,100.0,27380,27000,380,0.013878743608473338,2,-2,0.0,0.0,-40.0,0.0,22.24,0.0,7.5,0.0,0.0,-15.0,0.0
55,1369,68,1305,1330,0,1,0.0,-27.0,158.0,18.0,100.0,27380,10500,16880,0.6165084002921841,7,-7,0.0,0.0,-40.0,0.0,0.0,-15.0,3.0,0.0,25.0,0.0,0.0
55,1369,60,1296,1330,0,1,0.0,-15.0,158.0,19.0,100.0,27380,27360,20,0.0007304601899196494,9,-9,0.0,0.0,-40.0,0.0,40.0,0.0,0.0,0.0,0.0,-15.0,0.0
55,1369,41,1293,1330,0,1,0.0,-30.0,158.0,20.0,100.0,27380,37220,9840,0.3593864134404675,10,-10,0.0,0.0,-40.0,0.0,0.0,-15.0,0.0,0.0,25.0,0.0,0.0
55,1369,40,1295,1330,0,1,0.0,-30.0,158.0,21.0,100.0,27380,34460,7080,0.25858290723155586,10,-10,0.0,0.0,-40.0,0.0,0.0,-15.0,0.0,0.0,25.0,0.0,0.0
55,1369,17,1286,1330,0,1,0.0,-30.0,158.0,22.0,100.0,27380,41480,14100,0.5149744338933528,14,-14,0.0,0.0,-40.0,0.0,0.0,-15.0,0.0,0.0,25.0,0.0,0.0
55,1369,146,1359,1330,0,1,0.0,-30.0,158.0,23.0,100.0,27380,36900,9520,0.3476990504017531,13,13,0.0,0.0,-40.0,0.0,0.0,-15.0,0.0,0.0,25.0,0.0,0.0
56,1368,90,1329,1329,1,1,100.0,169.99,170.0,1.0,0.0,23680,23680,0,0.0,0,0,1.0,40.0,0.0,20.0,40.0,0.0,25.0,11.99,25.0,0.0,8.0
56,1368,91,1330,1329,0,1,67.6,115.0,170.0,2.0,32.400000000000006,23680,27380,3700,0.15625,0,0,1.0,40.0,0.0,20.0,0.0,-15.0,25.0,12.0,25.0,0.0,8.0
56,1368,74,1312,1329,0,1,51.3,81.0,158.0,3.0,48.7,23680,25760,2080,0.08783783783783784,6,-6,0.0,40.0,0.0,20.0,0.0,-15.0,3.0,0.0,25.0,0.0,8.0
56,1368,105,1340,1329,0,1,51.3,81.0,158.0,4.0,48.7,23680,35920,12240,0.5168918918918919,7,7,0.0,40.0,0.0,20.0,0.0,-15.0,3.0,0.0,25.0,0.0,8.0
56,1368,30,1290,1329,0,1,49.4,78.0,158.0,5.0,50.6,23680,39680,16000,0.6756756756756757,13,-13,0.0,40.0,0.0,20.0,0.0,-15.0,0.0,0.0,25.0,0.0,8.0
56,1368,31,1291,1329,0,1,49.4,78.0,158.0,6.0,50.6,23680,38520,14840,0.6266891891891891,13,-13,0.0,40.0,0.0,20.0,0.0,-15.0,0.0,0.0,25.0,0.0,8.0
56,1368,117,1354,1329,0,1,49.4,78.0,158.0,7.0,50.6,23680,30460,6780,0.28631756756756754,12,12,0.0,40.0,0.0,20.0,0.0,-15.0,0.0,0.0,25.0,0.0,8.0
56,1368,86,1325,1329,0,1,1.9,3.28,170.0,8.0,98.1,23680,34780,11100,0.46875,0,0,1.0,0.0,-40.0,0.0,0.0,-15.0,25.0,5.8,25.0,0.0,2.48
56,1368,103,1337,1329,0,1,0.0,-27.34,158.0,9.0,100.0,23680,23980,300,0.01266891891891892,6,6,0.0,0.0,-40.0,0.0,24.66,0.0,3.0,0.0,0.0,-15.0,0.0
56,1368,120,1351,1329,0,1,0.0,-30.0,158.0,10.0,100.0,23680,32440,8760,0.36993243243243246,12,12,0.0,0.0,-40.0,0.0,0.0,-15.0,0.0,0.0,25.0,0.0,0.0
56,1368,118,1355,1329,0,1,0.0,-30.0,158.0,11.0,100.0,23680,49780,26100,1.102195945945946,12,12,0.0,0.0,-40.0,0.0,0.0,-15.0,0.0,0.0,25.0,0.0,0.0
56,1368,111,1343,1329,0,1,0.0,-27.52,158.0,12.0,100.0,23680,36260,12580,0.53125,8,8,0.0,0.0,-40.0,0.0,0.0,-15.0,0.0,0.0,25.0,0.0,2.48
56,1368,106,1341,1329,0,1,0.0,-27.0,158.0,13.0,100.0,23680,17760,5920,0.25,7,7,0.0,0.0,-40.0,0.0,0.0,-15.0,3.0,0.0,25.0,0.0,0.0
56,1368,15,1284,1329,0,1,0.0,-27.52,158.0,14.0,100.0,23680,40460,16780,0.7086148648648649,14,-14,0.0,0.0,-40.0,0.0,0.0,-15.0,0.0,0.0,25.0,0.0,2.48
56,1368,92,1333,1329,0,1,0.0,-27.0,158.0,15.0,100.0,23680,47620,23940,1.0109797297297298,4,4,0.0,0.0,-40.0,0.0,0.0,-15.0,3.0,0.0,25.0,0.0,0.0
56,1368,16,1285,1329,0,1,0.0,-27.52,158.0,16.0,100.0,23680,30920,7240,0.30574324324324326,14,-14,0.0,0.0,-40.0,0.0,0.0,-15.0,0.0,0.0,25.0,0.0,2.48
56,1368,83,1322,1329,0,1,0.0,-22.5,158.0,17.0,100.0,23680,42600,18920,0.7989864864864865,2,-2,0.0,0.0,-40.0,0.0,0.0,-15.0,7.5,0.0,25.0,0.0,0.0
56,1368,68,1305,1329,0,1,0.0,-27.0,158.0,18.0,100.0,23680,10500,13180,0.5565878378378378,7,-7,0.0,0.0,-40.0,0.0,0.0,-15.0,3.0,0.0,25.0,0.0,0.0
56,1368,41,1293,1329,0,1,0.0,-30.0,158.0,19.0,100.0,23680,37220,13540,0.5717905405405406,10,-10,0.0,0.0,-40.0,0.0,0.0,-15.0,0.0,0.0,25.0,0.0,0.0
56,1368,40,1295,1329,0,1,0.0,-30.0,158.0,20.0,100.0,23680,34460,10780,0.4552364864864865,10,-10,0.0,0.0,-40.0,0.0,0.0,-15.0,0.0,0.0,25.0,0.0,0.0
56,1368,17,1286,1329,0,1,0.0,-30.0,158.0,21.0,100.0,23680,41480,17800,0.7516891891891891,14,-14,0.0,0.0,-40.0,0.0,0.0,-15.0,0.0,0.0,25.0,0.0,0.0
56,1368,146,1359,1329,0,1,0.0,-30.0,158.0,22.0,100.0,23680,36900,13220,0.558277027027027,13,13,0.0,0.0,-40.0,0.0,0.0,-15.0,0.0,0.0,25.0,0.0,0.0
57,1360,83,1322,1322,1,1,100.0,169.99,170.0,1.0,0.0,42600,42600,0,0.0,0,0,1.0,40.0,0.0,20.0,40.0,0.0,25.0,11.99,25.0,0.0,8.0
57,1360,92,1333,1322,0,1,51.3,81.0,158.0,2.0,48.7,42600,47620,5020,0.11784037558685447,6,6,0.0,40.0,0.0,20.0,0.0,-15.0,3.0,0.0,25.0,0.0,8.0
57,1360,106,1341,1322,0,1,49.4,78.0,158.0,3.0,50.6,42600,17760,24840,0.5830985915492958,9,9,0.0,40.0,0.0,20.0,0.0,-15.0,0.0,0.0,25.0,0.0,8.0
57,1360,17,1286,1322,0,1,49.4,78.0,158.0,4.0,50.6,42600,41480,1120,0.02629107981220657,12,-12,0.0,40.0,0.0,20.0,0.0,-15.0,0.0,0.0,25.0,0.0,8.0
57,1360,40,1295,1322,0,1,49.4,78.0,158.0,5.0,50.6,42600,34460,8140,0.19107981220657277,8,-8,0.0,40.0,0.0,20.0,0.0,-15.0,0.0,0.0,25.0,0.0,8.0
57,1360,81,1320,1322,0,1,40.2,68.41,170.0,6.0,59.8,42600,27000,15600,0.36619718309859156,0,0,1.0,40.0,0.0,20.0,0.0,-15.0,25.0,6.13,0.0,-15.0,7.28
57,1360,88,1326,1322,0,1,28.3,44.78,158.0,7.0,71.7,42600,33940,8660,0.20328638497652582,2,2,0.0,40.0,0.0,20.0,0.0,-15.0,7.5,0.0,0.0,-15.0,7.28
57,1360,75,1313,1322,0,1,25.5,40.28,158.0,8.0,74.5,42600,38440,4160,0.09765258215962441,4,-4,0.0,40.0,0.0,20.0,0.0,-15.0,3.0,0.0,0.0,-15.0,7.28
57,1360,6,1275,1322,0,1,23.6,37.28,158.0,9.0,76.4,42600,37600,5000,0.11737089201877934,14,-14,0.0,40.0,0.0,20.0,0.0,-15.0,0.0,0.0,0.0,-15.0,7.28
57,1360,67,1304,1322,0,1,0.0,-7.33,158.0,10.0,100.0,42600,42840,240,0.005633802816901409,5,-5,0.0,0.0,-40.0,0.0,38.73,0.0,3.0,0.0,0.0,-15.0,5.94
57,1360,68,1305,1322,0,1,0.0,-27.0,158.0,11.0,100.0,42600,10500,32100,0.7535211267605634,5,-5,0.0,0.0,-40.0,0.0,0.0,-15.0,3.0,0.0,25.0,0.0,0.0
57,1360,74,1312,1322,0,1,0.0,-27.0,158.0,12.0,100.0,42600,25760,16840,0.39530516431924884,4,-4,0.0,0.0,-40.0,0.0,0.0,-15.0,3.0,0.0,25.0,0.0,0.0
57,1360,15,1284,1322,0,1,0.0,-30.0,158.0,13.0,100.0,42600,40460,2140,0.050234741784037557,12,-12,0.0,0.0,-40.0,0.0,0.0,-15.0,0.0,0.0,25.0,0.0,0.0
57,1360,62,1298,1322,0,1,0.0,-25.47,158.0,14.0,100.0,42600,43100,500,0.011737089201877934,7,-7,0.0,0.0,-40.0,0.0,26.53,0.0,3.0,0.0,0.0,-15.0,0.0
57,1360,41,1293,1322,0,1,0.0,-28.08,158.0,15.0,100.0,42600,37220,5380,0.12629107981220658,8,-8,0.0,0.0,-40.0,0.0,0.0,-15.0,0.0,0.0,25.0,0.0,1.92
57,1360,86,1325,1322,0,1,0.0,-22.5,158.0,16.0,100.0,42600,34780,7820,0.1835680751173709,2,2,0.0,0.0,-40.0,0.0,0.0,-15.0,7.5,0.0,25.0,0.0,0.0
57,1360,31,1291,1322,0,1,0.0,-30.0,158.0,17.0,100.0,42600,38520,4080,0.09577464788732394,11,-11,0.0,0.0,-40.0,0.0,0.0,-15.0,0.0,0.0,25.0,0.0,0.0
57,1360,90,1329,1322,0,1,0.0,-22.5,158.0,18.0,100.0,42600,23680,18920,0.444131455399061,2,2,0.0,0.0,-40.0,0.0,0.0,-15.0,7.5,0.0,25.0,0.0,0.0
57,1360,91,1330,1322,0,1,0.0,-22.5,158.0,19.0,100.0,42600,27380,15220,0.3572769953051643,2,2,0.0,0.0,-40.0,0.0,0.0,-15.0,7.5,0.0,25.0,0.0,0.0
57,1360,30,1290,1322,0,1,0.0,-30.0,158.0,20.0,100.0,42600,39680,2920,0.06854460093896714,11,-11,0.0,0.0,-40.0,0.0,0.0,-15.0,0.0,0.0,25.0,0.0,0.0
57,1360,105,1340,1322,0,1,0.0,-30.0,158.0,21.0,100.0,42600,35920,6680,0.1568075117370892,9,9,0.0,0.0,-40.0,0.0,0.0,-15.0,0.0,0.0,25.0,0.0,0.0
57,1360,16,1285,1322,0,1,0.0,-30.0,158.0,22.0,100.0,42600,30920,11680,0.27417840375586855,12,-12,0.0,0.0,-40.0,0.0,0.0,-15.0,0.0,0.0,25.0,0.0,0.0
57,1360,111,1343,1322,0,1,0.0,-30.0,158.0,23.0,100.0,42600,36260,6340,0.1488262910798122,10,10,0.0,0.0,-40.0,0.0,0.0,-15.0,0.0,0.0,25.0,0.0,0.0
57,1360,114,1346,1322,0,1,0.0,-36.52,158.0,24.0,100.0,42600,41840,760,0.01784037558685446,13,13,0.0,0.0,-40.0,0.0,14.32,0.0,0.0,0.0,0.0,-15.0,4.16
58,1361,84,1323,1323,1,1,95.6,162.57,170.0,1.0,0.0,39200,39200,0,0.0,0,0,1.0,40.0,0.0,20.0,40.0,0.0,25.0,4.57,25.0,0.0,8.0
58,1361,73,1311,1323,0,1,60.4,95.45,158.0,2.0,35.199999999999996,39200,39360,160,0.004081632653061225,4,-4,0.0,40.0,0.0,20.0,40.0,0.0,3.0,0.0,0.0,-15.0,7.45
58,1361,104,1336,1323,0,1,49.4,78.0,158.0,3.0,46.199999999999996,39200,38140,1060,0.027040816326530614,9,9,0.0,40.0,0.0,20.0,0.0,-15.0,0.0,0.0,25.0,0.0,8.0
58,1361,86,1325,1323,0,1,27.1,42.74,158.0,4.0,68.5,39200,34780,4420,0.11275510204081633,2,2,0.0,40.0,0.0,20.0,0.0,-15.0,7.5,0.0,0.0,-15.0,5.24
58,1361,63,1299,1323,0,1,25.6,40.45,158.0,5.0,70.0,39200,28320,10880,0.27755102040816326,6,-6,0.0,40.0,0.0,20.0,0.0,-15.0,3.0,0.0,0.0,-15.0,7.45
58,1361,60,1296,1323,0,1,25.6,40.45,158.0,6.0,70.0,39200,27360,11840,0.3020408163265306,7,-7,0.0,40.0,0.0,20.0,0.0,-15.0,3.0,0.0,0.0,-15.0,7.45
58,1361,11,1281,1323,0,1,23.7,37.45,158.0,7.0,71.89999999999999,39200,34860,4340,0.11071428571428571,13,-13,0.0,40.0,0.0,20.0,0.0,-15.0,0.0,0.0,0.0,-15.0,7.45
58,1361,29,1289,1323,0,1,23.7,37.45,158.0,8.0,71.89999999999999,39200,21520,17680,0.45102040816326533,11,-11,0.0,40.0,0.0,20.0,0.0,-15.0,0.0,0.0,0.0,-15.0,7.45
58,1361,111,1343,1323,0,1,22.3,35.24,158.0,9.0,73.3,39200,36260,2940,0.075,10,10,0.0,40.0,0.0,20.0,0.0,-15.0,0.0,0.0,0.0,-15.0,5.24
58,1361,15,1284,1323,0,1,22.3,35.24,158.0,10.0,73.3,39200,40460,1260,0.03214285714285714,12,-12,0.0,40.0,0.0,20.0,0.0,-15.0,0.0,0.0,0.0,-15.0,5.24
58,1361,16,1285,1323,0,1,22.3,35.24,158.0,11.0,73.3,39200,30920,8280,0.21122448979591837,12,-12,0.0,40.0,0.0,20.0,0.0,-15.0,0.0,0.0,0.0,-15.0,5.24
58,1361,79,1318,1323,0,1,0.0,-7.0,158.0,12.0,95.6,39200,20040,19160,0.4887755102040816,1,-1,0.0,0.0,-40.0,0.0,0.0,-15.0,15.0,0.0,25.0,0.0,8.0
58,1361,75,1313,1323,0,1,0.0,-39.4,158.0,13.0,95.6,39200,38440,760,0.019387755102040816,4,-4,0.0,0.0,-40.0,0.0,11.22,0.0,3.0,0.0,0.0,-15.0,1.38
58,1361,76,1314,1323,0,1,0.0,-21.76,158.0,14.0,95.6,39200,41080,1880,0.04795918367346939,4,-4,0.0,0.0,-40.0,0.0,0.0,-15.0,3.0,0.0,25.0,0.0,5.24
58,1361,77,1315,1323,0,1,0.0,-21.76,158.0,15.0,95.6,39200,54200,15000,0.3826530612244898,4,-4,0.0,0.0,-40.0,0.0,0.0,-15.0,3.0,0.0,25.0,0.0,5.24
58,1361,7,1278,1323,0,1,0.0,-24.76,158.0,16.0,95.6,39200,50700,11500,0.29336734693877553,14,-14,0.0,0.0,-40.0,0.0,0.0,-15.0,0.0,0.0,25.0,0.0,5.24
58,1361,103,1337,1323,0,1,0.0,-22.0,158.0,17.0,95.6,39200,23980,15220,0.38826530612244897,8,8,0.0,0.0,-40.0,0.0,0.0,-15.0,0.0,0.0,25.0,0.0,8.0
58,1361,66,1303,1323,0,1,0.0,-21.76,158.0,18.0,95.6,39200,50860,11660,0.29744897959183675,5,-5,0.0,0.0,-40.0,0.0,0.0,-15.0,3.0,0.0,25.0,0.0,5.24
58,1361,107,1338,1323,0,1,0.0,-24.76,158.0,19.0,95.6,39200,50820,11620,0.29642857142857143,9,9,0.0,0.0,-40.0,0.0,0.0,-15.0,0.0,0.0,25.0,0.0,5.24
58,1361,109,1348,1323,0,1,0.0,-24.76,158.0,20.0,95.6,39200,11020,28180,0.7188775510204082,10,10,0.0,0.0,-40.0,0.0,0.0,-15.0,0.0,0.0,25.0,0.0,5.24
58,1361,110,1342,1323,0,1,0.0,-24.76,158.0,21.0,95.6,39200,56280,17080,0.4357142857142857,10,10,0.0,0.0,-40.0,0.0,0.0,-15.0,0.0,0.0,25.0,0.0,5.24
58,1361,112,1344,1323,0,1,0.0,-24.76,158.0,22.0,95.6,39200,47060,7860,0.20051020408163264,10,10,0.0,0.0,-40.0,0.0,0.0,-15.0,0.0,0.0,25.0,0.0,5.24
58,1361,69,1306,1323,0,1,0.0,-10.07,158.0,23.0,95.6,39200,39020,180,0.004591836734693878,5,-5,0.0,0.0,-40.0,0.0,40.0,0.0,3.0,0.0,0.0,-15.0,1.93
58,1361,62,1298,1323,0,1,0.0,-21.76,158.0,24.0,95.6,39200,43100,3900,0.09948979591836735,7,-7,0.0,0.0,-40.0,0.0,0.0,-15.0,3.0,0.0,25.0,0.0,5.24
58,1361,64,1301,1323,0,1,0.0,-21.76,158.0,25.0,95.6,39200,56280,17080,0.4357142857142857,6,-6,0.0,0.0,-40.0,0.0,0.0,-15.0,3.0,0.0,25.0,0.0,5.24
58,1361,8,1279,1323,0,1,0.0,-22.0,158.0,26.0,95.6,39200,26800,12400,0.3163265306122449,14,-14,0.0,0.0,-40.0,0.0,0.0,-15.0,0.0,0.0,25.0,0.0,8.0
58,1361,61,1297,1323,0,1,0.0,-21.76,158.0,27.0,95.6,39200,46520,7320,0.186734693877551,7,-7,0.0,0.0,-40.0,0.0,0.0,-15.0,3.0,0.0,25.0,0.0,5.24
58,1361,38,1328,1323,0,1,0.0,-30.0,158.0,28.0,95.6,39200,774,38426,0.9802551020408163,10,-10,0.0,0.0,-40.0,0.0,0.0,-15.0,0.0,0.0,25.0,0.0,0.0
58,1361,37,1328,1323,0,1,0.0,-30.0,158.0,29.0,95.6,39200,2030,37170,0.9482142857142857,10,-10,0.0,0.0,-40.0,0.0,0.0,-15.0,0.0,0.0,25.0,0.0,0.0
58,1361,36,1328,1323,0,1,0.0,-30.0,158.0,30.0,95.6,39200,255,38945,0.9934948979591837,10,-10,0.0,0.0,-40.0,0.0,0.0,-15.0,0.0,0.0,25.0,0.0,0.0
58,1361,35,1328,1323,0,1,0.0,-30.0,158.0,31.0,95.6,39200,3758,35442,0.9041326530612245,10,-10,0.0,0.0,-40.0,0.0,0.0,-15.0,0.0,0.0,25.0,0.0,0.0
58,1361,34,1328,1323,0,1,0.0,-30.0,158.0,32.0,95.6,39200,974,38226,0.9751530612244897,10,-10,0.0,0.0,-40.0,0.0,0.0,-15.0,0.0,0.0,25.0,0.0,0.0
58,1361,33,1328,1323,0,1,0.0,-30.0,158.0,33.0,95.6,39200,2940,36260,0.925,10,-10,0.0,0.0,-40.0,0.0,0.0,-15.0,0.0,0.0,25.0,0.0,0.0
58,1361,32,1328,1323,0,1,0.0,-26.81,158.0,34.0,95.6,39200,230,38970,0.9941326530612244,10,-10,0.0,0.0,-40.0,0.0,0.0,-15.0,0.0,0.0,25.0,0.0,3.19
58,1361,31,1291,1323,0,1,0.0,-38.75,158.0,35.0,95.6,39200,38520,680,0.017346938775510204,11,-11,0.0,0.0,-40.0,0.0,15.31,0.0,0.0,0.0,0.0,-15.0,0.94
58,1361,30,1290,1323,0,1,0.0,-28.55,158.0,36.0,95.6,39200,39680,480,0.012244897959183673,11,-11,0.0,0.0,-40.0,0.0,25.51,0.0,0.0,0.0,0.0,-15.0,0.94
58,1361,14,1283,1323,0,1,0.0,-30.0,158.0,37.0,95.6,39200,1290,37910,0.9670918367346939,12,-12,0.0,0.0,-40.0,0.0,0.0,-15.0,0.0,0.0,25.0,0.0,0.0
58,1361,13,1283,1323,0,1,0.0,-30.0,158.0,38.0,95.6,39200,11610,27590,0.7038265306122449,12,-12,0.0,0.0,-40.0,0.0,0.0,-15.0,0.0,0.0,25.0,0.0,0.0
58,1361,12,1282,1323,0,1,0.0,-24.76,158.0,39.0,95.6,39200,61060,21860,0.5576530612244898,13,-13,0.0,0.0,-40.0,0.0,0.0,-15.0,0.0,0.0,25.0,0.0,5.24
58,1361,113,1345,1323,0,1,0.0,-24.76,158.0,40.0,95.6,39200,18960,20240,0.5163265306122449,10,10,0.0,0.0,-40.0,0.0,0.0,-15.0,0.0,0.0,25.0,0.0,5.24
59,1353,77,1315,1315,1,1,99.7,169.55,170.0,1.0,0.0,54200,54200,0,0.0,0,0,1.0,40.0,0.0,20.0,40.0,0.0,25.0,11.55,25.0,0.0,8.0
59,1353,76,1314,1315,0,1,66.8,113.63,170.0,2.0,32.900000000000006,54200,41080,13120,0.24206642066420664,0,0,1.0,40.0,0.0,20.0,0.0,-15.0,25.0,10.63,25.0,0.0,8.0
59,1353,66,1303,1315,0,1,58.9,93.0,158.0,3.0,40.800000000000004,54200,50860,3340,0.06162361623616236,1,-1,0.0,40.0,0.0,20.0,0.0,-15.0,15.0,0.0,25.0,0.0,8.0
59,1353,61,1297,1315,0,1,54.1,85.5,158.0,4.0,45.6,54200,46520,7680,0.14169741697416974,3,-3,0.0,40.0,0.0,20.0,0.0,-15.0,7.5,0.0,25.0,0.0,8.0
59,1353,64,1301,1315,0,1,54.1,85.5,158.0,5.0,45.6,54200,56280,2080,0.03837638376383764,2,-2,0.0,40.0,0.0,20.0,0.0,-15.0,7.5,0.0,25.0,0.0,8.0
59,1353,62,1298,1315,0,1,54.1,85.5,158.0,6.0,45.6,54200,43100,11100,0.2047970479704797,3,-3,0.0,40.0,0.0,20.0,0.0,-15.0,7.5,0.0,25.0,0.0,8.0
59,1353,7,1278,1315,0,1,49.4,78.0,158.0,7.0,50.300000000000004,54200,50700,3500,0.06457564575645756,10,-10,0.0,40.0,0.0,20.0,0.0,-15.0,0.0,0.0,25.0,0.0,8.0
59,1353,107,1338,1315,0,1,49.4,78.0,158.0,8.0,50.300000000000004,54200,50820,3380,0.062361623616236164,13,13,0.0,40.0,0.0,20.0,0.0,-15.0,0.0,0.0,25.0,0.0,8.0
59,1353,12,1282,1315,0,1,49.4,78.0,158.0,9.0,50.300000000000004,54200,61060,6860,0.12656826568265683,9,-9,0.0,40.0,0.0,20.0,0.0,-15.0,0.0,0.0,25.0,0.0,8.0
59,1353,35,1328,1315,0,1,0.0,-27.0,158.0,10.0,99.7,54200,3758,50442,0.9306642066420664,6,-6,0.0,0.0,-40.0,0.0,0.0,-15.0,3.0,0.0,25.0,0.0,0.0
59,1353,36,1328,1315,0,1,0.0,-27.0,158.0,11.0,99.7,54200,255,53945,0.9952952029520296,6,-6,0.0,0.0,-40.0,0.0,0.0,-15.0,3.0,0.0,25.0,0.0,0.0
59,1353,37,1328,1315,0,1,0.0,-27.0,158.0,12.0,99.7,54200,2030,52170,0.9625461254612546,6,-6,0.0,0.0,-40.0,0.0,0.0,-15.0,3.0,0.0,25.0,0.0,0.0
59,1353,8,1279,1315,0,1,0.0,-25.02,158.0,13.0,99.7,54200,26800,27400,0.5055350553505535,10,-10,0.0,0.0,-40.0,0.0,0.0,-15.0,0.0,0.0,25.0,0.0,4.98
59,1353,34,1328,1315,0,1,0.0,-27.0,158.0,14.0,99.7,54200,974,53226,0.982029520295203,6,-6,0.0,0.0,-40.0,0.0,0.0,-15.0,3.0,0.0,25.0,0.0,0.0
59,1353,33,1328,1315,0,1,0.0,-27.0,158.0,15.0,99.7,54200,2940,51260,0.9457564575645756,6,-6,0.0,0.0,-40.0,0.0,0.0,-15.0,3.0,0.0,25.0,0.0,0.0
59,1353,32,1328,1315,0,1,0.0,-21.25,158.0,16.0,99.7,54200,230,53970,0.9957564575645756,6,-6,0.0,0.0,-40.0,0.0,0.0,-15.0,3.0,0.0,25.0,0.0,5.75
59,1353,14,1283,1315,0,1,0.0,-30.0,158.0,17.0,99.7,54200,1290,52910,0.97619926199262,8,-8,0.0,0.0,-40.0,0.0,0.0,-15.0,0.0,0.0,25.0,0.0,0.0
59,1353,13,1283,1315,0,1,0.0,-30.0,158.0,18.0,99.7,54200,11610,42590,0.7857933579335793,8,-8,0.0,0.0,-40.0,0.0,0.0,-15.0,0.0,0.0,25.0,0.0,0.0
59,1353,79,1318,1315,0,1,0.0,-17.52,158.0,19.0,99.7,54200,20040,34160,0.6302583025830258,3,3,0.0,0.0,-40.0,0.0,0.0,-15.0,7.5,0.0,25.0,0.0,4.98
59,1353,84,1323,1315,0,1,0.0,-22.02,158.0,20.0,99.7,54200,39200,15000,0.2767527675276753,4,4,0.0,0.0,-40.0,0.0,0.0,-15.0,3.0,0.0,25.0,0.0,4.98
59,1353,103,1337,1315,0,1,0.0,-25.02,158.0,21.0,99.7,54200,23980,30220,0.5575645756457565,12,12,0.0,0.0,-40.0,0.0,0.0,-15.0,0.0,0.0,25.0,0.0,4.98
59,1353,104,1336,1315,0,1,0.0,-25.02,158.0,22.0,99.7,54200,38140,16060,0.296309963099631,13,13,0.0,0.0,-40.0,0.0,0.0,-15.0,0.0,0.0,25.0,0.0,4.98
59,1353,38,1328,1315,0,1,0.0,-27.0,158.0,23.0,99.7,54200,774,53426,0.9857195571955719,6,-6,0.0,0.0,-40.0,0.0,0.0,-15.0,3.0,0.0,25.0,0.0,0.0
60,1352,76,1314,1314,1,1,99.2,168.68,170.0,1.0,0.0,41080,41080,0,0.0,0,0,1.0,40.0,0.0,20.0,40.0,0.0,25.0,10.68,25.0,0.0,8.0
60,1352,77,1315,1314,0,1,67.4,114.6,170.0,2.0,31.799999999999997,41080,54200,13120,0.3193768257059396,0,0,1.0,40.0,0.0,20.0,0.0,-15.0,25.0,11.6,25.0,0.0,8.0
60,1352,66,1303,1314,0,1,58.9,93.0,158.0,3.0,40.300000000000004,41080,50860,9780,0.23807205452775074,1,-1,0.0,40.0,0.0,20.0,0.0,-15.0,15.0,0.0,25.0,0.0,8.0
60,1352,61,1297,1314,0,1,54.1,85.5,158.0,4.0,45.1,41080,46520,5440,0.13242453748782862,3,-3,0.0,40.0,0.0,20.0,0.0,-15.0,7.5,0.0,25.0,0.0,8.0
60,1352,64,1301,1314,0,1,54.1,85.5,158.0,5.0,45.1,41080,56280,15200,0.37000973709834467,2,-2,0.0,40.0,0.0,20.0,0.0,-15.0,7.5,0.0,25.0,0.0,8.0
60,1352,62,1298,1314,0,1,54.1,85.5,158.0,6.0,45.1,41080,43100,2020,0.049172346640701074,3,-3,0.0,40.0,0.0,20.0,0.0,-15.0,7.5,0.0,25.0,0.0,8.0
60,1352,7,1278,1314,0,1,49.4,78.0,158.0,7.0,49.800000000000004,41080,50700,9620,0.23417721518987342,10,-10,0.0,40.0,0.0,20.0,0.0,-15.0,0.0,0.0,25.0,0.0,8.0
60,1352,107,1338,1314,0,1,49.4,78.0,158.0,8.0,49.800000000000004,41080,50820,9740,0.2370983446932814,13,13,0.0,40.0,0.0,20.0,0.0,-15.0,0.0,0.0,25.0,0.0,8.0
60,1352,12,1282,1314,0,1,49.4,78.0,158.0,9.0,49.800000000000004,41080,61060,19980,0.4863680623174294,9,-9,0.0,40.0,0.0,20.0,0.0,-15.0,0.0,0.0,25.0,0.0,8.0
60,1352,33,1328,1314,0,1,0.0,-27.0,158.0,10.0,99.2,41080,2940,38140,0.9284323271665044,6,-6,0.0,0.0,-40.0,0.0,0.0,-15.0,3.0,0.0,25.0,0.0,0.0
60,1352,14,1283,1314,0,1,0.0,-30.0,158.0,11.0,99.2,41080,1290,39790,0.9685978578383642,8,-8,0.0,0.0,-40.0,0.0,0.0,-15.0,0.0,0.0,25.0,0.0,0.0
60,1352,104,1336,1314,0,1,0.0,-25.02,158.0,12.0,99.2,41080,38140,2940,0.07156767283349562,13,13,0.0,0.0,-40.0,0.0,0.0,-15.0,0.0,0.0,25.0,0.0,4.98
60,1352,103,1337,1314,0,1,0.0,-25.02,158.0,13.0,99.2,41080,23980,17100,0.4162609542356378,12,12,0.0,0.0,-40.0,0.0,0.0,-15.0,0.0,0.0,25.0,0.0,4.98
60,1352,84,1323,1314,0,1,0.0,-22.02,158.0,14.0,99.2,41080,39200,1880,0.045764362220058426,4,4,0.0,0.0,-40.0,0.0,0.0,-15.0,3.0,0.0,25.0,0.0,4.98
60,1352,79,1318,1314,0,1,0.0,-17.52,158.0,15.0,99.2,41080,20040,21040,0.5121713729308666,3,3,0.0,0.0,-40.0,0.0,0.0,-15.0,7.5,0.0,25.0,0.0,4.98
60,1352,13,1283,1314,0,1,0.0,-30.0,158.0,16.0,99.2,41080,11610,29470,0.7173807205452775,8,-8,0.0,0.0,-40.0,0.0,0.0,-15.0,0.0,0.0,25.0,0.0,0.0
60,1352,15,1284,1314,0,1,0.0,-27.19,158.0,17.0,99.2,41080,40460,620,0.015092502434274586,8,-8,0.0,0.0,-40.0,0.0,19.81,0.0,0.0,0.0,0.0,-15.0,8.0
60,1352,34,1328,1314,0,1,0.0,-27.0,158.0,18.0,99.2,41080,974,40106,0.9762901655306718,6,-6,0.0,0.0,-40.0,0.0,0.0,-15.0,3.0,0.0,25.0,0.0,0.0
60,1352,17,1286,1314,0,1,0.0,-24.47,158.0,19.0,99.2,41080,41480,400,0.009737098344693282,8,-8,0.0,0.0,-40.0,0.0,30.53,0.0,0.0,0.0,0.0,-15.0,0.0
60,1352,32,1328,1314,0,1,0.0,-21.25,158.0,20.0,99.2,41080,230,40850,0.9944011684518014,6,-6,0.0,0.0,-40.0,0.0,0.0,-15.0,3.0,0.0,25.0,0.0,5.75
60,1352,38,1328,1314,0,1,0.0,-27.0,158.0,21.0,99.2,41080,774,40306,0.9811587147030185,6,-6,0.0,0.0,-40.0,0.0,0.0,-15.0,3.0,0.0,25.0,0.0,0.0
60,1352,8,1279,1314,0,1,0.0,-25.02,158.0,22.0,99.2,41080,26800,14280,0.3476144109055501,10,-10,0.0,0.0,-40.0,0.0,0.0,-15.0,0.0,0.0,25.0,0.0,4.98
60,1352,36,1328,1314,0,1,0.0,-27.0,158.0,23.0,99.2,41080,255,40825,0.993792599805258,6,-6,0.0,0.0,-40.0,0.0,0.0,-15.0,3.0,0.0,25.0,0.0,0.0
60,1352,35,1328,1314,0,1,0.0,-27.0,158.0,24.0,99.2,41080,3758,37322,0.9085199610516066,6,-6,0.0,0.0,-40.0,0.0,0.0,-15.0,3.0,0.0,25.0,0.0,0.0
60,1352,37,1328,1314,0,1,0.0,-27.0,158.0,25.0,99.2,41080,2030,39050,0.9505842259006816,6,-6,0.0,0.0,-40.0,0.0,0.0,-15.0,3.0,0.0,25.0,0.0,0.0
61,1356,79,1318,1318,1,1,88.9,140.5,158.0,1.0,0.0,20040,20040,0,0.0,3,3,0.0,40.0,0.0,20.0,40.0,0.0,7.5,0.0,25.0,0.0,8.0
61,1356,8,1279,1318,0,1,49.4,78.0,158.0,2.0,39.50000000000001,20040,26800,6760,0.3373253493013972,10,-10,0.0,40.0,0.0,20.0,0.0,-15.0,0.0,0.0,25.0,0.0,8.0
61,1356,103,1337,1318,0,1,49.4,78.0,158.0,3.0,39.50000000000001,20040,23980,3940,0.1966067864271457,12,12,0.0,40.0,0.0,20.0,0.0,-15.0,0.0,0.0,25.0,0.0,8.0
61,1356,76,1314,1318,0,1,5.7,9.61,170.0,4.0,83.2,20040,41080,21040,1.0499001996007984,0,0,1.0,0.0,-40.0,0.0,0.0,-15.0,25.0,9.37,25.0,0.0,5.24
61,1356,77,1315,1318,0,1,5.1,8.69,170.0,5.0,83.80000000000001,20040,54200,34160,1.7045908183632734,0,0,1.0,0.0,-40.0,0.0,0.0,-15.0,25.0,8.45,25.0,0.0,5.24
61,1356,7,1278,1318,0,1,0.0,-24.76,158.0,6.0,88.9,20040,50700,30660,1.529940119760479,10,-10,0.0,0.0,-40.0,0.0,0.0,-15.0,0.0,0.0,25.0,0.0,5.24
61,1356,104,1336,1318,0,1,0.0,-22.0,158.0,7.0,88.9,20040,38140,18100,0.9031936127744511,13,13,0.0,0.0,-40.0,0.0,0.0,-15.0,0.0,0.0,25.0,0.0,8.0
61,1356,96,1335,1318,0,1,0.0,-26.06,158.0,8.0,88.9,20040,20251,211,0.010528942115768464,11,11,0.0,0.0,-40.0,0.0,28.94,0.0,0.0,0.0,0.0,-15.0,0.0
61,1356,84,1323,1318,0,1,0.0,-19.0,158.0,9.0,88.9,20040,39200,19160,0.9560878243512974,4,4,0.0,0.0,-40.0,0.0,0.0,-15.0,3.0,0.0,25.0,0.0,8.0
61,1356,66,1303,1318,0,1,0.0,-9.76,158.0,10.0,88.9,20040,50860,30820,1.5379241516966067,1,-1,0.0,0.0,-40.0,0.0,0.0,-15.0,15.0,0.0,25.0,0.0,5.24
61,1356,64,1301,1318,0,1,0.0,-17.26,158.0,11.0,88.9,20040,56280,36240,1.8083832335329342,2,-2,0.0,0.0,-40.0,0.0,0.0,-15.0,7.5,0.0,25.0,0.0,5.24
61,1356,62,1298,1318,0,1,0.0,-17.26,158.0,12.0,88.9,20040,43100,23060,1.1506986027944113,3,-3,0.0,0.0,-40.0,0.0,0.0,-15.0,7.5,0.0,25.0,0.0,5.24
61,1356,61,1297,1318,0,1,0.0,-17.26,158.0,13.0,88.9,20040,46520,26480,1.3213572854291418,3,-3,0.0,0.0,-40.0,0.0,0.0,-15.0,7.5,0.0,25.0,0.0,5.24
61,1356,38,1328,1318,0,1,0.0,-27.0,158.0,14.0,88.9,20040,774,19266,0.9613772455089821,6,-6,0.0,0.0,-40.0,0.0,0.0,-15.0,3.0,0.0,25.0,0.0,0.0
61,1356,37,1328,1318,0,1,0.0,-27.0,158.0,15.0,88.9,20040,2030,18010,0.8987025948103793,6,-6,0.0,0.0,-40.0,0.0,0.0,-15.0,3.0,0.0,25.0,0.0,0.0
61,1356,36,1328,1318,0,1,0.0,-27.0,158.0,16.0,88.9,20040,255,19785,0.9872754491017964,6,-6,0.0,0.0,-40.0,0.0,0.0,-15.0,3.0,0.0,25.0,0.0,0.0
61,1356,35,1328,1318,0,1,0.0,-27.0,158.0,17.0,88.9,20040,3758,16282,0.8124750499001996,6,-6,0.0,0.0,-40.0,0.0,0.0,-15.0,3.0,0.0,25.0,0.0,0.0
61,1356,34,1328,1318,0,1,0.0,-27.0,158.0,18.0,88.9,20040,974,19066,0.9513972055888223,6,-6,0.0,0.0,-40.0,0.0,0.0,-15.0,3.0,0.0,25.0,0.0,0.0
61,1356,33,1328,1318,0,1,0.0,-27.0,158.0,19.0,88.9,20040,2940,17100,0.8532934131736527,6,-6,0.0,0.0,-40.0,0.0,0.0,-15.0,3.0,0.0,25.0,0.0,0.0
61,1356,32,1328,1318,0,1,0.0,-23.81,158.0,20.0,88.9,20040,230,19810,0.9885229540918163,6,-6,0.0,0.0,-40.0,0.0,0.0,-15.0,3.0,0.0,25.0,0.0,3.19
61,1356,14,1283,1318,0,1,0.0,-30.0,158.0,21.0,88.9,20040,1290,18750,0.9356287425149701,8,-8,0.0,0.0,-40.0,0.0,0.0,-15.0,0.0,0.0,25.0,0.0,0.0
61,1356,13,1283,1318,0,1,0.0,-30.0,158.0,22.0,88.9,20040,11610,8430,0.42065868263473055,8,-8,0.0,0.0,-40.0,0.0,0.0,-15.0,0.0,0.0,25.0,0.0,0.0
61,1356,12,1282,1318,0,1,0.0,-24.76,158.0,23.0,88.9,20040,61060,41020,2.0469061876247503,9,-9,0.0,0.0,-40.0,0.0,0.0,-15.0,0.0,0.0,25.0,0.0,5.24
61,1356,107,1338,1318,0,1,0.0,-24.76,158.0,24.0,88.9,20040,50820,30780,1.535928143712575,13,13,0.0,0.0,-40.0,0.0,0.0,-15.0,0.0,0.0,25.0,0.0,5.24
62,1339,66,1303,1303,1,1,99.5,169.18,170.0,1.0,0.0,50860,50860,0,0.0,0,0,1.0,40.0,0.0,20.0,40.0,0.0,25.0,11.18,25.0,0.0,8.0
62,1339,7,1278,1303,0,1,84.2,133.0,158.0,2.0,15.299999999999997,50860,50700,160,0.0031458906802988595,9,-9,0.0,40.0,0.0,20.0,40.0,0.0,0.0,0.0,25.0,0.0,8.0
62,1339,77,1315,1303,0,1,58.9,93.0,158.0,3.0,40.6,50860,54200,3340,0.0656704679512387,1,1,0.0,40.0,0.0,20.0,0.0,-15.0,15.0,0.0,25.0,0.0,8.0
62,1339,76,1314,1303,0,1,58.9,93.0,158.0,4.0,40.6,50860,41080,9780,0.19229256783326779,1,1,0.0,40.0,0.0,20.0,0.0,-15.0,15.0,0.0,25.0,0.0,8.0
62,1339,64,1301,1303,0,1,58.9,93.0,158.0,5.0,40.6,50860,56280,5420,0.10656704679512387,1,-1,0.0,40.0,0.0,20.0,0.0,-15.0,15.0,0.0,25.0,0.0,8.0
62,1339,62,1298,1303,0,1,54.1,85.5,158.0,6.0,45.4,50860,43100,7760,0.1525756979944947,2,-2,0.0,40.0,0.0,20.0,0.0,-15.0,7.5,0.0,25.0,0.0,8.0
62,1339,61,1297,1303,0,1,54.1,85.5,158.0,7.0,45.4,50860,46520,4340,0.08533228470310657,2,-2,0.0,40.0,0.0,20.0,0.0,-15.0,7.5,0.0,25.0,0.0,8.0
62,1339,12,1282,1303,0,1,49.4,78.0,158.0,8.0,50.1,50860,61060,10200,0.2005505308690523,8,-8,0.0,40.0,0.0,20.0,0.0,-15.0,0.0,0.0,25.0,0.0,8.0
62,1339,38,1328,1303,0,1,0.0,-27.0,158.0,9.0,99.5,50860,774,50086,0.9847817538340543,5,-5,0.0,0.0,-40.0,0.0,0.0,-15.0,3.0,0.0,25.0,0.0,0.0
62,1339,84,1323,1303,0,1,0.0,-22.02,158.0,10.0,99.5,50860,39200,11660,0.2292567833267794,5,5,0.0,0.0,-40.0,0.0,0.0,-15.0,3.0,0.0,25.0,0.0,4.98
62,1339,79,1318,1303,0,1,0.0,-22.02,158.0,11.0,99.5,50860,20040,30820,0.6059771922925679,4,4,0.0,0.0,-40.0,0.0,0.0,-15.0,3.0,0.0,25.0,0.0,4.98
62,1339,37,1328,1303,0,1,0.0,-27.0,158.0,12.0,99.5,50860,2030,48830,0.9600865119937082,5,-5,0.0,0.0,-40.0,0.0,0.0,-15.0,3.0,0.0,25.0,0.0,0.0
62,1339,8,1279,1303,0,1,0.0,-25.02,158.0,13.0,99.5,50860,26800,24060,0.47306331104994104,9,-9,0.0,0.0,-40.0,0.0,0.0,-15.0,0.0,0.0,25.0,0.0,4.98
62,1339,36,1328,1303,0,1,0.0,-27.0,158.0,14.0,99.5,50860,255,50605,0.9949862367282737,5,-5,0.0,0.0,-40.0,0.0,0.0,-15.0,3.0,0.0,25.0,0.0,0.0
62,1339,35,1328,1303,0,1,0.0,-27.0,158.0,15.0,99.5,50860,3758,47102,0.9261108926464805,5,-5,0.0,0.0,-40.0,0.0,0.0,-15.0,3.0,0.0,25.0,0.0,0.0
62,1339,34,1328,1303,0,1,0.0,-27.0,158.0,16.0,99.5,50860,974,49886,0.9808493904836807,5,-5,0.0,0.0,-40.0,0.0,0.0,-15.0,3.0,0.0,25.0,0.0,0.0
62,1339,33,1328,1303,0,1,0.0,-27.0,158.0,17.0,99.5,50860,2940,47920,0.9421942587495085,5,-5,0.0,0.0,-40.0,0.0,0.0,-15.0,3.0,0.0,25.0,0.0,0.0
62,1339,32,1328,1303,0,1,0.0,-21.25,158.0,18.0,99.5,50860,230,50630,0.9954777821470704,5,-5,0.0,0.0,-40.0,0.0,0.0,-15.0,3.0,0.0,25.0,0.0,5.75
62,1339,14,1283,1303,0,1,0.0,-27.0,158.0,19.0,99.5,50860,1290,49570,0.9746362563900904,7,-7,0.0,0.0,-40.0,0.0,0.0,-15.0,3.0,0.0,25.0,0.0,0.0
62,1339,13,1283,1303,0,1,0.0,-27.0,158.0,20.0,99.5,50860,11610,39250,0.771726307510814,7,-7,0.0,0.0,-40.0,0.0,0.0,-15.0,3.0,0.0,25.0,0.0,0.0
62,1339,103,1337,1303,0,1,0.0,-25.02,158.0,21.0,99.5,50860,23980,26880,0.5285096342902084,13,13,0.0,0.0,-40.0,0.0,0.0,-15.0,0.0,0.0,25.0,0.0,4.98
63,1350,74,1312,1312,1,1,93.7,148.0,158.0,1.0,0.0,25760,25760,0,0.0,1,1,0.0,40.0,0.0,20.0,40.0,0.0,15.0,0.0,25.0,0.0,8.0
63,1350,91,1330,1312,0,1,51.3,81.0,158.0,2.0,42.400000000000006,25760,27380,1620,0.06288819875776397,7,7,0.0,40.0,0.0,20.0,0.0,-15.0,3.0,0.0,25.0,0.0,8.0
63,1350,90,1329,1312,0,1,51.3,81.0,158.0,3.0,42.400000000000006,25760,23680,2080,0.08074534161490683,7,7,0.0,40.0,0.0,20.0,0.0,-15.0,3.0,0.0,25.0,0.0,8.0
63,1350,30,1290,1312,0,1,51.3,81.0,158.0,4.0,42.400000000000006,25760,39680,13920,0.5403726708074534,6,-6,0.0,40.0,0.0,20.0,0.0,-15.0,3.0,0.0,25.0,0.0,8.0
63,1350,31,1291,1312,0,1,51.3,81.0,158.0,5.0,42.400000000000006,25760,38520,12760,0.4953416149068323,6,-6,0.0,40.0,0.0,20.0,0.0,-15.0,3.0,0.0,25.0,0.0,8.0
63,1350,2,1271,1312,0,1,49.4,78.0,158.0,6.0,44.300000000000004,25760,37940,12180,0.47282608695652173,13,-13,0.0,40.0,0.0,20.0,0.0,-15.0,0.0,0.0,25.0,0.0,8.0
63,1350,68,1305,1312,0,1,3.3,5.59,170.0,7.0,90.4,25760,10500,15260,0.592391304347826,0,0,1.0,0.0,-40.0,0.0,0.0,-15.0,25.0,10.59,25.0,0.0,0.0
63,1350,86,1325,1312,0,1,0.0,-24.52,158.0,8.0,93.7,25760,34780,9020,0.3501552795031056,7,7,0.0,0.0,-40.0,0.0,0.0,-15.0,3.0,0.0,25.0,0.0,2.48
63,1350,83,1322,1312,0,1,0.0,-27.0,158.0,9.0,93.7,25760,42600,16840,0.6537267080745341,5,5,0.0,0.0,-40.0,0.0,0.0,-15.0,3.0,0.0,25.0,0.0,0.0
63,1350,40,1295,1312,0,1,0.0,-22.5,158.0,10.0,93.7,25760,34460,8700,0.33773291925465837,3,-3,0.0,0.0,-40.0,0.0,0.0,-15.0,7.5,0.0,25.0,0.0,0.0
63,1350,41,1293,1312,0,1,0.0,-22.5,158.0,11.0,93.7,25760,37220,11460,0.4448757763975155,3,-3,0.0,0.0,-40.0,0.0,0.0,-15.0,7.5,0.0,25.0,0.0,0.0
63,1350,3,1276,1312,0,1,0.0,-30.0,158.0,12.0,93.7,25760,28880,3120,0.12111801242236025,10,-10,0.0,0.0,-40.0,0.0,0.0,-15.0,0.0,0.0,25.0,0.0,0.0
63,1350,17,1286,1312,0,1,0.0,-27.0,158.0,13.0,93.7,25760,41480,15720,0.610248447204969,7,-7,0.0,0.0,-40.0,0.0,0.0,-15.0,3.0,0.0,25.0,0.0,0.0
63,1350,16,1285,1312,0,1,0.0,-24.52,158.0,14.0,93.7,25760,30920,5160,0.20031055900621117,7,-7,0.0,0.0,-40.0,0.0,0.0,-15.0,3.0,0.0,25.0,0.0,2.48
63,1350,15,1284,1312,0,1,0.0,-24.52,158.0,15.0,93.7,25760,40460,14700,0.5706521739130435,7,-7,0.0,0.0,-40.0,0.0,0.0,-15.0,3.0,0.0,25.0,0.0,2.48
63,1350,9,1280,1312,0,1,0.0,-28.29,158.0,16.0,93.7,25760,25460,300,0.011645962732919254,8,-8,0.0,0.0,-40.0,0.0,26.71,0.0,0.0,0.0,0.0,-15.0,0.0
63,1350,92,1333,1312,0,1,0.0,-30.0,158.0,17.0,93.7,25760,47620,21860,0.8486024844720497,11,11,0.0,0.0,-40.0,0.0,0.0,-15.0,0.0,0.0,25.0,0.0,0.0
64,1344,68,1305,1305,1,1,98.7,167.73,170.0,1.0,0.0,10500,10500,0,0.0,0,0,1.0,40.0,0.0,20.0,40.0,0.0,25.0,9.73,25.0,0.0,8.0
64,1344,89,1327,1305,0,1,24.1,38.0,158.0,2.0,74.6,10500,1751,8749,0.8332380952380952,7,7,0.0,40.0,0.0,20.0,0.0,-15.0,3.0,0.0,0.0,-15.0,5.0
64,1344,2,1271,1305,0,1,0.0,-30.0,158.0,3.0,98.7,10500,37940,27440,2.6133333333333333,13,-13,0.0,0.0,-40.0,0.0,0.0,-15.0,0.0,0.0,25.0,0.0,0.0
64,1344,91,1330,1305,0,1,0.0,-27.0,158.0,4.0,98.7,10500,27380,16880,1.6076190476190477,7,7,0.0,0.0,-40.0,0.0,0.0,-15.0,3.0,0.0,25.0,0.0,0.0
64,1344,90,1329,1305,0,1,0.0,-27.0,158.0,5.0,98.7,10500,23680,13180,1.2552380952380953,7,7,0.0,0.0,-40.0,0.0,0.0,-15.0,3.0,0.0,25.0,0.0,0.0
64,1344,86,1325,1305,0,1,0.0,-27.0,158.0,6.0,98.7,10500,34780,24280,2.3123809523809524,7,7,0.0,0.0,-40.0,0.0,0.0,-15.0,3.0,0.0,25.0,0.0,0.0
64,1344,83,1322,1305,0,1,0.0,-27.0,158.0,7.0,98.7,10500,42600,32100,3.057142857142857,5,5,0.0,0.0,-40.0,0.0,0.0,-15.0,3.0,0.0,25.0,0.0,0.0
64,1344,74,1312,1305,0,1,0.0,-15.0,158.0,8.0,98.7,10500,25760,15260,1.4533333333333334,1,1,0.0,0.0,-40.0,0.0,0.0,-15.0,15.0,0.0,25.0,0.0,0.0
64,1344,41,1293,1305,0,1,0.0,-22.5,158.0,9.0,98.7,10500,37220,26720,2.544761904761905,3,-3,0.0,0.0,-40.0,0.0,0.0,-15.0,7.5,0.0,25.0,0.0,0.0
64,1344,3,1276,1305,0,1,0.0,-30.0,158.0,10.0,98.7,10500,28880,18380,1.7504761904761905,10,-10,0.0,0.0,-40.0,0.0,0.0,-15.0,0.0,0.0,25.0,0.0,0.0
64,1344,40,1295,1305,0,1,0.0,-22.5,158.0,11.0,98.7,10500,34460,23960,2.281904761904762,3,-3,0.0,0.0,-40.0,0.0,0.0,-15.0,7.5,0.0,25.0,0.0,0.0
64,1344,31,1291,1305,0,1,0.0,-27.0,158.0,12.0,98.7,10500,38520,28020,2.6685714285714286,6,-6,0.0,0.0,-40.0,0.0,0.0,-15.0,3.0,0.0,25.0,0.0,0.0
64,1344,30,1290,1305,0,1,0.0,-27.0,158.0,13.0,98.7,10500,39680,29180,2.779047619047619,6,-6,0.0,0.0,-40.0,0.0,0.0,-15.0,3.0,0.0,25.0,0.0,0.0
64,1344,17,1286,1305,0,1,0.0,-27.0,158.0,14.0,98.7,10500,41480,30980,2.9504761904761905,7,-7,0.0,0.0,-40.0,0.0,0.0,-15.0,3.0,0.0,25.0,0.0,0.0
64,1344,16,1285,1305,0,1,0.0,-27.0,158.0,15.0,98.7,10500,30920,20420,1.9447619047619047,7,-7,0.0,0.0,-40.0,0.0,0.0,-15.0,3.0,0.0,25.0,0.0,0.0
64,1344,15,1284,1305,0,1,0.0,-27.0,158.0,16.0,98.7,10500,40460,29960,2.8533333333333335,7,-7,0.0,0.0,-40.0,0.0,0.0,-15.0,3.0,0.0,25.0,0.0,0.0
64,1344,92,1333,1305,0,1,0.0,-30.0,158.0,17.0,98.7,10500,47620,37120,3.5352380952380953,11,11,0.0,0.0,-40.0,0.0,0.0,-15.0,0.0,0.0,25.0,0.0,0.0
65,1338,64,1301,1301,1,1,99.7,169.51,170.0,1.0,0.0,56280,56280,0,0.0,0,0,1.0,40.0,0.0,20.0,40.0,0.0,25.0,11.51,25.0,0.0,8.0
65,1338,66,1303,1301,0,1,58.9,93.0,158.0,2.0,40.800000000000004,56280,50860,5420,0.09630419331911869,1,1,0.0,40.0,0.0,20.0,0.0,-15.0,15.0,0.0,25.0,0.0,8.0
65,1338,62,1298,1301,0,1,58.9,93.0,158.0,3.0,40.800000000000004,56280,43100,13180,0.2341862117981521,1,-1,0.0,40.0,0.0,20.0,0.0,-15.0,15.0,0.0,25.0,0.0,8.0
65,1338,61,1297,1301,0,1,58.9,93.0,158.0,4.0,40.800000000000004,56280,46520,9760,0.1734186211798152,1,-1,0.0,40.0,0.0,20.0,0.0,-15.0,15.0,0.0,25.0,0.0,8.0
65,1338,77,1315,1301,0,1,54.1,85.5,158.0,5.0,45.6,56280,54200,2080,0.03695806680881308,2,2,0.0,40.0,0.0,20.0,0.0,-15.0,7.5,0.0,25.0,0.0,8.0
65,1338,76,1314,1301,0,1,54.1,85.5,158.0,6.0,45.6,56280,41080,15200,0.27007818052594174,2,2,0.0,40.0,0.0,20.0,0.0,-15.0,7.5,0.0,25.0,0.0,8.0
65,1338,12,1282,1301,0,1,51.3,81.0,158.0,7.0,48.400000000000006,56280,61060,4780,0.08493248045486851,7,-7,0.0,40.0,0.0,20.0,0.0,-15.0,3.0,0.0,25.0,0.0,8.0
65,1338,7,1278,1301,0,1,49.4,78.0,158.0,8.0,50.300000000000004,56280,50700,5580,0.09914712153518124,8,-8,0.0,40.0,0.0,20.0,0.0,-15.0,0.0,0.0,25.0,0.0,8.0
65,1338,38,1328,1301,0,1,0.0,-27.0,158.0,9.0,99.7,56280,774,55506,0.9862473347547974,4,-4,0.0,0.0,-40.0,0.0,0.0,-15.0,3.0,0.0,25.0,0.0,0.0
65,1338,79,1318,1301,0,1,0.0,-22.02,158.0,10.0,99.7,56280,20040,36240,0.6439232409381663,5,5,0.0,0.0,-40.0,0.0,0.0,-15.0,3.0,0.0,25.0,0.0,4.98
65,1338,37,1328,1301,0,1,0.0,-27.0,158.0,11.0,99.7,56280,2030,54250,0.9639303482587065,4,-4,0.0,0.0,-40.0,0.0,0.0,-15.0,3.0,0.0,25.0,0.0,0.0
65,1338,8,1279,1301,0,1,0.0,-25.02,158.0,12.0,99.7,56280,26800,29480,0.5238095238095238,8,-8,0.0,0.0,-40.0,0.0,0.0,-15.0,0.0,0.0,25.0,0.0,4.98
65,1338,36,1328,1301,0,1,0.0,-27.0,158.0,13.0,99.7,56280,255,56025,0.9954690831556503,4,-4,0.0,0.0,-40.0,0.0,0.0,-15.0,3.0,0.0,25.0,0.0,0.0
65,1338,35,1328,1301,0,1,0.0,-27.0,158.0,14.0,99.7,56280,3758,52522,0.933226723525231,4,-4,0.0,0.0,-40.0,0.0,0.0,-15.0,3.0,0.0,25.0,0.0,0.0
65,1338,34,1328,1301,0,1,0.0,-27.0,158.0,15.0,99.7,56280,974,55306,0.9826936744847192,4,-4,0.0,0.0,-40.0,0.0,0.0,-15.0,3.0,0.0,25.0,0.0,0.0
65,1338,33,1328,1301,0,1,0.0,-27.0,158.0,16.0,99.7,56280,2940,53340,0.9477611940298507,4,-4,0.0,0.0,-40.0,0.0,0.0,-15.0,3.0,0.0,25.0,0.0,0.0
65,1338,32,1328,1301,0,1,0.0,-21.25,158.0,17.0,99.7,56280,230,56050,0.9959132906894101,4,-4,0.0,0.0,-40.0,0.0,0.0,-15.0,3.0,0.0,25.0,0.0,5.75
65,1338,14,1283,1301,0,1,0.0,-27.0,158.0,18.0,99.7,56280,1290,54990,0.9770788912579957,6,-6,0.0,0.0,-40.0,0.0,0.0,-15.0,3.0,0.0,25.0,0.0,0.0
65,1338,13,1283,1301,0,1,0.0,-27.0,158.0,19.0,99.7,56280,11610,44670,0.7937100213219617,6,-6,0.0,0.0,-40.0,0.0,0.0,-15.0,3.0,0.0,25.0,0.0,0.0
65,1338,84,1323,1301,0,1,0.0,-22.02,158.0,20.0,99.7,56280,39200,17080,0.3034825870646766,6,6,0.0,0.0,-40.0,0.0,0.0,-15.0,3.0,0.0,25.0,0.0,4.98
66,1335,62,1298,1298,1,1,100.0,169.99,170.0,1.0,0.0,43100,43100,0,0.0,0,0,1.0,40.0,0.0,20.0,40.0,0.0,25.0,11.99,25.0,0.0,8.0
66,1335,61,1297,1298,0,1,66.2,112.52,170.0,2.0,33.8,43100,46520,3420,0.07935034802784223,0,0,1.0,40.0,0.0,20.0,0.0,-15.0,25.0,9.52,25.0,0.0,8.0
66,1335,64,1301,1298,0,1,58.9,93.0,158.0,3.0,41.1,43100,56280,13180,0.30580046403712297,1,1,0.0,40.0,0.0,20.0,0.0,-15.0,15.0,0.0,25.0,0.0,8.0
66,1335,77,1315,1298,0,1,54.1,85.5,158.0,4.0,45.9,43100,54200,11100,0.25754060324825984,3,3,0.0,40.0,0.0,20.0,0.0,-15.0,7.5,0.0,25.0,0.0,8.0
66,1335,76,1314,1298,0,1,54.1,85.5,158.0,5.0,45.9,43100,41080,2020,0.04686774941995359,3,3,0.0,40.0,0.0,20.0,0.0,-15.0,7.5,0.0,25.0,0.0,8.0
66,1335,66,1303,1298,0,1,54.1,85.5,158.0,6.0,45.9,43100,50860,7760,0.180046403712297,2,2,0.0,40.0,0.0,20.0,0.0,-15.0,7.5,0.0,25.0,0.0,8.0
66,1335,7,1278,1298,0,1,51.3,81.0,158.0,7.0,48.7,43100,50700,7600,0.17633410672853828,7,-7,0.0,40.0,0.0,20.0,0.0,-15.0,3.0,0.0,25.0,0.0,8.0
66,1335,12,1282,1298,0,1,51.3,81.0,158.0,8.0,48.7,43100,61060,17960,0.41670533642691415,6,-6,0.0,40.0,0.0,20.0,0.0,-15.0,3.0,0.0,25.0,0.0,8.0
66,1335,83,1322,1298,0,1,0.0,-25.2,158.0,9.0,100.0,43100,42600,500,0.01160092807424594,7,7,0.0,0.0,-40.0,0.0,26.8,0.0,3.0,0.0,0.0,-15.0,0.0
66,1335,79,1318,1298,0,1,0.0,-22.02,158.0,10.0,100.0,43100,20040,23060,0.5350348027842228,6,6,0.0,0.0,-40.0,0.0,0.0,-15.0,3.0,0.0,25.0,0.0,4.98
66,1335,67,1304,1298,0,1,0.0,-9.56,158.0,11.0,100.0,43100,42840,260,0.0060324825986078886,2,2,0.0,0.0,-40.0,0.0,37.94,0.0,7.5,0.0,0.0,-15.0,0.0
66,1335,38,1328,1298,0,1,0.0,-22.5,158.0,12.0,100.0,43100,774,42326,0.9820417633410673,3,-3,0.0,0.0,-40.0,0.0,0.0,-15.0,7.5,0.0,25.0,0.0,0.0
66,1335,8,1279,1298,0,1,0.0,-22.02,158.0,13.0,100.0,43100,26800,16300,0.37819025522041766,7,-7,0.0,0.0,-40.0,0.0,0.0,-15.0,3.0,0.0,25.0,0.0,4.98
66,1335,37,1328,1298,0,1,0.0,-22.5,158.0,14.0,100.0,43100,2030,41070,0.9529002320185614,3,-3,0.0,0.0,-40.0,0.0,0.0,-15.0,7.5,0.0,25.0,0.0,0.0
66,1335,36,1328,1298,0,1,0.0,-22.5,158.0,15.0,100.0,43100,255,42845,0.9940835266821346,3,-3,0.0,0.0,-40.0,0.0,0.0,-15.0,7.5,0.0,25.0,0.0,0.0
66,1335,35,1328,1298,0,1,0.0,-22.5,158.0,16.0,100.0,43100,3758,39342,0.9128074245939675,3,-3,0.0,0.0,-40.0,0.0,0.0,-15.0,7.5,0.0,25.0,0.0,0.0
66,1335,34,1328,1298,0,1,0.0,-22.5,158.0,17.0,100.0,43100,974,42126,0.9774013921113689,3,-3,0.0,0.0,-40.0,0.0,0.0,-15.0,7.5,0.0,25.0,0.0,0.0
66,1335,33,1328,1298,0,1,0.0,-22.5,158.0,18.0,100.0,43100,2940,40160,0.9317865429234339,3,-3,0.0,0.0,-40.0,0.0,0.0,-15.0,7.5,0.0,25.0,0.0,0.0
66,1335,32,1328,1298,0,1,0.0,-16.75,158.0,19.0,100.0,43100,230,42870,0.9946635730858469,3,-3,0.0,0.0,-40.0,0.0,0.0,-15.0,7.5,0.0,25.0,0.0,5.75
66,1335,14,1283,1298,0,1,0.0,-27.0,158.0,20.0,100.0,43100,1290,41810,0.9700696055684455,5,-5,0.0,0.0,-40.0,0.0,0.0,-15.0,3.0,0.0,25.0,0.0,0.0
66,1335,13,1283,1298,0,1,0.0,-27.0,158.0,21.0,100.0,43100,11610,31490,0.7306264501160092,5,-5,0.0,0.0,-40.0,0.0,0.0,-15.0,3.0,0.0,25.0,0.0,0.0
66,1335,84,1323,1298,0,1,0.0,-22.02,158.0,22.0,100.0,43100,39200,3900,0.09048723897911833,7,7,0.0,0.0,-40.0,0.0,0.0,-15.0,3.0,0.0,25.0,0.0,4.98
67,1334,61,1297,1297,1,1,99.7,169.53,170.0,1.0,0.0,46520,46520,0,0.0,0,0,1.0,40.0,0.0,20.0,40.0,0.0,25.0,11.53,25.0,0.0,8.0
67,1334,62,1298,1297,0,1,66.5,113.01,170.0,2.0,33.2,46520,43100,3420,0.07351676698194325,0,0,1.0,40.0,0.0,20.0,0.0,-15.0,25.0,10.01,25.0,0.0,8.0
67,1334,64,1301,1297,0,1,58.9,93.0,158.0,3.0,40.800000000000004,46520,56280,9760,0.20980223559759242,1,1,0.0,40.0,0.0,20.0,0.0,-15.0,15.0,0.0,25.0,0.0,8.0
67,1334,77,1315,1297,0,1,54.1,85.5,158.0,4.0,45.6,46520,54200,7680,0.1650902837489252,3,3,0.0,40.0,0.0,20.0,0.0,-15.0,7.5,0.0,25.0,0.0,8.0
67,1334,76,1314,1297,0,1,54.1,85.5,158.0,5.0,45.6,46520,41080,5440,0.11693895098882201,3,3,0.0,40.0,0.0,20.0,0.0,-15.0,7.5,0.0,25.0,0.0,8.0
67,1334,66,1303,1297,0,1,54.1,85.5,158.0,6.0,45.6,46520,50860,4340,0.09329320722269992,2,2,0.0,40.0,0.0,20.0,0.0,-15.0,7.5,0.0,25.0,0.0,8.0
67,1334,7,1278,1297,0,1,51.3,81.0,158.0,7.0,48.400000000000006,46520,50700,4180,0.08985382631126397,7,-7,0.0,40.0,0.0,20.0,0.0,-15.0,3.0,0.0,25.0,0.0,8.0
67,1334,12,1282,1297,0,1,51.3,81.0,158.0,8.0,48.400000000000006,46520,61060,14540,0.3125537403267412,6,-6,0.0,40.0,0.0,20.0,0.0,-15.0,3.0,0.0,25.0,0.0,8.0
67,1334,84,1323,1297,0,1,0.0,-22.02,158.0,9.0,99.7,46520,39200,7320,0.15735167669819433,7,7,0.0,0.0,-40.0,0.0,0.0,-15.0,3.0,0.0,25.0,0.0,4.98
67,1334,82,1321,1297,0,1,0.0,-10.04,158.0,10.0,99.7,46520,46460,60,0.0012897678417884782,7,7,0.0,0.0,-40.0,0.0,40.0,0.0,3.0,0.0,0.0,-15.0,1.96
67,1334,79,1318,1297,0,1,0.0,-22.02,158.0,11.0,99.7,46520,20040,26480,0.5692175408426483,6,6,0.0,0.0,-40.0,0.0,0.0,-15.0,3.0,0.0,25.0,0.0,4.98
67,1334,38,1328,1297,0,1,0.0,-22.5,158.0,12.0,99.7,46520,774,45746,0.9833619948409287,3,-3,0.0,0.0,-40.0,0.0,0.0,-15.0,7.5,0.0,25.0,0.0,0.0
67,1334,8,1279,1297,0,1,0.0,-22.02,158.0,13.0,99.7,46520,26800,19720,0.4239036973344798,7,-7,0.0,0.0,-40.0,0.0,0.0,-15.0,3.0,0.0,25.0,0.0,4.98
67,1334,37,1328,1297,0,1,0.0,-22.5,158.0,14.0,99.7,46520,2030,44490,0.9563628546861564,3,-3,0.0,0.0,-40.0,0.0,0.0,-15.0,7.5,0.0,25.0,0.0,0.0
67,1334,36,1328,1297,0,1,0.0,-22.5,158.0,15.0,99.7,46520,255,46265,0.994518486672399,3,-3,0.0,0.0,-40.0,0.0,0.0,-15.0,7.5,0.0,25.0,0.0,0.0
67,1334,35,1328,1297,0,1,0.0,-22.5,158.0,16.0,99.7,46520,3758,42762,0.9192175408426483,3,-3,0.0,0.0,-40.0,0.0,0.0,-15.0,7.5,0.0,25.0,0.0,0.0
67,1334,34,1328,1297,0,1,0.0,-22.5,158.0,17.0,99.7,46520,974,45546,0.9790627687016337,3,-3,0.0,0.0,-40.0,0.0,0.0,-15.0,7.5,0.0,25.0,0.0,0.0
67,1334,33,1328,1297,0,1,0.0,-22.5,158.0,18.0,99.7,46520,2940,43580,0.9368013757523646,3,-3,0.0,0.0,-40.0,0.0,0.0,-15.0,7.5,0.0,25.0,0.0,0.0
67,1334,32,1328,1297,0,1,0.0,-16.75,158.0,19.0,99.7,46520,230,46290,0.9950558899398109,3,-3,0.0,0.0,-40.0,0.0,0.0,-15.0,7.5,0.0,25.0,0.0,5.75
67,1334,14,1283,1297,0,1,0.0,-27.0,158.0,20.0,99.7,46520,1290,45230,0.9722699914015477,5,-5,0.0,0.0,-40.0,0.0,0.0,-15.0,3.0,0.0,25.0,0.0,0.0
67,1334,13,1283,1297,0,1,0.0,-27.0,158.0,21.0,99.7,46520,11610,34910,0.7504299226139295,5,-5,0.0,0.0,-40.0,0.0,0.0,-15.0,3.0,0.0,25.0,0.0,0.0
67,1334,92,1333,1297,0,1,0.0,-52.29,158.0,22.0,99.7,46520,47620,1100,0.023645743766122097,13,13,0.0,0.0,-40.0,0.0,2.71,0.0,0.0,0.0,0.0,-15.0,0.0
68,1332,40,1295,1295,1,1,100.0,169.99,170.0,1.0,0.0,34460,34460,0,0.0,0,0,1.0,40.0,0.0,20.0,40.0,0.0,25.0,11.99,25.0,0.0,8.0
68,1332,3,1276,1295,0,1,51.3,81.0,158.0,2.0,48.7,34460,28880,5580,0.16192687173534534,7,-7,0.0,40.0,0.0,20.0,0.0,-15.0,3.0,0.0,25.0,0.0,8.0
68,1332,17,1286,1295,0,1,51.3,81.0,158.0,3.0,48.7,34460,41480,7020,0.2037144515380151,4,-4,0.0,40.0,0.0,20.0,0.0,-15.0,3.0,0.0,25.0,0.0,8.0
68,1332,83,1322,1295,0,1,49.4,78.0,158.0,4.0,50.6,34460,42600,8140,0.23621590249564714,8,8,0.0,40.0,0.0,20.0,0.0,-15.0,0.0,0.0,25.0,0.0,8.0
68,1332,88,1326,1295,0,1,45.6,72.1,158.0,5.0,54.4,34460,33940,520,0.015089959373186303,10,10,0.0,40.0,0.0,20.0,19.82,0.0,0.0,0.0,0.0,-15.0,7.28
68,1332,4,1273,1295,0,1,25.5,40.28,158.0,6.0,74.5,34460,39860,5400,0.1567034242600116,7,-7,0.0,40.0,0.0,20.0,0.0,-15.0,3.0,0.0,0.0,-15.0,7.28
68,1332,6,1275,1295,0,1,25.5,40.28,158.0,7.0,74.5,34460,37600,3140,0.09112013929193268,6,-6,0.0,40.0,0.0,20.0,0.0,-15.0,3.0,0.0,0.0,-15.0,7.28
68,1332,75,1313,1295,0,1,25.5,40.28,158.0,8.0,74.5,34460,38440,3980,0.1154962275101567,4,4,0.0,40.0,0.0,20.0,0.0,-15.0,3.0,0.0,0.0,-15.0,7.28
68,1332,81,1320,1295,0,1,23.6,37.28,158.0,9.0,76.4,34460,27000,7460,0.21648287869994196,8,8,0.0,40.0,0.0,20.0,0.0,-15.0,0.0,0.0,0.0,-15.0,7.28
68,1332,86,1325,1295,0,1,10.4,16.43,158.0,10.0,89.6,34460,34780,320,0.009286128845037725,10,10,0.0,0.0,-40.0,0.0,31.43,0.0,0.0,0.0,25.0,0.0,0.0
68,1332,41,1293,1295,0,1,5.0,8.44,170.0,11.0,95.0,34460,37220,2760,0.08009286128845038,0,0,1.0,0.0,-40.0,0.0,0.0,-15.0,25.0,11.52,25.0,0.0,1.92
68,1332,65,1302,1295,0,1,1.1,1.75,158.0,12.0,98.9,34460,34780,320,0.009286128845037725,2,2,0.0,0.0,-40.0,0.0,31.43,0.0,7.5,0.0,0.0,0.0,2.82
68,1332,74,1312,1295,0,1,0.0,-27.0,158.0,13.0,100.0,34460,25760,8700,0.2524666279744631,4,4,0.0,0.0,-40.0,0.0,0.0,-15.0,3.0,0.0,25.0,0.0,0.0
68,1332,90,1329,1295,0,1,0.0,-30.0,158.0,14.0,100.0,34460,23680,10780,0.3128264654672084,10,10,0.0,0.0,-40.0,0.0,0.0,-15.0,0.0,0.0,25.0,0.0,0.0
68,1332,1,1270,1295,0,1,0.0,-34.02,158.0,15.0,100.0,34460,34960,500,0.014509576320371444,10,-10,0.0,0.0,-40.0,0.0,20.98,0.0,0.0,0.0,0.0,-15.0,0.0
68,1332,68,1305,1295,0,1,0.0,-22.5,158.0,16.0,100.0,34460,10500,23960,0.6952988972721996,3,3,0.0,0.0,-40.0,0.0,0.0,-15.0,7.5,0.0,25.0,0.0,0.0
68,1332,2,1271,1295,0,1,0.0,-30.0,158.0,17.0,100.0,34460,37940,3480,0.10098665118978525,10,-10,0.0,0.0,-40.0,0.0,0.0,-15.0,0.0,0.0,25.0,0.0,0.0
68,1332,31,1291,1295,0,1,0.0,-22.5,158.0,18.0,100.0,34460,38520,4060,0.11781775972141613,3,-3,0.0,0.0,-40.0,0.0,0.0,-15.0,7.5,0.0,25.0,0.0,0.0
68,1332,30,1290,1295,0,1,0.0,-22.5,158.0,19.0,100.0,34460,39680,5220,0.1514799767846779,3,-3,0.0,0.0,-40.0,0.0,0.0,-15.0,7.5,0.0,25.0,0.0,0.0
68,1332,16,1285,1295,0,1,0.0,-27.0,158.0,20.0,100.0,34460,30920,3540,0.10272780034822983,4,-4,0.0,0.0,-40.0,0.0,0.0,-15.0,3.0,0.0,25.0,0.0,0.0
68,1332,15,1284,1295,0,1,0.0,-27.0,158.0,21.0,100.0,34460,40460,6000,0.17411491584445735,4,-4,0.0,0.0,-40.0,0.0,0.0,-15.0,3.0,0.0,25.0,0.0,0.0
68,1332,11,1281,1295,0,1,0.0,-23.75,158.0,22.0,100.0,34460,34860,400,0.011607661056297156,5,-5,0.0,0.0,-40.0,0.0,26.78,0.0,3.0,0.0,0.0,-15.0,1.47
68,1332,91,1330,1295,0,1,0.0,-30.0,158.0,23.0,100.0,34460,27380,7080,0.20545560069645966,10,10,0.0,0.0,-40.0,0.0,0.0,-15.0,0.0,0.0,25.0,0.0,0.0
69,1329,31,1291,1291,1,1,100.0,169.99,170.0,1.0,0.0,38520,38520,0,0.0,0,0,1.0,40.0,0.0,20.0,40.0,0.0,25.0,11.99,25.0,0.0,8.0
69,1329,2,1271,1291,0,1,73.3,115.89,158.0,2.0,26.700000000000003,38520,37940,580,0.015057113187954309,7,-7,0.0,40.0,0.0,20.0,19.89,0.0,3.0,0.0,25.0,0.0,8.0
69,1329,30,1290,1291,0,1,67.6,114.98,170.0,3.0,32.400000000000006,38520,39680,1160,0.030114226375908618,0,0,1.0,40.0,0.0,20.0,0.0,-15.0,25.0,11.98,25.0,0.0,8.0
69,1329,74,1312,1291,0,1,51.3,81.0,158.0,4.0,48.7,38520,25760,12760,0.3312564901349948,7,7,0.0,40.0,0.0,20.0,0.0,-15.0,3.0,0.0,25.0,0.0,8.0
69,1329,90,1329,1291,0,1,49.4,78.0,158.0,5.0,50.6,38520,23680,14840,0.3852544132917965,13,13,0.0,40.0,0.0,20.0,0.0,-15.0,0.0,0.0,25.0,0.0,8.0
69,1329,91,1330,1291,0,1,49.4,78.0,158.0,6.0,50.6,38520,27380,11140,0.28920041536863966,13,13,0.0,40.0,0.0,20.0,0.0,-15.0,0.0,0.0,25.0,0.0,8.0
69,1329,17,1286,1291,0,1,0.0,-15.0,158.0,7.0,100.0,38520,41480,2960,0.07684319833852545,1,-1,0.0,0.0,-40.0,0.0,0.0,-15.0,15.0,0.0,25.0,0.0,0.0
69,1329,16,1285,1291,0,1,0.0,-12.52,158.0,8.0,100.0,38520,30920,7600,0.19730010384215993,1,-1,0.0,0.0,-40.0,0.0,0.0,-15.0,15.0,0.0,25.0,0.0,2.48
69,1329,40,1295,1291,0,1,0.0,-22.5,158.0,9.0,100.0,38520,34460,4060,0.10539979231568017,3,3,0.0,0.0,-40.0,0.0,0.0,-15.0,7.5,0.0,25.0,0.0,0.0
69,1329,41,1293,1291,0,1,0.0,-22.5,158.0,10.0,100.0,38520,37220,1300,0.03374870197300104,3,3,0.0,0.0,-40.0,0.0,0.0,-15.0,7.5,0.0,25.0,0.0,0.0
69,1329,3,1276,1291,0,1,0.0,-27.0,158.0,11.0,100.0,38520,28880,9640,0.2502596053997923,4,-4,0.0,0.0,-40.0,0.0,0.0,-15.0,3.0,0.0,25.0,0.0,0.0
69,1329,69,1306,1291,0,1,0.0,-27.96,158.0,12.0,100.0,38520,39020,500,0.012980269989615784,6,6,0.0,0.0,-40.0,0.0,24.04,0.0,3.0,0.0,0.0,-15.0,0.0
69,1329,73,1311,1291,0,1,0.0,-45.61,158.0,13.0,100.0,38520,39360,840,0.021806853582554516,7,7,0.0,0.0,-40.0,0.0,6.39,0.0,3.0,0.0,0.0,-15.0,0.0
69,1329,15,1284,1291,0,1,0.0,-12.52,158.0,14.0,100.0,38520,40460,1940,0.05036344755970924,1,-1,0.0,0.0,-40.0,0.0,0.0,-15.0,15.0,0.0,25.0,0.0,2.48
69,1329,75,1313,1291,0,1,0.0,-12.0,158.0,15.0,100.0,38520,38440,80,0.0020768431983385254,7,7,0.0,0.0,-40.0,0.0,40.0,0.0,3.0,0.0,0.0,-15.0,0.0
69,1329,83,1322,1291,0,1,0.0,-30.0,158.0,16.0,100.0,38520,42600,4080,0.1059190031152648,11,11,0.0,0.0,-40.0,0.0,0.0,-15.0,0.0,0.0,25.0,0.0,0.0
69,1329,84,1323,1291,0,1,0.0,-40.31,158.0,17.0,100.0,38520,39200,680,0.017653167185877467,11,11,0.0,0.0,-40.0,0.0,14.69,0.0,0.0,0.0,0.0,-15.0,0.0
69,1329,86,1325,1291,0,1,0.0,-27.52,158.0,18.0,100.0,38520,34780,3740,0.09709241952232607,13,13,0.0,0.0,-40.0,0.0,0.0,-15.0,0.0,0.0,25.0,0.0,2.48
69,1329,6,1275,1291,0,1,0.0,-45.27,158.0,19.0,100.0,38520,37600,920,0.023883696780893044,3,-3,0.0,0.0,-40.0,0.0,2.23,0.0,7.5,0.0,0.0,-15.0,0.0
69,1329,68,1305,1291,0,1,0.0,-27.0,158.0,20.0,100.0,38520,10500,28020,0.7274143302180686,6,6,0.0,0.0,-40.0,0.0,0.0,-15.0,3.0,0.0,25.0,0.0,0.0
70,1328,30,1290,1290,1,1,100.0,169.99,170.0,1.0,0.0,39680,39680,0,0.0,0,0,1.0,40.0,0.0,20.0,40.0,0.0,25.0,11.99,25.0,0.0,8.0
70,1328,31,1291,1290,0,1,67.6,115.0,170.0,2.0,32.400000000000006,39680,38520,1160,0.029233870967741934,0,0,1.0,40.0,0.0,20.0,0.0,-15.0,25.0,12.0,25.0,0.0,8.0
70,1328,2,1271,1290,0,1,51.3,81.0,158.0,3.0,48.7,39680,37940,1740,0.043850806451612906,7,-7,0.0,40.0,0.0,20.0,0.0,-15.0,3.0,0.0,25.0,0.0,8.0
70,1328,74,1312,1290,0,1,51.3,81.0,158.0,4.0,48.7,39680,25760,13920,0.35080645161290325,7,7,0.0,40.0,0.0,20.0,0.0,-15.0,3.0,0.0,25.0,0.0,8.0
70,1328,90,1329,1290,0,1,49.4,78.0,158.0,5.0,50.6,39680,23680,16000,0.4032258064516129,13,13,0.0,40.0,0.0,20.0,0.0,-15.0,0.0,0.0,25.0,0.0,8.0
70,1328,91,1330,1290,0,1,49.4,78.0,158.0,6.0,50.6,39680,27380,12300,0.30997983870967744,13,13,0.0,40.0,0.0,20.0,0.0,-15.0,0.0,0.0,25.0,0.0,8.0
70,1328,15,1284,1290,0,1,8.3,13.17,158.0,7.0,91.7,39680,40460,780,0.01965725806451613,1,-1,0.0,0.0,-40.0,0.0,10.69,0.0,15.0,0.0,25.0,0.0,2.48
70,1328,17,1286,1290,0,1,0.0,-15.0,158.0,8.0,100.0,39680,41480,1800,0.04536290322580645,1,-1,0.0,0.0,-40.0,0.0,0.0,-15.0,15.0,0.0,25.0,0.0,0.0
70,1328,16,1285,1290,0,1,0.0,-12.52,158.0,9.0,100.0,39680,30920,8760,0.22076612903225806,1,-1,0.0,0.0,-40.0,0.0,0.0,-15.0,15.0,0.0,25.0,0.0,2.48
70,1328,40,1295,1290,0,1,0.0,-22.5,158.0,10.0,100.0,39680,34460,5220,0.13155241935483872,3,3,0.0,0.0,-40.0,0.0,0.0,-15.0,7.5,0.0,25.0,0.0,0.0
70,1328,3,1276,1290,0,1,0.0,-27.0,158.0,11.0,100.0,39680,28880,10800,0.2721774193548387,4,-4,0.0,0.0,-40.0,0.0,0.0,-15.0,3.0,0.0,25.0,0.0,0.0
70,1328,68,1305,1290,0,1,0.0,-27.0,158.0,12.0,100.0,39680,10500,29180,0.735383064516129,6,6,0.0,0.0,-40.0,0.0,0.0,-15.0,3.0,0.0,25.0,0.0,0.0
70,1328,69,1306,1290,0,1,0.0,-35.27,158.0,13.0,100.0,39680,39020,660,0.01663306451612903,6,6,0.0,0.0,-40.0,0.0,16.73,0.0,3.0,0.0,0.0,-15.0,0.0
70,1328,73,1311,1290,0,1,0.0,-18.13,158.0,14.0,100.0,39680,39360,320,0.008064516129032258,7,7,0.0,0.0,-40.0,0.0,33.87,0.0,3.0,0.0,0.0,-15.0,0.0
70,1328,83,1322,1290,0,1,0.0,-30.0,158.0,15.0,100.0,39680,42600,2920,0.07358870967741936,11,11,0.0,0.0,-40.0,0.0,0.0,-15.0,0.0,0.0,25.0,0.0,0.0
70,1328,84,1323,1290,0,1,0.0,-29.19,158.0,16.0,100.0,39680,39200,480,0.012096774193548387,11,11,0.0,0.0,-40.0,0.0,25.81,0.0,0.0,0.0,0.0,-15.0,0.0
70,1328,86,1325,1290,0,1,0.0,-27.52,158.0,17.0,100.0,39680,34780,4900,0.12348790322580645,13,13,0.0,0.0,-40.0,0.0,0.0,-15.0,0.0,0.0,25.0,0.0,2.48
70,1328,4,1273,1290,0,1,0.0,-12.0,158.0,18.0,100.0,39680,39860,180,0.0045362903225806455,4,-4,0.0,0.0,-40.0,0.0,40.0,0.0,3.0,0.0,0.0,-15.0,0.0
70,1328,41,1293,1290,0,1,0.0,-22.5,158.0,19.0,100.0,39680,37220,2460,0.061995967741935484,3,3,0.0,0.0,-40.0,0.0,0.0,-15.0,7.5,0.0,25.0,0.0,0.0
71,1367,37,1328,1328,1,1,88.9,140.5,158.0,1.0,0.0,2030,2030,0,0.0,2,2,0.0,40.0,0.0,20.0,40.0,0.0,7.5,0.0,25.0,0.0,8.0
71,1367,13,1283,1328,0,1,0.1,0.18,170.0,2.0,88.80000000000001,2030,11610,9580,4.719211822660099,0,0,1.0,0.0,-40.0,0.0,0.0,-15.0,25.0,5.18,25.0,0.0,0.0
71,1367,14,1283,1328,0,1,0.1,0.18,170.0,3.0,88.80000000000001,2030,1290,740,0.3645320197044335,0,0,1.0,0.0,-40.0,0.0,0.0,-15.0,25.0,5.18,25.0,0.0,0.0
71,1367,7,1278,1328,0,1,0.0,-22.5,158.0,4.0,88.9,2030,50700,48670,23.97536945812808,2,-2,0.0,0.0,-40.0,0.0,0.0,-15.0,7.5,0.0,25.0,0.0,0.0
71,1367,38,1328,1328,1,1,0.0,-22.5,158.0,5.0,88.9,2030,774,1256,0.6187192118226601,2,2,0.0,0.0,-40.0,0.0,0.0,-15.0,7.5,0.0,25.0,0.0,0.0
71,1367,79,1318,1328,0,1,0.0,-30.0,158.0,6.0,88.9,2030,20040,18010,8.87192118226601,11,11,0.0,0.0,-40.0,0.0,0.0,-15.0,0.0,0.0,25.0,0.0,0.0
71,1367,77,1315,1328,0,1,0.0,-30.0,158.0,7.0,88.9,2030,54200,52170,25.699507389162562,8,8,0.0,0.0,-40.0,0.0,0.0,-15.0,0.0,0.0,25.0,0.0,0.0
71,1367,76,1314,1328,0,1,0.0,-30.0,158.0,8.0,88.9,2030,41080,39050,19.236453201970445,8,8,0.0,0.0,-40.0,0.0,0.0,-15.0,0.0,0.0,25.0,0.0,0.0
71,1367,66,1303,1328,0,1,0.0,-27.0,158.0,9.0,88.9,2030,50860,48830,24.054187192118228,7,7,0.0,0.0,-40.0,0.0,0.0,-15.0,3.0,0.0,25.0,0.0,0.0
71,1367,64,1301,1328,0,1,0.0,-27.0,158.0,10.0,88.9,2030,56280,54250,26.724137931034484,6,6,0.0,0.0,-40.0,0.0,0.0,-15.0,3.0,0.0,25.0,0.0,0.0
71,1367,62,1298,1328,0,1,0.0,-27.0,158.0,11.0,88.9,2030,43100,41070,20.23152709359606,5,5,0.0,0.0,-40.0,0.0,0.0,-15.0,3.0,0.0,25.0,0.0,0.0
71,1367,61,1297,1328,0,1,0.0,-27.0,158.0,12.0,88.9,2030,46520,44490,21.91625615763547,5,5,0.0,0.0,-40.0,0.0,0.0,-15.0,3.0,0.0,25.0,0.0,0.0
71,1367,36,1328,1328,1,1,0.0,-22.5,158.0,13.0,88.9,2030,255,1775,0.874384236453202,2,2,0.0,0.0,-40.0,0.0,0.0,-15.0,7.5,0.0,25.0,0.0,0.0
71,1367,8,1279,1328,0,1,0.0,-22.5,158.0,14.0,88.9,2030,26800,24770,12.201970443349754,2,-2,0.0,0.0,-40.0,0.0,0.0,-15.0,7.5,0.0,25.0,0.0,0.0
71,1367,35,1328,1328,1,1,0.0,-22.5,158.0,15.0,88.9,2030,3758,1728,0.8512315270935961,2,2,0.0,0.0,-40.0,0.0,0.0,-15.0,7.5,0.0,25.0,0.0,0.0
71,1367,34,1328,1328,1,1,0.0,-22.5,158.0,16.0,88.9,2030,974,1056,0.5201970443349754,2,2,0.0,0.0,-40.0,0.0,0.0,-15.0,7.5,0.0,25.0,0.0,0.0
71,1367,33,1328,1328,1,1,0.0,-22.5,158.0,17.0,88.9,2030,2940,910,0.4482758620689655,2,2,0.0,0.0,-40.0,0.0,0.0,-15.0,7.5,0.0,25.0,0.0,0.0
71,1367,32,1328,1328,1,1,0.0,-22.5,158.0,18.0,88.9,2030,230,1800,0.8866995073891626,2,2,0.0,0.0,-40.0,0.0,0.0,-15.0,7.5,0.0,25.0,0.0,0.0
71,1367,23,1287,1328,0,1,0.0,-27.25,158.0,19.0,88.9,2030,2075,45,0.022167487684729065,1,1,0.0,0.0,-40.0,0.0,5.67,0.0,15.0,0.0,0.0,-15.0,7.08
71,1367,12,1282,1328,0,1,0.0,-15.0,158.0,20.0,88.9,2030,61060,59030,29.07881773399015,1,-1,0.0,0.0,-40.0,0.0,0.0,-15.0,15.0,0.0,25.0,0.0,0.0
71,1367,84,1323,1328,0,1,0.0,-30.0,158.0,21.0,88.9,2030,39200,37170,18.310344827586206,12,12,0.0,0.0,-40.0,0.0,0.0,-15.0,0.0,0.0,25.0,0.0,0.0
72,1367,36,1328,1328,1,1,88.9,140.5,158.0,1.0,0.0,255,255,0,0.0,2,2,0.0,40.0,0.0,20.0,40.0,0.0,7.5,0.0,25.0,0.0,8.0
72,1367,13,1283,1328,0,1,0.1,0.18,170.0,2.0,88.80000000000001,255,11610,11355,44.529411764705884,0,0,1.0,0.0,-40.0,0.0,0.0,-15.0,25.0,5.18,25.0,0.0,0.0
72,1367,14,1283,1328,0,1,0.1,0.18,170.0,3.0,88.80000000000001,255,1290,1035,4.0588235294117645,0,0,1.0,0.0,-40.0,0.0,0.0,-15.0,25.0,5.18,25.0,0.0,0.0
72,1367,7,1278,1328,0,1,0.0,-22.5,158.0,4.0,88.9,255,50700,50445,197.8235294117647,2,-2,0.0,0.0,-40.0,0.0,0.0,-15.0,7.5,0.0,25.0,0.0,0.0
72,1367,61,1297,1328,0,1,0.0,-27.0,158.0,5.0,88.9,255,46520,46265,181.4313725490196,5,5,0.0,0.0,-40.0,0.0,0.0,-15.0,3.0,0.0,25.0,0.0,0.0
72,1367,79,1318,1328,0,1,0.0,-30.0,158.0,6.0,88.9,255,20040,19785,77.58823529411765,11,11,0.0,0.0,-40.0,0.0,0.0,-15.0,0.0,0.0,25.0,0.0,0.0
72,1367,77,1315,1328,0,1,0.0,-30.0,158.0,7.0,88.9,255,54200,53945,211.54901960784315,8,8,0.0,0.0,-40.0,0.0,0.0,-15.0,0.0,0.0,25.0,0.0,0.0
72,1367,76,1314,1328,0,1,0.0,-30.0,158.0,8.0,88.9,255,41080,40825,160.09803921568627,8,8,0.0,0.0,-40.0,0.0,0.0,-15.0,0.0,0.0,25.0,0.0,0.0
72,1367,66,1303,1328,0,1,0.0,-27.0,158.0,9.0,88.9,255,50860,50605,198.45098039215685,7,7,0.0,0.0,-40.0,0.0,0.0,-15.0,3.0,0.0,25.0,0.0,0.0
72,1367,64,1301,1328,0,1,0.0,-27.0,158.0,10.0,88.9,255,56280,56025,219.7058823529412,6,6,0.0,0.0,-40.0,0.0,0.0,-15.0,3.0,0.0,25.0,0.0,0.0
72,1367,62,1298,1328,0,1,0.0,-27.0,158.0,11.0,88.9,255,43100,42845,168.01960784313727,5,5,0.0,0.0,-40.0,0.0,0.0,-15.0,3.0,0.0,25.0,0.0,0.0
72,1367,37,1328,1328,1,1,0.0,-22.5,158.0,12.0,88.9,255,2030,1775,6.96078431372549,2,2,0.0,0.0,-40.0,0.0,0.0,-15.0,7.5,0.0,25.0,0.0,0.0
72,1367,38,1328,1328,1,1,0.0,-22.5,158.0,13.0,88.9,255,774,519,2.0352941176470587,2,2,0.0,0.0,-40.0,0.0,0.0,-15.0,7.5,0.0,25.0,0.0,0.0
72,1367,8,1279,1328,0,1,0.0,-22.5,158.0,14.0,88.9,255,26800,26545,104.09803921568627,2,-2,0.0,0.0,-40.0,0.0,0.0,-15.0,7.5,0.0,25.0,0.0,0.0
72,1367,35,1328,1328,1,1,0.0,-22.5,158.0,15.0,88.9,255,3758,3503,13.737254901960783,2,2,0.0,0.0,-40.0,0.0,0.0,-15.0,7.5,0.0,25.0,0.0,0.0
72,1367,34,1328,1328,1,1,0.0,-22.5,158.0,16.0,88.9,255,974,719,2.819607843137255,2,2,0.0,0.0,-40.0,0.0,0.0,-15.0,7.5,0.0,25.0,0.0,0.0
72,1367,33,1328,1328,1,1,0.0,-22.5,158.0,17.0,88.9,255,2940,2685,10.529411764705882,2,2,0.0,0.0,-40.0,0.0,0.0,-15.0,7.5,0.0,25.0,0.0,0.0
72,1367,32,1328,1328,1,1,0.0,-22.5,158.0,18.0,88.9,255,230,25,0.09803921568627451,2,2,0.0,0.0,-40.0,0.0,0.0,-15.0,7.5,0.0,25.0,0.0,0.0
72,1367,12,1282,1328,0,1,0.0,-15.0,158.0,19.0,88.9,255,61060,60805,238.45098039215685,1,-1,0.0,0.0,-40.0,0.0,0.0,-15.0,15.0,0.0,25.0,0.0,0.0
72,1367,84,1323,1328,0,1,0.0,-30.0,158.0,20.0,88.9,255,39200,38945,152.72549019607843,12,12,0.0,0.0,-40.0,0.0,0.0,-15.0,0.0,0.0,25.0,0.0,0.0
73,1367,33,1328,1328,1,1,88.9,140.5,158.0,1.0,0.0,2940,2940,0,0.0,2,2,0.0,40.0,0.0,20.0,40.0,0.0,7.5,0.0,25.0,0.0,8.0
73,1367,13,1283,1328,0,1,0.1,0.18,170.0,2.0,88.80000000000001,2940,11610,8670,2.9489795918367347,0,0,1.0,0.0,-40.0,0.0,0.0,-15.0,25.0,5.18,25.0,0.0,0.0
73,1367,14,1283,1328,0,1,0.1,0.18,170.0,3.0,88.80000000000001,2940,1290,1650,0.5612244897959183,0,0,1.0,0.0,-40.0,0.0,0.0,-15.0,25.0,5.18,25.0,0.0,0.0
73,1367,7,1278,1328,0,1,0.0,-22.5,158.0,4.0,88.9,2940,50700,47760,16.244897959183675,2,-2,0.0,0.0,-40.0,0.0,0.0,-15.0,7.5,0.0,25.0,0.0,0.0
73,1367,61,1297,1328,0,1,0.0,-27.0,158.0,5.0,88.9,2940,46520,43580,14.82312925170068,5,5,0.0,0.0,-40.0,0.0,0.0,-15.0,3.0,0.0,25.0,0.0,0.0
73,1367,79,1318,1328,0,1,0.0,-30.0,158.0,6.0,88.9,2940,20040,17100,5.816326530612245,11,11,0.0,0.0,-40.0,0.0,0.0,-15.0,0.0,0.0,25.0,0.0,0.0
73,1367,77,1315,1328,0,1,0.0,-30.0,158.0,7.0,88.9,2940,54200,51260,17.435374149659864,8,8,0.0,0.0,-40.0,0.0,0.0,-15.0,0.0,0.0,25.0,0.0,0.0
73,1367,76,1314,1328,0,1,0.0,-30.0,158.0,8.0,88.9,2940,41080,38140,12.97278911564626,8,8,0.0,0.0,-40.0,0.0,0.0,-15.0,0.0,0.0,25.0,0.0,0.0
73,1367,66,1303,1328,0,1,0.0,-27.0,158.0,9.0,88.9,2940,50860,47920,16.299319727891156,7,7,0.0,0.0,-40.0,0.0,0.0,-15.0,3.0,0.0,25.0,0.0,0.0
73,1367,64,1301,1328,0,1,0.0,-27.0,158.0,10.0,88.9,2940,56280,53340,18.142857142857142,6,6,0.0,0.0,-40.0,0.0,0.0,-15.0,3.0,0.0,25.0,0.0,0.0
73,1367,62,1298,1328,0,1,0.0,-27.0,158.0,11.0,88.9,2940,43100,40160,13.65986394557823,5,5,0.0,0.0,-40.0,0.0,0.0,-15.0,3.0,0.0,25.0,0.0,0.0
73,1367,37,1328,1328,1,1,0.0,-22.5,158.0,12.0,88.9,2940,2030,910,0.30952380952380953,2,2,0.0,0.0,-40.0,0.0,0.0,-15.0,7.5,0.0,25.0,0.0,0.0
73,1367,38,1328,1328,1,1,0.0,-22.5,158.0,13.0,88.9,2940,774,2166,0.736734693877551,2,2,0.0,0.0,-40.0,0.0,0.0,-15.0,7.5,0.0,25.0,0.0,0.0
73,1367,8,1279,1328,0,1,0.0,-22.5,158.0,14.0,88.9,2940,26800,23860,8.115646258503402,2,-2,0.0,0.0,-40.0,0.0,0.0,-15.0,7.5,0.0,25.0,0.0,0.0
73,1367,36,1328,1328,1,1,0.0,-22.5,158.0,15.0,88.9,2940,255,2685,0.9132653061224489,2,2,0.0,0.0,-40.0,0.0,0.0,-15.0,7.5,0.0,25.0,0.0,0.0
73,1367,35,1328,1328,1,1,0.0,-22.5,158.0,16.0,88.9,2940,3758,818,0.2782312925170068,2,2,0.0,0.0,-40.0,0.0,0.0,-15.0,7.5,0.0,25.0,0.0,0.0
73,1367,34,1328,1328,1,1,0.0,-22.5,158.0,17.0,88.9,2940,974,1966,0.6687074829931973,2,2,0.0,0.0,-40.0,0.0,0.0,-15.0,7.5,0.0,25.0,0.0,0.0
73,1367,32,1328,1328,1,1,0.0,-22.5,158.0,18.0,88.9,2940,230,2710,0.9217687074829932,2,2,0.0,0.0,-40.0,0.0,0.0,-15.0,7.5,0.0,25.0,0.0,0.0
73,1367,12,1282,1328,0,1,0.0,-15.0,158.0,19.0,88.9,2940,61060,58120,19.768707482993197,1,-1,0.0,0.0,-40.0,0.0,0.0,-15.0,15.0,0.0,25.0,0.0,0.0
73,1367,84,1323,1328,0,1,0.0,-30.0,158.0,20.0,88.9,2940,39200,36260,12.333333333333334,12,12,0.0,0.0,-40.0,0.0,0.0,-15.0,0.0,0.0,25.0,0.0,0.0
74,1367,35,1328,1328,1,1,88.9,140.5,158.0,1.0,0.0,3758,3758,0,0.0,2,2,0.0,40.0,0.0,20.0,40.0,0.0,7.5,0.0,25.0,0.0,8.0
74,1367,49,1294,1328,0,1,25.5,40.23,158.0,2.0,63.400000000000006,3758,1791,1967,0.5234167110164981,5,5,0.0,40.0,0.0,20.0,0.0,-15.0,3.0,0.0,0.0,-15.0,7.23
74,1367,13,1283,1328,0,1,0.1,0.18,170.0,3.0,88.80000000000001,3758,11610,7852,2.089409260244811,0,0,1.0,0.0,-40.0,0.0,0.0,-15.0,25.0,5.18,25.0,0.0,0.0
74,1367,14,1283,1328,0,1,0.1,0.18,170.0,4.0,88.80000000000001,3758,1290,2468,0.6567323044172432,0,0,1.0,0.0,-40.0,0.0,0.0,-15.0,25.0,5.18,25.0,0.0,0.0
74,1367,7,1278,1328,0,1,0.0,-22.5,158.0,5.0,88.9,3758,50700,46942,12.491218733368813,2,-2,0.0,0.0,-40.0,0.0,0.0,-15.0,7.5,0.0,25.0,0.0,0.0
74,1367,79,1318,1328,0,1,0.0,-30.0,158.0,6.0,88.9,3758,20040,16282,4.332623736029803,11,11,0.0,0.0,-40.0,0.0,0.0,-15.0,0.0,0.0,25.0,0.0,0.0
74,1367,77,1315,1328,0,1,0.0,-30.0,158.0,7.0,88.9,3758,54200,50442,13.422565194252261,8,8,0.0,0.0,-40.0,0.0,0.0,-15.0,0.0,0.0,25.0,0.0,0.0
74,1367,76,1314,1328,0,1,0.0,-30.0,158.0,8.0,88.9,3758,41080,37322,9.931346460883448,8,8,0.0,0.0,-40.0,0.0,0.0,-15.0,0.0,0.0,25.0,0.0,0.0
74,1367,71,1308,1328,0,1,0.0,-24.35,158.0,9.0,88.9,3758,3800,42,0.011176157530601383,7,7,0.0,0.0,-40.0,0.0,27.65,0.0,3.0,0.0,0.0,-15.0,0.0
74,1367,66,1303,1328,0,1,0.0,-27.0,158.0,10.0,88.9,3758,50860,47102,12.533794571580628,7,7,0.0,0.0,-40.0,0.0,0.0,-15.0,3.0,0.0,25.0,0.0,0.0
74,1367,64,1301,1328,0,1,0.0,-27.0,158.0,11.0,88.9,3758,56280,52522,13.976051091005854,6,6,0.0,0.0,-40.0,0.0,0.0,-15.0,3.0,0.0,25.0,0.0,0.0
74,1367,62,1298,1328,0,1,0.0,-27.0,158.0,12.0,88.9,3758,43100,39342,10.468866418307611,5,5,0.0,0.0,-40.0,0.0,0.0,-15.0,3.0,0.0,25.0,0.0,0.0
74,1367,61,1297,1328,0,1,0.0,-27.0,158.0,13.0,88.9,3758,46520,42762,11.378924960085152,5,5,0.0,0.0,-40.0,0.0,0.0,-15.0,3.0,0.0,25.0,0.0,0.0
74,1367,38,1328,1328,1,1,0.0,-22.5,158.0,14.0,88.9,3758,774,2984,0.7940393826503459,2,2,0.0,0.0,-40.0,0.0,0.0,-15.0,7.5,0.0,25.0,0.0,0.0
74,1367,46,1294,1328,0,1,0.0,-20.63,158.0,15.0,88.9,3758,3723,35,0.009313464608834487,5,5,0.0,0.0,-40.0,0.0,31.37,0.0,3.0,0.0,0.0,-15.0,0.0
74,1367,8,1279,1328,0,1,0.0,-22.5,158.0,16.0,88.9,3758,26800,23042,6.131452900478978,2,-2,0.0,0.0,-40.0,0.0,0.0,-15.0,7.5,0.0,25.0,0.0,0.0
74,1367,37,1328,1328,1,1,0.0,-22.5,158.0,17.0,88.9,3758,2030,1728,0.45981905268759976,2,2,0.0,0.0,-40.0,0.0,0.0,-15.0,7.5,0.0,25.0,0.0,0.0
74,1367,36,1328,1328,1,1,0.0,-22.5,158.0,18.0,88.9,3758,255,3503,0.9321447578499201,2,2,0.0,0.0,-40.0,0.0,0.0,-15.0,7.5,0.0,25.0,0.0,0.0
74,1367,34,1328,1328,1,1,0.0,-19.32,158.0,19.0,88.9,3758,974,2784,0.7408195848855774,2,2,0.0,0.0,-40.0,0.0,0.0,-15.0,7.5,0.0,25.0,0.0,3.18
74,1367,33,1328,1328,1,1,0.0,-22.5,158.0,20.0,88.9,3758,2940,818,0.21766897285790315,2,2,0.0,0.0,-40.0,0.0,0.0,-15.0,7.5,0.0,25.0,0.0,0.0
74,1367,32,1328,1328,1,1,0.0,-22.5,158.0,21.0,88.9,3758,230,3528,0.9387972325705163,2,2,0.0,0.0,-40.0,0.0,0.0,-15.0,7.5,0.0,25.0,0.0,0.0
74,1367,12,1282,1328,0,1,0.0,-15.0,158.0,22.0,88.9,3758,61060,57302,15.24800425758382,1,-1,0.0,0.0,-40.0,0.0,0.0,-15.0,15.0,0.0,25.0,0.0,0.0
74,1367,84,1323,1328,0,1,0.0,-30.0,158.0,23.0,88.9,3758,39200,35442,9.431080361894624,12,12,0.0,0.0,-40.0,0.0,0.0,-15.0,0.0,0.0,25.0,0.0,0.0
75,1367,34,1328,1328,1,1,88.9,140.5,158.0,1.0,0.0,974,974,0,0.0,2,2,0.0,40.0,0.0,20.0,40.0,0.0,7.5,0.0,25.0,0.0,8.0
75,1367,13,1283,1328,0,1,58.9,100.18,170.0,2.0,30.000000000000007,974,11610,10636,10.919917864476385,0,0,1.0,40.0,0.0,20.0,0.0,-15.0,25.0,5.18,25.0,0.0,0.0
75,1367,14,1283,1328,0,1,0.1,0.18,170.0,3.0,88.80000000000001,974,1290,316,0.324435318275154,0,0,1.0,0.0,-40.0,0.0,0.0,-15.0,25.0,5.18,25.0,0.0,0.0
75,1367,7,1278,1328,0,1,0.0,-22.5,158.0,4.0,88.9,974,50700,49726,51.053388090349074,2,-2,0.0,0.0,-40.0,0.0,0.0,-15.0,7.5,0.0,25.0,0.0,0.0
75,1367,45,1294,1328,0,1,0.0,-49.23,158.0,5.0,88.9,974,951,23,0.023613963039014373,5,5,0.0,0.0,-40.0,0.0,2.77,0.0,3.0,0.0,0.0,-15.0,0.0
75,1367,79,1318,1328,0,1,0.0,-30.0,158.0,6.0,88.9,974,20040,19066,19.57494866529774,11,11,0.0,0.0,-40.0,0.0,0.0,-15.0,0.0,0.0,25.0,0.0,0.0
75,1367,77,1315,1328,0,1,0.0,-30.0,158.0,7.0,88.9,974,54200,53226,54.64681724845996,8,8,0.0,0.0,-40.0,0.0,0.0,-15.0,0.0,0.0,25.0,0.0,0.0
75,1367,76,1314,1328,0,1,0.0,-30.0,158.0,8.0,88.9,974,41080,40106,41.17659137577002,8,8,0.0,0.0,-40.0,0.0,0.0,-15.0,0.0,0.0,25.0,0.0,0.0
75,1367,66,1303,1328,0,1,0.0,-27.0,158.0,9.0,88.9,974,50860,49886,51.217659137577,7,7,0.0,0.0,-40.0,0.0,0.0,-15.0,3.0,0.0,25.0,0.0,0.0
75,1367,64,1301,1328,0,1,0.0,-27.0,158.0,10.0,88.9,974,56280,55306,56.782340862423,6,6,0.0,0.0,-40.0,0.0,0.0,-15.0,3.0,0.0,25.0,0.0,0.0
75,1367,62,1298,1328,0,1,0.0,-27.0,158.0,11.0,88.9,974,43100,42126,43.25051334702259,5,5,0.0,0.0,-40.0,0.0,0.0,-15.0,3.0,0.0,25.0,0.0,0.0
75,1367,61,1297,1328,0,1,0.0,-27.0,158.0,12.0,88.9,974,46520,45546,46.761806981519506,5,5,0.0,0.0,-40.0,0.0,0.0,-15.0,3.0,0.0,25.0,0.0,0.0
75,1367,37,1328,1328,1,1,0.0,-22.5,158.0,13.0,88.9,974,2030,1056,1.0841889117043122,2,2,0.0,0.0,-40.0,0.0,0.0,-15.0,7.5,0.0,25.0,0.0,0.0
75,1367,38,1328,1328,1,1,0.0,-22.5,158.0,14.0,88.9,974,774,200,0.2053388090349076,2,2,0.0,0.0,-40.0,0.0,0.0,-15.0,7.5,0.0,25.0,0.0,0.0
75,1367,8,1279,1328,0,1,0.0,-22.5,158.0,15.0,88.9,974,26800,25826,26.515400410677618,2,-2,0.0,0.0,-40.0,0.0,0.0,-15.0,7.5,0.0,25.0,0.0,0.0
75,1367,36,1328,1328,1,1,0.0,-22.5,158.0,16.0,88.9,974,255,719,0.7381930184804928,2,2,0.0,0.0,-40.0,0.0,0.0,-15.0,7.5,0.0,25.0,0.0,0.0
75,1367,35,1328,1328,1,1,0.0,-18.69,158.0,17.0,88.9,974,3758,2784,2.858316221765914,2,2,0.0,0.0,-40.0,0.0,0.0,-15.0,7.5,0.0,25.0,0.0,3.81
75,1367,33,1328,1328,1,1,0.0,-22.5,158.0,18.0,88.9,974,2940,1966,2.0184804928131417,2,2,0.0,0.0,-40.0,0.0,0.0,-15.0,7.5,0.0,25.0,0.0,0.0
75,1367,32,1328,1328,1,1,0.0,-22.5,158.0,19.0,88.9,974,230,744,0.7638603696098563,2,2,0.0,0.0,-40.0,0.0,0.0,-15.0,7.5,0.0,25.0,0.0,0.0
75,1367,12,1282,1328,0,1,0.0,-15.0,158.0,20.0,88.9,974,61060,60086,61.68993839835729,1,-1,0.0,0.0,-40.0,0.0,0.0,-15.0,15.0,0.0,25.0,0.0,0.0
75,1367,84,1323,1328,0,1,0.0,-30.0,158.0,21.0,88.9,974,39200,38226,39.24640657084189,12,12,0.0,0.0,-40.0,0.0,0.0,-15.0,0.0,0.0,25.0,0.0,0.0
76,1367,38,1328,1328,1,1,88.9,140.5,158.0,1.0,0.0,774,774,0,0.0,2,2,0.0,40.0,0.0,20.0,40.0,0.0,7.5,0.0,25.0,0.0,8.0
76,1367,18,1266,1328,0,1,28.5,45.0,158.0,2.0,60.400000000000006,774,32600,31826,41.11886304909561,1,1,0.0,40.0,0.0,20.0,0.0,-15.0,15.0,0.0,0.0,-15.0,0.0
76,1367,27,1288,1328,0,1,28.5,45.0,158.0,3.0,60.400000000000006,774,1962,1188,1.5348837209302326,1,1,0.0,40.0,0.0,20.0,0.0,-15.0,15.0,0.0,0.0,-15.0,0.0
76,1367,13,1283,1328,0,1,0.1,0.18,170.0,4.0,88.80000000000001,774,11610,10836,14.0,0,0,1.0,0.0,-40.0,0.0,0.0,-15.0,25.0,5.18,25.0,0.0,0.0
76,1367,14,1283,1328,0,1,0.1,0.18,170.0,5.0,88.80000000000001,774,1290,516,0.6666666666666666,0,0,1.0,0.0,-40.0,0.0,0.0,-15.0,25.0,5.18,25.0,0.0,0.0
76,1367,7,1278,1328,0,1,0.0,-22.5,158.0,6.0,88.9,774,50700,49926,64.50387596899225,2,-2,0.0,0.0,-40.0,0.0,0.0,-15.0,7.5,0.0,25.0,0.0,0.0
76,1367,79,1318,1328,0,1,0.0,-30.0,158.0,7.0,88.9,774,20040,19266,24.891472868217054,11,11,0.0,0.0,-40.0,0.0,0.0,-15.0,0.0,0.0,25.0,0.0,0.0
76,1367,77,1315,1328,0,1,0.0,-30.0,158.0,8.0,88.9,774,54200,53426,69.02583979328165,8,8,0.0,0.0,-40.0,0.0,0.0,-15.0,0.0,0.0,25.0,0.0,0.0
76,1367,76,1314,1328,0,1,0.0,-30.0,158.0,9.0,88.9,774,41080,40306,52.07493540051679,8,8,0.0,0.0,-40.0,0.0,0.0,-15.0,0.0,0.0,25.0,0.0,0.0
76,1367,66,1303,1328,0,1,0.0,-27.0,158.0,10.0,88.9,774,50860,50086,64.71059431524547,7,7,0.0,0.0,-40.0,0.0,0.0,-15.0,3.0,0.0,25.0,0.0,0.0
76,1367,64,1301,1328,0,1,0.0,-27.0,158.0,11.0,88.9,774,56280,55506,71.71317829457364,6,6,0.0,0.0,-40.0,0.0,0.0,-15.0,3.0,0.0,25.0,0.0,0.0
76,1367,62,1298,1328,0,1,0.0,-27.0,158.0,12.0,88.9,774,43100,42326,54.684754521963825,5,5,0.0,0.0,-40.0,0.0,0.0,-15.0,3.0,0.0,25.0,0.0,0.0
76,1367,61,1297,1328,0,1,0.0,-27.0,158.0,13.0,88.9,774,46520,45746,59.10335917312661,5,5,0.0,0.0,-40.0,0.0,0.0,-15.0,3.0,0.0,25.0,0.0,0.0
76,1367,36,1328,1328,1,1,0.0,-22.5,158.0,14.0,88.9,774,255,519,0.6705426356589147,2,2,0.0,0.0,-40.0,0.0,0.0,-15.0,7.5,0.0,25.0,0.0,0.0
76,1367,37,1328,1328,1,1,0.0,-22.5,158.0,15.0,88.9,774,2030,1256,1.6227390180878554,2,2,0.0,0.0,-40.0,0.0,0.0,-15.0,7.5,0.0,25.0,0.0,0.0
76,1367,8,1279,1328,0,1,0.0,-22.5,158.0,16.0,88.9,774,26800,26026,33.62532299741602,2,-2,0.0,0.0,-40.0,0.0,0.0,-15.0,7.5,0.0,25.0,0.0,0.0
76,1367,35,1328,1328,1,1,0.0,-22.5,158.0,17.0,88.9,774,3758,2984,3.855297157622739,2,2,0.0,0.0,-40.0,0.0,0.0,-15.0,7.5,0.0,25.0,0.0,0.0
76,1367,34,1328,1328,1,1,0.0,-22.5,158.0,18.0,88.9,774,974,200,0.25839793281653745,2,2,0.0,0.0,-40.0,0.0,0.0,-15.0,7.5,0.0,25.0,0.0,0.0
76,1367,33,1328,1328,1,1,0.0,-22.5,158.0,19.0,88.9,774,2940,2166,2.798449612403101,2,2,0.0,0.0,-40.0,0.0,0.0,-15.0,7.5,0.0,25.0,0.0,0.0
76,1367,32,1328,1328,1,1,0.0,-22.5,158.0,20.0,88.9,774,230,544,0.7028423772609819,2,2,0.0,0.0,-40.0,0.0,0.0,-15.0,7.5,0.0,25.0,0.0,0.0
76,1367,12,1282,1328,0,1,0.0,-15.0,158.0,21.0,88.9,774,61060,60286,77.88888888888889,1,-1,0.0,0.0,-40.0,0.0,0.0,-15.0,15.0,0.0,25.0,0.0,0.0
76,1367,84,1323,1328,0,1,0.0,-30.0,158.0,22.0,88.9,774,39200,38426,49.645994832041346,12,12,0.0,0.0,-40.0,0.0,0.0,-15.0,0.0,0.0,25.0,0.0,0.0
77,1367,32,1328,1328,1,1,88.9,140.5,158.0,1.0,0.0,230,230,0,0.0,2,2,0.0,40.0,0.0,20.0,40.0,0.0,7.5,0.0,25.0,0.0,8.0
77,1367,13,1283,1328,0,1,0.1,0.18,170.0,2.0,88.80000000000001,230,11610,11380,49.47826086956522,0,0,1.0,0.0,-40.0,0.0,0.0,-15.0,25.0,5.18,25.0,0.0,0.0
77,1367,14,1283,1328,0,1,0.1,0.18,170.0,3.0,88.80000000000001,230,1290,1060,4.608695652173913,0,0,1.0,0.0,-40.0,0.0,0.0,-15.0,25.0,5.18,25.0,0.0,0.0
77,1367,7,1278,1328,0,1,0.0,-16.92,158.0,4.0,88.9,230,50700,50470,219.43478260869566,2,-2,0.0,0.0,-40.0,0.0,0.0,-15.0,7.5,0.0,25.0,0.0,5.58
77,1367,38,1328,1328,1,1,0.0,-22.5,158.0,5.0,88.9,230,774,544,2.365217391304348,2,2,0.0,0.0,-40.0,0.0,0.0,-15.0,7.5,0.0,25.0,0.0,0.0
77,1367,79,1318,1328,0,1,0.0,-27.66,158.0,6.0,88.9,230,20040,19810,86.1304347826087,11,11,0.0,0.0,-40.0,0.0,0.0,-15.0,0.0,0.0,25.0,0.0,2.34
77,1367,77,1315,1328,0,1,0.0,-24.42,158.0,7.0,88.9,230,54200,53970,234.65217391304347,8,8,0.0,0.0,-40.0,0.0,0.0,-15.0,0.0,0.0,25.0,0.0,5.58
77,1367,76,1314,1328,0,1,0.0,-24.42,158.0,8.0,88.9,230,41080,40850,177.6086956521739,8,8,0.0,0.0,-40.0,0.0,0.0,-15.0,0.0,0.0,25.0,0.0,5.58
77,1367,66,1303,1328,0,1,0.0,-21.42,158.0,9.0,88.9,230,50860,50630,220.1304347826087,7,7,0.0,0.0,-40.0,0.0,0.0,-15.0,3.0,0.0,25.0,0.0,5.58
77,1367,64,1301,1328,0,1,0.0,-21.42,158.0,10.0,88.9,230,56280,56050,243.69565217391303,6,6,0.0,0.0,-40.0,0.0,0.0,-15.0,3.0,0.0,25.0,0.0,5.58
77,1367,62,1298,1328,0,1,0.0,-21.42,158.0,11.0,88.9,230,43100,42870,186.3913043478261,5,5,0.0,0.0,-40.0,0.0,0.0,-15.0,3.0,0.0,25.0,0.0,5.58
77,1367,61,1297,1328,0,1,0.0,-21.42,158.0,12.0,88.9,230,46520,46290,201.2608695652174,5,5,0.0,0.0,-40.0,0.0,0.0,-15.0,3.0,0.0,25.0,0.0,5.58
77,1367,36,1328,1328,1,1,0.0,-22.5,158.0,13.0,88.9,230,255,25,0.10869565217391304,2,2,0.0,0.0,-40.0,0.0,0.0,-15.0,7.5,0.0,25.0,0.0,0.0
77,1367,37,1328,1328,1,1,0.0,-22.5,158.0,14.0,88.9,230,2030,1800,7.826086956521739,2,2,0.0,0.0,-40.0,0.0,0.0,-15.0,7.5,0.0,25.0,0.0,0.0
77,1367,8,1279,1328,0,1,0.0,-20.16,158.0,15.0,88.9,230,26800,26570,115.52173913043478,2,-2,0.0,0.0,-40.0,0.0,0.0,-15.0,7.5,0.0,25.0,0.0,2.34
77,1367,35,1328,1328,1,1,0.0,-22.5,158.0,16.0,88.9,230,3758,3528,15.339130434782609,2,2,0.0,0.0,-40.0,0.0,0.0,-15.0,7.5,0.0,25.0,0.0,0.0
77,1367,34,1328,1328,1,1,0.0,-22.5,158.0,17.0,88.9,230,974,744,3.234782608695652,2,2,0.0,0.0,-40.0,0.0,0.0,-15.0,7.5,0.0,25.0,0.0,0.0
77,1367,33,1328,1328,1,1,0.0,-22.5,158.0,18.0,88.9,230,2940,2710,11.782608695652174,2,2,0.0,0.0,-40.0,0.0,0.0,-15.0,7.5,0.0,25.0,0.0,0.0
77,1367,28,1288,1328,0,1,0.0,-36.75,158.0,19.0,88.9,230,1371,1141,4.960869565217391,1,1,0.0,0.0,-40.0,18.25,0.0,-15.0,15.0,0.0,0.0,-15.0,0.0
77,1367,12,1282,1328,0,1,0.0,-9.42,158.0,20.0,88.9,230,61060,60830,264.4782608695652,1,-1,0.0,0.0,-40.0,0.0,0.0,-15.0,15.0,0.0,25.0,0.0,5.58
77,1367,84,1323,1328,0,1,0.0,-27.66,158.0,21.0,88.9,230,39200,38970,169.43478260869566,12,12,0.0,0.0,-40.0,0.0,0.0,-15.0,0.0,0.0,25.0,0.0,2.34
78,1323,17,1286,1286,1,1,99.2,168.63,170.0,1.0,0.0,41480,41480,0,0.0,0,0,1.0,40.0,0.0,20.0,40.0,0.0,25.0,10.63,25.0,0.0,8.0
78,1323,3,1276,1286,0,1,54.1,85.5,158.0,2.0,45.1,41480,28880,12600,0.3037608486017358,3,-3,0.0,40.0,0.0,20.0,0.0,-15.0,7.5,0.0,25.0,0.0,8.0
78,1323,40,1295,1286,0,1,51.3,81.0,158.0,3.0,47.900000000000006,41480,34460,7020,0.16923818707810992,4,4,0.0,40.0,0.0,20.0,0.0,-15.0,3.0,0.0,25.0,0.0,8.0
78,1323,83,1322,1286,0,1,49.4,78.0,158.0,4.0,49.800000000000004,41480,42600,1120,0.02700096432015429,12,12,0.0,40.0,0.0,20.0,0.0,-15.0,0.0,0.0,25.0,0.0,8.0
78,1323,4,1273,1286,0,1,28.3,44.78,158.0,5.0,70.9,41480,39860,1620,0.0390549662487946,3,-3,0.0,40.0,0.0,20.0,0.0,-15.0,7.5,0.0,0.0,-15.0,7.28
78,1323,6,1275,1286,0,1,28.3,44.78,158.0,6.0,70.9,41480,37600,3880,0.0935390549662488,2,-2,0.0,40.0,0.0,20.0,0.0,-15.0,7.5,0.0,0.0,-15.0,7.28
78,1323,81,1320,1286,0,1,23.6,37.28,158.0,7.0,75.6,41480,27000,14480,0.3490838958534233,12,12,0.0,40.0,0.0,20.0,0.0,-15.0,0.0,0.0,0.0,-15.0,7.28
78,1323,75,1313,1286,0,1,23.6,37.28,158.0,8.0,75.6,41480,38440,3040,0.07328833172613308,8,8,0.0,40.0,0.0,20.0,0.0,-15.0,0.0,0.0,0.0,-15.0,7.28
78,1323,15,1284,1286,0,1,10.3,17.57,170.0,9.0,88.9,41480,40460,1020,0.02459016393442623,0,0,1.0,0.0,-40.0,0.0,0.82,0.0,25.0,6.75,25.0,0.0,0.0
78,1323,16,1285,1286,0,1,2.7,4.55,170.0,10.0,96.5,41480,30920,10560,0.25458052073288334,0,0,1.0,0.0,-40.0,0.0,0.0,-15.0,25.0,9.55,25.0,0.0,0.0
78,1323,74,1312,1286,0,1,0.0,-30.0,158.0,11.0,99.2,41480,25760,15720,0.3789778206364513,8,8,0.0,0.0,-40.0,0.0,0.0,-15.0,0.0,0.0,25.0,0.0,0.0
78,1323,76,1314,1286,0,1,0.0,-24.29,158.0,12.0,99.2,41480,41080,400,0.009643201542912247,8,8,0.0,0.0,-40.0,0.0,30.71,0.0,0.0,0.0,0.0,-15.0,0.0
78,1323,2,1271,1286,0,1,0.0,-27.0,158.0,13.0,99.2,41480,37940,3540,0.08534233365477338,6,-6,0.0,0.0,-40.0,0.0,0.0,-15.0,3.0,0.0,25.0,0.0,0.0
78,1323,68,1305,1286,0,1,0.0,-27.0,158.0,14.0,99.2,41480,10500,30980,0.7468659594985535,7,7,0.0,0.0,-40.0,0.0,0.0,-15.0,3.0,0.0,25.0,0.0,0.0
78,1323,41,1293,1286,0,1,0.0,-25.08,158.0,15.0,99.2,41480,37220,4260,0.10270009643201543,4,4,0.0,0.0,-40.0,0.0,0.0,-15.0,3.0,0.0,25.0,0.0,1.92
78,1323,30,1290,1286,0,1,0.0,-15.0,158.0,16.0,99.2,41480,39680,1800,0.04339440694310511,1,1,0.0,0.0,-40.0,0.0,0.0,-15.0,15.0,0.0,25.0,0.0,0.0
78,1323,31,1291,1286,0,1,0.0,-15.0,158.0,17.0,99.2,41480,38520,2960,0.07135969141755062,1,1,0.0,0.0,-40.0,0.0,0.0,-15.0,15.0,0.0,25.0,0.0,0.0
79,1363,13,1283,1283,1,1,98.6,167.64,170.0,1.0,0.0,11610,11610,0,0.0,0,0,1.0,40.0,0.0,20.0,40.0,0.0,25.0,9.64,25.0,0.0,8.0
79,1363,34,1328,1283,0,1,49.1,77.5,158.0,2.0,49.49999999999999,11610,974,10636,0.9161068044788975,2,2,0.0,40.0,0.0,20.0,0.0,-15.0,7.5,0.0,25.0,0.0,0.0
79,1363,14,1283,1283,1,1,7.4,12.64,170.0,3.0,91.19999999999999,11610,1290,10320,0.8888888888888888,0,0,1.0,0.0,-40.0,0.0,0.0,-15.0,25.0,9.64,25.0,0.0,8.0
79,1363,7,1278,1283,0,1,0.0,-22.5,158.0,4.0,98.6,11610,50700,39090,3.3669250645994833,2,-2,0.0,0.0,-40.0,0.0,0.0,-15.0,7.5,0.0,25.0,0.0,0.0
79,1363,61,1297,1283,0,1,0.0,-27.0,158.0,5.0,98.6,11610,46520,34910,3.0068906115417744,5,5,0.0,0.0,-40.0,0.0,0.0,-15.0,3.0,0.0,25.0,0.0,0.0
79,1363,79,1318,1283,0,1,0.0,-30.0,158.0,6.0,98.6,11610,20040,8430,0.7260981912144703,11,11,0.0,0.0,-40.0,0.0,0.0,-15.0,0.0,0.0,25.0,0.0,0.0
79,1363,77,1315,1283,0,1,0.0,-30.0,158.0,7.0,98.6,11610,54200,42590,3.6683893195521105,8,8,0.0,0.0,-40.0,0.0,0.0,-15.0,0.0,0.0,25.0,0.0,0.0
79,1363,76,1314,1283,0,1,0.0,-30.0,158.0,8.0,98.6,11610,41080,29470,2.5383290267011196,8,8,0.0,0.0,-40.0,0.0,0.0,-15.0,0.0,0.0,25.0,0.0,0.0
79,1363,66,1303,1283,0,1,0.0,-27.0,158.0,9.0,98.6,11610,50860,39250,3.380706287683032,7,7,0.0,0.0,-40.0,0.0,0.0,-15.0,3.0,0.0,25.0,0.0,0.0
79,1363,64,1301,1283,0,1,0.0,-27.0,158.0,10.0,98.6,11610,56280,44670,3.847545219638243,6,6,0.0,0.0,-40.0,0.0,0.0,-15.0,3.0,0.0,25.0,0.0,0.0
79,1363,62,1298,1283,0,1,0.0,-27.0,158.0,11.0,98.6,11610,43100,31490,2.7123169681309216,5,5,0.0,0.0,-40.0,0.0,0.0,-15.0,3.0,0.0,25.0,0.0,0.0
79,1363,37,1328,1283,0,1,0.0,-22.5,158.0,12.0,98.6,11610,2030,9580,0.8251507321274764,2,2,0.0,0.0,-40.0,0.0,0.0,-15.0,7.5,0.0,25.0,0.0,0.0
79,1363,38,1328,1283,0,1,0.0,-22.5,158.0,13.0,98.6,11610,774,10836,0.9333333333333333,2,2,0.0,0.0,-40.0,0.0,0.0,-15.0,7.5,0.0,25.0,0.0,0.0
79,1363,8,1279,1283,0,1,0.0,-22.5,158.0,14.0,98.6,11610,26800,15190,1.3083548664944014,2,-2,0.0,0.0,-40.0,0.0,0.0,-15.0,7.5,0.0,25.0,0.0,0.0
79,1363,36,1328,1283,0,1,0.0,-22.5,158.0,15.0,98.6,11610,255,11355,0.9780361757105943,2,2,0.0,0.0,-40.0,0.0,0.0,-15.0,7.5,0.0,25.0,0.0,0.0
79,1363,35,1328,1283,0,1,0.0,-22.5,158.0,16.0,98.6,11610,3758,7852,0.6763135228251508,2,2,0.0,0.0,-40.0,0.0,0.0,-15.0,7.5,0.0,25.0,0.0,0.0
79,1363,33,1328,1283,0,1,0.0,-22.5,158.0,17.0,98.6,11610,2940,8670,0.7467700258397932,2,2,0.0,0.0,-40.0,0.0,0.0,-15.0,7.5,0.0,25.0,0.0,0.0
79,1363,32,1328,1283,0,1,0.0,-22.5,158.0,18.0,98.6,11610,230,11380,0.9801894918173988,2,2,0.0,0.0,-40.0,0.0,0.0,-15.0,7.5,0.0,25.0,0.0,0.0
79,1363,12,1282,1283,0,1,0.0,-15.0,158.0,19.0,98.6,11610,61060,49450,4.2592592592592595,1,-1,0.0,0.0,-40.0,0.0,0.0,-15.0,15.0,0.0,25.0,0.0,0.0
79,1363,84,1323,1283,0,1,0.0,-30.0,158.0,20.0,98.6,11610,39200,27590,2.376399655469423,12,12,0.0,0.0,-40.0,0.0,0.0,-15.0,0.0,0.0,25.0,0.0,0.0
80,1363,14,1283,1283,1,1,98.6,167.64,170.0,1.0,0.0,1290,1290,0,0.0,0,0,1.0,40.0,0.0,20.0,40.0,0.0,25.0,9.64,25.0,0.0,8.0
80,1363,50,1294,1283,0,1,25.1,39.61,158.0,2.0,73.5,1290,3302,2012,1.5596899224806202,5,5,0.0,40.0,0.0,20.0,0.0,-15.0,3.0,0.0,0.0,-15.0,6.61
80,1363,13,1283,1283,1,1,7.4,12.64,170.0,3.0,91.19999999999999,1290,11610,10320,8.0,0,0,1.0,0.0,-40.0,0.0,0.0,-15.0,25.0,9.64,25.0,0.0,8.0
80,1363,7,1278,1283,0,1,0.0,-22.5,158.0,4.0,98.6,1290,50700,49410,38.30232558139535,2,-2,0.0,0.0,-40.0,0.0,0.0,-15.0,7.5,0.0,25.0,0.0,0.0
80,1363,79,1318,1283,0,1,0.0,-30.0,158.0,5.0,98.6,1290,20040,18750,14.534883720930232,11,11,0.0,0.0,-40.0,0.0,0.0,-15.0,0.0,0.0,25.0,0.0,0.0
80,1363,77,1315,1283,0,1,0.0,-30.0,158.0,6.0,98.6,1290,54200,52910,41.01550387596899,8,8,0.0,0.0,-40.0,0.0,0.0,-15.0,0.0,0.0,25.0,0.0,0.0
80,1363,76,1314,1283,0,1,0.0,-30.0,158.0,7.0,98.6,1290,41080,39790,30.844961240310077,8,8,0.0,0.0,-40.0,0.0,0.0,-15.0,0.0,0.0,25.0,0.0,0.0
80,1363,66,1303,1283,0,1,0.0,-27.0,158.0,8.0,98.6,1290,50860,49570,38.42635658914729,7,7,0.0,0.0,-40.0,0.0,0.0,-15.0,3.0,0.0,25.0,0.0,0.0
80,1363,64,1301,1283,0,1,0.0,-27.0,158.0,9.0,98.6,1290,56280,54990,42.627906976744185,6,6,0.0,0.0,-40.0,0.0,0.0,-15.0,3.0,0.0,25.0,0.0,0.0
80,1363,62,1298,1283,0,1,0.0,-27.0,158.0,10.0,98.6,1290,43100,41810,32.41085271317829,5,5,0.0,0.0,-40.0,0.0,0.0,-15.0,3.0,0.0,25.0,0.0,0.0
80,1363,61,1297,1283,0,1,0.0,-27.0,158.0,11.0,98.6,1290,46520,45230,35.06201550387597,5,5,0.0,0.0,-40.0,0.0,0.0,-15.0,3.0,0.0,25.0,0.0,0.0
80,1363,37,1328,1283,0,1,0.0,-22.5,158.0,12.0,98.6,1290,2030,740,0.5736434108527132,2,2,0.0,0.0,-40.0,0.0,0.0,-15.0,7.5,0.0,25.0,0.0,0.0
80,1363,38,1328,1283,0,1,0.0,-22.5,158.0,13.0,98.6,1290,774,516,0.4,2,2,0.0,0.0,-40.0,0.0,0.0,-15.0,7.5,0.0,25.0,0.0,0.0
80,1363,8,1279,1283,0,1,0.0,-22.5,158.0,14.0,98.6,1290,26800,25510,19.775193798449614,2,-2,0.0,0.0,-40.0,0.0,0.0,-15.0,7.5,0.0,25.0,0.0,0.0
80,1363,36,1328,1283,0,1,0.0,-22.5,158.0,15.0,98.6,1290,255,1035,0.8023255813953488,2,2,0.0,0.0,-40.0,0.0,0.0,-15.0,7.5,0.0,25.0,0.0,0.0
80,1363,35,1328,1283,0,1,0.0,-22.5,158.0,16.0,98.6,1290,3758,2468,1.9131782945736433,2,2,0.0,0.0,-40.0,0.0,0.0,-15.0,7.5,0.0,25.0,0.0,0.0
80,1363,34,1328,1283,0,1,0.0,-22.5,158.0,17.0,98.6,1290,974,316,0.24496124031007752,2,2,0.0,0.0,-40.0,0.0,0.0,-15.0,7.5,0.0,25.0,0.0,0.0
80,1363,33,1328,1283,0,1,0.0,-22.5,158.0,18.0,98.6,1290,2940,1650,1.2790697674418605,2,2,0.0,0.0,-40.0,0.0,0.0,-15.0,7.5,0.0,25.0,0.0,0.0
80,1363,32,1328,1283,0,1,0.0,-22.5,158.0,19.0,98.6,1290,230,1060,0.8217054263565892,2,2,0.0,0.0,-40.0,0.0,0.0,-15.0,7.5,0.0,25.0,0.0,0.0
80,1363,12,1282,1283,0,1,0.0,-15.0,158.0,20.0,98.6,1290,61060,59770,46.333333333333336,1,-1,0.0,0.0,-40.0,0.0,0.0,-15.0,15.0,0.0,25.0,0.0,0.0
80,1363,84,1323,1283,0,1,0.0,-30.0,158.0,21.0,98.6,1290,39200,37910,29.387596899224807,12,12,0.0,0.0,-40.0,0.0,0.0,-15.0,0.0,0.0,25.0,0.0,0.0
81,1320,12,1282,1282,1,1,99.7,169.47,170.0,1.0,0.0,61060,61060,0,0.0,0,0,1.0,40.0,0.0,20.0,40.0,0.0,25.0,11.47,25.0,0.0,8.0
81,1320,7,1278,1282,0,1,58.9,93.0,158.0,2.0,40.800000000000004,61060,50700,10360,0.16966917785784474,1,-1,0.0,40.0,0.0,20.0,0.0,-15.0,15.0,0.0,25.0,0.0,8.0
81,1320,64,1301,1282,0,1,51.3,81.0,158.0,3.0,48.400000000000006,61060,56280,4780,0.07828365542089748,7,7,0.0,40.0,0.0,20.0,0.0,-15.0,3.0,0.0,25.0,0.0,8.0
81,1320,62,1298,1282,0,1,51.3,81.0,158.0,4.0,48.400000000000006,61060,43100,17960,0.2941369145103177,6,6,0.0,40.0,0.0,20.0,0.0,-15.0,3.0,0.0,25.0,0.0,8.0
81,1320,61,1297,1282,0,1,51.3,81.0,158.0,5.0,48.400000000000006,61060,46520,14540,0.23812643301670489,6,6,0.0,40.0,0.0,20.0,0.0,-15.0,3.0,0.0,25.0,0.0,8.0
81,1320,77,1315,1282,0,1,49.4,78.0,158.0,6.0,50.300000000000004,61060,54200,6860,0.11234850966262692,9,9,0.0,40.0,0.0,20.0,0.0,-15.0,0.0,0.0,25.0,0.0,8.0
81,1320,76,1314,1282,0,1,49.4,78.0,158.0,7.0,50.300000000000004,61060,41080,19980,0.3272191287258434,9,9,0.0,40.0,0.0,20.0,0.0,-15.0,0.0,0.0,25.0,0.0,8.0
81,1320,66,1303,1282,0,1,49.4,78.0,158.0,8.0,50.300000000000004,61060,50860,10200,0.1670488044546348,8,8,0.0,40.0,0.0,20.0,0.0,-15.0,0.0,0.0,25.0,0.0,8.0
81,1320,38,1328,1282,0,1,0.0,-22.5,158.0,9.0,99.7,61060,774,60286,0.9873239436619718,3,3,0.0,0.0,-40.0,0.0,0.0,-15.0,7.5,0.0,25.0,0.0,0.0
81,1320,79,1318,1282,0,1,0.0,-25.02,158.0,10.0,99.7,61060,20040,41020,0.6717982312479528,12,12,0.0,0.0,-40.0,0.0,0.0,-15.0,0.0,0.0,25.0,0.0,4.98
81,1320,37,1328,1282,0,1,0.0,-22.5,158.0,11.0,99.7,61060,2030,59030,0.9667540124467736,3,3,0.0,0.0,-40.0,0.0,0.0,-15.0,7.5,0.0,25.0,0.0,0.0
81,1320,8,1279,1282,0,1,0.0,-10.02,158.0,12.0,99.7,61060,26800,34260,0.5610874549623321,1,-1,0.0,0.0,-40.0,0.0,0.0,-15.0,15.0,0.0,25.0,0.0,4.98
81,1320,36,1328,1282,0,1,0.0,-22.5,158.0,13.0,99.7,61060,255,60805,0.9958237798886341,3,3,0.0,0.0,-40.0,0.0,0.0,-15.0,7.5,0.0,25.0,0.0,0.0
81,1320,35,1328,1282,0,1,0.0,-22.5,158.0,14.0,99.7,61060,3758,57302,0.9384539796921061,3,3,0.0,0.0,-40.0,0.0,0.0,-15.0,7.5,0.0,25.0,0.0,0.0
81,1320,34,1328,1282,0,1,0.0,-22.5,158.0,15.0,99.7,61060,974,60086,0.9840484769079594,3,3,0.0,0.0,-40.0,0.0,0.0,-15.0,7.5,0.0,25.0,0.0,0.0
81,1320,33,1328,1282,0,1,0.0,-22.5,158.0,16.0,99.7,61060,2940,58120,0.951850638716017,3,3,0.0,0.0,-40.0,0.0,0.0,-15.0,7.5,0.0,25.0,0.0,0.0
81,1320,32,1328,1282,0,1,0.0,-16.75,158.0,17.0,99.7,61060,230,60830,0.9962332132328857,3,3,0.0,0.0,-40.0,0.0,0.0,-15.0,7.5,0.0,25.0,0.0,5.75
81,1320,14,1283,1282,0,1,0.0,-15.0,158.0,18.0,99.7,61060,1290,59770,0.9788732394366197,1,1,0.0,0.0,-40.0,0.0,0.0,-15.0,15.0,0.0,25.0,0.0,0.0
81,1320,13,1283,1282,0,1,0.0,-15.0,158.0,19.0,99.7,61060,11610,49450,0.8098591549295775,1,1,0.0,0.0,-40.0,0.0,0.0,-15.0,15.0,0.0,25.0,0.0,0.0
81,1320,84,1323,1282,0,1,0.0,-25.02,158.0,20.0,99.7,61060,39200,21860,0.35800851621356045,13,13,0.0,0.0,-40.0,0.0,0.0,-15.0,0.0,0.0,25.0,0.0,4.98
82,1318,7,1278,1278,1,1,97.5,165.83,170.0,1.0,0.0,50700,50700,0,0.0,0,0,1.0,40.0,0.0,20.0,40.0,0.0,25.0,7.83,25.0,0.0,8.0
82,1318,66,1303,1278,0,1,84.2,133.0,158.0,2.0,13.299999999999997,50700,50860,160,0.003155818540433925,9,9,0.0,40.0,0.0,20.0,40.0,0.0,0.0,0.0,25.0,0.0,8.0
82,1318,12,1282,1278,0,1,58.9,93.0,158.0,3.0,38.6,50700,61060,10360,0.20433925049309665,1,1,0.0,40.0,0.0,20.0,0.0,-15.0,15.0,0.0,25.0,0.0,8.0
82,1318,62,1298,1278,0,1,51.3,81.0,158.0,4.0,46.2,50700,43100,7600,0.14990138067061143,7,7,0.0,40.0,0.0,20.0,0.0,-15.0,3.0,0.0,25.0,0.0,8.0
82,1318,61,1297,1278,0,1,51.3,81.0,158.0,5.0,46.2,50700,46520,4180,0.08244575936883629,7,7,0.0,40.0,0.0,20.0,0.0,-15.0,3.0,0.0,25.0,0.0,8.0
82,1318,77,1315,1278,0,1,49.4,78.0,158.0,6.0,48.1,50700,54200,3500,0.06903353057199212,10,10,0.0,40.0,0.0,20.0,0.0,-15.0,0.0,0.0,25.0,0.0,8.0
82,1318,76,1314,1278,0,1,49.4,78.0,158.0,7.0,48.1,50700,41080,9620,0.18974358974358974,10,10,0.0,40.0,0.0,20.0,0.0,-15.0,0.0,0.0,25.0,0.0,8.0
82,1318,64,1301,1278,0,1,49.4,78.0,158.0,8.0,48.1,50700,56280,5580,0.11005917159763313,8,8,0.0,40.0,0.0,20.0,0.0,-15.0,0.0,0.0,25.0,0.0,8.0
82,1318,8,1279,1278,0,1,6.6,11.2,170.0,9.0,90.9,50700,26800,23900,0.4714003944773176,0,0,1.0,0.0,-40.0,0.0,0.0,-15.0,25.0,11.22,25.0,0.0,4.98
82,1318,38,1328,1278,0,1,0.0,-27.0,158.0,10.0,97.5,50700,774,49926,0.9847337278106509,4,4,0.0,0.0,-40.0,0.0,0.0,-15.0,3.0,0.0,25.0,0.0,0.0
82,1318,36,1328,1278,0,1,0.0,-27.0,158.0,11.0,97.5,50700,255,50445,0.9949704142011835,4,4,0.0,0.0,-40.0,0.0,0.0,-15.0,3.0,0.0,25.0,0.0,0.0
82,1318,37,1328,1278,0,1,0.0,-27.0,158.0,12.0,97.5,50700,2030,48670,0.9599605522682446,4,4,0.0,0.0,-40.0,0.0,0.0,-15.0,3.0,0.0,25.0,0.0,0.0
82,1318,35,1328,1278,0,1,0.0,-27.0,158.0,13.0,97.5,50700,3758,46942,0.9258777120315582,4,4,0.0,0.0,-40.0,0.0,0.0,-15.0,3.0,0.0,25.0,0.0,0.0
82,1318,34,1328,1278,0,1,0.0,-27.0,158.0,14.0,97.5,50700,974,49726,0.9807889546351085,4,4,0.0,0.0,-40.0,0.0,0.0,-15.0,3.0,0.0,25.0,0.0,0.0
82,1318,33,1328,1278,0,1,0.0,-27.0,158.0,15.0,97.5,50700,2940,47760,0.9420118343195266,4,4,0.0,0.0,-40.0,0.0,0.0,-15.0,3.0,0.0,25.0,0.0,0.0
82,1318,32,1328,1278,0,1,0.0,-21.25,158.0,16.0,97.5,50700,230,50470,0.9954635108481262,4,4,0.0,0.0,-40.0,0.0,0.0,-15.0,3.0,0.0,25.0,0.0,5.75
82,1318,14,1283,1278,0,1,0.0,-22.5,158.0,17.0,97.5,50700,1290,49410,0.9745562130177515,2,2,0.0,0.0,-40.0,0.0,0.0,-15.0,7.5,0.0,25.0,0.0,0.0
82,1318,13,1283,1278,0,1,0.0,-22.5,158.0,18.0,97.5,50700,11610,39090,0.7710059171597633,2,2,0.0,0.0,-40.0,0.0,0.0,-15.0,7.5,0.0,25.0,0.0,0.0
82,1318,79,1318,1278,0,1,0.0,-25.02,158.0,19.0,97.5,50700,20040,30660,0.6047337278106509,13,13,0.0,0.0,-40.0,0.0,0.0,-15.0,0.0,0.0,25.0,0.0,4.98
83,1317,8,1279,1279,1,1,100.0,169.99,170.0,1.0,0.0,26800,26800,0,0.0,0,0,1.0,40.0,0.0,20.0,40.0,0.0,25.0,11.99,25.0,0.0,8.0
83,1317,79,1318,1279,0,1,49.4,78.0,158.0,2.0,50.6,26800,20040,6760,0.25223880597014925,13,13,0.0,40.0,0.0,20.0,0.0,-15.0,0.0,0.0,25.0,0.0,8.0
83,1317,7,1278,1279,0,1,5.2,8.84,170.0,3.0,94.8,26800,50700,23900,0.8917910447761194,0,0,1.0,0.0,-40.0,0.0,0.0,-15.0,25.0,8.6,25.0,0.0,5.24
83,1317,13,1283,1279,0,1,0.0,-22.5,158.0,4.0,100.0,26800,11610,15190,0.5667910447761194,2,2,0.0,0.0,-40.0,0.0,0.0,-15.0,7.5,0.0,25.0,0.0,0.0
83,1317,60,1296,1279,0,1,0.0,-36.34,158.0,5.0,100.0,26800,27360,560,0.020895522388059702,7,7,0.0,0.0,-40.0,0.0,8.21,0.0,3.0,0.0,0.0,-15.0,7.45
83,1317,77,1315,1279,0,1,0.0,-24.76,158.0,6.0,100.0,26800,54200,27400,1.0223880597014925,10,10,0.0,0.0,-40.0,0.0,0.0,-15.0,0.0,0.0,25.0,0.0,5.24
83,1317,76,1314,1279,0,1,0.0,-24.76,158.0,7.0,100.0,26800,41080,14280,0.5328358208955224,10,10,0.0,0.0,-40.0,0.0,0.0,-15.0,0.0,0.0,25.0,0.0,5.24
83,1317,66,1303,1279,0,1,0.0,-24.76,158.0,8.0,100.0,26800,50860,24060,0.8977611940298508,9,9,0.0,0.0,-40.0,0.0,0.0,-15.0,0.0,0.0,25.0,0.0,5.24
83,1317,64,1301,1279,0,1,0.0,-24.76,158.0,9.0,100.0,26800,56280,29480,1.1,8,8,0.0,0.0,-40.0,0.0,0.0,-15.0,0.0,0.0,25.0,0.0,5.24
83,1317,62,1298,1279,0,1,0.0,-21.76,158.0,10.0,100.0,26800,43100,16300,0.6082089552238806,7,7,0.0,0.0,-40.0,0.0,0.0,-15.0,3.0,0.0,25.0,0.0,5.24
83,1317,61,1297,1279,0,1,0.0,-21.76,158.0,11.0,100.0,26800,46520,19720,0.735820895522388,7,7,0.0,0.0,-40.0,0.0,0.0,-15.0,3.0,0.0,25.0,0.0,5.24
83,1317,38,1328,1279,0,1,0.0,-27.0,158.0,12.0,100.0,26800,774,26026,0.9711194029850746,4,4,0.0,0.0,-40.0,0.0,0.0,-15.0,3.0,0.0,25.0,0.0,0.0
83,1317,14,1283,1279,0,1,0.0,-22.5,158.0,13.0,100.0,26800,1290,25510,0.951865671641791,2,2,0.0,0.0,-40.0,0.0,0.0,-15.0,7.5,0.0,25.0,0.0,0.0
83,1317,12,1282,1279,0,1,0.0,-9.76,158.0,14.0,100.0,26800,61060,34260,1.278358208955224,1,1,0.0,0.0,-40.0,0.0,0.0,-15.0,15.0,0.0,25.0,0.0,5.24
83,1317,36,1328,1279,0,1,0.0,-27.0,158.0,15.0,100.0,26800,255,26545,0.9904850746268656,4,4,0.0,0.0,-40.0,0.0,0.0,-15.0,3.0,0.0,25.0,0.0,0.0
83,1317,35,1328,1279,0,1,0.0,-27.0,158.0,16.0,100.0,26800,3758,23042,0.859776119402985,4,4,0.0,0.0,-40.0,0.0,0.0,-15.0,3.0,0.0,25.0,0.0,0.0
83,1317,34,1328,1279,0,1,0.0,-27.0,158.0,17.0,100.0,26800,974,25826,0.9636567164179104,4,4,0.0,0.0,-40.0,0.0,0.0,-15.0,3.0,0.0,25.0,0.0,0.0
83,1317,33,1328,1279,0,1,0.0,-27.0,158.0,18.0,100.0,26800,2940,23860,0.8902985074626866,4,4,0.0,0.0,-40.0,0.0,0.0,-15.0,3.0,0.0,25.0,0.0,0.0
83,1317,32,1328,1279,0,1,0.0,-23.81,158.0,19.0,100.0,26800,230,26570,0.9914179104477612,4,4,0.0,0.0,-40.0,0.0,0.0,-15.0,3.0,0.0,25.0,0.0,3.19
83,1317,37,1328,1279,0,1,0.0,-27.0,158.0,20.0,100.0,26800,2030,24770,0.9242537313432836,4,4,0.0,0.0,-40.0,0.0,0.0,-15.0,3.0,0.0,25.0,0.0,0.0
84,1314,3,1276,1276,1,1,100.0,169.99,170.0,1.0,0.0,28880,28880,0,0.0,0,0,1.0,40.0,0.0,20.0,40.0,0.0,25.0,11.99,25.0,0.0,8.0
84,1314,17,1286,1276,0,1,54.1,85.5,158.0,2.0,45.9,28880,41480,12600,0.4362880886426593,3,3,0.0,40.0,0.0,20.0,0.0,-15.0,7.5,0.0,25.0,0.0,8.0
84,1314,40,1295,1276,0,1,51.3,81.0,158.0,3.0,48.7,28880,34460,5580,0.19321329639889195,7,7,0.0,40.0,0.0,20.0,0.0,-15.0,3.0,0.0,25.0,0.0,8.0
84,1314,4,1273,1276,0,1,43.3,73.62,170.0,4.0,56.7,28880,39860,10980,0.3801939058171745,0,0,1.0,40.0,0.0,20.0,0.0,-15.0,25.0,11.34,0.0,-15.0,7.28
84,1314,6,1275,1276,0,1,33.1,52.28,158.0,5.0,66.9,28880,37600,8720,0.30193905817174516,1,1,0.0,40.0,0.0,20.0,0.0,-15.0,15.0,0.0,0.0,-15.0,7.28
84,1314,75,1313,1276,0,1,23.6,37.28,158.0,6.0,76.4,28880,38440,9560,0.33102493074792244,11,11,0.0,40.0,0.0,20.0,0.0,-15.0,0.0,0.0,0.0,-15.0,7.28
84,1314,2,1271,1276,0,1,0.0,-22.5,158.0,7.0,100.0,28880,37940,9060,0.3137119113573407,3,-3,0.0,0.0,-40.0,0.0,0.0,-15.0,7.5,0.0,25.0,0.0,0.0
84,1314,15,1284,1276,0,1,0.0,-22.5,158.0,8.0,100.0,28880,40460,11580,0.4009695290858726,3,3,0.0,0.0,-40.0,0.0,0.0,-15.0,7.5,0.0,25.0,0.0,0.0
84,1314,16,1285,1276,0,1,0.0,-22.5,158.0,9.0,100.0,28880,30920,2040,0.07063711911357341,3,3,0.0,0.0,-40.0,0.0,0.0,-15.0,7.5,0.0,25.0,0.0,0.0
84,1314,30,1290,1276,0,1,0.0,-27.0,158.0,10.0,100.0,28880,39680,10800,0.3739612188365651,4,4,0.0,0.0,-40.0,0.0,0.0,-15.0,3.0,0.0,25.0,0.0,0.0
84,1314,31,1291,1276,0,1,0.0,-27.0,158.0,11.0,100.0,28880,38520,9640,0.3337950138504155,4,4,0.0,0.0,-40.0,0.0,0.0,-15.0,3.0,0.0,25.0,0.0,0.0
84,1314,41,1293,1276,0,1,0.0,-25.08,158.0,12.0,100.0,28880,37220,8340,0.28878116343490307,7,7,0.0,0.0,-40.0,0.0,0.0,-15.0,3.0,0.0,25.0,0.0,1.92
84,1314,63,1299,1276,0,1,0.0,-42.31,158.0,13.0,100.0,28880,28320,560,0.019390581717451522,9,9,0.0,0.0,-40.0,0.0,11.22,0.0,0.0,0.0,0.0,-15.0,1.47
84,1314,68,1305,1276,0,1,0.0,-30.0,158.0,14.0,100.0,28880,10500,18380,0.6364265927977839,10,10,0.0,0.0,-40.0,0.0,0.0,-15.0,0.0,0.0,25.0,0.0,0.0
84,1314,74,1312,1276,0,1,0.0,-30.0,158.0,15.0,100.0,28880,25760,3120,0.10803324099722991,11,11,0.0,0.0,-40.0,0.0,0.0,-15.0,0.0,0.0,25.0,0.0,0.0
85,1311,2,1271,1271,1,1,100.0,169.99,170.0,1.0,0.0,37940,37940,0,0.0,0,0,1.0,40.0,0.0,20.0,40.0,0.0,25.0,11.99,25.0,0.0,8.0
85,1311,31,1291,1271,0,1,73.1,115.43,158.0,2.0,26.900000000000006,37940,38520,580,0.015287295730100159,7,7,0.0,40.0,0.0,20.0,19.43,0.0,3.0,0.0,25.0,0.0,8.0
85,1311,30,1290,1271,0,1,51.3,81.0,158.0,3.0,48.7,37940,39680,1740,0.045861887190300474,7,7,0.0,40.0,0.0,20.0,0.0,-15.0,3.0,0.0,25.0,0.0,8.0
85,1311,3,1276,1271,0,1,0.0,-22.5,158.0,4.0,100.0,37940,28880,9060,0.23879810226673695,3,3,0.0,0.0,-40.0,0.0,0.0,-15.0,7.5,0.0,25.0,0.0,0.0
85,1311,6,1275,1271,0,1,0.0,-19.92,158.0,5.0,100.0,37940,37600,340,0.008961518186610437,4,4,0.0,0.0,-40.0,0.0,32.08,0.0,3.0,0.0,0.0,-15.0,0.0
85,1311,15,1284,1271,0,1,0.0,-24.52,158.0,6.0,100.0,37940,40460,2520,0.06642066420664207,6,6,0.0,0.0,-40.0,0.0,0.0,-15.0,3.0,0.0,25.0,0.0,2.48
85,1311,16,1285,1271,0,1,0.0,-24.52,158.0,7.0,100.0,37940,30920,7020,0.18502899314707433,6,6,0.0,0.0,-40.0,0.0,0.0,-15.0,3.0,0.0,25.0,0.0,2.48
85,1311,17,1286,1271,0,1,0.0,-27.0,158.0,8.0,100.0,37940,41480,3540,0.09330521876647338,6,6,0.0,0.0,-40.0,0.0,0.0,-15.0,3.0,0.0,25.0,0.0,0.0
85,1311,40,1295,1271,0,1,0.0,-30.0,158.0,9.0,100.0,37940,34460,3480,0.09172377438060095,10,10,0.0,0.0,-40.0,0.0,0.0,-15.0,0.0,0.0,25.0,0.0,0.0
85,1311,41,1293,1271,0,1,0.0,-2.95,158.0,10.0,100.0,37940,37220,720,0.018977332630469163,10,10,0.0,0.0,-40.0,0.0,12.05,0.0,0.0,0.0,25.0,0.0,0.0
85,1311,68,1305,1271,0,1,0.0,-30.0,158.0,11.0,100.0,37940,10500,27440,0.7232472324723247,13,13,0.0,0.0,-40.0,0.0,0.0,-15.0,0.0,0.0,25.0,0.0,0.0
