dtc_order_no,dtc_row_id,ticket_row_id,ticket,score,raw,max_possible,breakdown,ticket_weight,ticket_date,ticket_desc,ticket_code
1507,1,302,1452,100.0,169.99,170.0,code+40.0;desc+20.0;net_wt+40.0;date+25.0;time+11.99;customer+25.0;price+8.0,11960,2026-03-05 12:50:55.723,STEEL TURNING,TURNSTEEL
1507,1,293,1443,54.1,85.5,158.0,code+40.0;desc+20.0;net_wt_over-15.0;date+7.5;customer+25.0;price+8.0,14240,2026-03-02 14:42:23.337,STEEL TURNING,TURNSTEEL
1507,1,309,1459,51.3,81.0,158.0,code+40.0;desc+20.0;net_wt_over-15.0;date+3.0;customer+25.0;price+8.0,33560,2026-03-09 08:36:00.000,STEEL TURNING,TURNSTEEL
1507,1,266,1434,50.2,79.37,158.0,code+40.0;desc+20.0;net_wt_over-15.0;date+3.0;customer+25.0;price+6.37,44420,2026-02-27 07:35:24.688,STEEL TURNING,TURNSTEEL
1507,1,273,1438,50.2,79.37,158.0,code+40.0;desc+20.0;net_wt_over-15.0;date+3.0;customer+25.0;price+6.37,47660,2026-02-28 11:30:13.000,STEEL TURNING,TURNSTEEL
1507,1,222,1406,49.4,78.0,158.0,code+40.0;desc+20.0;net_wt_over-15.0;customer+25.0;price+8.0,15220,2026-02-19 11:50:58.539,STEEL TURNING,TURNSTEEL
1507,1,223,1407,49.4,78.0,158.0,code+40.0;desc+20.0;net_wt_over-15.0;customer+25.0;price+8.0,56480,2026-02-19 14:21:42.681,STEEL TURNING,TURNSTEEL
1507,1,224,1408,49.4,78.0,158.0,code+40.0;desc+20.0;net_wt_over-15.0;customer+25.0;price+8.0,12280,2026-02-19 14:22:17.061,STEEL TURNING,TURNSTEEL
1507,1,231,1418,49.4,78.0,158.0,code+40.0;desc+20.0;net_wt_over-15.0;customer+25.0;price+8.0,19820,2026-02-23 07:06:00.000,STEEL TURNING,TURNSTEEL
1507,1,254,1419,49.4,78.0,158.0,code+40.0;desc+20.0;net_wt_over-15.0;customer+25.0;price+8.0,15180,2026-02-24 11:35:59.062,STEEL TURNING,TURNSTEEL
1507,1,255,1421,49.4,78.0,158.0,code+40.0;desc+20.0;net_wt_over-15.0;customer+25.0;price+8.0,28440,2026-02-24 14:44:06.833,STEEL TURNING,TURNSTEEL
1507,1,360,1481,48.3,76.37,158.0,code+40.0;desc+20.0;net_wt_over-15.0;customer+25.0;price+6.37,42100,2026-03-18 10:47:46.502,STEEL TURNING,TURNSTEEL
1507,1,221,1404,20.3,32.03,158.0,code+40.0;desc+20.0;net_wt_over-15.0;customer_diff-15.0;price+2.03,46440,2026-02-19 09:25:31.465,STEEL TURNING,TURNSTEEL
1507,1,305,1460,1.5,2.54,170.0,code_diff-40.0;net_wt_over-15.0;date+25.0;time+3.88;customer+25.0;price+3.66,1140,2026-03-05 20:58:56.000,SHEET IRON,SHIRST
1507,1,304,1460,0.0,-1.12,170.0,code_diff-40.0;net_wt_over-15.0;date+25.0;time+3.88;customer+25.0,1132,2026-03-05 20:58:56.000,ALUMINIUM TURNS,ALUTURN
1507,1,306,1460,0.0,-1.12,170.0,code_diff-40.0;net_wt_over-15.0;date+25.0;time+3.88;customer+25.0,668,2026-03-05 20:58:56.000,6063 PAINTED EXTRUSION,AL06310
1507,1,307,1454,0.0,-7.54,158.0,code_diff-40.0;net_wt_over-15.0;date+15.0;customer+25.0;price+7.46,22720,2026-03-06 13:03:38.593,STEEL BANDING (FE),STBD
1507,1,272,1440,0.0,-19.54,158.0,code_diff-40.0;net_wt_over-15.0;date+3.0;customer+25.0;price+7.46,38700,2026-02-27 12:50:00.070,STEEL BANDING (FE),STBD
1507,1,337,1487,0.0,-27.0,158.0,code_diff-40.0;net_wt_over-15.0;date+3.0;customer+25.0,148,2026-03-12 10:58:53.000,CARBIDE,NICARBD
1507,1,338,1487,0.0,-27.0,158.0,code_diff-40.0;net_wt_over-15.0;date+3.0;customer+25.0,1038,2026-03-12 10:58:53.000,ALUMINIUM TURNS,ALUTURN
1507,1,339,1487,0.0,-27.0,158.0,code_diff-40.0;net_wt_over-15.0;date+3.0;customer+25.0,4419,2026-03-12 10:58:53.000,17-4 SOLIDS,174SOLIDS
1507,1,340,1487,0.0,-27.0,158.0,code_diff-40.0;net_wt_over-15.0;date+3.0;customer+25.0,1924,2026-03-12 10:58:53.000,EDM WIRE,EDMW
1507,1,348,1476,0.0,-22.54,158.0,code_diff-40.0;net_wt_over-15.0;customer+25.0;price+7.46,21600,2026-03-17 12:50:31.542,STEEL BANDING (FE),STBD
1507,1,303,1460,0.0,-1.12,170.0,code_diff-40.0;net_wt_over-15.0;date+25.0;time+3.88;customer+25.0,618,2026-03-05 20:58:56.000,6063 BARE ALUMINUM EXTRUSION,AL06063
1506,2,301,1451,100.0,169.98,170.0,code+40.0;desc+20.0;net_wt+40.0;date+25.0;time+11.98;customer+25.0;price+8.0,25600,2026-03-05 12:49:39.302,STEEL WIRE,STWR
1506,2,292,1442,54.1,85.5,158.0,code+40.0;desc+20.0;net_wt_over-15.0;date+7.5;customer+25.0;price+8.0,20060,2026-03-02 14:41:31.449,STEEL WIRE,STWR
1506,2,335,1467,51.3,81.0,158.0,code+40.0;desc+20.0;net_wt_over-15.0;date+3.0;customer+25.0;price+8.0,53840,2026-03-11 11:41:00.000,STEEL WIRE,STWR
1506,2,229,1412,49.4,78.0,158.0,code+40.0;desc+20.0;net_wt_over-15.0;customer+25.0;price+8.0,44380,2026-02-20 13:08:55.105,STEEL WIRE,STWR
1506,2,259,1427,49.4,78.0,158.0,code+40.0;desc+20.0;net_wt_over-15.0;customer+25.0;price+8.0,46900,2026-02-25 09:25:19.000,STEEL WIRE,STWR
1506,2,345,1473,49.4,78.0,158.0,code+40.0;desc+20.0;net_wt_over-15.0;customer+25.0;price+8.0,36740,2026-03-16 14:12:08.492,STEEL WIRE,STWR
1506,2,227,1410,0.0,-25.96,158.0,code_diff-40.0;net_wt_over-15.0;customer+25.0;price+4.04,32820,2026-02-20 13:01:46.878,SHEET IRON,SHIRST
1506,2,300,1449,0.0,-15.0,158.0,code_diff-40.0;net_wt_over-15.0;date+15.0;customer+25.0,34120,2026-03-04 14:45:03.106,BUSHELING,Indbush
1506,2,347,1475,0.0,-27.52,158.0,code_diff-40.0;net_wt_over-15.0;customer+25.0;price+2.48,36360,2026-03-17 10:06:50.216,SHEET IRON,SHIRST
1506,2,346,1474,0.0,-30.0,158.0,code_diff-40.0;net_wt_over-15.0;customer+25.0,27420,2026-03-16 14:13:51.382,BUSHELING,Indbush
1506,2,343,1470,0.0,-19.06,158.0,code_diff-40.0;net_wt+35.94;customer_diff-15.0,25780,2026-03-16 07:39:28.625,SHEET IRON,SHIRST
1506,2,341,1468,0.0,-21.89,158.0,code_diff-40.0;net_wt_over-15.0;date+3.0;customer+25.0;price+5.11,15240,2026-03-12 14:16:05.853,17-4 STAINLESS STEEL TURNINGS,NI174BO
1506,2,312,1463,0.0,-27.0,158.0,code_diff-40.0;net_wt_over-15.0;date+3.0;customer+25.0,44640,2026-03-10 10:43:44.000,BUSHELING,Indbush
1506,2,311,1457,0.0,-24.52,158.0,code_diff-40.0;net_wt_over-15.0;date+3.0;customer+25.0;price+2.48,31460,2026-03-09 16:00:32.884,SHEET IRON,SHIRST
1506,2,308,1455,0.0,-20.02,158.0,code_diff-40.0;net_wt_over-15.0;date+7.5;customer+25.0;price+2.48,33020,2026-03-07 10:26:58.299,SHEET IRON,SHIRST
1506,2,295,1445,0.0,-20.02,158.0,code_diff-40.0;net_wt_over-15.0;date+7.5;customer+25.0;price+2.48,34040,2026-03-03 11:31:32.422,SHEET IRON,SHIRST
1506,2,296,1450,0.0,-15.0,158.0,code_diff-40.0;net_wt_over-15.0;date+15.0;customer+25.0,24820,2026-03-04 06:53:59.000,BUSHELING,Indbush
1506,2,228,1411,0.0,-30.0,158.0,code_diff-40.0;net_wt_over-15.0;customer+25.0,27840,2026-02-20 13:07:41.995,BUSHELING,Indbush
1506,2,271,1439,0.0,-24.52,158.0,code_diff-40.0;net_wt_over-15.0;date+3.0;customer+25.0;price+2.48,34680,2026-02-27 11:54:34.169,SHEET IRON,SHIRST
1506,2,270,1444,0.0,-27.0,158.0,code_diff-40.0;net_wt_over-15.0;date+3.0;customer+25.0,18080,2026-02-27 10:45:13.000,CLEAN SHEET,CLSHST
1506,2,269,1437,0.0,-24.52,158.0,code_diff-40.0;net_wt_over-15.0;date+3.0;customer+25.0;price+2.48,34780,2026-02-27 10:25:31.233,SHEET IRON,SHIRST
1506,2,267,1435,0.0,-27.0,158.0,code_diff-40.0;net_wt_over-15.0;date+3.0;customer+25.0,30860,2026-02-27 07:54:48.337,CLEAN SHEET,CLSHST
1506,2,265,1432,0.0,-27.0,158.0,code_diff-40.0;net_wt_over-15.0;date+3.0;customer+25.0,29080,2026-02-26 13:40:28.442,BUSHELING,Indbush
1506,2,264,1431,0.0,-25.06,158.0,code_diff-40.0;net_wt_over-15.0;date+3.0;customer+25.0;price+1.94,8620,2026-02-26 13:38:29.164,17-4 STAINLESS STEEL TURNINGS,NI174BO
1506,2,263,1430,0.0,-24.52,158.0,code_diff-40.0;net_wt_over-15.0;date+3.0;customer+25.0;price+2.48,32200,2026-02-26 12:42:48.917,SHEET IRON,SHIRST
1506,2,258,1424,0.0,-27.52,158.0,code_diff-40.0;net_wt_over-15.0;customer+25.0;price+2.48,28020,2026-02-25 09:20:09.890,SHEET IRON,SHIRST
1506,2,230,1413,0.0,-30.0,158.0,code_diff-40.0;net_wt_over-15.0;customer+25.0,27180,2026-02-20 13:09:44.723,BUSHELING,Indbush
1506,2,359,1480,0.0,-30.0,158.0,code_diff-40.0;net_wt_over-15.0;customer+25.0,27160,2026-03-18 09:19:37.786,CLEAN SHEET,CLSHST
1501,3,300,1449,100.0,169.99,170.0,code+40.0;desc+20.0;net_wt+40.0;date+25.0;time+11.99;customer+25.0;price+8.0,34120,2026-03-04 14:45:03.106,BUSHELING,Indbush
1501,3,296,1450,63.0,107.14,170.0,code+40.0;desc+20.0;net_wt_over-15.0;date+25.0;time+4.14;customer+25.0;price+8.0,24820,2026-03-04 06:53:59.000,BUSHELING,Indbush
1501,3,265,1432,51.3,81.0,158.0,code+40.0;desc+20.0;net_wt_over-15.0;date+3.0;customer+25.0;price+8.0,29080,2026-02-26 13:40:28.442,BUSHELING,Indbush
1501,3,312,1463,51.3,81.0,158.0,code+40.0;desc+20.0;net_wt_over-15.0;date+3.0;customer+25.0;price+8.0,44640,2026-03-10 10:43:44.000,BUSHELING,Indbush
1501,3,230,1413,49.4,78.0,158.0,code+40.0;desc+20.0;net_wt_over-15.0;customer+25.0;price+8.0,27180,2026-02-20 13:09:44.723,BUSHELING,Indbush
1501,3,228,1411,49.4,78.0,158.0,code+40.0;desc+20.0;net_wt_over-15.0;customer+25.0;price+8.0,27840,2026-02-20 13:07:41.995,BUSHELING,Indbush
1501,3,346,1474,49.4,78.0,158.0,code+40.0;desc+20.0;net_wt_over-15.0;customer+25.0;price+8.0,27420,2026-03-16 14:13:51.382,BUSHELING,Indbush
1501,3,295,1445,25.3,40.0,158.0,code_diff-40.0;net_wt+40.0;date+15.0;customer+25.0,34040,2026-03-03 11:31:32.422,SHEET IRON,SHIRST
1501,3,336,1466,21.0,33.22,158.0,code+40.0;desc+20.0;net_wt_over-15.0;date+3.0;customer_diff-15.0;price+0.22,31900,2026-03-11 13:52:17.977,BUSHELING,Indbush
1501,3,218,1398,19.1,30.22,158.0,code+40.0;desc+20.0;net_wt_over-15.0;customer_diff-15.0;price+0.22,42100,2026-02-18 13:18:51.493,BUSHELING,Indbush
1501,3,271,1439,3.3,5.17,158.0,code_diff-40.0;net_wt+17.17;date+3.0;customer+25.0,34680,2026-02-27 11:54:34.169,SHEET IRON,SHIRST
1501,3,345,1473,0.0,-30.0,158.0,code_diff-40.0;net_wt_over-15.0;customer+25.0,36740,2026-03-16 14:12:08.492,STEEL WIRE,STWR
1501,3,341,1468,0.0,-30.0,158.0,code_diff-40.0;net_wt_over-15.0;customer+25.0,15240,2026-03-12 14:16:05.853,17-4 STAINLESS STEEL TURNINGS,NI174BO
1501,3,335,1467,0.0,-27.0,158.0,code_diff-40.0;net_wt_over-15.0;date+3.0;customer+25.0,53840,2026-03-11 11:41:00.000,STEEL WIRE,STWR
1501,3,311,1457,0.0,-27.0,158.0,code_diff-40.0;net_wt_over-15.0;date+3.0;customer+25.0,31460,2026-03-09 16:00:32.884,SHEET IRON,SHIRST
1501,3,309,1459,0.0,-32.46,158.0,code_diff-40.0;net_wt+17.17;date+3.0;customer_diff-15.0;price+2.37,33560,2026-03-09 08:36:00.000,STEEL TURNING,TURNSTEEL
1501,3,308,1455,0.0,-22.5,158.0,code_diff-40.0;net_wt_over-15.0;date+7.5;customer+25.0,33020,2026-03-07 10:26:58.299,SHEET IRON,SHIRST
1501,3,301,1451,0.0,-15.0,158.0,code_diff-40.0;net_wt_over-15.0;date+15.0;customer+25.0,25600,2026-03-05 12:49:39.302,STEEL WIRE,STWR
1501,3,292,1442,0.0,-22.5,158.0,code_diff-40.0;net_wt_over-15.0;date+7.5;customer+25.0,20060,2026-03-02 14:41:31.449,STEEL WIRE,STWR
1501,3,219,1399,0.0,-30.0,158.0,code_diff-40.0;net_wt_over-15.0;customer+25.0,29180,2026-02-18 15:24:59.512,SHEET IRON,SHIRST
1501,3,270,1444,0.0,-22.84,158.0,code_diff-40.0;net_wt_over-15.0;date+3.0;customer+25.0;price+4.16,18080,2026-02-27 10:45:13.000,CLEAN SHEET,CLSHST
1501,3,269,1437,0.0,-0.69,158.0,code_diff-40.0;net_wt+11.31;date+3.0;customer+25.0,34780,2026-02-27 10:25:31.233,SHEET IRON,SHIRST
1501,3,267,1435,0.0,-25.08,158.0,code_diff-40.0;net_wt_over-15.0;date+3.0;customer+25.0;price+1.92,30860,2026-02-27 07:54:48.337,CLEAN SHEET,CLSHST
1501,3,264,1431,0.0,-26.97,158.0,code_diff-40.0;net_wt_over-15.0;date+3.0;customer+25.0;price+0.03,8620,2026-02-26 13:38:29.164,17-4 STAINLESS STEEL TURNINGS,NI174BO
1501,3,263,1430,0.0,-27.0,158.0,code_diff-40.0;net_wt_over-15.0;date+3.0;customer+25.0,32200,2026-02-26 12:42:48.917,SHEET IRON,SHIRST
1501,3,259,1427,0.0,-27.0,158.0,code_diff-40.0;net_wt_over-15.0;date+3.0;customer+25.0,46900,2026-02-25 09:25:19.000,STEEL WIRE,STWR
1501,3,258,1424,0.0,-27.0,158.0,code_diff-40.0;net_wt_over-15.0;date+3.0;customer+25.0,28020,2026-02-25 09:20:09.890,SHEET IRON,SHIRST
1501,3,229,1412,0.0,-30.0,158.0,code_diff-40.0;net_wt_over-15.0;customer+25.0,44380,2026-02-20 13:08:55.105,STEEL WIRE,STWR
1501,3,227,1410,0.0,-30.0,158.0,code_diff-40.0;net_wt_over-15.0;customer+25.0,32820,2026-02-20 13:01:46.878,SHEET IRON,SHIRST
1501,3,347,1475,0.0,-30.0,158.0,code_diff-40.0;net_wt_over-15.0;customer+25.0,36360,2026-03-17 10:06:50.216,SHEET IRON,SHIRST
1502,4,296,1450,100.0,169.99,170.0,code+40.0;desc+20.0;net_wt+40.0;date+25.0;time+11.99;customer+25.0;price+8.0,24820,2026-03-04 06:53:59.000,BUSHELING,Indbush
1502,4,300,1449,63.0,107.16,170.0,code+40.0;desc+20.0;net_wt_over-15.0;date+25.0;time+4.16;customer+25.0;price+8.0,34120,2026-03-04 14:45:03.106,BUSHELING,Indbush
1502,4,312,1463,51.3,81.0,158.0,code+40.0;desc+20.0;net_wt_over-15.0;date+3.0;customer+25.0;price+8.0,44640,2026-03-10 10:43:44.000,BUSHELING,Indbush
1502,4,265,1432,51.3,81.0,158.0,code+40.0;desc+20.0;net_wt_over-15.0;date+3.0;customer+25.0;price+8.0,29080,2026-02-26 13:40:28.442,BUSHELING,Indbush
1502,4,346,1474,49.4,78.0,158.0,code+40.0;desc+20.0;net_wt_over-15.0;customer+25.0;price+8.0,27420,2026-03-16 14:13:51.382,BUSHELING,Indbush
1502,4,228,1411,49.4,78.0,158.0,code+40.0;desc+20.0;net_wt_over-15.0;customer+25.0;price+8.0,27840,2026-02-20 13:07:41.995,BUSHELING,Indbush
1502,4,230,1413,49.4,78.0,158.0,code+40.0;desc+20.0;net_wt_over-15.0;customer+25.0;price+8.0,27180,2026-02-20 13:09:44.723,BUSHELING,Indbush
1502,4,336,1466,21.0,33.22,158.0,code+40.0;desc+20.0;net_wt_over-15.0;date+3.0;customer_diff-15.0;price+0.22,31900,2026-03-11 13:52:17.977,BUSHELING,Indbush
1502,4,218,1398,19.1,30.22,158.0,code+40.0;desc+20.0;net_wt_over-15.0;customer_diff-15.0;price+0.22,42100,2026-02-18 13:18:51.493,BUSHELING,Indbush
1502,4,295,1445,0.0,-15.0,158.0,code_diff-40.0;net_wt_over-15.0;date+15.0;customer+25.0,34040,2026-03-03 11:31:32.422,SHEET IRON,SHIRST
1502,4,345,1473,0.0,-30.0,158.0,code_diff-40.0;net_wt_over-15.0;customer+25.0,36740,2026-03-16 14:12:08.492,STEEL WIRE,STWR
1502,4,341,1468,0.0,-30.0,158.0,code_diff-40.0;net_wt_over-15.0;customer+25.0,15240,2026-03-12 14:16:05.853,17-4 STAINLESS STEEL TURNINGS,NI174BO
1502,4,335,1467,0.0,-27.0,158.0,code_diff-40.0;net_wt_over-15.0;date+3.0;customer+25.0,53840,2026-03-11 11:41:00.000,STEEL WIRE,STWR
1502,4,311,1457,0.0,-27.0,158.0,code_diff-40.0;net_wt_over-15.0;date+3.0;customer+25.0,31460,2026-03-09 16:00:32.884,SHEET IRON,SHIRST
1502,4,308,1455,0.0,-22.5,158.0,code_diff-40.0;net_wt_over-15.0;date+7.5;customer+25.0,33020,2026-03-07 10:26:58.299,SHEET IRON,SHIRST
1502,4,301,1451,0.0,-15.0,158.0,code_diff-40.0;net_wt_over-15.0;date+15.0;customer+25.0,25600,2026-03-05 12:49:39.302,STEEL WIRE,STWR
1502,4,271,1439,0.0,-27.0,158.0,code_diff-40.0;net_wt_over-15.0;date+3.0;customer+25.0,34680,2026-02-27 11:54:34.169,SHEET IRON,SHIRST
1502,4,292,1442,0.0,-22.5,158.0,code_diff-40.0;net_wt_over-15.0;date+7.5;customer+25.0,20060,2026-03-02 14:41:31.449,STEEL WIRE,STWR
1502,4,219,1399,0.0,-30.0,158.0,code_diff-40.0;net_wt_over-15.0;customer+25.0,29180,2026-02-18 15:24:59.512,SHEET IRON,SHIRST
1502,4,270,1444,0.0,-22.84,158.0,code_diff-40.0;net_wt_over-15.0;date+3.0;customer+25.0;price+4.16,18080,2026-02-27 10:45:13.000,CLEAN SHEET,CLSHST
1502,4,269,1437,0.0,-27.0,158.0,code_diff-40.0;net_wt_over-15.0;date+3.0;customer+25.0,34780,2026-02-27 10:25:31.233,SHEET IRON,SHIRST
1502,4,267,1435,0.0,-25.08,158.0,code_diff-40.0;net_wt_over-15.0;date+3.0;customer+25.0;price+1.92,30860,2026-02-27 07:54:48.337,CLEAN SHEET,CLSHST
1502,4,264,1431,0.0,-26.97,158.0,code_diff-40.0;net_wt_over-15.0;date+3.0;customer+25.0;price+0.03,8620,2026-02-26 13:38:29.164,17-4 STAINLESS STEEL TURNINGS,NI174BO
1502,4,263,1430,0.0,-27.0,158.0,code_diff-40.0;net_wt_over-15.0;date+3.0;customer+25.0,32200,2026-02-26 12:42:48.917,SHEET IRON,SHIRST
1502,4,259,1427,0.0,-27.0,158.0,code_diff-40.0;net_wt_over-15.0;date+3.0;customer+25.0,46900,2026-02-25 09:25:19.000,STEEL WIRE,STWR
1502,4,258,1424,0.0,-27.0,158.0,code_diff-40.0;net_wt_over-15.0;date+3.0;customer+25.0,28020,2026-02-25 09:20:09.890,SHEET IRON,SHIRST
1502,4,229,1412,0.0,-30.0,158.0,code_diff-40.0;net_wt_over-15.0;customer+25.0,44380,2026-02-20 13:08:55.105,STEEL WIRE,STWR
1502,4,227,1410,0.0,-30.0,158.0,code_diff-40.0;net_wt_over-15.0;customer+25.0,32820,2026-02-20 13:01:46.878,SHEET IRON,SHIRST
1502,4,347,1475,0.0,-30.0,158.0,code_diff-40.0;net_wt_over-15.0;customer+25.0,36360,2026-03-17 10:06:50.216,SHEET IRON,SHIRST
1494,5,293,1443,100.0,169.99,170.0,code+40.0;desc+20.0;net_wt+40.0;date+25.0;time+11.99;customer+25.0;price+8.0,14240,2026-03-02 14:42:23.337,STEEL TURNING,TURNSTEEL
1494,5,302,1452,54.1,85.5,158.0,code+40.0;desc+20.0;net_wt_over-15.0;date+7.5;customer+25.0;price+8.0,11960,2026-03-05 12:50:55.723,STEEL TURNING,TURNSTEEL
1494,5,266,1434,53.1,83.87,158.0,code+40.0;desc+20.0;net_wt_over-15.0;date+7.5;customer+25.0;price+6.37,44420,2026-02-27 07:35:24.688,STEEL TURNING,TURNSTEEL
1494,5,273,1438,53.1,83.87,158.0,code+40.0;desc+20.0;net_wt_over-15.0;date+7.5;customer+25.0;price+6.37,47660,2026-02-28 11:30:13.000,STEEL TURNING,TURNSTEEL
1494,5,231,1418,51.3,81.0,158.0,code+40.0;desc+20.0;net_wt_over-15.0;date+3.0;customer+25.0;price+8.0,19820,2026-02-23 07:06:00.000,STEEL TURNING,TURNSTEEL
1494,5,309,1459,51.3,81.0,158.0,code+40.0;desc+20.0;net_wt_over-15.0;date+3.0;customer+25.0;price+8.0,33560,2026-03-09 08:36:00.000,STEEL TURNING,TURNSTEEL
1494,5,254,1419,51.3,81.0,158.0,code+40.0;desc+20.0;net_wt_over-15.0;date+3.0;customer+25.0;price+8.0,15180,2026-02-24 11:35:59.062,STEEL TURNING,TURNSTEEL
1494,5,255,1421,51.3,81.0,158.0,code+40.0;desc+20.0;net_wt_over-15.0;date+3.0;customer+25.0;price+8.0,28440,2026-02-24 14:44:06.833,STEEL TURNING,TURNSTEEL
1494,5,222,1406,49.4,78.0,158.0,code+40.0;desc+20.0;net_wt_over-15.0;customer+25.0;price+8.0,15220,2026-02-19 11:50:58.539,STEEL TURNING,TURNSTEEL
1494,5,223,1407,49.4,78.0,158.0,code+40.0;desc+20.0;net_wt_over-15.0;customer+25.0;price+8.0,56480,2026-02-19 14:21:42.681,STEEL TURNING,TURNSTEEL
1494,5,224,1408,49.4,78.0,158.0,code+40.0;desc+20.0;net_wt_over-15.0;customer+25.0;price+8.0,12280,2026-02-19 14:22:17.061,STEEL TURNING,TURNSTEEL
1494,5,221,1404,20.3,32.03,158.0,code+40.0;desc+20.0;net_wt_over-15.0;customer_diff-15.0;price+2.03,46440,2026-02-19 09:25:31.465,STEEL TURNING,TURNSTEEL
1494,5,272,1440,0.0,-15.04,158.0,code_diff-40.0;net_wt_over-15.0;date+7.5;customer+25.0;price+7.46,38700,2026-02-27 12:50:00.070,STEEL BANDING (FE),STBD
1494,5,303,1460,0.0,-22.5,158.0,code_diff-40.0;net_wt_over-15.0;date+7.5;customer+25.0,618,2026-03-05 20:58:56.000,6063 BARE ALUMINUM EXTRUSION,AL06063
1494,5,304,1460,0.0,-22.5,158.0,code_diff-40.0;net_wt_over-15.0;date+7.5;customer+25.0,1132,2026-03-05 20:58:56.000,ALUMINIUM TURNS,ALUTURN
1494,5,305,1460,0.0,-18.84,158.0,code_diff-40.0;net_wt_over-15.0;date+7.5;customer+25.0;price+3.66,1140,2026-03-05 20:58:56.000,SHEET IRON,SHIRST
1494,5,306,1460,0.0,-22.5,158.0,code_diff-40.0;net_wt_over-15.0;date+7.5;customer+25.0,668,2026-03-05 20:58:56.000,6063 PAINTED EXTRUSION,AL06310
1494,5,307,1454,0.0,-19.54,158.0,code_diff-40.0;net_wt_over-15.0;date+3.0;customer+25.0;price+7.46,22720,2026-03-06 13:03:38.593,STEEL BANDING (FE),STBD
1494,5,235,1416,0.0,-12.0,158.0,code_diff-40.0;net_wt+40.0;date+3.0;customer_diff-15.0,14208,2026-02-23 09:10:39.066,5052 ALUMINUM,AL05052
1494,5,337,1487,0.0,-30.0,158.0,code_diff-40.0;net_wt_over-15.0;customer+25.0,148,2026-03-12 10:58:53.000,CARBIDE,NICARBD
1494,5,338,1487,0.0,-30.0,158.0,code_diff-40.0;net_wt_over-15.0;customer+25.0,1038,2026-03-12 10:58:53.000,ALUMINIUM TURNS,ALUTURN
1494,5,339,1487,0.0,-30.0,158.0,code_diff-40.0;net_wt_over-15.0;customer+25.0,4419,2026-03-12 10:58:53.000,17-4 SOLIDS,174SOLIDS
1494,5,340,1487,0.0,-30.0,158.0,code_diff-40.0;net_wt_over-15.0;customer+25.0,1924,2026-03-12 10:58:53.000,EDM WIRE,EDMW
1493,6,292,1442,100.0,169.99,170.0,code+40.0;desc+20.0;net_wt+40.0;date+25.0;time+11.99;customer+25.0;price+8.0,20060,2026-03-02 14:41:31.449,STEEL WIRE,STWR
1493,6,301,1451,54.1,85.5,158.0,code+40.0;desc+20.0;net_wt_over-15.0;date+7.5;customer+25.0;price+8.0,25600,2026-03-05 12:49:39.302,STEEL WIRE,STWR
1493,6,259,1427,51.3,81.0,158.0,code+40.0;desc+20.0;net_wt_over-15.0;date+3.0;customer+25.0;price+8.0,46900,2026-02-25 09:25:19.000,STEEL WIRE,STWR
1493,6,204,1388,49.4,78.0,158.0,code+40.0;desc+20.0;net_wt_over-15.0;customer+25.0;price+8.0,40340,2026-02-16 07:52:47.000,STEEL WIRE,STWR
1493,6,335,1467,49.4,78.0,158.0,code+40.0;desc+20.0;net_wt_over-15.0;customer+25.0;price+8.0,53840,2026-03-11 11:41:00.000,STEEL WIRE,STWR
1493,6,229,1412,49.4,78.0,158.0,code+40.0;desc+20.0;net_wt_over-15.0;customer+25.0;price+8.0,44380,2026-02-20 13:08:55.105,STEEL WIRE,STWR
1493,6,270,1444,0.0,-22.5,158.0,code_diff-40.0;net_wt_over-15.0;date+7.5;customer+25.0,18080,2026-02-27 10:45:13.000,CLEAN SHEET,CLSHST
1493,6,312,1463,0.0,-30.0,158.0,code_diff-40.0;net_wt_over-15.0;customer+25.0,44640,2026-03-10 10:43:44.000,BUSHELING,Indbush
1493,6,311,1457,0.0,-24.52,158.0,code_diff-40.0;net_wt_over-15.0;date+3.0;customer+25.0;price+2.48,31460,2026-03-09 16:00:32.884,SHEET IRON,SHIRST
1493,6,308,1455,0.0,-24.52,158.0,code_diff-40.0;net_wt_over-15.0;date+3.0;customer+25.0;price+2.48,33020,2026-03-07 10:26:58.299,SHEET IRON,SHIRST
1493,6,300,1449,0.0,-22.5,158.0,code_diff-40.0;net_wt_over-15.0;date+7.5;customer+25.0,34120,2026-03-04 14:45:03.106,BUSHELING,Indbush
1493,6,296,1450,0.0,-22.5,158.0,code_diff-40.0;net_wt_over-15.0;date+7.5;customer+25.0,24820,2026-03-04 06:53:59.000,BUSHELING,Indbush
1493,6,295,1445,0.0,-12.52,158.0,code_diff-40.0;net_wt_over-15.0;date+15.0;customer+25.0;price+2.48,34040,2026-03-03 11:31:32.422,SHEET IRON,SHIRST
1493,6,271,1439,0.0,-20.02,158.0,code_diff-40.0;net_wt_over-15.0;date+7.5;customer+25.0;price+2.48,34680,2026-02-27 11:54:34.169,SHEET IRON,SHIRST
1493,6,269,1437,0.0,-20.02,158.0,code_diff-40.0;net_wt_over-15.0;date+7.5;customer+25.0;price+2.48,34780,2026-02-27 10:25:31.233,SHEET IRON,SHIRST
1493,6,219,1399,0.0,-27.52,158.0,code_diff-40.0;net_wt_over-15.0;customer+25.0;price+2.48,29180,2026-02-18 15:24:59.512,SHEET IRON,SHIRST
1493,6,267,1435,0.0,-22.5,158.0,code_diff-40.0;net_wt_over-15.0;date+7.5;customer+25.0,30860,2026-02-27 07:54:48.337,CLEAN SHEET,CLSHST
1493,6,265,1432,0.0,-27.0,158.0,code_diff-40.0;net_wt_over-15.0;date+3.0;customer+25.0,29080,2026-02-26 13:40:28.442,BUSHELING,Indbush
1493,6,264,1431,0.0,-25.06,158.0,code_diff-40.0;net_wt_over-15.0;date+3.0;customer+25.0;price+1.94,8620,2026-02-26 13:38:29.164,17-4 STAINLESS STEEL TURNINGS,NI174BO
1493,6,263,1430,0.0,-24.52,158.0,code_diff-40.0;net_wt_over-15.0;date+3.0;customer+25.0;price+2.48,32200,2026-02-26 12:42:48.917,SHEET IRON,SHIRST
1493,6,258,1424,0.0,-24.52,158.0,code_diff-40.0;net_wt_over-15.0;date+3.0;customer+25.0;price+2.48,28020,2026-02-25 09:20:09.890,SHEET IRON,SHIRST
1493,6,231,1418,0.0,-25.93,158.0,code_diff-40.0;net_wt+26.07;date+3.0;customer_diff-15.0,19820,2026-02-23 07:06:00.000,STEEL TURNING,TURNSTEEL
1493,6,230,1413,0.0,-30.0,158.0,code_diff-40.0;net_wt_over-15.0;customer+25.0,27180,2026-02-20 13:09:44.723,BUSHELING,Indbush
1493,6,228,1411,0.0,-30.0,158.0,code_diff-40.0;net_wt_over-15.0;customer+25.0,27840,2026-02-20 13:07:41.995,BUSHELING,Indbush
1493,6,227,1410,0.0,-25.96,158.0,code_diff-40.0;net_wt_over-15.0;customer+25.0;price+4.04,32820,2026-02-20 13:01:46.878,SHEET IRON,SHIRST
1493,6,341,1468,0.0,-24.89,158.0,code_diff-40.0;net_wt_over-15.0;customer+25.0;price+5.11,15240,2026-03-12 14:16:05.853,17-4 STAINLESS STEEL TURNINGS,NI174BO
1487,7,272,1440,100.0,169.99,170.0,code+40.0;desc+20.0;net_wt+40.0;date+25.0;time+11.99;customer+25.0;price+8.0,38700,2026-02-27 12:50:00.070,STEEL BANDING (FE),STBD
1487,7,307,1454,51.3,81.0,158.0,code+40.0;desc+20.0;net_wt_over-15.0;date+3.0;customer+25.0;price+8.0,22720,2026-03-06 13:03:38.593,STEEL BANDING (FE),STBD
1487,7,266,1434,5.1,8.65,170.0,code_diff-40.0;net_wt_over-15.0;date+25.0;time+6.75;customer+25.0;price+6.9,44420,2026-02-27 07:35:24.688,STEEL TURNING,TURNSTEEL
1487,7,222,1406,0.0,-22.55,158.0,code_diff-40.0;net_wt_over-15.0;customer+25.0;price+7.45,15220,2026-02-19 11:50:58.539,STEEL TURNING,TURNSTEEL
1487,7,304,1460,0.0,-27.0,158.0,code_diff-40.0;net_wt_over-15.0;date+3.0;customer+25.0,1132,2026-03-05 20:58:56.000,ALUMINIUM TURNS,ALUTURN
1487,7,339,1487,0.0,-30.0,158.0,code_diff-40.0;net_wt_over-15.0;customer+25.0,4419,2026-03-12 10:58:53.000,17-4 SOLIDS,174SOLIDS
1487,7,338,1487,0.0,-30.0,158.0,code_diff-40.0;net_wt_over-15.0;customer+25.0,1038,2026-03-12 10:58:53.000,ALUMINIUM TURNS,ALUTURN
1487,7,337,1487,0.0,-30.0,158.0,code_diff-40.0;net_wt_over-15.0;customer+25.0,148,2026-03-12 10:58:53.000,CARBIDE,NICARBD
1487,7,309,1459,0.0,-22.55,158.0,code_diff-40.0;net_wt_over-15.0;customer+25.0;price+7.45,33560,2026-03-09 08:36:00.000,STEEL TURNING,TURNSTEEL
1487,7,306,1460,0.0,-27.0,158.0,code_diff-40.0;net_wt_over-15.0;date+3.0;customer+25.0,668,2026-03-05 20:58:56.000,6063 PAINTED EXTRUSION,AL06310
1487,7,305,1460,0.0,-22.86,158.0,code_diff-40.0;net_wt_over-15.0;date+3.0;customer+25.0;price+4.14,1140,2026-03-05 20:58:56.000,SHEET IRON,SHIRST
1487,7,302,1452,0.0,-19.55,158.0,code_diff-40.0;net_wt_over-15.0;date+3.0;customer+25.0;price+7.45,11960,2026-03-05 12:50:55.723,STEEL TURNING,TURNSTEEL
1487,7,303,1460,0.0,-27.0,158.0,code_diff-40.0;net_wt_over-15.0;date+3.0;customer+25.0,618,2026-03-05 20:58:56.000,6063 BARE ALUMINUM EXTRUSION,AL06063
1487,7,223,1407,0.0,-22.55,158.0,code_diff-40.0;net_wt_over-15.0;customer+25.0;price+7.45,56480,2026-02-19 14:21:42.681,STEEL TURNING,TURNSTEEL
1487,7,293,1443,0.0,-15.05,158.0,code_diff-40.0;net_wt_over-15.0;date+7.5;customer+25.0;price+7.45,14240,2026-03-02 14:42:23.337,STEEL TURNING,TURNSTEEL
1487,7,273,1438,0.0,-8.1,158.0,code_diff-40.0;net_wt_over-15.0;date+15.0;customer+25.0;price+6.9,47660,2026-02-28 11:30:13.000,STEEL TURNING,TURNSTEEL
1487,7,255,1421,0.0,-15.05,158.0,code_diff-40.0;net_wt_over-15.0;date+7.5;customer+25.0;price+7.45,28440,2026-02-24 14:44:06.833,STEEL TURNING,TURNSTEEL
1487,7,254,1419,0.0,-15.05,158.0,code_diff-40.0;net_wt_over-15.0;date+7.5;customer+25.0;price+7.45,15180,2026-02-24 11:35:59.062,STEEL TURNING,TURNSTEEL
1487,7,231,1418,0.0,-19.55,158.0,code_diff-40.0;net_wt_over-15.0;date+3.0;customer+25.0;price+7.45,19820,2026-02-23 07:06:00.000,STEEL TURNING,TURNSTEEL
1487,7,224,1408,0.0,-22.55,158.0,code_diff-40.0;net_wt_over-15.0;customer+25.0;price+7.45,12280,2026-02-19 14:22:17.061,STEEL TURNING,TURNSTEEL
1487,7,340,1487,0.0,-30.0,158.0,code_diff-40.0;net_wt_over-15.0;customer+25.0,1924,2026-03-12 10:58:53.000,EDM WIRE,EDMW
1492,8,273,1438,93.7,148.0,158.0,code+40.0;desc+20.0;net_wt+40.0;date+15.0;customer+25.0;price+8.0,47660,2026-02-28 11:30:13.000,STEEL TURNING,TURNSTEEL
1492,8,266,1434,65.1,110.7,170.0,code+40.0;desc+20.0;net_wt_over-15.0;date+25.0;time+7.7;customer+25.0;price+8.0,44420,2026-02-27 07:35:24.688,STEEL TURNING,TURNSTEEL
1492,8,254,1419,53.0,83.79,158.0,code+40.0;desc+20.0;net_wt_over-15.0;date+7.5;customer+25.0;price+6.29,15180,2026-02-24 11:35:59.062,STEEL TURNING,TURNSTEEL
1492,8,255,1421,53.0,83.79,158.0,code+40.0;desc+20.0;net_wt_over-15.0;date+7.5;customer+25.0;price+6.29,28440,2026-02-24 14:44:06.833,STEEL TURNING,TURNSTEEL
1492,8,293,1443,53.0,83.79,158.0,code+40.0;desc+20.0;net_wt_over-15.0;date+7.5;customer+25.0;price+6.29,14240,2026-03-02 14:42:23.337,STEEL TURNING,TURNSTEEL
1492,8,231,1418,50.2,79.29,158.0,code+40.0;desc+20.0;net_wt_over-15.0;date+3.0;customer+25.0;price+6.29,19820,2026-02-23 07:06:00.000,STEEL TURNING,TURNSTEEL
1492,8,302,1452,50.2,79.29,158.0,code+40.0;desc+20.0;net_wt_over-15.0;date+3.0;customer+25.0;price+6.29,11960,2026-03-05 12:50:55.723,STEEL TURNING,TURNSTEEL
1492,8,222,1406,48.3,76.29,158.0,code+40.0;desc+20.0;net_wt_over-15.0;customer+25.0;price+6.29,15220,2026-02-19 11:50:58.539,STEEL TURNING,TURNSTEEL
1492,8,223,1407,48.3,76.29,158.0,code+40.0;desc+20.0;net_wt_over-15.0;customer+25.0;price+6.29,56480,2026-02-19 14:21:42.681,STEEL TURNING,TURNSTEEL
1492,8,224,1408,48.3,76.29,158.0,code+40.0;desc+20.0;net_wt_over-15.0;customer+25.0;price+6.29,12280,2026-02-19 14:22:17.061,STEEL TURNING,TURNSTEEL
1492,8,309,1459,48.3,76.29,158.0,code+40.0;desc+20.0;net_wt_over-15.0;customer+25.0;price+6.29,33560,2026-03-09 08:36:00.000,STEEL TURNING,TURNSTEEL
1492,8,221,1404,21.2,33.43,158.0,code+40.0;desc+20.0;net_wt_over-15.0;customer_diff-15.0;price+3.43,46440,2026-02-19 09:25:31.465,STEEL TURNING,TURNSTEEL
1492,8,272,1440,7.6,12.91,170.0,code_diff-40.0;net_wt_over-15.0;date+25.0;time+11.05;customer+25.0;price+6.86,38700,2026-02-27 12:50:00.070,STEEL BANDING (FE),STBD
1492,8,260,1425,0.0,-8.38,158.0,code_diff-40.0;net_wt+37.41;date+7.5;customer_diff-15.0;price+1.71,47360,2026-02-25 12:54:31.471,HEAVY MELT,INDHVYM
1492,8,259,1427,0.0,-27.56,158.0,code_diff-40.0;net_wt+18.11;date+7.5;customer_diff-15.0;price+1.83,46900,2026-02-25 09:25:19.000,STEEL WIRE,STWR
1492,8,303,1460,0.0,-27.0,158.0,code_diff-40.0;net_wt_over-15.0;date+3.0;customer+25.0,618,2026-03-05 20:58:56.000,6063 BARE ALUMINUM EXTRUSION,AL06063
1492,8,304,1460,0.0,-27.0,158.0,code_diff-40.0;net_wt_over-15.0;date+3.0;customer+25.0,1132,2026-03-05 20:58:56.000,ALUMINIUM TURNS,ALUTURN
1492,8,305,1460,0.0,-21.86,158.0,code_diff-40.0;net_wt_over-15.0;date+3.0;customer+25.0;price+5.14,1140,2026-03-05 20:58:56.000,SHEET IRON,SHIRST
1492,8,306,1460,0.0,-27.0,158.0,code_diff-40.0;net_wt_over-15.0;date+3.0;customer+25.0,668,2026-03-05 20:58:56.000,6063 PAINTED EXTRUSION,AL06310
1492,8,307,1454,0.0,-20.14,158.0,code_diff-40.0;net_wt_over-15.0;date+3.0;customer+25.0;price+6.86,22720,2026-03-06 13:03:38.593,STEEL BANDING (FE),STBD
1492,8,253,1417,0.0,-26.54,158.0,code_diff-40.0;net_wt+21.46;date+3.0;customer_diff-15.0;price+4.0,48340,2026-02-23 09:15:15.958,HEAVY MELT,INDHVYM
1492,8,337,1487,0.0,-30.0,158.0,code_diff-40.0;net_wt_over-15.0;customer+25.0,148,2026-03-12 10:58:53.000,CARBIDE,NICARBD
1492,8,338,1487,0.0,-30.0,158.0,code_diff-40.0;net_wt_over-15.0;customer+25.0,1038,2026-03-12 10:58:53.000,ALUMINIUM TURNS,ALUTURN
1492,8,339,1487,0.0,-30.0,158.0,code_diff-40.0;net_wt_over-15.0;customer+25.0,4419,2026-03-12 10:58:53.000,17-4 SOLIDS,174SOLIDS
1492,8,340,1487,0.0,-30.0,158.0,code_diff-40.0;net_wt_over-15.0;customer+25.0,1924,2026-03-12 10:58:53.000,EDM WIRE,EDMW
1485,9,266,1434,97.5,165.73,170.0,code+40.0;desc+20.0;net_wt+40.0;date+25.0;time+7.73;customer+25.0;price+8.0,44420,2026-02-27 07:35:24.688,STEEL TURNING,TURNSTEEL
1485,9,273,1438,58.9,93.0,158.0,code+40.0;desc+20.0;net_wt_over-15.0;date+15.0;customer+25.0;price+8.0,47660,2026-02-28 11:30:13.000,STEEL TURNING,TURNSTEEL
1485,9,293,1443,53.0,83.79,158.0,code+40.0;desc+20.0;net_wt_over-15.0;date+7.5;customer+25.0;price+6.29,14240,2026-03-02 14:42:23.337,STEEL TURNING,TURNSTEEL
1485,9,254,1419,53.0,83.79,158.0,code+40.0;desc+20.0;net_wt_over-15.0;date+7.5;customer+25.0;price+6.29,15180,2026-02-24 11:35:59.062,STEEL TURNING,TURNSTEEL
1485,9,255,1421,53.0,83.79,158.0,code+40.0;desc+20.0;net_wt_over-15.0;date+7.5;customer+25.0;price+6.29,28440,2026-02-24 14:44:06.833,STEEL TURNING,TURNSTEEL
1485,9,302,1452,50.2,79.29,158.0,code+40.0;desc+20.0;net_wt_over-15.0;date+3.0;customer+25.0;price+6.29,11960,2026-03-05 12:50:55.723,STEEL TURNING,TURNSTEEL
1485,9,231,1418,50.2,79.29,158.0,code+40.0;desc+20.0;net_wt_over-15.0;date+3.0;customer+25.0;price+6.29,19820,2026-02-23 07:06:00.000,STEEL TURNING,TURNSTEEL
1485,9,223,1407,48.3,76.29,158.0,code+40.0;desc+20.0;net_wt_over-15.0;customer+25.0;price+6.29,56480,2026-02-19 14:21:42.681,STEEL TURNING,TURNSTEEL
1485,9,224,1408,48.3,76.29,158.0,code+40.0;desc+20.0;net_wt_over-15.0;customer+25.0;price+6.29,12280,2026-02-19 14:22:17.061,STEEL TURNING,TURNSTEEL
1485,9,309,1459,48.3,76.29,158.0,code+40.0;desc+20.0;net_wt_over-15.0;customer+25.0;price+6.29,33560,2026-03-09 08:36:00.000,STEEL TURNING,TURNSTEEL
1485,9,222,1406,48.3,76.29,158.0,code+40.0;desc+20.0;net_wt_over-15.0;customer+25.0;price+6.29,15220,2026-02-19 11:50:58.539,STEEL TURNING,TURNSTEEL
1485,9,221,1404,21.2,33.43,158.0,code+40.0;desc+20.0;net_wt_over-15.0;customer_diff-15.0;price+3.43,46440,2026-02-19 09:25:31.465,STEEL TURNING,TURNSTEEL
1485,9,272,1440,7.6,12.88,170.0,code_diff-40.0;net_wt_over-15.0;date+25.0;time+11.02;customer+25.0;price+6.86,38700,2026-02-27 12:50:00.070,STEEL BANDING (FE),STBD
1485,9,303,1460,0.0,-27.0,158.0,code_diff-40.0;net_wt_over-15.0;date+3.0;customer+25.0,618,2026-03-05 20:58:56.000,6063 BARE ALUMINUM EXTRUSION,AL06063
1485,9,304,1460,0.0,-27.0,158.0,code_diff-40.0;net_wt_over-15.0;date+3.0;customer+25.0,1132,2026-03-05 20:58:56.000,ALUMINIUM TURNS,ALUTURN
1485,9,305,1460,0.0,-21.86,158.0,code_diff-40.0;net_wt_over-15.0;date+3.0;customer+25.0;price+5.14,1140,2026-03-05 20:58:56.000,SHEET IRON,SHIRST
1485,9,306,1460,0.0,-27.0,158.0,code_diff-40.0;net_wt_over-15.0;date+3.0;customer+25.0,668,2026-03-05 20:58:56.000,6063 PAINTED EXTRUSION,AL06310
1485,9,307,1454,0.0,-20.14,158.0,code_diff-40.0;net_wt_over-15.0;date+3.0;customer+25.0;price+6.86,22720,2026-03-06 13:03:38.593,STEEL BANDING (FE),STBD
1485,9,229,1412,0.0,-10.17,158.0,code_diff-40.0;net_wt+40.0;date+3.0;customer_diff-15.0;price+1.83,44380,2026-02-20 13:08:55.105,STEEL WIRE,STWR
1485,9,312,1463,0.0,-15.0,158.0,code_diff-40.0;net_wt+40.0;customer_diff-15.0,44640,2026-03-10 10:43:44.000,BUSHELING,Indbush
1485,9,337,1487,0.0,-30.0,158.0,code_diff-40.0;net_wt_over-15.0;customer+25.0,148,2026-03-12 10:58:53.000,CARBIDE,NICARBD
1485,9,338,1487,0.0,-30.0,158.0,code_diff-40.0;net_wt_over-15.0;customer+25.0,1038,2026-03-12 10:58:53.000,ALUMINIUM TURNS,ALUTURN
1485,9,339,1487,0.0,-30.0,158.0,code_diff-40.0;net_wt_over-15.0;customer+25.0,4419,2026-03-12 10:58:53.000,17-4 SOLIDS,174SOLIDS
1485,9,340,1487,0.0,-30.0,158.0,code_diff-40.0;net_wt_over-15.0;customer+25.0,1924,2026-03-12 10:58:53.000,EDM WIRE,EDMW
1498,10,270,1444,97.9,166.51,170.0,code+40.0;desc+20.0;net_wt+40.0;date+25.0;time+8.51;customer+25.0;price+8.0,18080,2026-02-27 10:45:13.000,CLEAN SHEET,CLSHST
1498,10,267,1435,65.8,111.81,170.0,code+40.0;desc+20.0;net_wt_over-15.0;date+25.0;time+11.35;customer+25.0;price+5.46,30860,2026-02-27 07:54:48.337,CLEAN SHEET,CLSHST
1498,10,269,1437,4.0,6.76,170.0,code_diff-40.0;net_wt_over-15.0;date+25.0;time+8.84;customer+25.0;price+2.92,34780,2026-02-27 10:25:31.233,SHEET IRON,SHIRST
1498,10,271,1439,3.1,5.27,170.0,code_diff-40.0;net_wt_over-15.0;date+25.0;time+7.35;customer+25.0;price+2.92,34680,2026-02-27 11:54:34.169,SHEET IRON,SHIRST
1498,10,335,1467,0.0,-30.0,158.0,code_diff-40.0;net_wt_over-15.0;customer+25.0,53840,2026-03-11 11:41:00.000,STEEL WIRE,STWR
1498,10,312,1463,0.0,-26.37,158.0,code_diff-40.0;net_wt_over-15.0;customer+25.0;price+3.63,44640,2026-03-10 10:43:44.000,BUSHELING,Indbush
1498,10,311,1457,0.0,-27.08,158.0,code_diff-40.0;net_wt_over-15.0;customer+25.0;price+2.92,31460,2026-03-09 16:00:32.884,SHEET IRON,SHIRST
1498,10,308,1455,0.0,-27.08,158.0,code_diff-40.0;net_wt_over-15.0;customer+25.0;price+2.92,33020,2026-03-07 10:26:58.299,SHEET IRON,SHIRST
1498,10,301,1451,0.0,-27.0,158.0,code_diff-40.0;net_wt_over-15.0;date+3.0;customer+25.0,25600,2026-03-05 12:49:39.302,STEEL WIRE,STWR
1498,10,300,1449,0.0,-23.37,158.0,code_diff-40.0;net_wt_over-15.0;date+3.0;customer+25.0;price+3.63,34120,2026-03-04 14:45:03.106,BUSHELING,Indbush
1498,10,296,1450,0.0,-23.37,158.0,code_diff-40.0;net_wt_over-15.0;date+3.0;customer+25.0;price+3.63,24820,2026-03-04 06:53:59.000,BUSHELING,Indbush
1498,10,295,1445,0.0,-24.08,158.0,code_diff-40.0;net_wt_over-15.0;date+3.0;customer+25.0;price+2.92,34040,2026-03-03 11:31:32.422,SHEET IRON,SHIRST
1498,10,292,1442,0.0,-22.5,158.0,code_diff-40.0;net_wt_over-15.0;date+7.5;customer+25.0,20060,2026-03-02 14:41:31.449,STEEL WIRE,STWR
1498,10,204,1388,0.0,-30.0,158.0,code_diff-40.0;net_wt_over-15.0;customer+25.0,40340,2026-02-16 07:52:47.000,STEEL WIRE,STWR
1498,10,219,1399,0.0,-27.08,158.0,code_diff-40.0;net_wt_over-15.0;customer+25.0;price+2.92,29180,2026-02-18 15:24:59.512,SHEET IRON,SHIRST
1498,10,265,1432,0.0,-11.37,158.0,code_diff-40.0;net_wt_over-15.0;date+15.0;customer+25.0;price+3.63,29080,2026-02-26 13:40:28.442,BUSHELING,Indbush
1498,10,264,1431,0.0,-11.69,158.0,code_diff-40.0;net_wt_over-15.0;date+15.0;customer+25.0;price+3.31,8620,2026-02-26 13:38:29.164,17-4 STAINLESS STEEL TURNINGS,NI174BO
1498,10,263,1430,0.0,-12.08,158.0,code_diff-40.0;net_wt_over-15.0;date+15.0;customer+25.0;price+2.92,32200,2026-02-26 12:42:48.917,SHEET IRON,SHIRST
1498,10,259,1427,0.0,-22.5,158.0,code_diff-40.0;net_wt_over-15.0;date+7.5;customer+25.0,46900,2026-02-25 09:25:19.000,STEEL WIRE,STWR
1498,10,258,1424,0.0,-19.58,158.0,code_diff-40.0;net_wt_over-15.0;date+7.5;customer+25.0;price+2.92,28020,2026-02-25 09:20:09.890,SHEET IRON,SHIRST
1498,10,230,1413,0.0,-23.37,158.0,code_diff-40.0;net_wt_over-15.0;date+3.0;customer+25.0;price+3.63,27180,2026-02-20 13:09:44.723,BUSHELING,Indbush
1498,10,229,1412,0.0,-27.0,158.0,code_diff-40.0;net_wt_over-15.0;date+3.0;customer+25.0,44380,2026-02-20 13:08:55.105,STEEL WIRE,STWR
1498,10,228,1411,0.0,-23.37,158.0,code_diff-40.0;net_wt_over-15.0;date+3.0;customer+25.0;price+3.63,27840,2026-02-20 13:07:41.995,BUSHELING,Indbush
1498,10,227,1410,0.0,-25.2,158.0,code_diff-40.0;net_wt_over-15.0;date+3.0;customer+25.0;price+1.8,32820,2026-02-20 13:01:46.878,SHEET IRON,SHIRST
1498,10,341,1468,0.0,-28.97,158.0,code_diff-40.0;net_wt_over-15.0;customer+25.0;price+1.03,15240,2026-03-12 14:16:05.853,17-4 STAINLESS STEEL TURNINGS,NI174BO
1484,11,265,1432,100.0,169.99,170.0,code+40.0;desc+20.0;net_wt+40.0;date+25.0;time+11.99;customer+25.0;price+8.0,29080,2026-02-26 13:40:28.442,BUSHELING,Indbush
1484,11,228,1411,51.3,81.0,158.0,code+40.0;desc+20.0;net_wt_over-15.0;date+3.0;customer+25.0;price+8.0,27840,2026-02-20 13:07:41.995,BUSHELING,Indbush
1484,11,300,1449,51.3,81.0,158.0,code+40.0;desc+20.0;net_wt_over-15.0;date+3.0;customer+25.0;price+8.0,34120,2026-03-04 14:45:03.106,BUSHELING,Indbush
1484,11,296,1450,51.3,81.0,158.0,code+40.0;desc+20.0;net_wt_over-15.0;date+3.0;customer+25.0;price+8.0,24820,2026-03-04 06:53:59.000,BUSHELING,Indbush
1484,11,230,1413,51.3,81.0,158.0,code+40.0;desc+20.0;net_wt_over-15.0;date+3.0;customer+25.0;price+8.0,27180,2026-02-20 13:09:44.723,BUSHELING,Indbush
1484,11,312,1463,49.4,78.0,158.0,code+40.0;desc+20.0;net_wt_over-15.0;customer+25.0;price+8.0,44640,2026-03-10 10:43:44.000,BUSHELING,Indbush
1484,11,200,1376,19.1,30.22,158.0,code+40.0;desc+20.0;net_wt_over-15.0;customer_diff-15.0;price+0.22,36760,2026-02-12 13:00:24.000,BUSHELING,Indbush
1484,11,336,1466,19.1,30.22,158.0,code+40.0;desc+20.0;net_wt_over-15.0;customer_diff-15.0;price+0.22,31900,2026-03-11 13:52:17.977,BUSHELING,Indbush
1484,11,218,1398,19.1,30.22,158.0,code+40.0;desc+20.0;net_wt_over-15.0;customer_diff-15.0;price+0.22,42100,2026-02-18 13:18:51.493,BUSHELING,Indbush
1484,11,202,1383,19.1,30.22,158.0,code+40.0;desc+20.0;net_wt_over-15.0;customer_diff-15.0;price+0.22,40960,2026-02-12 14:31:39.935,BUSHELING,Indbush
1484,11,213,1393,19.1,30.22,158.0,code+40.0;desc+20.0;net_wt_over-15.0;customer_diff-15.0;price+0.22,37700,2026-02-17 10:26:08.125,BUSHELING,Indbush
1484,11,219,1399,15.8,25.0,158.0,code_diff-40.0;net_wt+40.0;customer+25.0,29180,2026-02-18 15:24:59.512,SHEET IRON,SHIRST
1484,11,264,1431,4.1,6.99,170.0,code_diff-40.0;net_wt_over-15.0;date+25.0;time+11.96;customer+25.0;price+0.03,8620,2026-02-26 13:38:29.164,17-4 STAINLESS STEEL TURNINGS,NI174BO
1484,11,263,1430,3.5,6.03,170.0,code_diff-40.0;net_wt_over-15.0;date+25.0;time+11.03;customer+25.0,32200,2026-02-26 12:42:48.917,SHEET IRON,SHIRST
1484,11,295,1445,0.0,-27.0,158.0,code_diff-40.0;net_wt_over-15.0;date+3.0;customer+25.0,34040,2026-03-03 11:31:32.422,SHEET IRON,SHIRST
1484,11,335,1467,0.0,-30.0,158.0,code_diff-40.0;net_wt_over-15.0;customer+25.0,53840,2026-03-11 11:41:00.000,STEEL WIRE,STWR
1484,11,311,1457,0.0,-30.0,158.0,code_diff-40.0;net_wt_over-15.0;customer+25.0,31460,2026-03-09 16:00:32.884,SHEET IRON,SHIRST
1484,11,308,1455,0.0,-30.0,158.0,code_diff-40.0;net_wt_over-15.0;customer+25.0,33020,2026-03-07 10:26:58.299,SHEET IRON,SHIRST
1484,11,301,1451,0.0,-27.0,158.0,code_diff-40.0;net_wt_over-15.0;date+3.0;customer+25.0,25600,2026-03-05 12:49:39.302,STEEL WIRE,STWR
1484,11,204,1388,0.0,-30.0,158.0,code_diff-40.0;net_wt_over-15.0;customer+25.0,40340,2026-02-16 07:52:47.000,STEEL WIRE,STWR
1484,11,297,1446,0.0,-10.22,158.0,code_diff-40.0;net_wt+37.62;date+3.0;customer_diff-15.0;price+4.16,28900,2026-03-04 07:10:45.296,SHEET IRON,SHIRST
1484,11,206,1387,0.0,-10.56,158.0,code_diff-40.0;net_wt+26.62;price+2.82,29420,2026-02-16 14:22:13.798,ZZ DO NOT USE - UNPREPARED HMS (UHMS),UNHMS
1484,11,227,1410,0.0,-27.0,158.0,code_diff-40.0;net_wt_over-15.0;date+3.0;customer+25.0,32820,2026-02-20 13:01:46.878,SHEET IRON,SHIRST
1484,11,292,1442,0.0,-27.0,158.0,code_diff-40.0;net_wt_over-15.0;date+3.0;customer+25.0,20060,2026-03-02 14:41:31.449,STEEL WIRE,STWR
1484,11,271,1439,0.0,-15.0,158.0,code_diff-40.0;net_wt_over-15.0;date+15.0;customer+25.0,34680,2026-02-27 11:54:34.169,SHEET IRON,SHIRST
1484,11,269,1437,0.0,-15.0,158.0,code_diff-40.0;net_wt_over-15.0;date+15.0;customer+25.0,34780,2026-02-27 10:25:31.233,SHEET IRON,SHIRST
1484,11,267,1435,0.0,-13.08,158.0,code_diff-40.0;net_wt_over-15.0;date+15.0;customer+25.0;price+1.92,30860,2026-02-27 07:54:48.337,CLEAN SHEET,CLSHST
1484,11,201,1382,0.0,-13.08,158.0,code_diff-40.0;net_wt+40.0;customer_diff-15.0;price+1.92,29040,2026-02-12 13:59:33.441,STEEL BANDING (FE),STBD
1484,11,259,1427,0.0,-15.0,158.0,code_diff-40.0;net_wt_over-15.0;date+15.0;customer+25.0,46900,2026-02-25 09:25:19.000,STEEL WIRE,STWR
1484,11,258,1424,0.0,-15.0,158.0,code_diff-40.0;net_wt_over-15.0;date+15.0;customer+25.0,28020,2026-02-25 09:20:09.890,SHEET IRON,SHIRST
1484,11,255,1421,0.0,-39.15,158.0,code_diff-40.0;net_wt+5.98;date+7.5;customer_diff-15.0;price+2.37,28440,2026-02-24 14:44:06.833,STEEL TURNING,TURNSTEEL
1484,11,229,1412,0.0,-27.0,158.0,code_diff-40.0;net_wt_over-15.0;date+3.0;customer+25.0,44380,2026-02-20 13:08:55.105,STEEL WIRE,STWR
1484,11,270,1444,0.0,-10.84,158.0,code_diff-40.0;net_wt_over-15.0;date+15.0;customer+25.0;price+4.16,18080,2026-02-27 10:45:13.000,CLEAN SHEET,CLSHST
1483,12,264,1431,100.0,169.99,170.0,code+40.0;desc+20.0;net_wt+40.0;date+25.0;time+11.99;customer+25.0;price+8.0,8620,2026-02-26 13:38:29.164,17-4 STAINLESS STEEL TURNINGS,NI174BO
1483,12,263,1430,8.0,13.61,170.0,code_diff-40.0;net_wt_over-15.0;date+25.0;time+11.06;customer+25.0;price+7.55,32200,2026-02-26 12:42:48.917,SHEET IRON,SHIRST
1483,12,265,1432,4.1,6.98,170.0,code_diff-40.0;net_wt_over-15.0;date+25.0;time+11.98;customer+25.0,29080,2026-02-26 13:40:28.442,BUSHELING,Indbush
1483,12,204,1388,0.0,-27.1,158.0,code_diff-40.0;net_wt_over-15.0;customer+25.0;price+2.9,40340,2026-02-16 07:52:47.000,STEEL WIRE,STWR
1483,12,271,1439,0.0,-7.45,158.0,code_diff-40.0;net_wt_over-15.0;date+15.0;customer+25.0;price+7.55,34680,2026-02-27 11:54:34.169,SHEET IRON,SHIRST
1483,12,312,1463,0.0,-30.0,158.0,code_diff-40.0;net_wt_over-15.0;customer+25.0,44640,2026-03-10 10:43:44.000,BUSHELING,Indbush
1483,12,311,1457,0.0,-22.45,158.0,code_diff-40.0;net_wt_over-15.0;customer+25.0;price+7.55,31460,2026-03-09 16:00:32.884,SHEET IRON,SHIRST
1483,12,308,1455,0.0,-22.45,158.0,code_diff-40.0;net_wt_over-15.0;customer+25.0;price+7.55,33020,2026-03-07 10:26:58.299,SHEET IRON,SHIRST
1483,12,301,1451,0.0,-24.1,158.0,code_diff-40.0;net_wt_over-15.0;date+3.0;customer+25.0;price+2.9,25600,2026-03-05 12:49:39.302,STEEL WIRE,STWR
1483,12,300,1449,0.0,-27.0,158.0,code_diff-40.0;net_wt_over-15.0;date+3.0;customer+25.0,34120,2026-03-04 14:45:03.106,BUSHELING,Indbush
1483,12,296,1450,0.0,-27.0,158.0,code_diff-40.0;net_wt_over-15.0;date+3.0;customer+25.0,24820,2026-03-04 06:53:59.000,BUSHELING,Indbush
1483,12,295,1445,0.0,-19.45,158.0,code_diff-40.0;net_wt_over-15.0;date+3.0;customer+25.0;price+7.55,34040,2026-03-03 11:31:32.422,SHEET IRON,SHIRST
1483,12,292,1442,0.0,-24.1,158.0,code_diff-40.0;net_wt_over-15.0;date+3.0;customer+25.0;price+2.9,20060,2026-03-02 14:41:31.449,STEEL WIRE,STWR
1483,12,269,1437,0.0,-7.45,158.0,code_diff-40.0;net_wt_over-15.0;date+15.0;customer+25.0;price+7.55,34780,2026-02-27 10:25:31.233,SHEET IRON,SHIRST
1483,12,270,1444,0.0,-12.5,158.0,code_diff-40.0;net_wt_over-15.0;date+15.0;customer+25.0;price+2.5,18080,2026-02-27 10:45:13.000,CLEAN SHEET,CLSHST
1483,12,219,1399,0.0,-22.45,158.0,code_diff-40.0;net_wt_over-15.0;customer+25.0;price+7.55,29180,2026-02-18 15:24:59.512,SHEET IRON,SHIRST
1483,12,267,1435,0.0,-9.52,158.0,code_diff-40.0;net_wt_over-15.0;date+15.0;customer+25.0;price+5.48,30860,2026-02-27 07:54:48.337,CLEAN SHEET,CLSHST
1483,12,259,1427,0.0,-12.1,158.0,code_diff-40.0;net_wt_over-15.0;date+15.0;customer+25.0;price+2.9,46900,2026-02-25 09:25:19.000,STEEL WIRE,STWR
1483,12,258,1424,0.0,-7.45,158.0,code_diff-40.0;net_wt_over-15.0;date+15.0;customer+25.0;price+7.55,28020,2026-02-25 09:20:09.890,SHEET IRON,SHIRST
1483,12,230,1413,0.0,-27.0,158.0,code_diff-40.0;net_wt_over-15.0;date+3.0;customer+25.0,27180,2026-02-20 13:09:44.723,BUSHELING,Indbush
1483,12,229,1412,0.0,-24.1,158.0,code_diff-40.0;net_wt_over-15.0;date+3.0;customer+25.0;price+2.9,44380,2026-02-20 13:08:55.105,STEEL WIRE,STWR
1483,12,228,1411,0.0,-27.0,158.0,code_diff-40.0;net_wt_over-15.0;date+3.0;customer+25.0,27840,2026-02-20 13:07:41.995,BUSHELING,Indbush
1483,12,227,1410,0.0,-20.76,158.0,code_diff-40.0;net_wt_over-15.0;date+3.0;customer+25.0;price+6.24,32820,2026-02-20 13:01:46.878,SHEET IRON,SHIRST
1483,12,335,1467,0.0,-27.1,158.0,code_diff-40.0;net_wt_over-15.0;customer+25.0;price+2.9,53840,2026-03-11 11:41:00.000,STEEL WIRE,STWR
1479,13,259,1427,100.0,169.99,170.0,code+40.0;desc+20.0;net_wt+40.0;date+25.0;time+11.99;customer+25.0;price+8.0,46900,2026-02-25 09:25:19.000,STEEL WIRE,STWR
1479,13,229,1412,51.3,81.0,158.0,code+40.0;desc+20.0;net_wt_over-15.0;date+3.0;customer+25.0;price+8.0,44380,2026-02-20 13:08:55.105,STEEL WIRE,STWR
1479,13,292,1442,51.3,81.0,158.0,code+40.0;desc+20.0;net_wt_over-15.0;date+3.0;customer+25.0;price+8.0,20060,2026-03-02 14:41:31.449,STEEL WIRE,STWR
1479,13,204,1388,49.4,78.0,158.0,code+40.0;desc+20.0;net_wt_over-15.0;customer+25.0;price+8.0,40340,2026-02-16 07:52:47.000,STEEL WIRE,STWR
1479,13,301,1451,49.4,78.0,158.0,code+40.0;desc+20.0;net_wt_over-15.0;customer+25.0;price+8.0,25600,2026-03-05 12:49:39.302,STEEL WIRE,STWR
1479,13,258,1424,5.5,9.39,170.0,code_diff-40.0;net_wt_over-15.0;date+25.0;time+11.91;customer+25.0;price+2.48,28020,2026-02-25 09:20:09.890,SHEET IRON,SHIRST
1479,13,260,1425,5.2,8.9,170.0,code_diff-40.0;net_wt+30.38;date+25.0;time+8.52;customer_diff-15.0,47360,2026-02-25 12:54:31.471,HEAVY MELT,INDHVYM
1479,13,192,1373,0.0,-53.61,158.0,code_diff-40.0;net_wt+1.39;customer_diff-15.0,45760,2026-02-11 06:41:47.190,HEAVY MELT,INDHVYM
1479,13,273,1438,0.0,-29.56,158.0,code_diff-40.0;net_wt+17.59;date+7.5;customer_diff-15.0;price+0.35,47660,2026-02-28 11:30:13.000,STEEL TURNING,TURNSTEEL
1479,13,270,1444,0.0,-22.5,158.0,code_diff-40.0;net_wt_over-15.0;date+7.5;customer+25.0,18080,2026-02-27 10:45:13.000,CLEAN SHEET,CLSHST
1479,13,271,1439,0.0,-20.02,158.0,code_diff-40.0;net_wt_over-15.0;date+7.5;customer+25.0;price+2.48,34680,2026-02-27 11:54:34.169,SHEET IRON,SHIRST
1479,13,295,1445,0.0,-24.52,158.0,code_diff-40.0;net_wt_over-15.0;date+3.0;customer+25.0;price+2.48,34040,2026-03-03 11:31:32.422,SHEET IRON,SHIRST
1479,13,268,1436,0.0,-24.79,158.0,code_diff-40.0;net_wt+22.71;date+7.5;customer_diff-15.0,46260,2026-02-27 10:16:29.495,HEAVY MELT,INDHVYM
1479,13,296,1450,0.0,-27.0,158.0,code_diff-40.0;net_wt_over-15.0;date+3.0;customer+25.0,24820,2026-03-04 06:53:59.000,BUSHELING,Indbush
1479,13,300,1449,0.0,-27.0,158.0,code_diff-40.0;net_wt_over-15.0;date+3.0;customer+25.0,34120,2026-03-04 14:45:03.106,BUSHELING,Indbush
1479,13,308,1455,0.0,-27.52,158.0,code_diff-40.0;net_wt_over-15.0;customer+25.0;price+2.48,33020,2026-03-07 10:26:58.299,SHEET IRON,SHIRST
1479,13,311,1457,0.0,-27.52,158.0,code_diff-40.0;net_wt_over-15.0;customer+25.0;price+2.48,31460,2026-03-09 16:00:32.884,SHEET IRON,SHIRST
1479,13,269,1437,0.0,-20.02,158.0,code_diff-40.0;net_wt_over-15.0;date+7.5;customer+25.0;price+2.48,34780,2026-02-27 10:25:31.233,SHEET IRON,SHIRST
1479,13,264,1431,0.0,-13.06,158.0,code_diff-40.0;net_wt_over-15.0;date+15.0;customer+25.0;price+1.94,8620,2026-02-26 13:38:29.164,17-4 STAINLESS STEEL TURNINGS,NI174BO
1479,13,267,1435,0.0,-22.5,158.0,code_diff-40.0;net_wt_over-15.0;date+7.5;customer+25.0,30860,2026-02-27 07:54:48.337,CLEAN SHEET,CLSHST
1479,13,265,1432,0.0,-15.0,158.0,code_diff-40.0;net_wt_over-15.0;date+15.0;customer+25.0,29080,2026-02-26 13:40:28.442,BUSHELING,Indbush
1479,13,194,1378,0.0,-30.0,158.0,code_diff-40.0;net_wt_over-15.0;customer+25.0,39540,2026-02-11 07:36:00.000,BUSHELING,Indbush
1479,13,263,1430,0.0,-12.52,158.0,code_diff-40.0;net_wt_over-15.0;date+15.0;customer+25.0;price+2.48,32200,2026-02-26 12:42:48.917,SHEET IRON,SHIRST
1479,13,256,1422,0.0,-32.64,158.0,code_diff-40.0;net_wt+7.36;date+15.0;customer_diff-15.0,45900,2026-02-24 15:19:48.363,AUTO CAST,FEAUCST
1479,13,232,1414,0.0,-37.59,158.0,code_diff-40.0;net_wt+9.91;date+7.5;customer_diff-15.0,45960,2026-02-23 08:05:18.798,HEAVY MELT,INDHVYM
1479,13,230,1413,0.0,-27.0,158.0,code_diff-40.0;net_wt_over-15.0;date+3.0;customer+25.0,27180,2026-02-20 13:09:44.723,BUSHELING,Indbush
1479,13,228,1411,0.0,-27.0,158.0,code_diff-40.0;net_wt_over-15.0;date+3.0;customer+25.0,27840,2026-02-20 13:07:41.995,BUSHELING,Indbush
1479,13,227,1410,0.0,-22.96,158.0,code_diff-40.0;net_wt_over-15.0;date+3.0;customer+25.0;price+4.04,32820,2026-02-20 13:01:46.878,SHEET IRON,SHIRST
1479,13,221,1404,0.0,-15.6,158.0,code_diff-40.0;net_wt+30.38;date+3.0;customer_diff-15.0;price+6.02,46440,2026-02-19 09:25:31.465,STEEL TURNING,TURNSTEEL
1479,13,219,1399,0.0,-24.52,158.0,code_diff-40.0;net_wt_over-15.0;date+3.0;customer+25.0;price+2.48,29180,2026-02-18 15:24:59.512,SHEET IRON,SHIRST
1479,13,195,1379,0.0,-30.0,158.0,code_diff-40.0;net_wt_over-15.0;customer+25.0,40300,2026-02-11 07:36:49.000,BUSHELING,Indbush
1479,13,312,1463,0.0,-30.0,158.0,code_diff-40.0;net_wt_over-15.0;customer+25.0,44640,2026-03-10 10:43:44.000,BUSHELING,Indbush
1477,14,273,1438,73.7,116.46,158.0,code+40.0;desc+20.0;net_wt+17.59;date+7.5;customer+25.0;price+6.37,47660,2026-02-28 11:30:13.000,STEEL TURNING,TURNSTEEL
1477,14,254,1419,58.9,93.0,158.0,code+40.0;desc+20.0;net_wt_over-15.0;date+15.0;customer+25.0;price+8.0,15180,2026-02-24 11:35:59.062,STEEL TURNING,TURNSTEEL
1477,14,255,1421,58.9,93.0,158.0,code+40.0;desc+20.0;net_wt_over-15.0;date+15.0;customer+25.0;price+8.0,28440,2026-02-24 14:44:06.833,STEEL TURNING,TURNSTEEL
1477,14,231,1418,54.1,85.5,158.0,code+40.0;desc+20.0;net_wt_over-15.0;date+7.5;customer+25.0;price+8.0,19820,2026-02-23 07:06:00.000,STEEL TURNING,TURNSTEEL
1477,14,266,1434,53.1,83.87,158.0,code+40.0;desc+20.0;net_wt_over-15.0;date+7.5;customer+25.0;price+6.37,44420,2026-02-27 07:35:24.688,STEEL TURNING,TURNSTEEL
1477,14,222,1406,51.3,81.0,158.0,code+40.0;desc+20.0;net_wt_over-15.0;date+3.0;customer+25.0;price+8.0,15220,2026-02-19 11:50:58.539,STEEL TURNING,TURNSTEEL
1477,14,223,1407,51.3,81.0,158.0,code+40.0;desc+20.0;net_wt_over-15.0;date+3.0;customer+25.0;price+8.0,56480,2026-02-19 14:21:42.681,STEEL TURNING,TURNSTEEL
1477,14,224,1408,51.3,81.0,158.0,code+40.0;desc+20.0;net_wt_over-15.0;date+3.0;customer+25.0;price+8.0,12280,2026-02-19 14:22:17.061,STEEL TURNING,TURNSTEEL
1477,14,293,1443,51.3,81.0,158.0,code+40.0;desc+20.0;net_wt_over-15.0;date+3.0;customer+25.0;price+8.0,14240,2026-03-02 14:42:23.337,STEEL TURNING,TURNSTEEL
1477,14,221,1404,50.9,80.41,158.0,code+40.0;desc+20.0;net_wt+30.38;date+3.0;customer_diff-15.0;price+2.03,46440,2026-02-19 09:25:31.465,STEEL TURNING,TURNSTEEL
1477,14,309,1459,49.4,78.0,158.0,code+40.0;desc+20.0;net_wt_over-15.0;customer+25.0;price+8.0,33560,2026-03-09 08:36:00.000,STEEL TURNING,TURNSTEEL
1477,14,302,1452,49.4,78.0,158.0,code+40.0;desc+20.0;net_wt_over-15.0;customer+25.0;price+8.0,11960,2026-03-05 12:50:55.723,STEEL TURNING,TURNSTEEL
1477,14,259,1427,11.9,20.18,170.0,code_diff-40.0;net_wt+40.0;date+25.0;time+9.66;customer_diff-15.0;price+0.52,46900,2026-02-25 09:25:19.000,STEEL WIRE,STWR
1477,14,260,1425,6.0,10.21,170.0,code_diff-40.0;net_wt+30.38;date+25.0;time+6.17;customer_diff-15.0;price+3.66,47360,2026-02-25 12:54:31.471,HEAVY MELT,INDHVYM
1477,14,268,1436,0.0,-21.13,158.0,code_diff-40.0;net_wt+22.71;date+7.5;customer_diff-15.0;price+3.66,46260,2026-02-27 10:16:29.495,HEAVY MELT,INDHVYM
1477,14,272,1440,0.0,-15.04,158.0,code_diff-40.0;net_wt_over-15.0;date+7.5;customer+25.0;price+7.46,38700,2026-02-27 12:50:00.070,STEEL BANDING (FE),STBD
1477,14,201,1382,0.0,-22.54,158.0,code_diff-40.0;net_wt_over-15.0;customer+25.0;price+7.46,29040,2026-02-12 13:59:33.441,STEEL BANDING (FE),STBD
1477,14,256,1422,0.0,-32.64,158.0,code_diff-40.0;net_wt+7.36;date+15.0;customer_diff-15.0,45900,2026-02-24 15:19:48.363,AUTO CAST,FEAUCST
1477,14,232,1414,0.0,-36.1,158.0,code_diff-40.0;net_wt+9.91;date+7.5;customer_diff-15.0;price+1.49,45960,2026-02-23 08:05:18.798,HEAVY MELT,INDHVYM
1477,14,303,1460,0.0,-30.0,158.0,code_diff-40.0;net_wt_over-15.0;customer+25.0,618,2026-03-05 20:58:56.000,6063 BARE ALUMINUM EXTRUSION,AL06063
1477,14,304,1460,0.0,-30.0,158.0,code_diff-40.0;net_wt_over-15.0;customer+25.0,1132,2026-03-05 20:58:56.000,ALUMINIUM TURNS,ALUTURN
1477,14,305,1460,0.0,-26.34,158.0,code_diff-40.0;net_wt_over-15.0;customer+25.0;price+3.66,1140,2026-03-05 20:58:56.000,SHEET IRON,SHIRST
1477,14,306,1460,0.0,-30.0,158.0,code_diff-40.0;net_wt_over-15.0;customer+25.0,668,2026-03-05 20:58:56.000,6063 PAINTED EXTRUSION,AL06310
1477,14,307,1454,0.0,-22.54,158.0,code_diff-40.0;net_wt_over-15.0;customer+25.0;price+7.46,22720,2026-03-06 13:03:38.593,STEEL BANDING (FE),STBD
1477,14,192,1373,0.0,-48.32,158.0,code_diff-40.0;net_wt+1.39;customer_diff-15.0;price+5.29,45760,2026-02-11 06:41:47.190,HEAVY MELT,INDHVYM
1471,15,255,1421,100.0,169.97,170.0,code+40.0;desc+20.0;net_wt+40.0;date+25.0;time+11.97;customer+25.0;price+8.0,28440,2026-02-24 14:44:06.833,STEEL TURNING,TURNSTEEL
1471,15,254,1419,65.8,111.83,170.0,code+40.0;desc+20.0;net_wt_over-15.0;date+25.0;time+8.83;customer+25.0;price+8.0,15180,2026-02-24 11:35:59.062,STEEL TURNING,TURNSTEEL
1471,15,231,1418,58.9,93.0,158.0,code+40.0;desc+20.0;net_wt_over-15.0;date+15.0;customer+25.0;price+8.0,19820,2026-02-23 07:06:00.000,STEEL TURNING,TURNSTEEL
1471,15,266,1434,53.1,83.87,158.0,code+40.0;desc+20.0;net_wt_over-15.0;date+7.5;customer+25.0;price+6.37,44420,2026-02-27 07:35:24.688,STEEL TURNING,TURNSTEEL
1471,15,293,1443,51.3,81.0,158.0,code+40.0;desc+20.0;net_wt_over-15.0;date+3.0;customer+25.0;price+8.0,14240,2026-03-02 14:42:23.337,STEEL TURNING,TURNSTEEL
1471,15,222,1406,51.3,81.0,158.0,code+40.0;desc+20.0;net_wt_over-15.0;date+3.0;customer+25.0;price+8.0,15220,2026-02-19 11:50:58.539,STEEL TURNING,TURNSTEEL
1471,15,223,1407,51.3,81.0,158.0,code+40.0;desc+20.0;net_wt_over-15.0;date+3.0;customer+25.0;price+8.0,56480,2026-02-19 14:21:42.681,STEEL TURNING,TURNSTEEL
1471,15,224,1408,51.3,81.0,158.0,code+40.0;desc+20.0;net_wt_over-15.0;date+3.0;customer+25.0;price+8.0,12280,2026-02-19 14:22:17.061,STEEL TURNING,TURNSTEEL
1471,15,273,1438,50.2,79.37,158.0,code+40.0;desc+20.0;net_wt_over-15.0;date+3.0;customer+25.0;price+6.37,47660,2026-02-28 11:30:13.000,STEEL TURNING,TURNSTEEL
1471,15,309,1459,49.4,78.0,158.0,code+40.0;desc+20.0;net_wt_over-15.0;customer+25.0;price+8.0,33560,2026-03-09 08:36:00.000,STEEL TURNING,TURNSTEEL
1471,15,302,1452,49.4,78.0,158.0,code+40.0;desc+20.0;net_wt_over-15.0;customer+25.0;price+8.0,11960,2026-03-05 12:50:55.723,STEEL TURNING,TURNSTEEL
1471,15,221,1404,22.2,35.03,158.0,code+40.0;desc+20.0;net_wt_over-15.0;date+3.0;customer_diff-15.0;price+2.03,46440,2026-02-19 09:25:31.465,STEEL TURNING,TURNSTEEL
1471,15,201,1382,0.2,0.27,158.0,code_diff-40.0;net_wt+7.81;customer+25.0;price+7.46,29040,2026-02-12 13:59:33.441,STEEL BANDING (FE),STBD
1471,15,306,1460,0.0,-30.0,158.0,code_diff-40.0;net_wt_over-15.0;customer+25.0,668,2026-03-05 20:58:56.000,6063 PAINTED EXTRUSION,AL06310
1471,15,305,1460,0.0,-26.34,158.0,code_diff-40.0;net_wt_over-15.0;customer+25.0;price+3.66,1140,2026-03-05 20:58:56.000,SHEET IRON,SHIRST
1471,15,307,1454,0.0,-22.54,158.0,code_diff-40.0;net_wt_over-15.0;customer+25.0;price+7.46,22720,2026-03-06 13:03:38.593,STEEL BANDING (FE),STBD
1471,15,304,1460,0.0,-30.0,158.0,code_diff-40.0;net_wt_over-15.0;customer+25.0,1132,2026-03-05 20:58:56.000,ALUMINIUM TURNS,ALUTURN
1471,15,303,1460,0.0,-30.0,158.0,code_diff-40.0;net_wt_over-15.0;customer+25.0,618,2026-03-05 20:58:56.000,6063 BARE ALUMINUM EXTRUSION,AL06063
1471,15,187,1368,0.0,-25.25,158.0,code_diff-40.0;net_wt_over-15.0;customer+25.0;price+4.75,14140,2026-02-10 08:29:58.000,ZZ DO NOT USE STEEL TURNINGS,FETURN
1471,15,297,1446,0.0,-31.52,158.0,code_diff-40.0;net_wt+17.65;customer_diff-15.0;price+5.83,28900,2026-03-04 07:10:45.296,SHEET IRON,SHIRST
1471,15,272,1440,0.0,-15.04,158.0,code_diff-40.0;net_wt_over-15.0;date+7.5;customer+25.0;price+7.46,38700,2026-02-27 12:50:00.070,STEEL BANDING (FE),STBD
1471,15,189,1370,0.0,-25.25,158.0,code_diff-40.0;net_wt_over-15.0;customer+25.0;price+4.75,20980,2026-02-10 13:51:04.231,ZZ DO NOT USE STEEL TURNINGS,FETURN
1471,15,258,1424,0.0,-14.79,158.0,code_diff-40.0;net_wt+20.46;date+15.0;customer_diff-15.0;price+4.75,28020,2026-02-25 09:20:09.890,SHEET IRON,SHIRST
1471,15,228,1411,0.0,-43.02,158.0,code_diff-40.0;net_wt+7.81;date+3.0;customer_diff-15.0;price+1.17,27840,2026-02-20 13:07:41.995,BUSHELING,Indbush
1471,15,265,1432,0.0,-41.34,158.0,code_diff-40.0;net_wt+4.99;date+7.5;customer_diff-15.0;price+1.17,29080,2026-02-26 13:40:28.442,BUSHELING,Indbush
1470,16,254,1419,100.0,169.99,170.0,code+40.0;desc+20.0;net_wt+40.0;date+25.0;time+11.99;customer+25.0;price+8.0,15180,2026-02-24 11:35:59.062,STEEL TURNING,TURNSTEEL
1470,16,222,1406,86.1,136.0,158.0,code+40.0;desc+20.0;net_wt+40.0;date+3.0;customer+25.0;price+8.0,15220,2026-02-19 11:50:58.539,STEEL TURNING,TURNSTEEL
1470,16,255,1421,65.8,111.87,170.0,code+40.0;desc+20.0;net_wt_over-15.0;date+25.0;time+8.87;customer+25.0;price+8.0,28440,2026-02-24 14:44:06.833,STEEL TURNING,TURNSTEEL
1470,16,231,1418,58.9,93.0,158.0,code+40.0;desc+20.0;net_wt_over-15.0;date+15.0;customer+25.0;price+8.0,19820,2026-02-23 07:06:00.000,STEEL TURNING,TURNSTEEL
1470,16,266,1434,53.1,83.87,158.0,code+40.0;desc+20.0;net_wt_over-15.0;date+7.5;customer+25.0;price+6.37,44420,2026-02-27 07:35:24.688,STEEL TURNING,TURNSTEEL
1470,16,293,1443,51.3,81.0,158.0,code+40.0;desc+20.0;net_wt_over-15.0;date+3.0;customer+25.0;price+8.0,14240,2026-03-02 14:42:23.337,STEEL TURNING,TURNSTEEL
1470,16,223,1407,51.3,81.0,158.0,code+40.0;desc+20.0;net_wt_over-15.0;date+3.0;customer+25.0;price+8.0,56480,2026-02-19 14:21:42.681,STEEL TURNING,TURNSTEEL
1470,16,224,1408,51.3,81.0,158.0,code+40.0;desc+20.0;net_wt_over-15.0;date+3.0;customer+25.0;price+8.0,12280,2026-02-19 14:22:17.061,STEEL TURNING,TURNSTEEL
1470,16,273,1438,50.2,79.37,158.0,code+40.0;desc+20.0;net_wt_over-15.0;date+3.0;customer+25.0;price+6.37,47660,2026-02-28 11:30:13.000,STEEL TURNING,TURNSTEEL
1470,16,302,1452,49.4,78.0,158.0,code+40.0;desc+20.0;net_wt_over-15.0;customer+25.0;price+8.0,11960,2026-03-05 12:50:55.723,STEEL TURNING,TURNSTEEL
1470,16,309,1459,49.4,78.0,158.0,code+40.0;desc+20.0;net_wt_over-15.0;customer+25.0;price+8.0,33560,2026-03-09 08:36:00.000,STEEL TURNING,TURNSTEEL
1470,16,221,1404,22.2,35.03,158.0,code+40.0;desc+20.0;net_wt_over-15.0;date+3.0;customer_diff-15.0;price+2.03,46440,2026-02-19 09:25:31.465,STEEL TURNING,TURNSTEEL
1470,16,272,1440,0.0,-15.04,158.0,code_diff-40.0;net_wt_over-15.0;date+7.5;customer+25.0;price+7.46,38700,2026-02-27 12:50:00.070,STEEL BANDING (FE),STBD
1470,16,189,1370,0.0,-25.25,158.0,code_diff-40.0;net_wt_over-15.0;customer+25.0;price+4.75,20980,2026-02-10 13:51:04.231,ZZ DO NOT USE STEEL TURNINGS,FETURN
1470,16,201,1382,0.0,-22.54,158.0,code_diff-40.0;net_wt_over-15.0;customer+25.0;price+7.46,29040,2026-02-12 13:59:33.441,STEEL BANDING (FE),STBD
1470,16,303,1460,0.0,-30.0,158.0,code_diff-40.0;net_wt_over-15.0;customer+25.0,618,2026-03-05 20:58:56.000,6063 BARE ALUMINUM EXTRUSION,AL06063
1470,16,304,1460,0.0,-30.0,158.0,code_diff-40.0;net_wt_over-15.0;customer+25.0,1132,2026-03-05 20:58:56.000,ALUMINIUM TURNS,ALUTURN
1470,16,305,1460,0.0,-26.34,158.0,code_diff-40.0;net_wt_over-15.0;customer+25.0;price+3.66,1140,2026-03-05 20:58:56.000,SHEET IRON,SHIRST
1470,16,306,1460,0.0,-30.0,158.0,code_diff-40.0;net_wt_over-15.0;customer+25.0,668,2026-03-05 20:58:56.000,6063 PAINTED EXTRUSION,AL06310
1470,16,307,1454,0.0,-22.54,158.0,code_diff-40.0;net_wt_over-15.0;customer+25.0;price+7.46,22720,2026-03-06 13:03:38.593,STEEL BANDING (FE),STBD
1470,16,187,1368,0.0,-25.25,158.0,code_diff-40.0;net_wt_over-15.0;customer+25.0;price+4.75,14140,2026-02-10 08:29:58.000,ZZ DO NOT USE STEEL TURNINGS,FETURN
1457,17,231,1418,100.0,169.93,170.0,code+40.0;desc+20.0;net_wt+40.0;date+25.0;time+11.93;customer+25.0;price+8.0,19820,2026-02-23 07:06:00.000,STEEL TURNING,TURNSTEEL
1457,17,255,1421,58.9,93.0,158.0,code+40.0;desc+20.0;net_wt_over-15.0;date+15.0;customer+25.0;price+8.0,28440,2026-02-24 14:44:06.833,STEEL TURNING,TURNSTEEL
1457,17,254,1419,58.9,93.0,158.0,code+40.0;desc+20.0;net_wt_over-15.0;date+15.0;customer+25.0;price+8.0,15180,2026-02-24 11:35:59.062,STEEL TURNING,TURNSTEEL
1457,17,222,1406,51.3,81.0,158.0,code+40.0;desc+20.0;net_wt_over-15.0;date+3.0;customer+25.0;price+8.0,15220,2026-02-19 11:50:58.539,STEEL TURNING,TURNSTEEL
1457,17,224,1408,51.3,81.0,158.0,code+40.0;desc+20.0;net_wt_over-15.0;date+3.0;customer+25.0;price+8.0,12280,2026-02-19 14:22:17.061,STEEL TURNING,TURNSTEEL
1457,17,223,1407,51.3,81.0,158.0,code+40.0;desc+20.0;net_wt_over-15.0;date+3.0;customer+25.0;price+8.0,56480,2026-02-19 14:21:42.681,STEEL TURNING,TURNSTEEL
1457,17,293,1443,51.3,81.0,158.0,code+40.0;desc+20.0;net_wt_over-15.0;date+3.0;customer+25.0;price+8.0,14240,2026-03-02 14:42:23.337,STEEL TURNING,TURNSTEEL
1457,17,273,1438,50.2,79.37,158.0,code+40.0;desc+20.0;net_wt_over-15.0;date+3.0;customer+25.0;price+6.37,47660,2026-02-28 11:30:13.000,STEEL TURNING,TURNSTEEL
1457,17,266,1434,50.2,79.37,158.0,code+40.0;desc+20.0;net_wt_over-15.0;date+3.0;customer+25.0;price+6.37,44420,2026-02-27 07:35:24.688,STEEL TURNING,TURNSTEEL
1457,17,302,1452,49.4,78.0,158.0,code+40.0;desc+20.0;net_wt_over-15.0;customer+25.0;price+8.0,11960,2026-03-05 12:50:55.723,STEEL TURNING,TURNSTEEL
1457,17,221,1404,22.2,35.03,158.0,code+40.0;desc+20.0;net_wt_over-15.0;date+3.0;customer_diff-15.0;price+2.03,46440,2026-02-19 09:25:31.465,STEEL TURNING,TURNSTEEL
1457,17,272,1440,0.0,-19.54,158.0,code_diff-40.0;net_wt_over-15.0;date+3.0;customer+25.0;price+7.46,38700,2026-02-27 12:50:00.070,STEEL BANDING (FE),STBD
1457,17,303,1460,0.0,-30.0,158.0,code_diff-40.0;net_wt_over-15.0;customer+25.0,618,2026-03-05 20:58:56.000,6063 BARE ALUMINUM EXTRUSION,AL06063
1457,17,304,1460,0.0,-30.0,158.0,code_diff-40.0;net_wt_over-15.0;customer+25.0,1132,2026-03-05 20:58:56.000,ALUMINIUM TURNS,ALUTURN
1457,17,305,1460,0.0,-26.34,158.0,code_diff-40.0;net_wt_over-15.0;customer+25.0;price+3.66,1140,2026-03-05 20:58:56.000,SHEET IRON,SHIRST
1457,17,306,1460,0.0,-30.0,158.0,code_diff-40.0;net_wt_over-15.0;customer+25.0,668,2026-03-05 20:58:56.000,6063 PAINTED EXTRUSION,AL06310
1457,17,292,1442,0.0,-25.7,158.0,code_diff-40.0;net_wt+25.78;date+3.0;customer_diff-15.0;price+0.52,20060,2026-03-02 14:41:31.449,STEEL WIRE,STWR
1457,17,180,1367,0.0,-25.25,158.0,code_diff-40.0;net_wt_over-15.0;customer+25.0;price+4.75,22600,2026-02-09 07:35:00.000,ZZ DO NOT USE STEEL TURNINGS,FETURN
1457,17,181,1386,0.0,-30.0,158.0,code_diff-40.0;net_wt_over-15.0;customer+25.0,366,2026-02-09 08:59:06.000,ALUMINUM MLC,ALUMLC
1457,17,201,1382,0.0,-22.54,158.0,code_diff-40.0;net_wt_over-15.0;customer+25.0;price+7.46,29040,2026-02-12 13:59:33.441,STEEL BANDING (FE),STBD
1457,17,189,1370,0.0,-25.25,158.0,code_diff-40.0;net_wt_over-15.0;customer+25.0;price+4.75,20980,2026-02-10 13:51:04.231,ZZ DO NOT USE STEEL TURNINGS,FETURN
1457,17,187,1368,0.0,-25.25,158.0,code_diff-40.0;net_wt_over-15.0;customer+25.0;price+4.75,14140,2026-02-10 08:29:58.000,ZZ DO NOT USE STEEL TURNINGS,FETURN
1457,17,185,1386,0.0,-30.0,158.0,code_diff-40.0;net_wt_over-15.0;customer+25.0,1182,2026-02-09 08:59:06.000,EDM WIRE,EDMW
1457,17,184,1386,0.0,-30.0,158.0,code_diff-40.0;net_wt_over-15.0;customer+25.0,638,2026-02-09 08:59:06.000,ZZ DO NOT USE - ALUMINUM TURNINGS,ALMTRNG
1457,17,183,1386,0.0,-30.0,158.0,code_diff-40.0;net_wt_over-15.0;customer+25.0,2706,2026-02-09 08:59:06.000,17-4 SOLIDS,174SOLIDS
1457,17,182,1386,0.0,-30.0,158.0,code_diff-40.0;net_wt_over-15.0;customer+25.0,263,2026-02-09 08:59:06.000,TUNGSTEN MOLY TA INSERTS,TUNGMOTAINS
1457,17,307,1454,0.0,-22.54,158.0,code_diff-40.0;net_wt_over-15.0;customer+25.0;price+7.46,22720,2026-03-06 13:03:38.593,STEEL BANDING (FE),STBD
1451,18,227,1410,99.6,169.36,170.0,code+40.0;desc+20.0;net_wt+40.0;date+25.0;time+11.36;customer+25.0;price+8.0,32820,2026-02-20 13:01:46.878,SHEET IRON,SHIRST
1451,18,225,1409,70.3,119.43,170.0,code+40.0;desc+20.0;net_wt+40.0;date+25.0;time+5.34;customer_diff-15.0;price+4.09,32960,2026-02-20 07:00:56.028,SHEET IRON,SHIRST
1451,18,263,1430,67.6,106.83,158.0,code+40.0;desc+20.0;net_wt+12.22;date+3.0;customer+25.0;price+6.61,32200,2026-02-26 12:42:48.917,SHEET IRON,SHIRST
1451,18,220,1400,65.9,104.09,158.0,code+40.0;desc+20.0;net_wt+40.0;date+15.0;customer_diff-15.0;price+4.09,32900,2026-02-19 06:57:13.180,SHEET IRON,SHIRST
1451,18,219,1399,53.2,84.11,158.0,code+40.0;desc+20.0;net_wt_over-15.0;date+7.5;customer+25.0;price+6.61,29180,2026-02-18 15:24:59.512,SHEET IRON,SHIRST
1451,18,271,1439,50.4,79.61,158.0,code+40.0;desc+20.0;net_wt_over-15.0;date+3.0;customer+25.0;price+6.61,34680,2026-02-27 11:54:34.169,SHEET IRON,SHIRST
1451,18,269,1437,50.4,79.61,158.0,code+40.0;desc+20.0;net_wt_over-15.0;date+3.0;customer+25.0;price+6.61,34780,2026-02-27 10:25:31.233,SHEET IRON,SHIRST
1451,18,258,1424,50.4,79.61,158.0,code+40.0;desc+20.0;net_wt_over-15.0;date+3.0;customer+25.0;price+6.61,28020,2026-02-25 09:20:09.890,SHEET IRON,SHIRST
1451,18,295,1445,48.5,76.61,158.0,code+40.0;desc+20.0;net_wt_over-15.0;customer+25.0;price+6.61,34040,2026-03-03 11:31:32.422,SHEET IRON,SHIRST
1451,18,305,1460,24.0,37.87,158.0,code+40.0;desc+20.0;net_wt_over-15.0;customer_diff-15.0;price+7.87,1140,2026-03-05 20:58:56.000,SHEET IRON,SHIRST
1451,18,217,1396,23.7,37.5,158.0,code+40.0;desc+20.0;net_wt_over-15.0;date+7.5;customer_diff-15.0,327,2026-02-18 08:22:41.591,SHEET IRON,SHIRST
1451,18,257,1423,23.5,37.09,158.0,code+40.0;desc+20.0;net_wt_over-15.0;date+3.0;customer_diff-15.0;price+4.09,30760,2026-02-25 08:01:08.717,SHEET IRON,SHIRST
1451,18,193,1374,21.6,34.09,158.0,code+40.0;desc+20.0;net_wt_over-15.0;customer_diff-15.0;price+4.09,40880,2026-02-11 06:42:09.411,SHEET IRON,SHIRST
1451,18,205,1385,20.9,33.0,158.0,code+40.0;desc+20.0;net_wt_over-15.0;date+3.0;customer_diff-15.0,46,2026-02-16 09:01:19.947,SHEET IRON,SHIRST
1451,18,297,1446,19.2,30.31,158.0,code+40.0;desc+20.0;net_wt_over-15.0;customer_diff-15.0;price+0.31,28900,2026-03-04 07:10:45.296,SHEET IRON,SHIRST
1451,18,198,1377,19.0,30.0,158.0,code+40.0;desc+20.0;net_wt_over-15.0;customer_diff-15.0,25,2026-02-11 14:58:45.877,SHEET IRON,SHIRST
1451,18,229,1412,6.4,10.95,170.0,code_diff-40.0;net_wt_over-15.0;date+25.0;time+11.48;customer+25.0;price+4.47,44380,2026-02-20 13:08:55.105,STEEL WIRE,STWR
1451,18,228,1411,3.8,6.46,170.0,code_diff-40.0;net_wt_over-15.0;date+25.0;time+11.46;customer+25.0,27840,2026-02-20 13:07:41.995,BUSHELING,Indbush
1451,18,230,1413,3.8,6.49,170.0,code_diff-40.0;net_wt_over-15.0;date+25.0;time+11.49;customer+25.0,27180,2026-02-20 13:09:44.723,BUSHELING,Indbush
1451,18,215,1394,0.0,-6.52,158.0,code_diff-40.0;net_wt+24.41;date+7.5;price+1.57,33240,2026-02-18 06:50:34.199,ZZ DO NOT USE - UNPREPARED HMS (UHMS),UNHMS
1451,18,194,1378,0.0,-30.0,158.0,code_diff-40.0;net_wt_over-15.0;customer+25.0,39540,2026-02-11 07:36:00.000,BUSHELING,Indbush
1451,18,301,1451,0.0,-25.53,158.0,code_diff-40.0;net_wt_over-15.0;customer+25.0;price+4.47,25600,2026-03-05 12:49:39.302,STEEL WIRE,STWR
1451,18,300,1449,0.0,-30.0,158.0,code_diff-40.0;net_wt_over-15.0;customer+25.0,34120,2026-03-04 14:45:03.106,BUSHELING,Indbush
1451,18,296,1450,0.0,-30.0,158.0,code_diff-40.0;net_wt_over-15.0;customer+25.0,24820,2026-03-04 06:53:59.000,BUSHELING,Indbush
1451,18,292,1442,0.0,-25.53,158.0,code_diff-40.0;net_wt_over-15.0;customer+25.0;price+4.47,20060,2026-03-02 14:41:31.449,STEEL WIRE,STWR
1451,18,267,1435,0.0,-23.54,158.0,code_diff-40.0;net_wt_over-15.0;date+3.0;customer+25.0;price+3.46,30860,2026-02-27 07:54:48.337,CLEAN SHEET,CLSHST
1451,18,270,1444,0.0,-26.69,158.0,code_diff-40.0;net_wt_over-15.0;date+3.0;customer+25.0;price+0.31,18080,2026-02-27 10:45:13.000,CLEAN SHEET,CLSHST
1451,18,195,1379,0.0,-30.0,158.0,code_diff-40.0;net_wt_over-15.0;customer+25.0,40300,2026-02-11 07:36:49.000,BUSHELING,Indbush
1451,18,265,1432,0.0,-27.0,158.0,code_diff-40.0;net_wt_over-15.0;date+3.0;customer+25.0,29080,2026-02-26 13:40:28.442,BUSHELING,Indbush
1451,18,264,1431,0.0,-20.86,158.0,code_diff-40.0;net_wt_over-15.0;date+3.0;customer+25.0;price+6.14,8620,2026-02-26 13:38:29.164,17-4 STAINLESS STEEL TURNINGS,NI174BO
1451,18,259,1427,0.0,-22.53,158.0,code_diff-40.0;net_wt_over-15.0;date+3.0;customer+25.0;price+4.47,46900,2026-02-25 09:25:19.000,STEEL WIRE,STWR
1451,18,204,1388,0.0,-22.53,158.0,code_diff-40.0;net_wt_over-15.0;date+3.0;customer+25.0;price+4.47,40340,2026-02-16 07:52:47.000,STEEL WIRE,STWR
1451,18,191,1372,0.0,-25.53,158.0,code_diff-40.0;net_wt_over-15.0;customer+25.0;price+4.47,34200,2026-02-10 13:52:13.344,STEEL WIRE,STWR
1451,18,190,1371,0.0,-30.0,158.0,code_diff-40.0;net_wt_over-15.0;customer+25.0,38860,2026-02-10 13:51:38.295,BUSHELING,Indbush
1449,19,230,1413,100.0,169.99,170.0,code+40.0;desc+20.0;net_wt+40.0;date+25.0;time+11.99;customer+25.0;price+8.0,27180,2026-02-20 13:09:44.723,BUSHELING,Indbush
1449,19,228,1411,77.3,131.39,170.0,code+40.0;desc+20.0;net_wt+1.43;date+25.0;time+11.96;customer+25.0;price+8.0,27840,2026-02-20 13:07:41.995,BUSHELING,Indbush
1449,19,265,1432,51.3,81.0,158.0,code+40.0;desc+20.0;net_wt_over-15.0;date+3.0;customer+25.0;price+8.0,29080,2026-02-26 13:40:28.442,BUSHELING,Indbush
1449,19,300,1449,49.4,78.0,158.0,code+40.0;desc+20.0;net_wt_over-15.0;customer+25.0;price+8.0,34120,2026-03-04 14:45:03.106,BUSHELING,Indbush
1449,19,194,1378,49.4,78.0,158.0,code+40.0;desc+20.0;net_wt_over-15.0;customer+25.0;price+8.0,39540,2026-02-11 07:36:00.000,BUSHELING,Indbush
1449,19,195,1379,49.4,78.0,158.0,code+40.0;desc+20.0;net_wt_over-15.0;customer+25.0;price+8.0,40300,2026-02-11 07:36:49.000,BUSHELING,Indbush
1449,19,296,1450,49.4,78.0,158.0,code+40.0;desc+20.0;net_wt_over-15.0;customer+25.0;price+8.0,24820,2026-03-04 06:53:59.000,BUSHELING,Indbush
1449,19,190,1371,49.4,78.0,158.0,code+40.0;desc+20.0;net_wt_over-15.0;customer+25.0;price+8.0,38860,2026-02-10 13:51:38.295,BUSHELING,Indbush
1449,19,213,1393,23.9,37.72,158.0,code+40.0;desc+20.0;net_wt_over-15.0;date+7.5;customer_diff-15.0;price+0.22,37700,2026-02-17 10:26:08.125,BUSHELING,Indbush
1449,19,218,1398,23.9,37.72,158.0,code+40.0;desc+20.0;net_wt_over-15.0;date+7.5;customer_diff-15.0;price+0.22,42100,2026-02-18 13:18:51.493,BUSHELING,Indbush
1449,19,188,1369,19.1,30.22,158.0,code+40.0;desc+20.0;net_wt_over-15.0;customer_diff-15.0;price+0.22,38560,2026-02-10 09:32:06.805,BUSHELING,Indbush
1449,19,200,1376,19.1,30.22,158.0,code+40.0;desc+20.0;net_wt_over-15.0;customer_diff-15.0;price+0.22,36760,2026-02-12 13:00:24.000,BUSHELING,Indbush
1449,19,202,1383,19.1,30.22,158.0,code+40.0;desc+20.0;net_wt_over-15.0;customer_diff-15.0;price+0.22,40960,2026-02-12 14:31:39.935,BUSHELING,Indbush
1449,19,229,1412,4.1,6.98,170.0,code_diff-40.0;net_wt_over-15.0;date+25.0;time+11.98;customer+25.0,44380,2026-02-20 13:08:55.105,STEEL WIRE,STWR
1449,19,227,1410,4.0,6.86,170.0,code_diff-40.0;net_wt_over-15.0;date+25.0;time+11.86;customer+25.0,32820,2026-02-20 13:01:46.878,SHEET IRON,SHIRST
1449,19,269,1437,0.0,-27.0,158.0,code_diff-40.0;net_wt_over-15.0;date+3.0;customer+25.0,34780,2026-02-27 10:25:31.233,SHEET IRON,SHIRST
1449,19,191,1372,0.0,-30.0,158.0,code_diff-40.0;net_wt_over-15.0;customer+25.0,34200,2026-02-10 13:52:13.344,STEEL WIRE,STWR
1449,19,295,1445,0.0,-30.0,158.0,code_diff-40.0;net_wt_over-15.0;customer+25.0,34040,2026-03-03 11:31:32.422,SHEET IRON,SHIRST
1449,19,292,1442,0.0,-30.0,158.0,code_diff-40.0;net_wt_over-15.0;customer+25.0,20060,2026-03-02 14:41:31.449,STEEL WIRE,STWR
1449,19,271,1439,0.0,-27.0,158.0,code_diff-40.0;net_wt_over-15.0;date+3.0;customer+25.0,34680,2026-02-27 11:54:34.169,SHEET IRON,SHIRST
1449,19,270,1444,0.0,-22.84,158.0,code_diff-40.0;net_wt_over-15.0;date+3.0;customer+25.0;price+4.16,18080,2026-02-27 10:45:13.000,CLEAN SHEET,CLSHST
1449,19,267,1435,0.0,-25.08,158.0,code_diff-40.0;net_wt_over-15.0;date+3.0;customer+25.0;price+1.92,30860,2026-02-27 07:54:48.337,CLEAN SHEET,CLSHST
1449,19,219,1399,0.0,-22.5,158.0,code_diff-40.0;net_wt_over-15.0;date+7.5;customer+25.0,29180,2026-02-18 15:24:59.512,SHEET IRON,SHIRST
1449,19,264,1431,0.0,-26.97,158.0,code_diff-40.0;net_wt_over-15.0;date+3.0;customer+25.0;price+0.03,8620,2026-02-26 13:38:29.164,17-4 STAINLESS STEEL TURNINGS,NI174BO
1449,19,263,1430,0.0,-27.0,158.0,code_diff-40.0;net_wt_over-15.0;date+3.0;customer+25.0,32200,2026-02-26 12:42:48.917,SHEET IRON,SHIRST
1449,19,259,1427,0.0,-27.0,158.0,code_diff-40.0;net_wt_over-15.0;date+3.0;customer+25.0,46900,2026-02-25 09:25:19.000,STEEL WIRE,STWR
1449,19,258,1424,0.0,-27.0,158.0,code_diff-40.0;net_wt_over-15.0;date+3.0;customer+25.0,28020,2026-02-25 09:20:09.890,SHEET IRON,SHIRST
1449,19,204,1388,0.0,-27.0,158.0,code_diff-40.0;net_wt_over-15.0;date+3.0;customer+25.0,40340,2026-02-16 07:52:47.000,STEEL WIRE,STWR
1449,19,301,1451,0.0,-30.0,158.0,code_diff-40.0;net_wt_over-15.0;customer+25.0,25600,2026-03-05 12:49:39.302,STEEL WIRE,STWR
1448,20,229,1412,100.0,169.99,170.0,code+40.0;desc+20.0;net_wt+40.0;date+25.0;time+11.99;customer+25.0;price+8.0,44380,2026-02-20 13:08:55.105,STEEL WIRE,STWR
1448,20,204,1388,51.3,81.0,158.0,code+40.0;desc+20.0;net_wt_over-15.0;date+3.0;customer+25.0;price+8.0,40340,2026-02-16 07:52:47.000,STEEL WIRE,STWR
1448,20,259,1427,51.3,81.0,158.0,code+40.0;desc+20.0;net_wt_over-15.0;date+3.0;customer+25.0;price+8.0,46900,2026-02-25 09:25:19.000,STEEL WIRE,STWR
1448,20,301,1451,49.4,78.0,158.0,code+40.0;desc+20.0;net_wt_over-15.0;customer+25.0;price+8.0,25600,2026-03-05 12:49:39.302,STEEL WIRE,STWR
1448,20,292,1442,49.4,78.0,158.0,code+40.0;desc+20.0;net_wt_over-15.0;customer+25.0;price+8.0,20060,2026-03-02 14:41:31.449,STEEL WIRE,STWR
1448,20,191,1372,49.4,78.0,158.0,code+40.0;desc+20.0;net_wt_over-15.0;customer+25.0;price+8.0,34200,2026-02-10 13:52:13.344,STEEL WIRE,STWR
1448,20,227,1410,6.4,10.91,170.0,code_diff-40.0;net_wt_over-15.0;date+25.0;time+11.87;customer+25.0;price+4.04,32820,2026-02-20 13:01:46.878,SHEET IRON,SHIRST
1448,20,228,1411,4.1,6.97,170.0,code_diff-40.0;net_wt_over-15.0;date+25.0;time+11.97;customer+25.0,27840,2026-02-20 13:07:41.995,BUSHELING,Indbush
1448,20,230,1413,4.1,7.0,170.0,code_diff-40.0;net_wt_over-15.0;date+25.0;time+12.0;customer+25.0,27180,2026-02-20 13:09:44.723,BUSHELING,Indbush
1448,20,267,1435,0.0,-27.0,158.0,code_diff-40.0;net_wt_over-15.0;date+3.0;customer+25.0,30860,2026-02-27 07:54:48.337,CLEAN SHEET,CLSHST
1448,20,300,1449,0.0,-30.0,158.0,code_diff-40.0;net_wt_over-15.0;customer+25.0,34120,2026-03-04 14:45:03.106,BUSHELING,Indbush
1448,20,296,1450,0.0,-30.0,158.0,code_diff-40.0;net_wt_over-15.0;customer+25.0,24820,2026-03-04 06:53:59.000,BUSHELING,Indbush
1448,20,295,1445,0.0,-27.52,158.0,code_diff-40.0;net_wt_over-15.0;customer+25.0;price+2.48,34040,2026-03-03 11:31:32.422,SHEET IRON,SHIRST
1448,20,271,1439,0.0,-24.52,158.0,code_diff-40.0;net_wt_over-15.0;date+3.0;customer+25.0;price+2.48,34680,2026-02-27 11:54:34.169,SHEET IRON,SHIRST
1448,20,270,1444,0.0,-27.0,158.0,code_diff-40.0;net_wt_over-15.0;date+3.0;customer+25.0,18080,2026-02-27 10:45:13.000,CLEAN SHEET,CLSHST
1448,20,269,1437,0.0,-24.52,158.0,code_diff-40.0;net_wt_over-15.0;date+3.0;customer+25.0;price+2.48,34780,2026-02-27 10:25:31.233,SHEET IRON,SHIRST
1448,20,190,1371,0.0,-30.0,158.0,code_diff-40.0;net_wt_over-15.0;customer+25.0,38860,2026-02-10 13:51:38.295,BUSHELING,Indbush
1448,20,266,1434,0.0,-11.65,158.0,code_diff-40.0;net_wt+40.0;date+3.0;customer_diff-15.0;price+0.35,44420,2026-02-27 07:35:24.688,STEEL TURNING,TURNSTEEL
1448,20,265,1432,0.0,-27.0,158.0,code_diff-40.0;net_wt_over-15.0;date+3.0;customer+25.0,29080,2026-02-26 13:40:28.442,BUSHELING,Indbush
1448,20,264,1431,0.0,-25.06,158.0,code_diff-40.0;net_wt_over-15.0;date+3.0;customer+25.0;price+1.94,8620,2026-02-26 13:38:29.164,17-4 STAINLESS STEEL TURNINGS,NI174BO
1448,20,258,1424,0.0,-24.52,158.0,code_diff-40.0;net_wt_over-15.0;date+3.0;customer+25.0;price+2.48,28020,2026-02-25 09:20:09.890,SHEET IRON,SHIRST
1448,20,219,1399,0.0,-20.02,158.0,code_diff-40.0;net_wt_over-15.0;date+7.5;customer+25.0;price+2.48,29180,2026-02-18 15:24:59.512,SHEET IRON,SHIRST
1448,20,195,1379,0.0,-30.0,158.0,code_diff-40.0;net_wt_over-15.0;customer+25.0,40300,2026-02-11 07:36:49.000,BUSHELING,Indbush
1448,20,194,1378,0.0,-30.0,158.0,code_diff-40.0;net_wt_over-15.0;customer+25.0,39540,2026-02-11 07:36:00.000,BUSHELING,Indbush
1448,20,263,1430,0.0,-24.52,158.0,code_diff-40.0;net_wt_over-15.0;date+3.0;customer+25.0;price+2.48,32200,2026-02-26 12:42:48.917,SHEET IRON,SHIRST
1447,21,228,1411,100.0,169.99,170.0,code+40.0;desc+20.0;net_wt+40.0;date+25.0;time+11.99;customer+25.0;price+8.0,27840,2026-02-20 13:07:41.995,BUSHELING,Indbush
1447,21,230,1413,78.0,132.56,170.0,code+40.0;desc+20.0;net_wt+2.59;date+25.0;time+11.97;customer+25.0;price+8.0,27180,2026-02-20 13:09:44.723,BUSHELING,Indbush
1447,21,265,1432,51.3,81.0,158.0,code+40.0;desc+20.0;net_wt_over-15.0;date+3.0;customer+25.0;price+8.0,29080,2026-02-26 13:40:28.442,BUSHELING,Indbush
1447,21,300,1449,49.4,78.0,158.0,code+40.0;desc+20.0;net_wt_over-15.0;customer+25.0;price+8.0,34120,2026-03-04 14:45:03.106,BUSHELING,Indbush
1447,21,194,1378,49.4,78.0,158.0,code+40.0;desc+20.0;net_wt_over-15.0;customer+25.0;price+8.0,39540,2026-02-11 07:36:00.000,BUSHELING,Indbush
1447,21,195,1379,49.4,78.0,158.0,code+40.0;desc+20.0;net_wt_over-15.0;customer+25.0;price+8.0,40300,2026-02-11 07:36:49.000,BUSHELING,Indbush
1447,21,190,1371,49.4,78.0,158.0,code+40.0;desc+20.0;net_wt_over-15.0;customer+25.0;price+8.0,38860,2026-02-10 13:51:38.295,BUSHELING,Indbush
1447,21,296,1450,49.4,78.0,158.0,code+40.0;desc+20.0;net_wt_over-15.0;customer+25.0;price+8.0,24820,2026-03-04 06:53:59.000,BUSHELING,Indbush
1447,21,213,1393,23.9,37.72,158.0,code+40.0;desc+20.0;net_wt_over-15.0;date+7.5;customer_diff-15.0;price+0.22,37700,2026-02-17 10:26:08.125,BUSHELING,Indbush
1447,21,218,1398,23.9,37.72,158.0,code+40.0;desc+20.0;net_wt_over-15.0;date+7.5;customer_diff-15.0;price+0.22,42100,2026-02-18 13:18:51.493,BUSHELING,Indbush
1447,21,188,1369,19.1,30.22,158.0,code+40.0;desc+20.0;net_wt_over-15.0;customer_diff-15.0;price+0.22,38560,2026-02-10 09:32:06.805,BUSHELING,Indbush
1447,21,202,1383,19.1,30.22,158.0,code+40.0;desc+20.0;net_wt_over-15.0;customer_diff-15.0;price+0.22,40960,2026-02-12 14:31:39.935,BUSHELING,Indbush
1447,21,200,1376,19.1,30.22,158.0,code+40.0;desc+20.0;net_wt_over-15.0;customer_diff-15.0;price+0.22,36760,2026-02-12 13:00:24.000,BUSHELING,Indbush
1447,21,258,1424,15.9,25.07,158.0,code_diff-40.0;net_wt+37.07;date+3.0;customer+25.0,28020,2026-02-25 09:20:09.890,SHEET IRON,SHIRST
1447,21,227,1410,4.1,6.89,170.0,code_diff-40.0;net_wt_over-15.0;date+25.0;time+11.89;customer+25.0,32820,2026-02-20 13:01:46.878,SHEET IRON,SHIRST
1447,21,229,1412,4.1,6.99,170.0,code_diff-40.0;net_wt_over-15.0;date+25.0;time+11.99;customer+25.0,44380,2026-02-20 13:08:55.105,STEEL WIRE,STWR
1447,21,269,1437,0.0,-27.0,158.0,code_diff-40.0;net_wt_over-15.0;date+3.0;customer+25.0,34780,2026-02-27 10:25:31.233,SHEET IRON,SHIRST
1447,21,292,1442,0.0,-30.0,158.0,code_diff-40.0;net_wt_over-15.0;customer+25.0,20060,2026-03-02 14:41:31.449,STEEL WIRE,STWR
1447,21,271,1439,0.0,-27.0,158.0,code_diff-40.0;net_wt_over-15.0;date+3.0;customer+25.0,34680,2026-02-27 11:54:34.169,SHEET IRON,SHIRST
1447,21,270,1444,0.0,-22.84,158.0,code_diff-40.0;net_wt_over-15.0;date+3.0;customer+25.0;price+4.16,18080,2026-02-27 10:45:13.000,CLEAN SHEET,CLSHST
1447,21,295,1445,0.0,-30.0,158.0,code_diff-40.0;net_wt_over-15.0;customer+25.0,34040,2026-03-03 11:31:32.422,SHEET IRON,SHIRST
1447,21,255,1421,0.0,-42.73,158.0,code_diff-40.0;net_wt+6.9;date+3.0;customer_diff-15.0;price+2.37,28440,2026-02-24 14:44:06.833,STEEL TURNING,TURNSTEEL
1447,21,267,1435,0.0,-25.08,158.0,code_diff-40.0;net_wt_over-15.0;date+3.0;customer+25.0;price+1.92,30860,2026-02-27 07:54:48.337,CLEAN SHEET,CLSHST
1447,21,264,1431,0.0,-26.97,158.0,code_diff-40.0;net_wt_over-15.0;date+3.0;customer+25.0;price+0.03,8620,2026-02-26 13:38:29.164,17-4 STAINLESS STEEL TURNINGS,NI174BO
1447,21,263,1430,0.0,-27.0,158.0,code_diff-40.0;net_wt_over-15.0;date+3.0;customer+25.0,32200,2026-02-26 12:42:48.917,SHEET IRON,SHIRST
1447,21,259,1427,0.0,-27.0,158.0,code_diff-40.0;net_wt_over-15.0;date+3.0;customer+25.0,46900,2026-02-25 09:25:19.000,STEEL WIRE,STWR
1447,21,219,1399,0.0,-22.5,158.0,code_diff-40.0;net_wt_over-15.0;date+7.5;customer+25.0,29180,2026-02-18 15:24:59.512,SHEET IRON,SHIRST
1447,21,204,1388,0.0,-27.0,158.0,code_diff-40.0;net_wt_over-15.0;date+3.0;customer+25.0,40340,2026-02-16 07:52:47.000,STEEL WIRE,STWR
1447,21,191,1372,0.0,-30.0,158.0,code_diff-40.0;net_wt_over-15.0;customer+25.0,34200,2026-02-10 13:52:13.344,STEEL WIRE,STWR
1447,21,301,1451,0.0,-30.0,158.0,code_diff-40.0;net_wt_over-15.0;customer+25.0,25600,2026-03-05 12:49:39.302,STEEL WIRE,STWR
1445,22,224,1408,100.0,169.99,170.0,code+40.0;desc+20.0;net_wt+40.0;date+25.0;time+11.99;customer+25.0;price+8.0,12280,2026-02-19 14:22:17.061,STEEL TURNING,TURNSTEEL
1445,22,223,1407,67.6,114.98,170.0,code+40.0;desc+20.0;net_wt_over-15.0;date+25.0;time+11.98;customer+25.0;price+8.0,56480,2026-02-19 14:21:42.681,STEEL TURNING,TURNSTEEL
1445,22,222,1406,66.2,112.47,170.0,code+40.0;desc+20.0;net_wt_over-15.0;date+25.0;time+9.47;customer+25.0;price+8.0,15220,2026-02-19 11:50:58.539,STEEL TURNING,TURNSTEEL
1445,22,255,1421,51.3,81.0,158.0,code+40.0;desc+20.0;net_wt_over-15.0;date+3.0;customer+25.0;price+8.0,28440,2026-02-24 14:44:06.833,STEEL TURNING,TURNSTEEL
1445,22,254,1419,51.3,81.0,158.0,code+40.0;desc+20.0;net_wt_over-15.0;date+3.0;customer+25.0;price+8.0,15180,2026-02-24 11:35:59.062,STEEL TURNING,TURNSTEEL
1445,22,231,1418,51.3,81.0,158.0,code+40.0;desc+20.0;net_wt_over-15.0;date+3.0;customer+25.0;price+8.0,19820,2026-02-23 07:06:00.000,STEEL TURNING,TURNSTEEL
1445,22,293,1443,49.4,78.0,158.0,code+40.0;desc+20.0;net_wt_over-15.0;customer+25.0;price+8.0,14240,2026-03-02 14:42:23.337,STEEL TURNING,TURNSTEEL
1445,22,273,1438,48.3,76.37,158.0,code+40.0;desc+20.0;net_wt_over-15.0;customer+25.0;price+6.37,47660,2026-02-28 11:30:13.000,STEEL TURNING,TURNSTEEL
1445,22,266,1434,48.3,76.37,158.0,code+40.0;desc+20.0;net_wt_over-15.0;customer+25.0;price+6.37,44420,2026-02-27 07:35:24.688,STEEL TURNING,TURNSTEEL
1445,22,221,1404,37.7,64.08,170.0,code+40.0;desc+20.0;net_wt_over-15.0;date+25.0;time+7.05;customer_diff-15.0;price+2.03,46440,2026-02-19 09:25:31.465,STEEL TURNING,TURNSTEEL
1445,22,180,1367,0.0,-25.25,158.0,code_diff-40.0;net_wt_over-15.0;customer+25.0;price+4.75,22600,2026-02-09 07:35:00.000,ZZ DO NOT USE STEEL TURNINGS,FETURN
1445,22,201,1382,0.0,-19.54,158.0,code_diff-40.0;net_wt_over-15.0;date+3.0;customer+25.0;price+7.46,29040,2026-02-12 13:59:33.441,STEEL BANDING (FE),STBD
1445,22,189,1370,0.0,-25.25,158.0,code_diff-40.0;net_wt_over-15.0;customer+25.0;price+4.75,20980,2026-02-10 13:51:04.231,ZZ DO NOT USE STEEL TURNINGS,FETURN
1445,22,187,1368,0.0,-25.25,158.0,code_diff-40.0;net_wt_over-15.0;customer+25.0;price+4.75,14140,2026-02-10 08:29:58.000,ZZ DO NOT USE STEEL TURNINGS,FETURN
1445,22,185,1386,0.0,-30.0,158.0,code_diff-40.0;net_wt_over-15.0;customer+25.0,1182,2026-02-09 08:59:06.000,EDM WIRE,EDMW
1445,22,184,1386,0.0,-30.0,158.0,code_diff-40.0;net_wt_over-15.0;customer+25.0,638,2026-02-09 08:59:06.000,ZZ DO NOT USE - ALUMINUM TURNINGS,ALMTRNG
1445,22,183,1386,0.0,-30.0,158.0,code_diff-40.0;net_wt_over-15.0;customer+25.0,2706,2026-02-09 08:59:06.000,17-4 SOLIDS,174SOLIDS
1445,22,182,1386,0.0,-30.0,158.0,code_diff-40.0;net_wt_over-15.0;customer+25.0,263,2026-02-09 08:59:06.000,TUNGSTEN MOLY TA INSERTS,TUNGMOTAINS
1445,22,272,1440,0.0,-22.54,158.0,code_diff-40.0;net_wt_over-15.0;customer+25.0;price+7.46,38700,2026-02-27 12:50:00.070,STEEL BANDING (FE),STBD
1445,22,181,1386,0.0,-30.0,158.0,code_diff-40.0;net_wt_over-15.0;customer+25.0,366,2026-02-09 08:59:06.000,ALUMINUM MLC,ALUMLC
1445,22,179,1365,0.0,-25.25,158.0,code_diff-40.0;net_wt_over-15.0;customer+25.0;price+4.75,25760,2026-02-06 14:00:47.342,ZZ DO NOT USE STEEL TURNINGS,FETURN
1444,23,223,1407,100.0,169.99,170.0,code+40.0;desc+20.0;net_wt+40.0;date+25.0;time+11.99;customer+25.0;price+8.0,56480,2026-02-19 14:21:42.681,STEEL TURNING,TURNSTEEL
1444,23,224,1408,67.6,115.0,170.0,code+40.0;desc+20.0;net_wt_over-15.0;date+25.0;time+12.0;customer+25.0;price+8.0,12280,2026-02-19 14:22:17.061,STEEL TURNING,TURNSTEEL
1444,23,222,1406,66.2,112.48,170.0,code+40.0;desc+20.0;net_wt_over-15.0;date+25.0;time+9.48;customer+25.0;price+8.0,15220,2026-02-19 11:50:58.539,STEEL TURNING,TURNSTEEL
1444,23,255,1421,51.3,81.0,158.0,code+40.0;desc+20.0;net_wt_over-15.0;date+3.0;customer+25.0;price+8.0,28440,2026-02-24 14:44:06.833,STEEL TURNING,TURNSTEEL
1444,23,254,1419,51.3,81.0,158.0,code+40.0;desc+20.0;net_wt_over-15.0;date+3.0;customer+25.0;price+8.0,15180,2026-02-24 11:35:59.062,STEEL TURNING,TURNSTEEL
1444,23,231,1418,51.3,81.0,158.0,code+40.0;desc+20.0;net_wt_over-15.0;date+3.0;customer+25.0;price+8.0,19820,2026-02-23 07:06:00.000,STEEL TURNING,TURNSTEEL
1444,23,293,1443,49.4,78.0,158.0,code+40.0;desc+20.0;net_wt_over-15.0;customer+25.0;price+8.0,14240,2026-03-02 14:42:23.337,STEEL TURNING,TURNSTEEL
1444,23,273,1438,48.3,76.37,158.0,code+40.0;desc+20.0;net_wt_over-15.0;customer+25.0;price+6.37,47660,2026-02-28 11:30:13.000,STEEL TURNING,TURNSTEEL
1444,23,266,1434,48.3,76.37,158.0,code+40.0;desc+20.0;net_wt_over-15.0;customer+25.0;price+6.37,44420,2026-02-27 07:35:24.688,STEEL TURNING,TURNSTEEL
1444,23,221,1404,37.7,64.09,170.0,code+40.0;desc+20.0;net_wt_over-15.0;date+25.0;time+7.06;customer_diff-15.0;price+2.03,46440,2026-02-19 09:25:31.465,STEEL TURNING,TURNSTEEL
1444,23,180,1367,0.0,-25.25,158.0,code_diff-40.0;net_wt_over-15.0;customer+25.0;price+4.75,22600,2026-02-09 07:35:00.000,ZZ DO NOT USE STEEL TURNINGS,FETURN
1444,23,201,1382,0.0,-19.54,158.0,code_diff-40.0;net_wt_over-15.0;date+3.0;customer+25.0;price+7.46,29040,2026-02-12 13:59:33.441,STEEL BANDING (FE),STBD
1444,23,189,1370,0.0,-25.25,158.0,code_diff-40.0;net_wt_over-15.0;customer+25.0;price+4.75,20980,2026-02-10 13:51:04.231,ZZ DO NOT USE STEEL TURNINGS,FETURN
1444,23,187,1368,0.0,-25.25,158.0,code_diff-40.0;net_wt_over-15.0;customer+25.0;price+4.75,14140,2026-02-10 08:29:58.000,ZZ DO NOT USE STEEL TURNINGS,FETURN
1444,23,185,1386,0.0,-30.0,158.0,code_diff-40.0;net_wt_over-15.0;customer+25.0,1182,2026-02-09 08:59:06.000,EDM WIRE,EDMW
1444,23,184,1386,0.0,-30.0,158.0,code_diff-40.0;net_wt_over-15.0;customer+25.0,638,2026-02-09 08:59:06.000,ZZ DO NOT USE - ALUMINUM TURNINGS,ALMTRNG
1444,23,183,1386,0.0,-30.0,158.0,code_diff-40.0;net_wt_over-15.0;customer+25.0,2706,2026-02-09 08:59:06.000,17-4 SOLIDS,174SOLIDS
1444,23,182,1386,0.0,-30.0,158.0,code_diff-40.0;net_wt_over-15.0;customer+25.0,263,2026-02-09 08:59:06.000,TUNGSTEN MOLY TA INSERTS,TUNGMOTAINS
1444,23,272,1440,0.0,-22.54,158.0,code_diff-40.0;net_wt_over-15.0;customer+25.0;price+7.46,38700,2026-02-27 12:50:00.070,STEEL BANDING (FE),STBD
1444,23,181,1386,0.0,-30.0,158.0,code_diff-40.0;net_wt_over-15.0;customer+25.0,366,2026-02-09 08:59:06.000,ALUMINUM MLC,ALUMLC
1444,23,179,1365,0.0,-25.25,158.0,code_diff-40.0;net_wt_over-15.0;customer+25.0;price+4.75,25760,2026-02-06 14:00:47.342,ZZ DO NOT USE STEEL TURNINGS,FETURN
1442,24,222,1406,100.0,169.99,170.0,code+40.0;desc+20.0;net_wt+40.0;date+25.0;time+11.99;customer+25.0;price+8.0,15220,2026-02-19 11:50:58.539,STEEL TURNING,TURNSTEEL
1442,24,254,1419,86.1,136.0,158.0,code+40.0;desc+20.0;net_wt+40.0;date+3.0;customer+25.0;price+8.0,15180,2026-02-24 11:35:59.062,STEEL TURNING,TURNSTEEL
1442,24,224,1408,66.2,112.49,170.0,code+40.0;desc+20.0;net_wt_over-15.0;date+25.0;time+9.49;customer+25.0;price+8.0,12280,2026-02-19 14:22:17.061,STEEL TURNING,TURNSTEEL
1442,24,223,1407,66.2,112.5,170.0,code+40.0;desc+20.0;net_wt_over-15.0;date+25.0;time+9.5;customer+25.0;price+8.0,56480,2026-02-19 14:21:42.681,STEEL TURNING,TURNSTEEL
1442,24,255,1421,51.3,81.0,158.0,code+40.0;desc+20.0;net_wt_over-15.0;date+3.0;customer+25.0;price+8.0,28440,2026-02-24 14:44:06.833,STEEL TURNING,TURNSTEEL
1442,24,231,1418,51.3,81.0,158.0,code+40.0;desc+20.0;net_wt_over-15.0;date+3.0;customer+25.0;price+8.0,19820,2026-02-23 07:06:00.000,STEEL TURNING,TURNSTEEL
1442,24,293,1443,49.4,78.0,158.0,code+40.0;desc+20.0;net_wt_over-15.0;customer+25.0;price+8.0,14240,2026-03-02 14:42:23.337,STEEL TURNING,TURNSTEEL
1442,24,273,1438,48.3,76.37,158.0,code+40.0;desc+20.0;net_wt_over-15.0;customer+25.0;price+6.37,47660,2026-02-28 11:30:13.000,STEEL TURNING,TURNSTEEL
1442,24,266,1434,48.3,76.37,158.0,code+40.0;desc+20.0;net_wt_over-15.0;customer+25.0;price+6.37,44420,2026-02-27 07:35:24.688,STEEL TURNING,TURNSTEEL
1442,24,221,1404,39.2,66.6,170.0,code+40.0;desc+20.0;net_wt_over-15.0;date+25.0;time+9.57;customer_diff-15.0;price+2.03,46440,2026-02-19 09:25:31.465,STEEL TURNING,TURNSTEEL
1442,24,180,1367,0.0,-25.25,158.0,code_diff-40.0;net_wt_over-15.0;customer+25.0;price+4.75,22600,2026-02-09 07:35:00.000,ZZ DO NOT USE STEEL TURNINGS,FETURN
1442,24,201,1382,0.0,-19.54,158.0,code_diff-40.0;net_wt_over-15.0;date+3.0;customer+25.0;price+7.46,29040,2026-02-12 13:59:33.441,STEEL BANDING (FE),STBD
1442,24,189,1370,0.0,-25.25,158.0,code_diff-40.0;net_wt_over-15.0;customer+25.0;price+4.75,20980,2026-02-10 13:51:04.231,ZZ DO NOT USE STEEL TURNINGS,FETURN
1442,24,187,1368,0.0,-25.25,158.0,code_diff-40.0;net_wt_over-15.0;customer+25.0;price+4.75,14140,2026-02-10 08:29:58.000,ZZ DO NOT USE STEEL TURNINGS,FETURN
1442,24,185,1386,0.0,-30.0,158.0,code_diff-40.0;net_wt_over-15.0;customer+25.0,1182,2026-02-09 08:59:06.000,EDM WIRE,EDMW
1442,24,184,1386,0.0,-30.0,158.0,code_diff-40.0;net_wt_over-15.0;customer+25.0,638,2026-02-09 08:59:06.000,ZZ DO NOT USE - ALUMINUM TURNINGS,ALMTRNG
1442,24,183,1386,0.0,-30.0,158.0,code_diff-40.0;net_wt_over-15.0;customer+25.0,2706,2026-02-09 08:59:06.000,17-4 SOLIDS,174SOLIDS
1442,24,182,1386,0.0,-30.0,158.0,code_diff-40.0;net_wt_over-15.0;customer+25.0,263,2026-02-09 08:59:06.000,TUNGSTEN MOLY TA INSERTS,TUNGMOTAINS
1442,24,272,1440,0.0,-22.54,158.0,code_diff-40.0;net_wt_over-15.0;customer+25.0;price+7.46,38700,2026-02-27 12:50:00.070,STEEL BANDING (FE),STBD
1442,24,181,1386,0.0,-30.0,158.0,code_diff-40.0;net_wt_over-15.0;customer+25.0,366,2026-02-09 08:59:06.000,ALUMINUM MLC,ALUMLC
1442,24,179,1365,0.0,-25.25,158.0,code_diff-40.0;net_wt_over-15.0;customer+25.0;price+4.75,25760,2026-02-06 14:00:47.342,ZZ DO NOT USE STEEL TURNINGS,FETURN
1432,25,204,1388,100.0,169.99,170.0,code+40.0;desc+20.0;net_wt+40.0;date+25.0;time+11.99;customer+25.0;price+8.0,40340,2026-02-16 07:52:47.000,STEEL WIRE,STWR
1432,25,229,1412,51.3,81.0,158.0,code+40.0;desc+20.0;net_wt_over-15.0;date+3.0;customer+25.0;price+8.0,44380,2026-02-20 13:08:55.105,STEEL WIRE,STWR
1432,25,191,1372,51.3,81.0,158.0,code+40.0;desc+20.0;net_wt_over-15.0;date+3.0;customer+25.0;price+8.0,34200,2026-02-10 13:52:13.344,STEEL WIRE,STWR
1432,25,117,1354,49.4,78.0,158.0,code+40.0;desc+20.0;net_wt_over-15.0;customer+25.0;price+8.0,30460,2026-02-03 07:47:14.000,STEEL WIRE,STWR
1432,25,259,1427,49.4,78.0,158.0,code+40.0;desc+20.0;net_wt_over-15.0;customer+25.0;price+8.0,46900,2026-02-25 09:25:19.000,STEEL WIRE,STWR
1432,25,195,1379,17.7,28.0,158.0,code_diff-40.0;net_wt+40.0;date+3.0;customer+25.0,40300,2026-02-11 07:36:49.000,BUSHELING,Indbush
1432,25,270,1444,0.0,-30.0,158.0,code_diff-40.0;net_wt_over-15.0;customer+25.0,18080,2026-02-27 10:45:13.000,CLEAN SHEET,CLSHST
1432,25,269,1437,0.0,-27.52,158.0,code_diff-40.0;net_wt_over-15.0;customer+25.0;price+2.48,34780,2026-02-27 10:25:31.233,SHEET IRON,SHIRST
1432,25,267,1435,0.0,-30.0,158.0,code_diff-40.0;net_wt_over-15.0;customer+25.0,30860,2026-02-27 07:54:48.337,CLEAN SHEET,CLSHST
1432,25,265,1432,0.0,-30.0,158.0,code_diff-40.0;net_wt_over-15.0;customer+25.0,29080,2026-02-26 13:40:28.442,BUSHELING,Indbush
1432,25,264,1431,0.0,-28.06,158.0,code_diff-40.0;net_wt_over-15.0;customer+25.0;price+1.94,8620,2026-02-26 13:38:29.164,17-4 STAINLESS STEEL TURNINGS,NI174BO
1432,25,263,1430,0.0,-27.52,158.0,code_diff-40.0;net_wt_over-15.0;customer+25.0;price+2.48,32200,2026-02-26 12:42:48.917,SHEET IRON,SHIRST
1432,25,258,1424,0.0,-27.52,158.0,code_diff-40.0;net_wt_over-15.0;customer+25.0;price+2.48,28020,2026-02-25 09:20:09.890,SHEET IRON,SHIRST
1432,25,230,1413,0.0,-27.0,158.0,code_diff-40.0;net_wt_over-15.0;date+3.0;customer+25.0,27180,2026-02-20 13:09:44.723,BUSHELING,Indbush
1432,25,227,1410,0.0,-22.96,158.0,code_diff-40.0;net_wt_over-15.0;date+3.0;customer+25.0;price+4.04,32820,2026-02-20 13:01:46.878,SHEET IRON,SHIRST
1432,25,228,1411,0.0,-27.0,158.0,code_diff-40.0;net_wt_over-15.0;date+3.0;customer+25.0,27840,2026-02-20 13:07:41.995,BUSHELING,Indbush
1432,25,118,1355,0.0,-30.0,158.0,code_diff-40.0;net_wt_over-15.0;customer+25.0,49780,2026-02-03 07:48:16.000,BUSHELING,Indbush
1432,25,219,1399,0.0,-20.02,158.0,code_diff-40.0;net_wt_over-15.0;date+7.5;customer+25.0;price+2.48,29180,2026-02-18 15:24:59.512,SHEET IRON,SHIRST
1432,25,202,1383,0.0,-32.74,158.0,code_diff-40.0;net_wt+19.26;date+3.0;customer_diff-15.0,40960,2026-02-12 14:31:39.935,BUSHELING,Indbush
1432,25,199,1381,0.0,-4.85,158.0,code_diff-40.0;net_wt+32.15;date+3.0,39980,2026-02-12 10:48:32.280,ZZ DO NOT USE - UNPREPARED HMS (UHMS),UNHMS
1432,25,194,1378,0.0,-1.66,158.0,code_diff-40.0;net_wt+10.34;date+3.0;customer+25.0,39540,2026-02-11 07:36:00.000,BUSHELING,Indbush
1432,25,193,1374,0.0,-28.77,158.0,code_diff-40.0;net_wt+23.23;date+3.0;customer_diff-15.0,40880,2026-02-11 06:42:09.411,SHEET IRON,SHIRST
1432,25,190,1371,0.0,-27.0,158.0,code_diff-40.0;net_wt_over-15.0;date+3.0;customer+25.0,38860,2026-02-10 13:51:38.295,BUSHELING,Indbush
1432,25,146,1359,0.0,-30.0,158.0,code_diff-40.0;net_wt_over-15.0;customer+25.0,36900,2026-02-04 13:39:28.240,BUSHELING,Indbush
1432,25,120,1351,0.0,-30.0,158.0,code_diff-40.0;net_wt_over-15.0;customer+25.0,32440,2026-02-03 11:12:14.088,CLEAN SHEET,CLSHST
1432,25,271,1439,0.0,-27.52,158.0,code_diff-40.0;net_wt_over-15.0;customer+25.0;price+2.48,34680,2026-02-27 11:54:34.169,SHEET IRON,SHIRST
1426,26,201,1382,100.0,169.99,170.0,code+40.0;desc+20.0;net_wt+40.0;date+25.0;time+11.99;customer+25.0;price+8.0,29040,2026-02-12 13:59:33.441,STEEL BANDING (FE),STBD
1426,26,255,1421,0.7,1.13,158.0,code_diff-40.0;net_wt+8.68;customer+25.0;price+7.45,28440,2026-02-24 14:44:06.833,STEEL TURNING,TURNSTEEL
1426,26,184,1386,0.0,-22.5,158.0,code_diff-40.0;net_wt_over-15.0;date+7.5;customer+25.0,638,2026-02-09 08:59:06.000,ZZ DO NOT USE - ALUMINUM TURNINGS,ALMTRNG
1426,26,254,1419,0.0,-22.55,158.0,code_diff-40.0;net_wt_over-15.0;customer+25.0;price+7.45,15180,2026-02-24 11:35:59.062,STEEL TURNING,TURNSTEEL
1426,26,231,1418,0.0,-22.55,158.0,code_diff-40.0;net_wt_over-15.0;customer+25.0;price+7.45,19820,2026-02-23 07:06:00.000,STEEL TURNING,TURNSTEEL
1426,26,224,1408,0.0,-19.55,158.0,code_diff-40.0;net_wt_over-15.0;date+3.0;customer+25.0;price+7.45,12280,2026-02-19 14:22:17.061,STEEL TURNING,TURNSTEEL
1426,26,223,1407,0.0,-19.55,158.0,code_diff-40.0;net_wt_over-15.0;date+3.0;customer+25.0;price+7.45,56480,2026-02-19 14:21:42.681,STEEL TURNING,TURNSTEEL
1426,26,222,1406,0.0,-19.55,158.0,code_diff-40.0;net_wt_over-15.0;date+3.0;customer+25.0;price+7.45,15220,2026-02-19 11:50:58.539,STEEL TURNING,TURNSTEEL
1426,26,219,1399,0.0,-6.76,158.0,code_diff-40.0;net_wt+40.0;date+3.0;customer_diff-15.0;price+5.24,29180,2026-02-18 15:24:59.512,SHEET IRON,SHIRST
1426,26,206,1387,0.0,-21.27,158.0,code_diff-40.0;net_wt+23.83;date+3.0;customer_diff-15.0;price+6.9,29420,2026-02-16 14:22:13.798,ZZ DO NOT USE - UNPREPARED HMS (UHMS),UNHMS
1426,26,189,1370,0.0,-17.26,158.0,code_diff-40.0;net_wt_over-15.0;date+7.5;customer+25.0;price+5.24,20980,2026-02-10 13:51:04.231,ZZ DO NOT USE STEEL TURNINGS,FETURN
1426,26,187,1368,0.0,-17.26,158.0,code_diff-40.0;net_wt_over-15.0;date+7.5;customer+25.0;price+5.24,14140,2026-02-10 08:29:58.000,ZZ DO NOT USE STEEL TURNINGS,FETURN
1426,26,185,1386,0.0,-22.5,158.0,code_diff-40.0;net_wt_over-15.0;date+7.5;customer+25.0,1182,2026-02-09 08:59:06.000,EDM WIRE,EDMW
1426,26,104,1336,0.0,-22.0,158.0,code_diff-40.0;net_wt_over-15.0;customer+25.0;price+8.0,38140,2026-01-29 07:54:33.000,SHEET IRON,SHIRST
1426,26,107,1338,0.0,-24.76,158.0,code_diff-40.0;net_wt_over-15.0;customer+25.0;price+5.24,50820,2026-01-29 08:22:54.697,ZZ DO NOT USE STEEL TURNINGS,FETURN
1426,26,182,1386,0.0,-22.5,158.0,code_diff-40.0;net_wt_over-15.0;date+7.5;customer+25.0,263,2026-02-09 08:59:06.000,TUNGSTEN MOLY TA INSERTS,TUNGMOTAINS
1426,26,181,1386,0.0,-22.5,158.0,code_diff-40.0;net_wt_over-15.0;date+7.5;customer+25.0,366,2026-02-09 08:59:06.000,ALUMINUM MLC,ALUMLC
1426,26,180,1367,0.0,-17.26,158.0,code_diff-40.0;net_wt_over-15.0;date+7.5;customer+25.0;price+5.24,22600,2026-02-09 07:35:00.000,ZZ DO NOT USE STEEL TURNINGS,FETURN
1426,26,179,1365,0.0,-21.76,158.0,code_diff-40.0;net_wt_over-15.0;date+3.0;customer+25.0;price+5.24,25760,2026-02-06 14:00:47.342,ZZ DO NOT USE STEEL TURNINGS,FETURN
1426,26,144,1356,0.0,-12.98,158.0,code_diff-40.0;net_wt+36.23;customer_diff-15.0;price+5.79,28840,2026-02-04 09:19:04.792,CLEAN SHEET,CLSHST
1426,26,143,1361,0.0,-24.76,158.0,code_diff-40.0;net_wt_over-15.0;customer+25.0;price+5.24,17400,2026-02-04 07:40:36.000,ZZ DO NOT USE STEEL TURNINGS,FETURN
1426,26,142,1360,0.0,-24.76,158.0,code_diff-40.0;net_wt_over-15.0;customer+25.0;price+5.24,21020,2026-02-04 07:39:05.000,ZZ DO NOT USE STEEL TURNINGS,FETURN
1426,26,113,1345,0.0,-24.76,158.0,code_diff-40.0;net_wt_over-15.0;customer+25.0;price+5.24,18960,2026-01-30 14:31:40.396,ZZ DO NOT USE STEEL TURNINGS,FETURN
1426,26,112,1344,0.0,-24.76,158.0,code_diff-40.0;net_wt_over-15.0;customer+25.0;price+5.24,47060,2026-01-30 14:21:23.830,ZZ DO NOT USE STEEL TURNINGS,FETURN
1426,26,110,1342,0.0,-24.76,158.0,code_diff-40.0;net_wt_over-15.0;customer+25.0;price+5.24,56280,2026-01-30 10:17:07.500,ZZ DO NOT USE STEEL TURNINGS,FETURN
1426,26,109,1348,0.0,-24.76,158.0,code_diff-40.0;net_wt_over-15.0;customer+25.0;price+5.24,11020,2026-01-30 07:46:34.000,ZZ DO NOT USE STEEL TURNINGS,FETURN
1426,26,183,1386,0.0,-22.5,158.0,code_diff-40.0;net_wt_over-15.0;date+7.5;customer+25.0,2706,2026-02-09 08:59:06.000,17-4 SOLIDS,174SOLIDS
1424,27,195,1379,100.0,169.99,170.0,code+40.0;desc+20.0;net_wt+40.0;date+25.0;time+11.99;customer+25.0;price+8.0,40300,2026-02-11 07:36:49.000,BUSHELING,Indbush
1424,27,194,1378,83.7,142.26,170.0,code+40.0;desc+20.0;net_wt+12.28;date+25.0;time+11.98;customer+25.0;price+8.0,39540,2026-02-11 07:36:00.000,BUSHELING,Indbush
1424,27,190,1371,58.9,93.0,158.0,code+40.0;desc+20.0;net_wt_over-15.0;date+15.0;customer+25.0;price+8.0,38860,2026-02-10 13:51:38.295,BUSHELING,Indbush
1424,27,146,1359,51.3,81.0,158.0,code+40.0;desc+20.0;net_wt_over-15.0;date+3.0;customer+25.0;price+8.0,36900,2026-02-04 13:39:28.240,BUSHELING,Indbush
1424,27,228,1411,49.4,78.0,158.0,code+40.0;desc+20.0;net_wt_over-15.0;customer+25.0;price+8.0,27840,2026-02-20 13:07:41.995,BUSHELING,Indbush
1424,27,106,1341,49.4,78.0,158.0,code+40.0;desc+20.0;net_wt_over-15.0;customer+25.0;price+8.0,17760,2026-01-29 08:14:45.000,BUSHELING,Indbush
1424,27,230,1413,49.4,78.0,158.0,code+40.0;desc+20.0;net_wt_over-15.0;customer+25.0;price+8.0,27180,2026-02-20 13:09:44.723,BUSHELING,Indbush
1424,27,118,1355,49.4,78.0,158.0,code+40.0;desc+20.0;net_wt_over-15.0;customer+25.0;price+8.0,49780,2026-02-03 07:48:16.000,BUSHELING,Indbush
1424,27,202,1383,49.0,77.47,158.0,code+40.0;desc+20.0;net_wt+17.25;date+15.0;customer_diff-15.0;price+0.22,40960,2026-02-12 14:31:39.935,BUSHELING,Indbush
1424,27,200,1376,28.6,45.22,158.0,code+40.0;desc+20.0;net_wt_over-15.0;date+15.0;customer_diff-15.0;price+0.22,36760,2026-02-12 13:00:24.000,BUSHELING,Indbush
1424,27,188,1369,28.6,45.22,158.0,code+40.0;desc+20.0;net_wt_over-15.0;date+15.0;customer_diff-15.0;price+0.22,38560,2026-02-10 09:32:06.805,BUSHELING,Indbush
1424,27,218,1398,21.0,33.22,158.0,code+40.0;desc+20.0;net_wt_over-15.0;date+3.0;customer_diff-15.0;price+0.22,42100,2026-02-18 13:18:51.493,BUSHELING,Indbush
1424,27,213,1393,21.0,33.22,158.0,code+40.0;desc+20.0;net_wt_over-15.0;date+3.0;customer_diff-15.0;price+0.22,37700,2026-02-17 10:26:08.125,BUSHELING,Indbush
1424,27,145,1358,21.0,33.22,158.0,code+40.0;desc+20.0;net_wt_over-15.0;date+3.0;customer_diff-15.0;price+0.22,37780,2026-02-04 10:53:55.022,BUSHELING,Indbush
1424,27,204,1388,17.7,28.0,158.0,code_diff-40.0;net_wt+40.0;date+3.0;customer+25.0,40340,2026-02-16 07:52:47.000,STEEL WIRE,STWR
1424,27,199,1381,7.6,11.94,158.0,code_diff-40.0;net_wt+34.12;date+15.0;price+2.82,39980,2026-02-12 10:48:32.280,ZZ DO NOT USE - UNPREPARED HMS (UHMS),UNHMS
1424,27,193,1374,2.2,3.77,170.0,code_diff-40.0;net_wt+21.22;date+25.0;time+11.08;customer_diff-15.0;price+1.47,40880,2026-02-11 06:42:09.411,SHEET IRON,SHIRST
1424,27,117,1354,0.0,-30.0,158.0,code_diff-40.0;net_wt_over-15.0;customer+25.0,30460,2026-02-03 07:47:14.000,STEEL WIRE,STWR
1424,27,191,1372,0.0,-15.0,158.0,code_diff-40.0;net_wt_over-15.0;date+15.0;customer+25.0,34200,2026-02-10 13:52:13.344,STEEL WIRE,STWR
1424,27,120,1351,0.0,-28.08,158.0,code_diff-40.0;net_wt_over-15.0;customer+25.0;price+1.92,32440,2026-02-03 11:12:14.088,CLEAN SHEET,CLSHST
1424,27,219,1399,0.0,-27.0,158.0,code_diff-40.0;net_wt_over-15.0;date+3.0;customer+25.0,29180,2026-02-18 15:24:59.512,SHEET IRON,SHIRST
1424,27,227,1410,0.0,-30.0,158.0,code_diff-40.0;net_wt_over-15.0;customer+25.0,32820,2026-02-20 13:01:46.878,SHEET IRON,SHIRST
1424,27,111,1343,0.0,-30.0,158.0,code_diff-40.0;net_wt_over-15.0;customer+25.0,36260,2026-01-30 12:55:16.414,SHEET IRON,SHIRST
1424,27,229,1412,0.0,-30.0,158.0,code_diff-40.0;net_wt_over-15.0;customer+25.0,44380,2026-02-20 13:08:55.105,STEEL WIRE,STWR
1424,27,105,1340,0.0,-30.0,158.0,code_diff-40.0;net_wt_over-15.0;customer+25.0,35920,2026-01-29 08:09:24.000,STEEL WIRE,STWR
1423,28,194,1378,100.0,169.99,170.0,code+40.0;desc+20.0;net_wt+40.0;date+25.0;time+11.99;customer+25.0;price+8.0,39540,2026-02-11 07:36:00.000,BUSHELING,Indbush
1423,28,195,1379,83.3,141.56,170.0,code+40.0;desc+20.0;net_wt+11.56;date+25.0;time+12.0;customer+25.0;price+8.0,40300,2026-02-11 07:36:49.000,BUSHELING,Indbush
1423,28,190,1371,78.2,123.6,158.0,code+40.0;desc+20.0;net_wt+15.6;date+15.0;customer+25.0;price+8.0,38860,2026-02-10 13:51:38.295,BUSHELING,Indbush
1423,28,146,1359,51.3,81.0,158.0,code+40.0;desc+20.0;net_wt_over-15.0;date+3.0;customer+25.0;price+8.0,36900,2026-02-04 13:39:28.240,BUSHELING,Indbush
1423,28,228,1411,49.4,78.0,158.0,code+40.0;desc+20.0;net_wt_over-15.0;customer+25.0;price+8.0,27840,2026-02-20 13:07:41.995,BUSHELING,Indbush
1423,28,106,1341,49.4,78.0,158.0,code+40.0;desc+20.0;net_wt_over-15.0;customer+25.0;price+8.0,17760,2026-01-29 08:14:45.000,BUSHELING,Indbush
1423,28,230,1413,49.4,78.0,158.0,code+40.0;desc+20.0;net_wt_over-15.0;customer+25.0;price+8.0,27180,2026-02-20 13:09:44.723,BUSHELING,Indbush
1423,28,118,1355,49.4,78.0,158.0,code+40.0;desc+20.0;net_wt_over-15.0;customer+25.0;price+8.0,49780,2026-02-03 07:48:16.000,BUSHELING,Indbush
1423,28,188,1369,38.4,60.65,158.0,code+40.0;desc+20.0;net_wt+0.43;date+15.0;customer_diff-15.0;price+0.22,38560,2026-02-10 09:32:06.805,BUSHELING,Indbush
1423,28,202,1383,28.6,45.22,158.0,code+40.0;desc+20.0;net_wt_over-15.0;date+15.0;customer_diff-15.0;price+0.22,40960,2026-02-12 14:31:39.935,BUSHELING,Indbush
1423,28,200,1376,28.6,45.22,158.0,code+40.0;desc+20.0;net_wt_over-15.0;date+15.0;customer_diff-15.0;price+0.22,36760,2026-02-12 13:00:24.000,BUSHELING,Indbush
1423,28,218,1398,21.0,33.22,158.0,code+40.0;desc+20.0;net_wt_over-15.0;date+3.0;customer_diff-15.0;price+0.22,42100,2026-02-18 13:18:51.493,BUSHELING,Indbush
1423,28,213,1393,21.0,33.22,158.0,code+40.0;desc+20.0;net_wt_over-15.0;date+3.0;customer_diff-15.0;price+0.22,37700,2026-02-17 10:26:08.125,BUSHELING,Indbush
1423,28,145,1358,21.0,33.22,158.0,code+40.0;desc+20.0;net_wt_over-15.0;date+3.0;customer_diff-15.0;price+0.22,37780,2026-02-04 10:53:55.022,BUSHELING,Indbush
1423,28,199,1381,3.5,5.56,158.0,code_diff-40.0;net_wt+27.74;date+15.0;price+2.82,39980,2026-02-12 10:48:32.280,ZZ DO NOT USE - UNPREPARED HMS (UHMS),UNHMS
1423,28,117,1354,0.0,-30.0,158.0,code_diff-40.0;net_wt_over-15.0;customer+25.0,30460,2026-02-03 07:47:14.000,STEEL WIRE,STWR
1423,28,204,1388,0.0,-2.47,158.0,code_diff-40.0;net_wt+9.53;date+3.0;customer+25.0,40340,2026-02-16 07:52:47.000,STEEL WIRE,STWR
1423,28,191,1372,0.0,-15.0,158.0,code_diff-40.0;net_wt_over-15.0;date+15.0;customer+25.0,34200,2026-02-10 13:52:13.344,STEEL WIRE,STWR
1423,28,120,1351,0.0,-28.08,158.0,code_diff-40.0;net_wt_over-15.0;customer+25.0;price+1.92,32440,2026-02-03 11:12:14.088,CLEAN SHEET,CLSHST
1423,28,219,1399,0.0,-27.0,158.0,code_diff-40.0;net_wt_over-15.0;date+3.0;customer+25.0,29180,2026-02-18 15:24:59.512,SHEET IRON,SHIRST
1423,28,227,1410,0.0,-30.0,158.0,code_diff-40.0;net_wt_over-15.0;customer+25.0,32820,2026-02-20 13:01:46.878,SHEET IRON,SHIRST
1423,28,111,1343,0.0,-30.0,158.0,code_diff-40.0;net_wt_over-15.0;customer+25.0,36260,2026-01-30 12:55:16.414,SHEET IRON,SHIRST
1423,28,229,1412,0.0,-30.0,158.0,code_diff-40.0;net_wt_over-15.0;customer+25.0,44380,2026-02-20 13:08:55.105,STEEL WIRE,STWR
1423,28,105,1340,0.0,-30.0,158.0,code_diff-40.0;net_wt_over-15.0;customer+25.0,35920,2026-01-29 08:09:24.000,STEEL WIRE,STWR
1417,29,191,1372,100.0,169.99,170.0,code+40.0;desc+20.0;net_wt+40.0;date+25.0;time+11.99;customer+25.0;price+8.0,34200,2026-02-10 13:52:13.344,STEEL WIRE,STWR
1417,29,204,1388,51.3,81.0,158.0,code+40.0;desc+20.0;net_wt_over-15.0;date+3.0;customer+25.0;price+8.0,40340,2026-02-16 07:52:47.000,STEEL WIRE,STWR
1417,29,117,1354,51.3,81.0,158.0,code+40.0;desc+20.0;net_wt_over-15.0;date+3.0;customer+25.0;price+8.0,30460,2026-02-03 07:47:14.000,STEEL WIRE,STWR
1417,29,229,1412,49.4,78.0,158.0,code+40.0;desc+20.0;net_wt_over-15.0;customer+25.0;price+8.0,44380,2026-02-20 13:08:55.105,STEEL WIRE,STWR
1417,29,105,1340,49.4,78.0,158.0,code+40.0;desc+20.0;net_wt_over-15.0;customer+25.0;price+8.0,35920,2026-01-29 08:09:24.000,STEEL WIRE,STWR
1417,29,190,1371,4.1,6.98,170.0,code_diff-40.0;net_wt_over-15.0;date+25.0;time+11.98;customer+25.0,38860,2026-02-10 13:51:38.295,BUSHELING,Indbush
1417,29,120,1351,0.0,-27.0,158.0,code_diff-40.0;net_wt_over-15.0;date+3.0;customer+25.0,32440,2026-02-03 11:12:14.088,CLEAN SHEET,CLSHST
1417,29,146,1359,0.0,-27.0,158.0,code_diff-40.0;net_wt_over-15.0;date+3.0;customer+25.0,36900,2026-02-04 13:39:28.240,BUSHELING,Indbush
1417,29,106,1341,0.0,-30.0,158.0,code_diff-40.0;net_wt_over-15.0;customer+25.0,17760,2026-01-29 08:14:45.000,BUSHELING,Indbush
1417,29,194,1378,0.0,-15.0,158.0,code_diff-40.0;net_wt_over-15.0;date+15.0;customer+25.0,39540,2026-02-11 07:36:00.000,BUSHELING,Indbush
1417,29,195,1379,0.0,-15.0,158.0,code_diff-40.0;net_wt_over-15.0;date+15.0;customer+25.0,40300,2026-02-11 07:36:49.000,BUSHELING,Indbush
1417,29,118,1355,0.0,-27.0,158.0,code_diff-40.0;net_wt_over-15.0;date+3.0;customer+25.0,49780,2026-02-03 07:48:16.000,BUSHELING,Indbush
1417,29,219,1399,0.0,-27.52,158.0,code_diff-40.0;net_wt_over-15.0;customer+25.0;price+2.48,29180,2026-02-18 15:24:59.512,SHEET IRON,SHIRST
1417,29,227,1410,0.0,-25.96,158.0,code_diff-40.0;net_wt_over-15.0;customer+25.0;price+4.04,32820,2026-02-20 13:01:46.878,SHEET IRON,SHIRST
1417,29,228,1411,0.0,-30.0,158.0,code_diff-40.0;net_wt_over-15.0;customer+25.0,27840,2026-02-20 13:07:41.995,BUSHELING,Indbush
1417,29,111,1343,0.0,-27.52,158.0,code_diff-40.0;net_wt_over-15.0;customer+25.0;price+2.48,36260,2026-01-30 12:55:16.414,SHEET IRON,SHIRST
1417,29,230,1413,0.0,-30.0,158.0,code_diff-40.0;net_wt_over-15.0;customer+25.0,27180,2026-02-20 13:09:44.723,BUSHELING,Indbush
1416,30,190,1371,100.0,169.99,170.0,code+40.0;desc+20.0;net_wt+40.0;date+25.0;time+11.99;customer+25.0;price+8.0,38860,2026-02-10 13:51:38.295,BUSHELING,Indbush
1416,30,194,1378,77.8,123.0,158.0,code+40.0;desc+20.0;net_wt+15.0;date+15.0;customer+25.0;price+8.0,39540,2026-02-11 07:36:00.000,BUSHELING,Indbush
1416,30,188,1369,66.1,112.45,170.0,code+40.0;desc+20.0;net_wt+34.56;date+25.0;time+7.67;customer_diff-15.0;price+0.22,38560,2026-02-10 09:32:06.805,BUSHELING,Indbush
1416,30,195,1379,58.9,93.0,158.0,code+40.0;desc+20.0;net_wt_over-15.0;date+15.0;customer+25.0;price+8.0,40300,2026-02-11 07:36:49.000,BUSHELING,Indbush
1416,30,146,1359,51.3,81.0,158.0,code+40.0;desc+20.0;net_wt_over-15.0;date+3.0;customer+25.0;price+8.0,36900,2026-02-04 13:39:28.240,BUSHELING,Indbush
1416,30,118,1355,51.3,81.0,158.0,code+40.0;desc+20.0;net_wt_over-15.0;date+3.0;customer+25.0;price+8.0,49780,2026-02-03 07:48:16.000,BUSHELING,Indbush
1416,30,228,1411,49.4,78.0,158.0,code+40.0;desc+20.0;net_wt_over-15.0;customer+25.0;price+8.0,27840,2026-02-20 13:07:41.995,BUSHELING,Indbush
1416,30,230,1413,49.4,78.0,158.0,code+40.0;desc+20.0;net_wt_over-15.0;customer+25.0;price+8.0,27180,2026-02-20 13:09:44.723,BUSHELING,Indbush
1416,30,106,1341,49.4,78.0,158.0,code+40.0;desc+20.0;net_wt_over-15.0;customer+25.0;price+8.0,17760,2026-01-29 08:14:45.000,BUSHELING,Indbush
1416,30,200,1376,23.9,37.72,158.0,code+40.0;desc+20.0;net_wt_over-15.0;date+7.5;customer_diff-15.0;price+0.22,36760,2026-02-12 13:00:24.000,BUSHELING,Indbush
1416,30,202,1383,23.9,37.72,158.0,code+40.0;desc+20.0;net_wt_over-15.0;date+7.5;customer_diff-15.0;price+0.22,40960,2026-02-12 14:31:39.935,BUSHELING,Indbush
1416,30,145,1358,21.0,33.22,158.0,code+40.0;desc+20.0;net_wt_over-15.0;date+3.0;customer_diff-15.0;price+0.22,37780,2026-02-04 10:53:55.022,BUSHELING,Indbush
1416,30,213,1393,21.0,33.22,158.0,code+40.0;desc+20.0;net_wt_over-15.0;date+3.0;customer_diff-15.0;price+0.22,37700,2026-02-17 10:26:08.125,BUSHELING,Indbush
1416,30,218,1398,19.1,30.22,158.0,code+40.0;desc+20.0;net_wt_over-15.0;customer_diff-15.0;price+0.22,42100,2026-02-18 13:18:51.493,BUSHELING,Indbush
1416,30,191,1372,4.1,7.0,170.0,code_diff-40.0;net_wt_over-15.0;date+25.0;time+12.0;customer+25.0,34200,2026-02-10 13:52:13.344,STEEL WIRE,STWR
1416,30,120,1351,0.0,-25.08,158.0,code_diff-40.0;net_wt_over-15.0;date+3.0;customer+25.0;price+1.92,32440,2026-02-03 11:12:14.088,CLEAN SHEET,CLSHST
1416,30,117,1354,0.0,-27.0,158.0,code_diff-40.0;net_wt_over-15.0;date+3.0;customer+25.0,30460,2026-02-03 07:47:14.000,STEEL WIRE,STWR
1416,30,105,1340,0.0,-30.0,158.0,code_diff-40.0;net_wt_over-15.0;customer+25.0,35920,2026-01-29 08:09:24.000,STEEL WIRE,STWR
1416,30,111,1343,0.0,-30.0,158.0,code_diff-40.0;net_wt_over-15.0;customer+25.0,36260,2026-01-30 12:55:16.414,SHEET IRON,SHIRST
1416,30,204,1388,0.0,-27.0,158.0,code_diff-40.0;net_wt_over-15.0;date+3.0;customer+25.0,40340,2026-02-16 07:52:47.000,STEEL WIRE,STWR
1416,30,219,1399,0.0,-30.0,158.0,code_diff-40.0;net_wt_over-15.0;customer+25.0,29180,2026-02-18 15:24:59.512,SHEET IRON,SHIRST
1416,30,227,1410,0.0,-30.0,158.0,code_diff-40.0;net_wt_over-15.0;customer+25.0,32820,2026-02-20 13:01:46.878,SHEET IRON,SHIRST
1416,30,229,1412,0.0,-30.0,158.0,code_diff-40.0;net_wt_over-15.0;customer+25.0,44380,2026-02-20 13:08:55.105,STEEL WIRE,STWR
1416,30,104,1336,0.0,-40.14,158.0,code_diff-40.0;net_wt+12.94;customer_diff-15.0;price+1.92,38140,2026-01-29 07:54:33.000,SHEET IRON,SHIRST
1415,31,189,1370,100.0,169.99,170.0,code+40.0;desc+20.0;net_wt+40.0;date+25.0;time+11.99;customer+25.0;price+8.0,20980,2026-02-10 13:51:04.231,ZZ DO NOT USE STEEL TURNINGS,FETURN
1415,31,142,1360,86.1,136.0,158.0,code+40.0;desc+20.0;net_wt+40.0;date+3.0;customer+25.0;price+8.0,21020,2026-02-04 07:39:05.000,ZZ DO NOT USE STEEL TURNINGS,FETURN
1415,31,187,1368,64.5,109.64,170.0,code+40.0;desc+20.0;net_wt_over-15.0;date+25.0;time+6.64;customer+25.0;price+8.0,14140,2026-02-10 08:29:58.000,ZZ DO NOT USE STEEL TURNINGS,FETURN
1415,31,180,1367,58.9,93.0,158.0,code+40.0;desc+20.0;net_wt_over-15.0;date+15.0;customer+25.0;price+8.0,22600,2026-02-09 07:35:00.000,ZZ DO NOT USE STEEL TURNINGS,FETURN
1415,31,143,1361,51.3,81.0,158.0,code+40.0;desc+20.0;net_wt_over-15.0;date+3.0;customer+25.0;price+8.0,17400,2026-02-04 07:40:36.000,ZZ DO NOT USE STEEL TURNINGS,FETURN
1415,31,179,1365,51.3,81.0,158.0,code+40.0;desc+20.0;net_wt_over-15.0;date+3.0;customer+25.0;price+8.0,25760,2026-02-06 14:00:47.342,ZZ DO NOT USE STEEL TURNINGS,FETURN
1415,31,107,1338,49.4,78.0,158.0,code+40.0;desc+20.0;net_wt_over-15.0;customer+25.0;price+8.0,50820,2026-01-29 08:22:54.697,ZZ DO NOT USE STEEL TURNINGS,FETURN
1415,31,109,1348,49.4,78.0,158.0,code+40.0;desc+20.0;net_wt_over-15.0;customer+25.0;price+8.0,11020,2026-01-30 07:46:34.000,ZZ DO NOT USE STEEL TURNINGS,FETURN
1415,31,110,1342,49.4,78.0,158.0,code+40.0;desc+20.0;net_wt_over-15.0;customer+25.0;price+8.0,56280,2026-01-30 10:17:07.500,ZZ DO NOT USE STEEL TURNINGS,FETURN
1415,31,112,1344,49.4,78.0,158.0,code+40.0;desc+20.0;net_wt_over-15.0;customer+25.0;price+8.0,47060,2026-01-30 14:21:23.830,ZZ DO NOT USE STEEL TURNINGS,FETURN
1415,31,113,1345,49.4,78.0,158.0,code+40.0;desc+20.0;net_wt_over-15.0;customer+25.0;price+8.0,18960,2026-01-30 14:31:40.396,ZZ DO NOT USE STEEL TURNINGS,FETURN
1415,31,119,1350,24.0,37.98,158.0,code+40.0;desc+20.0;net_wt_over-15.0;date+3.0;customer_diff-15.0;price+4.98,49500,2026-02-03 09:33:09.682,ZZ DO NOT USE STEEL TURNINGS,FETURN
1415,31,224,1408,0.0,-25.62,158.0,code_diff-40.0;net_wt_over-15.0;customer+25.0;price+4.38,12280,2026-02-19 14:22:17.061,STEEL TURNING,TURNSTEEL
1415,31,223,1407,0.0,-25.62,158.0,code_diff-40.0;net_wt_over-15.0;customer+25.0;price+4.38,56480,2026-02-19 14:21:42.681,STEEL TURNING,TURNSTEEL
1415,31,222,1406,0.0,-25.62,158.0,code_diff-40.0;net_wt_over-15.0;customer+25.0;price+4.38,15220,2026-02-19 11:50:58.539,STEEL TURNING,TURNSTEEL
1415,31,201,1382,0.0,-17.52,158.0,code_diff-40.0;net_wt_over-15.0;date+7.5;customer+25.0;price+4.98,29040,2026-02-12 13:59:33.441,STEEL BANDING (FE),STBD
1415,31,103,1337,0.0,-25.02,158.0,code_diff-40.0;net_wt_over-15.0;customer+25.0;price+4.98,23980,2026-01-28 14:08:13.088,STEEL BANDING (FE),STBD
1415,31,181,1386,0.0,-15.0,158.0,code_diff-40.0;net_wt_over-15.0;date+15.0;customer+25.0,366,2026-02-09 08:59:06.000,ALUMINUM MLC,ALUMLC
1415,31,185,1386,0.0,-15.0,158.0,code_diff-40.0;net_wt_over-15.0;date+15.0;customer+25.0,1182,2026-02-09 08:59:06.000,EDM WIRE,EDMW
1415,31,184,1386,0.0,-15.0,158.0,code_diff-40.0;net_wt_over-15.0;date+15.0;customer+25.0,638,2026-02-09 08:59:06.000,ZZ DO NOT USE - ALUMINUM TURNINGS,ALMTRNG
1415,31,183,1386,0.0,-15.0,158.0,code_diff-40.0;net_wt_over-15.0;date+15.0;customer+25.0,2706,2026-02-09 08:59:06.000,17-4 SOLIDS,174SOLIDS
1415,31,182,1386,0.0,-15.0,158.0,code_diff-40.0;net_wt_over-15.0;date+15.0;customer+25.0,263,2026-02-09 08:59:06.000,TUNGSTEN MOLY TA INSERTS,TUNGMOTAINS
1415,31,104,1336,0.0,-25.02,158.0,code_diff-40.0;net_wt_over-15.0;customer+25.0;price+4.98,38140,2026-01-29 07:54:33.000,SHEET IRON,SHIRST
1415,31,231,1418,0.0,-25.62,158.0,code_diff-40.0;net_wt_over-15.0;customer+25.0;price+4.38,19820,2026-02-23 07:06:00.000,STEEL TURNING,TURNSTEEL
1413,32,187,1368,93.7,148.0,158.0,code+40.0;desc+20.0;net_wt+40.0;date+15.0;customer+25.0;price+8.0,14140,2026-02-10 08:29:58.000,ZZ DO NOT USE STEEL TURNINGS,FETURN
1413,32,180,1367,67.1,114.07,170.0,code+40.0;desc+20.0;net_wt_over-15.0;date+25.0;time+11.07;customer+25.0;price+8.0,22600,2026-02-09 07:35:00.000,ZZ DO NOT USE STEEL TURNINGS,FETURN
1413,32,189,1370,58.9,93.0,158.0,code+40.0;desc+20.0;net_wt_over-15.0;date+15.0;customer+25.0;price+8.0,20980,2026-02-10 13:51:04.231,ZZ DO NOT USE STEEL TURNINGS,FETURN
1413,32,179,1365,54.1,85.5,158.0,code+40.0;desc+20.0;net_wt_over-15.0;date+7.5;customer+25.0;price+8.0,25760,2026-02-06 14:00:47.342,ZZ DO NOT USE STEEL TURNINGS,FETURN
1413,32,142,1360,51.3,81.0,158.0,code+40.0;desc+20.0;net_wt_over-15.0;date+3.0;customer+25.0;price+8.0,21020,2026-02-04 07:39:05.000,ZZ DO NOT USE STEEL TURNINGS,FETURN
1413,32,143,1361,51.3,81.0,158.0,code+40.0;desc+20.0;net_wt_over-15.0;date+3.0;customer+25.0;price+8.0,17400,2026-02-04 07:40:36.000,ZZ DO NOT USE STEEL TURNINGS,FETURN
1413,32,109,1348,49.4,78.0,158.0,code+40.0;desc+20.0;net_wt_over-15.0;customer+25.0;price+8.0,11020,2026-01-30 07:46:34.000,ZZ DO NOT USE STEEL TURNINGS,FETURN
1413,32,110,1342,49.4,78.0,158.0,code+40.0;desc+20.0;net_wt_over-15.0;customer+25.0;price+8.0,56280,2026-01-30 10:17:07.500,ZZ DO NOT USE STEEL TURNINGS,FETURN
1413,32,112,1344,49.4,78.0,158.0,code+40.0;desc+20.0;net_wt_over-15.0;customer+25.0;price+8.0,47060,2026-01-30 14:21:23.830,ZZ DO NOT USE STEEL TURNINGS,FETURN
1413,32,113,1345,49.4,78.0,158.0,code+40.0;desc+20.0;net_wt_over-15.0;customer+25.0;price+8.0,18960,2026-01-30 14:31:40.396,ZZ DO NOT USE STEEL TURNINGS,FETURN
1413,32,107,1338,49.4,78.0,158.0,code+40.0;desc+20.0;net_wt_over-15.0;customer+25.0;price+8.0,50820,2026-01-29 08:22:54.697,ZZ DO NOT USE STEEL TURNINGS,FETURN
1413,32,119,1350,24.0,37.98,158.0,code+40.0;desc+20.0;net_wt_over-15.0;date+3.0;customer_diff-15.0;price+4.98,49500,2026-02-03 09:33:09.682,ZZ DO NOT USE STEEL TURNINGS,FETURN
1413,32,181,1386,3.8,6.52,170.0,code_diff-40.0;net_wt_over-15.0;date+25.0;time+11.52;customer+25.0,366,2026-02-09 08:59:06.000,ALUMINUM MLC,ALUMLC
1413,32,182,1386,3.8,6.52,170.0,code_diff-40.0;net_wt_over-15.0;date+25.0;time+11.52;customer+25.0,263,2026-02-09 08:59:06.000,TUNGSTEN MOLY TA INSERTS,TUNGMOTAINS
1413,32,183,1386,3.8,6.52,170.0,code_diff-40.0;net_wt_over-15.0;date+25.0;time+11.52;customer+25.0,2706,2026-02-09 08:59:06.000,17-4 SOLIDS,174SOLIDS
1413,32,184,1386,3.8,6.52,170.0,code_diff-40.0;net_wt_over-15.0;date+25.0;time+11.52;customer+25.0,638,2026-02-09 08:59:06.000,ZZ DO NOT USE - ALUMINUM TURNINGS,ALMTRNG
1413,32,185,1386,3.8,6.52,170.0,code_diff-40.0;net_wt_over-15.0;date+25.0;time+11.52;customer+25.0,1182,2026-02-09 08:59:06.000,EDM WIRE,EDMW
1413,32,222,1406,0.0,-25.62,158.0,code_diff-40.0;net_wt_over-15.0;customer+25.0;price+4.38,15220,2026-02-19 11:50:58.539,STEEL TURNING,TURNSTEEL
1413,32,223,1407,0.0,-25.62,158.0,code_diff-40.0;net_wt_over-15.0;customer+25.0;price+4.38,56480,2026-02-19 14:21:42.681,STEEL TURNING,TURNSTEEL
1413,32,103,1337,0.0,-25.02,158.0,code_diff-40.0;net_wt_over-15.0;customer+25.0;price+4.98,23980,2026-01-28 14:08:13.088,STEEL BANDING (FE),STBD
1413,32,201,1382,0.0,-17.52,158.0,code_diff-40.0;net_wt_over-15.0;date+7.5;customer+25.0;price+4.98,29040,2026-02-12 13:59:33.441,STEEL BANDING (FE),STBD
1413,32,104,1336,0.0,-25.02,158.0,code_diff-40.0;net_wt_over-15.0;customer+25.0;price+4.98,38140,2026-01-29 07:54:33.000,SHEET IRON,SHIRST
1413,32,224,1408,0.0,-25.62,158.0,code_diff-40.0;net_wt_over-15.0;customer+25.0;price+4.38,12280,2026-02-19 14:22:17.061,STEEL TURNING,TURNSTEEL
1412,33,180,1367,100.0,169.99,170.0,code+40.0;desc+20.0;net_wt+40.0;date+25.0;time+11.99;customer+25.0;price+8.0,22600,2026-02-09 07:35:00.000,ZZ DO NOT USE STEEL TURNINGS,FETURN
1412,33,187,1368,58.9,93.0,158.0,code+40.0;desc+20.0;net_wt_over-15.0;date+15.0;customer+25.0;price+8.0,14140,2026-02-10 08:29:58.000,ZZ DO NOT USE STEEL TURNINGS,FETURN
1412,33,189,1370,58.9,93.0,158.0,code+40.0;desc+20.0;net_wt_over-15.0;date+15.0;customer+25.0;price+8.0,20980,2026-02-10 13:51:04.231,ZZ DO NOT USE STEEL TURNINGS,FETURN
1412,33,179,1365,54.1,85.5,158.0,code+40.0;desc+20.0;net_wt_over-15.0;date+7.5;customer+25.0;price+8.0,25760,2026-02-06 14:00:47.342,ZZ DO NOT USE STEEL TURNINGS,FETURN
1412,33,142,1360,51.3,81.0,158.0,code+40.0;desc+20.0;net_wt_over-15.0;date+3.0;customer+25.0;price+8.0,21020,2026-02-04 07:39:05.000,ZZ DO NOT USE STEEL TURNINGS,FETURN
1412,33,143,1361,51.3,81.0,158.0,code+40.0;desc+20.0;net_wt_over-15.0;date+3.0;customer+25.0;price+8.0,17400,2026-02-04 07:40:36.000,ZZ DO NOT USE STEEL TURNINGS,FETURN
1412,33,107,1338,49.4,78.0,158.0,code+40.0;desc+20.0;net_wt_over-15.0;customer+25.0;price+8.0,50820,2026-01-29 08:22:54.697,ZZ DO NOT USE STEEL TURNINGS,FETURN
1412,33,110,1342,49.4,78.0,158.0,code+40.0;desc+20.0;net_wt_over-15.0;customer+25.0;price+8.0,56280,2026-01-30 10:17:07.500,ZZ DO NOT USE STEEL TURNINGS,FETURN
1412,33,109,1348,49.4,78.0,158.0,code+40.0;desc+20.0;net_wt_over-15.0;customer+25.0;price+8.0,11020,2026-01-30 07:46:34.000,ZZ DO NOT USE STEEL TURNINGS,FETURN
1412,33,113,1345,49.4,78.0,158.0,code+40.0;desc+20.0;net_wt_over-15.0;customer+25.0;price+8.0,18960,2026-01-30 14:31:40.396,ZZ DO NOT USE STEEL TURNINGS,FETURN
1412,33,112,1344,49.4,78.0,158.0,code+40.0;desc+20.0;net_wt_over-15.0;customer+25.0;price+8.0,47060,2026-01-30 14:21:23.830,ZZ DO NOT USE STEEL TURNINGS,FETURN
1412,33,119,1350,24.0,37.98,158.0,code+40.0;desc+20.0;net_wt_over-15.0;date+3.0;customer_diff-15.0;price+4.98,49500,2026-02-03 09:33:09.682,ZZ DO NOT USE STEEL TURNINGS,FETURN
1412,33,181,1386,3.3,5.61,170.0,code_diff-40.0;net_wt_over-15.0;date+25.0;time+10.61;customer+25.0,366,2026-02-09 08:59:06.000,ALUMINUM MLC,ALUMLC
1412,33,182,1386,3.3,5.61,170.0,code_diff-40.0;net_wt_over-15.0;date+25.0;time+10.61;customer+25.0,263,2026-02-09 08:59:06.000,TUNGSTEN MOLY TA INSERTS,TUNGMOTAINS
1412,33,183,1386,3.3,5.61,170.0,code_diff-40.0;net_wt_over-15.0;date+25.0;time+10.61;customer+25.0,2706,2026-02-09 08:59:06.000,17-4 SOLIDS,174SOLIDS
1412,33,184,1386,3.3,5.61,170.0,code_diff-40.0;net_wt_over-15.0;date+25.0;time+10.61;customer+25.0,638,2026-02-09 08:59:06.000,ZZ DO NOT USE - ALUMINUM TURNINGS,ALMTRNG
1412,33,185,1386,3.3,5.61,170.0,code_diff-40.0;net_wt_over-15.0;date+25.0;time+10.61;customer+25.0,1182,2026-02-09 08:59:06.000,EDM WIRE,EDMW
1412,33,214,1380,0.0,-45.71,158.0,code_diff-40.0;net_wt+9.29;customer_diff-15.0,23060,2026-02-17 10:40:46.000,6061 TURNINGS,AL6061TURNS
1412,33,222,1406,0.0,-25.62,158.0,code_diff-40.0;net_wt_over-15.0;customer+25.0;price+4.38,15220,2026-02-19 11:50:58.539,STEEL TURNING,TURNSTEEL
1412,33,223,1407,0.0,-25.62,158.0,code_diff-40.0;net_wt_over-15.0;customer+25.0;price+4.38,56480,2026-02-19 14:21:42.681,STEEL TURNING,TURNSTEEL
1412,33,103,1337,0.0,-25.02,158.0,code_diff-40.0;net_wt_over-15.0;customer+25.0;price+4.98,23980,2026-01-28 14:08:13.088,STEEL BANDING (FE),STBD
1412,33,201,1382,0.0,-17.52,158.0,code_diff-40.0;net_wt_over-15.0;date+7.5;customer+25.0;price+4.98,29040,2026-02-12 13:59:33.441,STEEL BANDING (FE),STBD
1412,33,104,1336,0.0,-25.02,158.0,code_diff-40.0;net_wt_over-15.0;customer+25.0;price+4.98,38140,2026-01-29 07:54:33.000,SHEET IRON,SHIRST
1412,33,178,1364,0.0,-10.3,158.0,code_diff-40.0;net_wt+35.84;date+7.5;customer_diff-15.0;price+1.36,22440,2026-02-06 08:05:25.203,UNPREPARED P&S,UNPREP
1412,33,224,1408,0.0,-25.62,158.0,code_diff-40.0;net_wt_over-15.0;customer+25.0;price+4.38,12280,2026-02-19 14:22:17.061,STEEL TURNING,TURNSTEEL
1410,34,179,1365,99.9,169.84,170.0,code+40.0;desc+20.0;net_wt+40.0;date+25.0;time+11.84;customer+25.0;price+8.0,25760,2026-02-06 14:00:47.342,ZZ DO NOT USE STEEL TURNINGS,FETURN
1410,34,180,1367,54.1,85.5,158.0,code+40.0;desc+20.0;net_wt_over-15.0;date+7.5;customer+25.0;price+8.0,22600,2026-02-09 07:35:00.000,ZZ DO NOT USE STEEL TURNINGS,FETURN
1410,34,142,1360,54.1,85.5,158.0,code+40.0;desc+20.0;net_wt_over-15.0;date+7.5;customer+25.0;price+8.0,21020,2026-02-04 07:39:05.000,ZZ DO NOT USE STEEL TURNINGS,FETURN
1410,34,143,1361,54.1,85.5,158.0,code+40.0;desc+20.0;net_wt_over-15.0;date+7.5;customer+25.0;price+8.0,17400,2026-02-04 07:40:36.000,ZZ DO NOT USE STEEL TURNINGS,FETURN
1410,34,109,1348,51.3,81.0,158.0,code+40.0;desc+20.0;net_wt_over-15.0;date+3.0;customer+25.0;price+8.0,11020,2026-01-30 07:46:34.000,ZZ DO NOT USE STEEL TURNINGS,FETURN
1410,34,110,1342,51.3,81.0,158.0,code+40.0;desc+20.0;net_wt_over-15.0;date+3.0;customer+25.0;price+8.0,56280,2026-01-30 10:17:07.500,ZZ DO NOT USE STEEL TURNINGS,FETURN
1410,34,112,1344,51.3,81.0,158.0,code+40.0;desc+20.0;net_wt_over-15.0;date+3.0;customer+25.0;price+8.0,47060,2026-01-30 14:21:23.830,ZZ DO NOT USE STEEL TURNINGS,FETURN
1410,34,113,1345,51.3,81.0,158.0,code+40.0;desc+20.0;net_wt_over-15.0;date+3.0;customer+25.0;price+8.0,18960,2026-01-30 14:31:40.396,ZZ DO NOT USE STEEL TURNINGS,FETURN
1410,34,189,1370,51.3,81.0,158.0,code+40.0;desc+20.0;net_wt_over-15.0;date+3.0;customer+25.0;price+8.0,20980,2026-02-10 13:51:04.231,ZZ DO NOT USE STEEL TURNINGS,FETURN
1410,34,187,1368,51.3,81.0,158.0,code+40.0;desc+20.0;net_wt_over-15.0;date+3.0;customer+25.0;price+8.0,14140,2026-02-10 08:29:58.000,ZZ DO NOT USE STEEL TURNINGS,FETURN
1410,34,107,1338,49.4,78.0,158.0,code+40.0;desc+20.0;net_wt_over-15.0;customer+25.0;price+8.0,50820,2026-01-29 08:22:54.697,ZZ DO NOT USE STEEL TURNINGS,FETURN
1410,34,119,1350,26.9,42.48,158.0,code+40.0;desc+20.0;net_wt_over-15.0;date+7.5;customer_diff-15.0;price+4.98,49500,2026-02-03 09:33:09.682,ZZ DO NOT USE STEEL TURNINGS,FETURN
1410,34,185,1386,0.0,-22.5,158.0,code_diff-40.0;net_wt_over-15.0;date+7.5;customer+25.0,1182,2026-02-09 08:59:06.000,EDM WIRE,EDMW
1410,34,223,1407,0.0,-25.62,158.0,code_diff-40.0;net_wt_over-15.0;customer+25.0;price+4.38,56480,2026-02-19 14:21:42.681,STEEL TURNING,TURNSTEEL
1410,34,222,1406,0.0,-25.62,158.0,code_diff-40.0;net_wt_over-15.0;customer+25.0;price+4.38,15220,2026-02-19 11:50:58.539,STEEL TURNING,TURNSTEEL
1410,34,201,1382,0.0,-22.02,158.0,code_diff-40.0;net_wt_over-15.0;date+3.0;customer+25.0;price+4.98,29040,2026-02-12 13:59:33.441,STEEL BANDING (FE),STBD
1410,34,103,1337,0.0,-25.02,158.0,code_diff-40.0;net_wt_over-15.0;customer+25.0;price+4.98,23980,2026-01-28 14:08:13.088,STEEL BANDING (FE),STBD
1410,34,184,1386,0.0,-22.5,158.0,code_diff-40.0;net_wt_over-15.0;date+7.5;customer+25.0,638,2026-02-09 08:59:06.000,ZZ DO NOT USE - ALUMINUM TURNINGS,ALMTRNG
1410,34,183,1386,0.0,-22.5,158.0,code_diff-40.0;net_wt_over-15.0;date+7.5;customer+25.0,2706,2026-02-09 08:59:06.000,17-4 SOLIDS,174SOLIDS
1410,34,182,1386,0.0,-22.5,158.0,code_diff-40.0;net_wt_over-15.0;date+7.5;customer+25.0,263,2026-02-09 08:59:06.000,TUNGSTEN MOLY TA INSERTS,TUNGMOTAINS
1410,34,181,1386,0.0,-22.5,158.0,code_diff-40.0;net_wt_over-15.0;date+7.5;customer+25.0,366,2026-02-09 08:59:06.000,ALUMINUM MLC,ALUMLC
1410,34,104,1336,0.0,-25.02,158.0,code_diff-40.0;net_wt_over-15.0;customer+25.0;price+4.98,38140,2026-01-29 07:54:33.000,SHEET IRON,SHIRST
1410,34,224,1408,0.0,-25.62,158.0,code_diff-40.0;net_wt_over-15.0;customer+25.0;price+4.38,12280,2026-02-19 14:22:17.061,STEEL TURNING,TURNSTEEL
1429,35,185,1386,88.9,140.5,158.0,code+40.0;desc+20.0;net_wt+40.0;date+7.5;customer+25.0;price+8.0,1182,2026-02-09 08:59:06.000,EDM WIRE,EDMW
1429,35,162,1363,43.2,73.44,170.0,code+40.0;desc+20.0;net_wt_over-15.0;date+25.0;time+10.84;customer_diff-15.0;price+7.6,742,2026-02-06 07:53:21.003,EDM WIRE,EDMW
1429,35,121,1352,28.5,45.1,158.0,code+40.0;desc+20.0;net_wt_over-15.0;date+7.5;customer_diff-15.0;price+7.6,493,2026-02-03 11:46:42.440,EDM WIRE,EDMW
1429,35,179,1365,1.2,2.04,170.0,code_diff-40.0;net_wt_over-15.0;date+25.0;time+7.04;customer+25.0,25760,2026-02-06 14:00:47.342,ZZ DO NOT USE STEEL TURNINGS,FETURN
1429,35,181,1386,0.0,-22.5,158.0,code_diff-40.0;net_wt_over-15.0;date+7.5;customer+25.0,366,2026-02-09 08:59:06.000,ALUMINUM MLC,ALUMLC
1429,35,223,1407,0.0,-30.0,158.0,code_diff-40.0;net_wt_over-15.0;customer+25.0,56480,2026-02-19 14:21:42.681,STEEL TURNING,TURNSTEEL
1429,35,222,1406,0.0,-30.0,158.0,code_diff-40.0;net_wt_over-15.0;customer+25.0,15220,2026-02-19 11:50:58.539,STEEL TURNING,TURNSTEEL
1429,35,201,1382,0.0,-27.0,158.0,code_diff-40.0;net_wt_over-15.0;date+3.0;customer+25.0,29040,2026-02-12 13:59:33.441,STEEL BANDING (FE),STBD
1429,35,189,1370,0.0,-27.0,158.0,code_diff-40.0;net_wt_over-15.0;date+3.0;customer+25.0,20980,2026-02-10 13:51:04.231,ZZ DO NOT USE STEEL TURNINGS,FETURN
1429,35,187,1368,0.0,-27.0,158.0,code_diff-40.0;net_wt_over-15.0;date+3.0;customer+25.0,14140,2026-02-10 08:29:58.000,ZZ DO NOT USE STEEL TURNINGS,FETURN
1429,35,184,1386,0.0,-22.5,158.0,code_diff-40.0;net_wt_over-15.0;date+7.5;customer+25.0,638,2026-02-09 08:59:06.000,ZZ DO NOT USE - ALUMINUM TURNINGS,ALMTRNG
1429,35,183,1386,0.0,-22.5,158.0,code_diff-40.0;net_wt_over-15.0;date+7.5;customer+25.0,2706,2026-02-09 08:59:06.000,17-4 SOLIDS,174SOLIDS
1429,35,182,1386,0.0,-22.5,158.0,code_diff-40.0;net_wt_over-15.0;date+7.5;customer+25.0,263,2026-02-09 08:59:06.000,TUNGSTEN MOLY TA INSERTS,TUNGMOTAINS
1429,35,103,1337,0.0,-30.0,158.0,code_diff-40.0;net_wt_over-15.0;customer+25.0,23980,2026-01-28 14:08:13.088,STEEL BANDING (FE),STBD
1429,35,180,1367,0.0,-22.5,158.0,code_diff-40.0;net_wt_over-15.0;date+7.5;customer+25.0,22600,2026-02-09 07:35:00.000,ZZ DO NOT USE STEEL TURNINGS,FETURN
1429,35,104,1336,0.0,-30.0,158.0,code_diff-40.0;net_wt_over-15.0;customer+25.0,38140,2026-01-29 07:54:33.000,SHEET IRON,SHIRST
1429,35,163,1363,0.0,-4.69,170.0,code_diff-40.0;net_wt+14.47;date+25.0;time+10.84;customer_diff-15.0,1161,2026-02-06 07:53:21.003,IRONY EXTRUSIONS,AL063FE
1429,35,143,1361,0.0,-22.5,158.0,code_diff-40.0;net_wt_over-15.0;date+7.5;customer+25.0,17400,2026-02-04 07:40:36.000,ZZ DO NOT USE STEEL TURNINGS,FETURN
1429,35,142,1360,0.0,-22.5,158.0,code_diff-40.0;net_wt_over-15.0;date+7.5;customer+25.0,21020,2026-02-04 07:39:05.000,ZZ DO NOT USE STEEL TURNINGS,FETURN
1429,35,113,1345,0.0,-27.0,158.0,code_diff-40.0;net_wt_over-15.0;date+3.0;customer+25.0,18960,2026-01-30 14:31:40.396,ZZ DO NOT USE STEEL TURNINGS,FETURN
1429,35,112,1344,0.0,-27.0,158.0,code_diff-40.0;net_wt_over-15.0;date+3.0;customer+25.0,47060,2026-01-30 14:21:23.830,ZZ DO NOT USE STEEL TURNINGS,FETURN
1429,35,110,1342,0.0,-27.0,158.0,code_diff-40.0;net_wt_over-15.0;date+3.0;customer+25.0,56280,2026-01-30 10:17:07.500,ZZ DO NOT USE STEEL TURNINGS,FETURN
1429,35,109,1348,0.0,-27.0,158.0,code_diff-40.0;net_wt_over-15.0;date+3.0;customer+25.0,11020,2026-01-30 07:46:34.000,ZZ DO NOT USE STEEL TURNINGS,FETURN
1429,35,107,1338,0.0,-30.0,158.0,code_diff-40.0;net_wt_over-15.0;customer+25.0,50820,2026-01-29 08:22:54.697,ZZ DO NOT USE STEEL TURNINGS,FETURN
1429,35,224,1408,0.0,-30.0,158.0,code_diff-40.0;net_wt_over-15.0;customer+25.0,12280,2026-02-19 14:22:17.061,STEEL TURNING,TURNSTEEL
1429,36,182,1386,88.9,140.5,158.0,code+40.0;desc+20.0;net_wt+40.0;date+7.5;customer+25.0;price+8.0,263,2026-02-09 08:59:06.000,TUNGSTEN MOLY TA INSERTS,TUNGMOTAINS
1429,36,179,1365,1.2,2.04,170.0,code_diff-40.0;net_wt_over-15.0;date+25.0;time+7.04;customer+25.0,25760,2026-02-06 14:00:47.342,ZZ DO NOT USE STEEL TURNINGS,FETURN
1429,36,103,1337,0.0,-30.0,158.0,code_diff-40.0;net_wt_over-15.0;customer+25.0,23980,2026-01-28 14:08:13.088,STEEL BANDING (FE),STBD
1429,36,223,1407,0.0,-30.0,158.0,code_diff-40.0;net_wt_over-15.0;customer+25.0,56480,2026-02-19 14:21:42.681,STEEL TURNING,TURNSTEEL
1429,36,222,1406,0.0,-30.0,158.0,code_diff-40.0;net_wt_over-15.0;customer+25.0,15220,2026-02-19 11:50:58.539,STEEL TURNING,TURNSTEEL
1429,36,201,1382,0.0,-27.0,158.0,code_diff-40.0;net_wt_over-15.0;date+3.0;customer+25.0,29040,2026-02-12 13:59:33.441,STEEL BANDING (FE),STBD
1429,36,189,1370,0.0,-27.0,158.0,code_diff-40.0;net_wt_over-15.0;date+3.0;customer+25.0,20980,2026-02-10 13:51:04.231,ZZ DO NOT USE STEEL TURNINGS,FETURN
1429,36,187,1368,0.0,-27.0,158.0,code_diff-40.0;net_wt_over-15.0;date+3.0;customer+25.0,14140,2026-02-10 08:29:58.000,ZZ DO NOT USE STEEL TURNINGS,FETURN
1429,36,185,1386,0.0,-22.5,158.0,code_diff-40.0;net_wt_over-15.0;date+7.5;customer+25.0,1182,2026-02-09 08:59:06.000,EDM WIRE,EDMW
1429,36,184,1386,0.0,-22.5,158.0,code_diff-40.0;net_wt_over-15.0;date+7.5;customer+25.0,638,2026-02-09 08:59:06.000,ZZ DO NOT USE - ALUMINUM TURNINGS,ALMTRNG
1429,36,183,1386,0.0,-22.5,158.0,code_diff-40.0;net_wt_over-15.0;date+7.5;customer+25.0,2706,2026-02-09 08:59:06.000,17-4 SOLIDS,174SOLIDS
1429,36,181,1386,0.0,-22.5,158.0,code_diff-40.0;net_wt_over-15.0;date+7.5;customer+25.0,366,2026-02-09 08:59:06.000,ALUMINUM MLC,ALUMLC
1429,36,104,1336,0.0,-30.0,158.0,code_diff-40.0;net_wt_over-15.0;customer+25.0,38140,2026-01-29 07:54:33.000,SHEET IRON,SHIRST
1429,36,180,1367,0.0,-22.5,158.0,code_diff-40.0;net_wt_over-15.0;date+7.5;customer+25.0,22600,2026-02-09 07:35:00.000,ZZ DO NOT USE STEEL TURNINGS,FETURN
1429,36,143,1361,0.0,-22.5,158.0,code_diff-40.0;net_wt_over-15.0;date+7.5;customer+25.0,17400,2026-02-04 07:40:36.000,ZZ DO NOT USE STEEL TURNINGS,FETURN
1429,36,142,1360,0.0,-22.5,158.0,code_diff-40.0;net_wt_over-15.0;date+7.5;customer+25.0,21020,2026-02-04 07:39:05.000,ZZ DO NOT USE STEEL TURNINGS,FETURN
1429,36,113,1345,0.0,-27.0,158.0,code_diff-40.0;net_wt_over-15.0;date+3.0;customer+25.0,18960,2026-01-30 14:31:40.396,ZZ DO NOT USE STEEL TURNINGS,FETURN
1429,36,112,1344,0.0,-27.0,158.0,code_diff-40.0;net_wt_over-15.0;date+3.0;customer+25.0,47060,2026-01-30 14:21:23.830,ZZ DO NOT USE STEEL TURNINGS,FETURN
1429,36,110,1342,0.0,-27.0,158.0,code_diff-40.0;net_wt_over-15.0;date+3.0;customer+25.0,56280,2026-01-30 10:17:07.500,ZZ DO NOT USE STEEL TURNINGS,FETURN
1429,36,109,1348,0.0,-27.0,158.0,code_diff-40.0;net_wt_over-15.0;date+3.0;customer+25.0,11020,2026-01-30 07:46:34.000,ZZ DO NOT USE STEEL TURNINGS,FETURN
1429,36,107,1338,0.0,-30.0,158.0,code_diff-40.0;net_wt_over-15.0;customer+25.0,50820,2026-01-29 08:22:54.697,ZZ DO NOT USE STEEL TURNINGS,FETURN
1429,36,224,1408,0.0,-30.0,158.0,code_diff-40.0;net_wt_over-15.0;customer+25.0,12280,2026-02-19 14:22:17.061,STEEL TURNING,TURNSTEEL
1429,37,181,1386,88.9,140.5,158.0,code+40.0;desc+20.0;net_wt+40.0;date+7.5;customer+25.0;price+8.0,366,2026-02-09 08:59:06.000,ALUMINUM MLC,ALUMLC
1429,37,179,1365,1.2,2.04,170.0,code_diff-40.0;net_wt_over-15.0;date+25.0;time+7.04;customer+25.0,25760,2026-02-06 14:00:47.342,ZZ DO NOT USE STEEL TURNINGS,FETURN
1429,37,182,1386,0.0,-22.5,158.0,code_diff-40.0;net_wt_over-15.0;date+7.5;customer+25.0,263,2026-02-09 08:59:06.000,TUNGSTEN MOLY TA INSERTS,TUNGMOTAINS
1429,37,223,1407,0.0,-30.0,158.0,code_diff-40.0;net_wt_over-15.0;customer+25.0,56480,2026-02-19 14:21:42.681,STEEL TURNING,TURNSTEEL
1429,37,222,1406,0.0,-30.0,158.0,code_diff-40.0;net_wt_over-15.0;customer+25.0,15220,2026-02-19 11:50:58.539,STEEL TURNING,TURNSTEEL
1429,37,201,1382,0.0,-27.0,158.0,code_diff-40.0;net_wt_over-15.0;date+3.0;customer+25.0,29040,2026-02-12 13:59:33.441,STEEL BANDING (FE),STBD
1429,37,189,1370,0.0,-27.0,158.0,code_diff-40.0;net_wt_over-15.0;date+3.0;customer+25.0,20980,2026-02-10 13:51:04.231,ZZ DO NOT USE STEEL TURNINGS,FETURN
1429,37,187,1368,0.0,-27.0,158.0,code_diff-40.0;net_wt_over-15.0;date+3.0;customer+25.0,14140,2026-02-10 08:29:58.000,ZZ DO NOT USE STEEL TURNINGS,FETURN
1429,37,185,1386,0.0,-22.5,158.0,code_diff-40.0;net_wt_over-15.0;date+7.5;customer+25.0,1182,2026-02-09 08:59:06.000,EDM WIRE,EDMW
1429,37,184,1386,0.0,-22.5,158.0,code_diff-40.0;net_wt_over-15.0;date+7.5;customer+25.0,638,2026-02-09 08:59:06.000,ZZ DO NOT USE - ALUMINUM TURNINGS,ALMTRNG
1429,37,183,1386,0.0,-22.5,158.0,code_diff-40.0;net_wt_over-15.0;date+7.5;customer+25.0,2706,2026-02-09 08:59:06.000,17-4 SOLIDS,174SOLIDS
1429,37,103,1337,0.0,-30.0,158.0,code_diff-40.0;net_wt_over-15.0;customer+25.0,23980,2026-01-28 14:08:13.088,STEEL BANDING (FE),STBD
1429,37,104,1336,0.0,-30.0,158.0,code_diff-40.0;net_wt_over-15.0;customer+25.0,38140,2026-01-29 07:54:33.000,SHEET IRON,SHIRST
1429,37,180,1367,0.0,-22.5,158.0,code_diff-40.0;net_wt_over-15.0;date+7.5;customer+25.0,22600,2026-02-09 07:35:00.000,ZZ DO NOT USE STEEL TURNINGS,FETURN
1429,37,143,1361,0.0,-22.5,158.0,code_diff-40.0;net_wt_over-15.0;date+7.5;customer+25.0,17400,2026-02-04 07:40:36.000,ZZ DO NOT USE STEEL TURNINGS,FETURN
1429,37,142,1360,0.0,-22.5,158.0,code_diff-40.0;net_wt_over-15.0;date+7.5;customer+25.0,21020,2026-02-04 07:39:05.000,ZZ DO NOT USE STEEL TURNINGS,FETURN
1429,37,113,1345,0.0,-27.0,158.0,code_diff-40.0;net_wt_over-15.0;date+3.0;customer+25.0,18960,2026-01-30 14:31:40.396,ZZ DO NOT USE STEEL TURNINGS,FETURN
1429,37,112,1344,0.0,-27.0,158.0,code_diff-40.0;net_wt_over-15.0;date+3.0;customer+25.0,47060,2026-01-30 14:21:23.830,ZZ DO NOT USE STEEL TURNINGS,FETURN
1429,37,110,1342,0.0,-27.0,158.0,code_diff-40.0;net_wt_over-15.0;date+3.0;customer+25.0,56280,2026-01-30 10:17:07.500,ZZ DO NOT USE STEEL TURNINGS,FETURN
1429,37,109,1348,0.0,-27.0,158.0,code_diff-40.0;net_wt_over-15.0;date+3.0;customer+25.0,11020,2026-01-30 07:46:34.000,ZZ DO NOT USE STEEL TURNINGS,FETURN
1429,37,107,1338,0.0,-30.0,158.0,code_diff-40.0;net_wt_over-15.0;customer+25.0,50820,2026-01-29 08:22:54.697,ZZ DO NOT USE STEEL TURNINGS,FETURN
1429,37,224,1408,0.0,-30.0,158.0,code_diff-40.0;net_wt_over-15.0;customer+25.0,12280,2026-02-19 14:22:17.061,STEEL TURNING,TURNSTEEL
1429,38,183,1386,88.9,140.5,158.0,code+40.0;desc+20.0;net_wt+40.0;date+7.5;customer+25.0;price+8.0,2706,2026-02-09 08:59:06.000,17-4 SOLIDS,174SOLIDS
1429,38,155,1357,28.5,45.0,158.0,code+40.0;desc+20.0;net_wt_over-15.0;date+15.0;customer_diff-15.0,3644,2026-02-05 09:22:58.000,17-4 SOLIDS,174SOLIDS
1429,38,152,1357,4.0,6.32,158.0,code_diff-40.0;net_wt+40.0;date+15.0;customer_diff-15.0;price+6.32,2699,2026-02-05 09:22:58.000,17-4 STAINLESS STEEL TURNINGS,NI174BO
1429,38,179,1365,1.2,2.04,170.0,code_diff-40.0;net_wt_over-15.0;date+25.0;time+7.04;customer+25.0,25760,2026-02-06 14:00:47.342,ZZ DO NOT USE STEEL TURNINGS,FETURN
1429,38,103,1337,0.0,-30.0,158.0,code_diff-40.0;net_wt_over-15.0;customer+25.0,23980,2026-01-28 14:08:13.088,STEEL BANDING (FE),STBD
1429,38,182,1386,0.0,-22.5,158.0,code_diff-40.0;net_wt_over-15.0;date+7.5;customer+25.0,263,2026-02-09 08:59:06.000,TUNGSTEN MOLY TA INSERTS,TUNGMOTAINS
1429,38,223,1407,0.0,-30.0,158.0,code_diff-40.0;net_wt_over-15.0;customer+25.0,56480,2026-02-19 14:21:42.681,STEEL TURNING,TURNSTEEL
1429,38,222,1406,0.0,-30.0,158.0,code_diff-40.0;net_wt_over-15.0;customer+25.0,15220,2026-02-19 11:50:58.539,STEEL TURNING,TURNSTEEL
1429,38,201,1382,0.0,-27.0,158.0,code_diff-40.0;net_wt_over-15.0;date+3.0;customer+25.0,29040,2026-02-12 13:59:33.441,STEEL BANDING (FE),STBD
1429,38,189,1370,0.0,-27.0,158.0,code_diff-40.0;net_wt_over-15.0;date+3.0;customer+25.0,20980,2026-02-10 13:51:04.231,ZZ DO NOT USE STEEL TURNINGS,FETURN
1429,38,187,1368,0.0,-27.0,158.0,code_diff-40.0;net_wt_over-15.0;date+3.0;customer+25.0,14140,2026-02-10 08:29:58.000,ZZ DO NOT USE STEEL TURNINGS,FETURN
1429,38,185,1386,0.0,-22.5,158.0,code_diff-40.0;net_wt_over-15.0;date+7.5;customer+25.0,1182,2026-02-09 08:59:06.000,EDM WIRE,EDMW
1429,38,184,1386,0.0,-22.5,158.0,code_diff-40.0;net_wt_over-15.0;date+7.5;customer+25.0,638,2026-02-09 08:59:06.000,ZZ DO NOT USE - ALUMINUM TURNINGS,ALMTRNG
1429,38,180,1367,0.0,-22.5,158.0,code_diff-40.0;net_wt_over-15.0;date+7.5;customer+25.0,22600,2026-02-09 07:35:00.000,ZZ DO NOT USE STEEL TURNINGS,FETURN
1429,38,181,1386,0.0,-22.5,158.0,code_diff-40.0;net_wt_over-15.0;date+7.5;customer+25.0,366,2026-02-09 08:59:06.000,ALUMINUM MLC,ALUMLC
1429,38,104,1336,0.0,-30.0,158.0,code_diff-40.0;net_wt_over-15.0;customer+25.0,38140,2026-01-29 07:54:33.000,SHEET IRON,SHIRST
1429,38,143,1361,0.0,-22.5,158.0,code_diff-40.0;net_wt_over-15.0;date+7.5;customer+25.0,17400,2026-02-04 07:40:36.000,ZZ DO NOT USE STEEL TURNINGS,FETURN
1429,38,142,1360,0.0,-22.5,158.0,code_diff-40.0;net_wt_over-15.0;date+7.5;customer+25.0,21020,2026-02-04 07:39:05.000,ZZ DO NOT USE STEEL TURNINGS,FETURN
1429,38,113,1345,0.0,-27.0,158.0,code_diff-40.0;net_wt_over-15.0;date+3.0;customer+25.0,18960,2026-01-30 14:31:40.396,ZZ DO NOT USE STEEL TURNINGS,FETURN
1429,38,112,1344,0.0,-27.0,158.0,code_diff-40.0;net_wt_over-15.0;date+3.0;customer+25.0,47060,2026-01-30 14:21:23.830,ZZ DO NOT USE STEEL TURNINGS,FETURN
1429,38,110,1342,0.0,-27.0,158.0,code_diff-40.0;net_wt_over-15.0;date+3.0;customer+25.0,56280,2026-01-30 10:17:07.500,ZZ DO NOT USE STEEL TURNINGS,FETURN
1429,38,109,1348,0.0,-27.0,158.0,code_diff-40.0;net_wt_over-15.0;date+3.0;customer+25.0,11020,2026-01-30 07:46:34.000,ZZ DO NOT USE STEEL TURNINGS,FETURN
1429,38,107,1338,0.0,-30.0,158.0,code_diff-40.0;net_wt_over-15.0;customer+25.0,50820,2026-01-29 08:22:54.697,ZZ DO NOT USE STEEL TURNINGS,FETURN
1429,38,224,1408,0.0,-30.0,158.0,code_diff-40.0;net_wt_over-15.0;customer+25.0,12280,2026-02-19 14:22:17.061,STEEL TURNING,TURNSTEEL
1429,39,184,1386,88.9,140.5,158.0,code+40.0;desc+20.0;net_wt+40.0;date+7.5;customer+25.0;price+8.0,638,2026-02-09 08:59:06.000,ZZ DO NOT USE - ALUMINUM TURNINGS,ALMTRNG
1429,39,169,1363,7.1,12.03,170.0,code_diff-40.0;net_wt+31.19;date+25.0;time+10.84;customer_diff-15.0,632,2026-02-06 07:53:21.003,#1 ICW 88%,CUIN188
1429,39,179,1365,1.2,2.04,170.0,code_diff-40.0;net_wt_over-15.0;date+25.0;time+7.04;customer+25.0,25760,2026-02-06 14:00:47.342,ZZ DO NOT USE STEEL TURNINGS,FETURN
1429,39,103,1337,0.0,-30.0,158.0,code_diff-40.0;net_wt_over-15.0;customer+25.0,23980,2026-01-28 14:08:13.088,STEEL BANDING (FE),STBD
1429,39,181,1386,0.0,-22.5,158.0,code_diff-40.0;net_wt_over-15.0;date+7.5;customer+25.0,366,2026-02-09 08:59:06.000,ALUMINUM MLC,ALUMLC
1429,39,223,1407,0.0,-30.0,158.0,code_diff-40.0;net_wt_over-15.0;customer+25.0,56480,2026-02-19 14:21:42.681,STEEL TURNING,TURNSTEEL
1429,39,222,1406,0.0,-30.0,158.0,code_diff-40.0;net_wt_over-15.0;customer+25.0,15220,2026-02-19 11:50:58.539,STEEL TURNING,TURNSTEEL
1429,39,201,1382,0.0,-27.0,158.0,code_diff-40.0;net_wt_over-15.0;date+3.0;customer+25.0,29040,2026-02-12 13:59:33.441,STEEL BANDING (FE),STBD
1429,39,189,1370,0.0,-27.0,158.0,code_diff-40.0;net_wt_over-15.0;date+3.0;customer+25.0,20980,2026-02-10 13:51:04.231,ZZ DO NOT USE STEEL TURNINGS,FETURN
1429,39,187,1368,0.0,-27.0,158.0,code_diff-40.0;net_wt_over-15.0;date+3.0;customer+25.0,14140,2026-02-10 08:29:58.000,ZZ DO NOT USE STEEL TURNINGS,FETURN
1429,39,185,1386,0.0,-22.5,158.0,code_diff-40.0;net_wt_over-15.0;date+7.5;customer+25.0,1182,2026-02-09 08:59:06.000,EDM WIRE,EDMW
1429,39,183,1386,0.0,-22.5,158.0,code_diff-40.0;net_wt_over-15.0;date+7.5;customer+25.0,2706,2026-02-09 08:59:06.000,17-4 SOLIDS,174SOLIDS
1429,39,182,1386,0.0,-22.5,158.0,code_diff-40.0;net_wt_over-15.0;date+7.5;customer+25.0,263,2026-02-09 08:59:06.000,TUNGSTEN MOLY TA INSERTS,TUNGMOTAINS
1429,39,180,1367,0.0,-22.5,158.0,code_diff-40.0;net_wt_over-15.0;date+7.5;customer+25.0,22600,2026-02-09 07:35:00.000,ZZ DO NOT USE STEEL TURNINGS,FETURN
1429,39,104,1336,0.0,-30.0,158.0,code_diff-40.0;net_wt_over-15.0;customer+25.0,38140,2026-01-29 07:54:33.000,SHEET IRON,SHIRST
1429,39,157,1363,0.0,-9.91,170.0,code_diff-40.0;net_wt+9.25;date+25.0;time+10.84;customer_diff-15.0,625,2026-02-06 07:53:21.003,6022 ALUMINUM,6022ALUM
1429,39,143,1361,0.0,-22.5,158.0,code_diff-40.0;net_wt_over-15.0;date+7.5;customer+25.0,17400,2026-02-04 07:40:36.000,ZZ DO NOT USE STEEL TURNINGS,FETURN
1429,39,142,1360,0.0,-22.5,158.0,code_diff-40.0;net_wt_over-15.0;date+7.5;customer+25.0,21020,2026-02-04 07:39:05.000,ZZ DO NOT USE STEEL TURNINGS,FETURN
1429,39,113,1345,0.0,-27.0,158.0,code_diff-40.0;net_wt_over-15.0;date+3.0;customer+25.0,18960,2026-01-30 14:31:40.396,ZZ DO NOT USE STEEL TURNINGS,FETURN
1429,39,112,1344,0.0,-27.0,158.0,code_diff-40.0;net_wt_over-15.0;date+3.0;customer+25.0,47060,2026-01-30 14:21:23.830,ZZ DO NOT USE STEEL TURNINGS,FETURN
1429,39,110,1342,0.0,-27.0,158.0,code_diff-40.0;net_wt_over-15.0;date+3.0;customer+25.0,56280,2026-01-30 10:17:07.500,ZZ DO NOT USE STEEL TURNINGS,FETURN
1429,39,109,1348,0.0,-27.0,158.0,code_diff-40.0;net_wt_over-15.0;date+3.0;customer+25.0,11020,2026-01-30 07:46:34.000,ZZ DO NOT USE STEEL TURNINGS,FETURN
1429,39,107,1338,0.0,-30.0,158.0,code_diff-40.0;net_wt_over-15.0;customer+25.0,50820,2026-01-29 08:22:54.697,ZZ DO NOT USE STEEL TURNINGS,FETURN
1429,39,224,1408,0.0,-30.0,158.0,code_diff-40.0;net_wt_over-15.0;customer+25.0,12280,2026-02-19 14:22:17.061,STEEL TURNING,TURNSTEEL
1401,40,146,1359,100.0,169.98,170.0,code+40.0;desc+20.0;net_wt+40.0;date+25.0;time+11.98;customer+25.0;price+8.0,36900,2026-02-04 13:39:28.240,BUSHELING,Indbush
1401,40,118,1355,58.9,93.0,158.0,code+40.0;desc+20.0;net_wt_over-15.0;date+15.0;customer+25.0;price+8.0,49780,2026-02-03 07:48:16.000,BUSHELING,Indbush
1401,40,200,1376,53.9,85.22,158.0,code+40.0;desc+20.0;net_wt+40.0;customer_diff-15.0;price+0.22,36760,2026-02-12 13:00:24.000,BUSHELING,Indbush
1401,40,195,1379,51.3,81.0,158.0,code+40.0;desc+20.0;net_wt_over-15.0;date+3.0;customer+25.0;price+8.0,40300,2026-02-11 07:36:49.000,BUSHELING,Indbush
1401,40,194,1378,51.3,81.0,158.0,code+40.0;desc+20.0;net_wt_over-15.0;date+3.0;customer+25.0;price+8.0,39540,2026-02-11 07:36:00.000,BUSHELING,Indbush
1401,40,106,1341,51.3,81.0,158.0,code+40.0;desc+20.0;net_wt_over-15.0;date+3.0;customer+25.0;price+8.0,17760,2026-01-29 08:14:45.000,BUSHELING,Indbush
1401,40,190,1371,51.3,81.0,158.0,code+40.0;desc+20.0;net_wt_over-15.0;date+3.0;customer+25.0;price+8.0,38860,2026-02-10 13:51:38.295,BUSHELING,Indbush
1401,40,92,1333,49.4,78.0,158.0,code+40.0;desc+20.0;net_wt_over-15.0;customer+25.0;price+8.0,47620,2026-01-26 14:19:42.778,BUSHELING,Indbush
1401,40,145,1358,48.1,81.74,170.0,code+40.0;desc+20.0;net_wt+2.3;date+25.0;time+9.22;customer_diff-15.0;price+0.22,37780,2026-02-04 10:53:55.022,BUSHELING,Indbush
1401,40,213,1393,32.8,51.86,158.0,code+40.0;desc+20.0;net_wt+6.64;customer_diff-15.0;price+0.22,37700,2026-02-17 10:26:08.125,BUSHELING,Indbush
1401,40,88,1326,23.6,37.28,158.0,code+40.0;desc+20.0;net_wt_over-15.0;customer_diff-15.0;price+7.28,33940,2026-01-22 10:58:34.967,BUSHELING,Indbush
1401,40,188,1369,21.0,33.22,158.0,code+40.0;desc+20.0;net_wt_over-15.0;date+3.0;customer_diff-15.0;price+0.22,38560,2026-02-10 09:32:06.805,BUSHELING,Indbush
1401,40,202,1383,19.1,30.22,158.0,code+40.0;desc+20.0;net_wt_over-15.0;customer_diff-15.0;price+0.22,40960,2026-02-12 14:31:39.935,BUSHELING,Indbush
1401,40,111,1343,2.1,3.31,158.0,code_diff-40.0;net_wt+15.31;date+3.0;customer+25.0,36260,2026-01-30 12:55:16.414,SHEET IRON,SHIRST
1401,40,120,1351,0.0,-13.08,158.0,code_diff-40.0;net_wt_over-15.0;date+15.0;customer+25.0;price+1.92,32440,2026-02-03 11:12:14.088,CLEAN SHEET,CLSHST
1401,40,117,1354,0.0,-15.0,158.0,code_diff-40.0;net_wt_over-15.0;date+15.0;customer+25.0,30460,2026-02-03 07:47:14.000,STEEL WIRE,STWR
1401,40,191,1372,0.0,-27.0,158.0,code_diff-40.0;net_wt_over-15.0;date+3.0;customer+25.0,34200,2026-02-10 13:52:13.344,STEEL WIRE,STWR
1401,40,105,1340,0.0,-27.0,158.0,code_diff-40.0;net_wt_over-15.0;date+3.0;customer+25.0,35920,2026-01-29 08:09:24.000,STEEL WIRE,STWR
1401,40,91,1330,0.0,-30.0,158.0,code_diff-40.0;net_wt_over-15.0;customer+25.0,27380,2026-01-22 15:05:35.856,STEEL WIRE,STWR
1401,40,90,1329,0.0,-30.0,158.0,code_diff-40.0;net_wt_over-15.0;customer+25.0,23680,2026-01-22 15:04:53.998,STEEL WIRE,STWR
1401,40,204,1388,0.0,-30.0,158.0,code_diff-40.0;net_wt_over-15.0;customer+25.0,40340,2026-02-16 07:52:47.000,STEEL WIRE,STWR
1401,40,86,1325,0.0,-30.0,158.0,code_diff-40.0;net_wt_over-15.0;customer+25.0,34780,2026-01-22 08:53:24.525,SHEET IRON,SHIRST
1405,41,143,1361,100.0,169.99,170.0,code+40.0;desc+20.0;net_wt+40.0;date+25.0;time+11.99;customer+25.0;price+8.0,17400,2026-02-04 07:40:36.000,ZZ DO NOT USE STEEL TURNINGS,FETURN
1405,41,142,1360,67.6,114.97,170.0,code+40.0;desc+20.0;net_wt_over-15.0;date+25.0;time+11.97;customer+25.0;price+8.0,21020,2026-02-04 07:39:05.000,ZZ DO NOT USE STEEL TURNINGS,FETURN
1405,41,179,1365,54.1,85.5,158.0,code+40.0;desc+20.0;net_wt_over-15.0;date+7.5;customer+25.0;price+8.0,25760,2026-02-06 14:00:47.342,ZZ DO NOT USE STEEL TURNINGS,FETURN
1405,41,189,1370,51.3,81.0,158.0,code+40.0;desc+20.0;net_wt_over-15.0;date+3.0;customer+25.0;price+8.0,20980,2026-02-10 13:51:04.231,ZZ DO NOT USE STEEL TURNINGS,FETURN
1405,41,107,1338,51.3,81.0,158.0,code+40.0;desc+20.0;net_wt_over-15.0;date+3.0;customer+25.0;price+8.0,50820,2026-01-29 08:22:54.697,ZZ DO NOT USE STEEL TURNINGS,FETURN
1405,41,109,1348,51.3,81.0,158.0,code+40.0;desc+20.0;net_wt_over-15.0;date+3.0;customer+25.0;price+8.0,11020,2026-01-30 07:46:34.000,ZZ DO NOT USE STEEL TURNINGS,FETURN
1405,41,110,1342,51.3,81.0,158.0,code+40.0;desc+20.0;net_wt_over-15.0;date+3.0;customer+25.0;price+8.0,56280,2026-01-30 10:17:07.500,ZZ DO NOT USE STEEL TURNINGS,FETURN
1405,41,112,1344,51.3,81.0,158.0,code+40.0;desc+20.0;net_wt_over-15.0;date+3.0;customer+25.0;price+8.0,47060,2026-01-30 14:21:23.830,ZZ DO NOT USE STEEL TURNINGS,FETURN
1405,41,113,1345,51.3,81.0,158.0,code+40.0;desc+20.0;net_wt_over-15.0;date+3.0;customer+25.0;price+8.0,18960,2026-01-30 14:31:40.396,ZZ DO NOT USE STEEL TURNINGS,FETURN
1405,41,187,1368,51.3,81.0,158.0,code+40.0;desc+20.0;net_wt_over-15.0;date+3.0;customer+25.0;price+8.0,14140,2026-02-10 08:29:58.000,ZZ DO NOT USE STEEL TURNINGS,FETURN
1405,41,180,1367,51.3,81.0,158.0,code+40.0;desc+20.0;net_wt_over-15.0;date+3.0;customer+25.0;price+8.0,22600,2026-02-09 07:35:00.000,ZZ DO NOT USE STEEL TURNINGS,FETURN
1405,41,119,1350,31.6,49.98,158.0,code+40.0;desc+20.0;net_wt_over-15.0;date+15.0;customer_diff-15.0;price+4.98,49500,2026-02-03 09:33:09.682,ZZ DO NOT USE STEEL TURNINGS,FETURN
1405,41,183,1386,0.0,-27.0,158.0,code_diff-40.0;net_wt_over-15.0;date+3.0;customer+25.0,2706,2026-02-09 08:59:06.000,17-4 SOLIDS,174SOLIDS
1405,41,185,1386,0.0,-27.0,158.0,code_diff-40.0;net_wt_over-15.0;date+3.0;customer+25.0,1182,2026-02-09 08:59:06.000,EDM WIRE,EDMW
1405,41,184,1386,0.0,-27.0,158.0,code_diff-40.0;net_wt_over-15.0;date+3.0;customer+25.0,638,2026-02-09 08:59:06.000,ZZ DO NOT USE - ALUMINUM TURNINGS,ALMTRNG
1405,41,103,1337,0.0,-22.02,158.0,code_diff-40.0;net_wt_over-15.0;date+3.0;customer+25.0;price+4.98,23980,2026-01-28 14:08:13.088,STEEL BANDING (FE),STBD
1405,41,182,1386,0.0,-27.0,158.0,code_diff-40.0;net_wt_over-15.0;date+3.0;customer+25.0,263,2026-02-09 08:59:06.000,TUNGSTEN MOLY TA INSERTS,TUNGMOTAINS
1405,41,181,1386,0.0,-27.0,158.0,code_diff-40.0;net_wt_over-15.0;date+3.0;customer+25.0,366,2026-02-09 08:59:06.000,ALUMINUM MLC,ALUMLC
1405,41,104,1336,0.0,-22.02,158.0,code_diff-40.0;net_wt_over-15.0;date+3.0;customer+25.0;price+4.98,38140,2026-01-29 07:54:33.000,SHEET IRON,SHIRST
1405,41,106,1341,0.0,-43.38,158.0,code_diff-40.0;net_wt+8.62;date+3.0;customer_diff-15.0,17760,2026-01-29 08:14:45.000,BUSHELING,Indbush
1405,41,201,1382,0.0,-25.02,158.0,code_diff-40.0;net_wt_over-15.0;customer+25.0;price+4.98,29040,2026-02-12 13:59:33.441,STEEL BANDING (FE),STBD
1404,42,142,1360,100.0,169.99,170.0,code+40.0;desc+20.0;net_wt+40.0;date+25.0;time+11.99;customer+25.0;price+8.0,21020,2026-02-04 07:39:05.000,ZZ DO NOT USE STEEL TURNINGS,FETURN
1404,42,189,1370,86.1,136.0,158.0,code+40.0;desc+20.0;net_wt+40.0;date+3.0;customer+25.0;price+8.0,20980,2026-02-10 13:51:04.231,ZZ DO NOT USE STEEL TURNINGS,FETURN
1404,42,143,1361,67.6,114.98,170.0,code+40.0;desc+20.0;net_wt_over-15.0;date+25.0;time+11.98;customer+25.0;price+8.0,17400,2026-02-04 07:40:36.000,ZZ DO NOT USE STEEL TURNINGS,FETURN
1404,42,179,1365,54.1,85.5,158.0,code+40.0;desc+20.0;net_wt_over-15.0;date+7.5;customer+25.0;price+8.0,25760,2026-02-06 14:00:47.342,ZZ DO NOT USE STEEL TURNINGS,FETURN
1404,42,107,1338,51.3,81.0,158.0,code+40.0;desc+20.0;net_wt_over-15.0;date+3.0;customer+25.0;price+8.0,50820,2026-01-29 08:22:54.697,ZZ DO NOT USE STEEL TURNINGS,FETURN
1404,42,109,1348,51.3,81.0,158.0,code+40.0;desc+20.0;net_wt_over-15.0;date+3.0;customer+25.0;price+8.0,11020,2026-01-30 07:46:34.000,ZZ DO NOT USE STEEL TURNINGS,FETURN
1404,42,110,1342,51.3,81.0,158.0,code+40.0;desc+20.0;net_wt_over-15.0;date+3.0;customer+25.0;price+8.0,56280,2026-01-30 10:17:07.500,ZZ DO NOT USE STEEL TURNINGS,FETURN
1404,42,112,1344,51.3,81.0,158.0,code+40.0;desc+20.0;net_wt_over-15.0;date+3.0;customer+25.0;price+8.0,47060,2026-01-30 14:21:23.830,ZZ DO NOT USE STEEL TURNINGS,FETURN
1404,42,113,1345,51.3,81.0,158.0,code+40.0;desc+20.0;net_wt_over-15.0;date+3.0;customer+25.0;price+8.0,18960,2026-01-30 14:31:40.396,ZZ DO NOT USE STEEL TURNINGS,FETURN
1404,42,180,1367,51.3,81.0,158.0,code+40.0;desc+20.0;net_wt_over-15.0;date+3.0;customer+25.0;price+8.0,22600,2026-02-09 07:35:00.000,ZZ DO NOT USE STEEL TURNINGS,FETURN
1404,42,187,1368,51.3,81.0,158.0,code+40.0;desc+20.0;net_wt_over-15.0;date+3.0;customer+25.0;price+8.0,14140,2026-02-10 08:29:58.000,ZZ DO NOT USE STEEL TURNINGS,FETURN
1404,42,119,1350,31.6,49.98,158.0,code+40.0;desc+20.0;net_wt_over-15.0;date+15.0;customer_diff-15.0;price+4.98,49500,2026-02-03 09:33:09.682,ZZ DO NOT USE STEEL TURNINGS,FETURN
1404,42,184,1386,0.0,-27.0,158.0,code_diff-40.0;net_wt_over-15.0;date+3.0;customer+25.0,638,2026-02-09 08:59:06.000,ZZ DO NOT USE - ALUMINUM TURNINGS,ALMTRNG
1404,42,185,1386,0.0,-27.0,158.0,code_diff-40.0;net_wt_over-15.0;date+3.0;customer+25.0,1182,2026-02-09 08:59:06.000,EDM WIRE,EDMW
1404,42,103,1337,0.0,-22.02,158.0,code_diff-40.0;net_wt_over-15.0;date+3.0;customer+25.0;price+4.98,23980,2026-01-28 14:08:13.088,STEEL BANDING (FE),STBD
1404,42,183,1386,0.0,-27.0,158.0,code_diff-40.0;net_wt_over-15.0;date+3.0;customer+25.0,2706,2026-02-09 08:59:06.000,17-4 SOLIDS,174SOLIDS
1404,42,182,1386,0.0,-27.0,158.0,code_diff-40.0;net_wt_over-15.0;date+3.0;customer+25.0,263,2026-02-09 08:59:06.000,TUNGSTEN MOLY TA INSERTS,TUNGMOTAINS
1404,42,181,1386,0.0,-27.0,158.0,code_diff-40.0;net_wt_over-15.0;date+3.0;customer+25.0,366,2026-02-09 08:59:06.000,ALUMINUM MLC,ALUMLC
1404,42,104,1336,0.0,-22.02,158.0,code_diff-40.0;net_wt_over-15.0;date+3.0;customer+25.0;price+4.98,38140,2026-01-29 07:54:33.000,SHEET IRON,SHIRST
1404,42,201,1382,0.0,-25.02,158.0,code_diff-40.0;net_wt_over-15.0;customer+25.0;price+4.98,29040,2026-02-12 13:59:33.441,STEEL BANDING (FE),STBD
1395,43,118,1355,100.0,169.99,170.0,code+40.0;desc+20.0;net_wt+40.0;date+25.0;time+11.99;customer+25.0;price+8.0,49780,2026-02-03 07:48:16.000,BUSHELING,Indbush
1395,43,146,1359,58.9,93.0,158.0,code+40.0;desc+20.0;net_wt_over-15.0;date+15.0;customer+25.0;price+8.0,36900,2026-02-04 13:39:28.240,BUSHELING,Indbush
1395,43,190,1371,51.3,81.0,158.0,code+40.0;desc+20.0;net_wt_over-15.0;date+3.0;customer+25.0;price+8.0,38860,2026-02-10 13:51:38.295,BUSHELING,Indbush
1395,43,106,1341,51.3,81.0,158.0,code+40.0;desc+20.0;net_wt_over-15.0;date+3.0;customer+25.0;price+8.0,17760,2026-01-29 08:14:45.000,BUSHELING,Indbush
1395,43,83,1322,49.4,78.0,158.0,code+40.0;desc+20.0;net_wt_over-15.0;customer+25.0;price+8.0,42600,2026-01-20 14:08:40.203,BUSHELING,Indbush
1395,43,195,1379,49.4,78.0,158.0,code+40.0;desc+20.0;net_wt_over-15.0;customer+25.0;price+8.0,40300,2026-02-11 07:36:49.000,BUSHELING,Indbush
1395,43,194,1378,49.4,78.0,158.0,code+40.0;desc+20.0;net_wt_over-15.0;customer+25.0;price+8.0,39540,2026-02-11 07:36:00.000,BUSHELING,Indbush
1395,43,92,1333,49.4,78.0,158.0,code+40.0;desc+20.0;net_wt_over-15.0;customer+25.0;price+8.0,47620,2026-01-26 14:19:42.778,BUSHELING,Indbush
1395,43,145,1358,28.6,45.22,158.0,code+40.0;desc+20.0;net_wt_over-15.0;date+15.0;customer_diff-15.0;price+0.22,37780,2026-02-04 10:53:55.022,BUSHELING,Indbush
1395,43,81,1320,23.6,37.28,158.0,code+40.0;desc+20.0;net_wt_over-15.0;customer_diff-15.0;price+7.28,27000,2026-01-20 08:17:15.740,BUSHELING,Indbush
1395,43,88,1326,23.6,37.28,158.0,code+40.0;desc+20.0;net_wt_over-15.0;customer_diff-15.0;price+7.28,33940,2026-01-22 10:58:34.967,BUSHELING,Indbush
1395,43,188,1369,21.0,33.22,158.0,code+40.0;desc+20.0;net_wt_over-15.0;date+3.0;customer_diff-15.0;price+0.22,38560,2026-02-10 09:32:06.805,BUSHELING,Indbush
1395,43,200,1376,19.1,30.22,158.0,code+40.0;desc+20.0;net_wt_over-15.0;customer_diff-15.0;price+0.22,36760,2026-02-12 13:00:24.000,BUSHELING,Indbush
1395,43,202,1383,19.1,30.22,158.0,code+40.0;desc+20.0;net_wt_over-15.0;customer_diff-15.0;price+0.22,40960,2026-02-12 14:31:39.935,BUSHELING,Indbush
1395,43,119,1350,11.2,19.01,170.0,code_diff-40.0;net_wt+38.75;date+25.0;time+10.26;customer_diff-15.0,49500,2026-02-03 09:33:09.682,ZZ DO NOT USE STEEL TURNINGS,FETURN
1395,43,117,1354,4.1,6.98,170.0,code_diff-40.0;net_wt_over-15.0;date+25.0;time+11.98;customer+25.0,30460,2026-02-03 07:47:14.000,STEEL WIRE,STWR
1395,43,120,1351,3.3,5.53,170.0,code_diff-40.0;net_wt_over-15.0;date+25.0;time+8.61;customer+25.0;price+1.92,32440,2026-02-03 11:12:14.088,CLEAN SHEET,CLSHST
1395,43,111,1343,0.0,-27.0,158.0,code_diff-40.0;net_wt_over-15.0;date+3.0;customer+25.0,36260,2026-01-30 12:55:16.414,SHEET IRON,SHIRST
1395,43,107,1338,0.0,-43.78,158.0,code_diff-40.0;net_wt+8.22;date+3.0;customer_diff-15.0,50820,2026-01-29 08:22:54.697,ZZ DO NOT USE STEEL TURNINGS,FETURN
1395,43,105,1340,0.0,-27.0,158.0,code_diff-40.0;net_wt_over-15.0;date+3.0;customer+25.0,35920,2026-01-29 08:09:24.000,STEEL WIRE,STWR
1395,43,91,1330,0.0,-30.0,158.0,code_diff-40.0;net_wt_over-15.0;customer+25.0,27380,2026-01-22 15:05:35.856,STEEL WIRE,STWR
1395,43,90,1329,0.0,-30.0,158.0,code_diff-40.0;net_wt_over-15.0;customer+25.0,23680,2026-01-22 15:04:53.998,STEEL WIRE,STWR
1395,43,191,1372,0.0,-27.0,158.0,code_diff-40.0;net_wt_over-15.0;date+3.0;customer+25.0,34200,2026-02-10 13:52:13.344,STEEL WIRE,STWR
1395,43,86,1325,0.0,-30.0,158.0,code_diff-40.0;net_wt_over-15.0;customer+25.0,34780,2026-01-22 08:53:24.525,SHEET IRON,SHIRST
1395,43,204,1388,0.0,-30.0,158.0,code_diff-40.0;net_wt_over-15.0;customer+25.0,40340,2026-02-16 07:52:47.000,STEEL WIRE,STWR
1394,44,117,1354,100.0,169.99,170.0,code+40.0;desc+20.0;net_wt+40.0;date+25.0;time+11.99;customer+25.0;price+8.0,30460,2026-02-03 07:47:14.000,STEEL WIRE,STWR
1394,44,105,1340,51.3,81.0,158.0,code+40.0;desc+20.0;net_wt_over-15.0;date+3.0;customer+25.0;price+8.0,35920,2026-01-29 08:09:24.000,STEEL WIRE,STWR
1394,44,191,1372,51.3,81.0,158.0,code+40.0;desc+20.0;net_wt_over-15.0;date+3.0;customer+25.0;price+8.0,34200,2026-02-10 13:52:13.344,STEEL WIRE,STWR
1394,44,204,1388,49.4,78.0,158.0,code+40.0;desc+20.0;net_wt_over-15.0;customer+25.0;price+8.0,40340,2026-02-16 07:52:47.000,STEEL WIRE,STWR
1394,44,91,1330,49.4,78.0,158.0,code+40.0;desc+20.0;net_wt_over-15.0;customer+25.0;price+8.0,27380,2026-01-22 15:05:35.856,STEEL WIRE,STWR
1394,44,90,1329,49.4,78.0,158.0,code+40.0;desc+20.0;net_wt_over-15.0;customer+25.0;price+8.0,23680,2026-01-22 15:04:53.998,STEEL WIRE,STWR
1394,44,118,1355,4.1,7.0,170.0,code_diff-40.0;net_wt_over-15.0;date+25.0;time+12.0;customer+25.0,49780,2026-02-03 07:48:16.000,BUSHELING,Indbush
1394,44,120,1351,2.1,3.6,170.0,code_diff-40.0;net_wt_over-15.0;date+25.0;time+8.6;customer+25.0,32440,2026-02-03 11:12:14.088,CLEAN SHEET,CLSHST
1394,44,92,1333,0.0,-30.0,158.0,code_diff-40.0;net_wt_over-15.0;customer+25.0,47620,2026-01-26 14:19:42.778,BUSHELING,Indbush
1394,44,106,1341,0.0,-27.0,158.0,code_diff-40.0;net_wt_over-15.0;date+3.0;customer+25.0,17760,2026-01-29 08:14:45.000,BUSHELING,Indbush
1394,44,111,1343,0.0,-24.52,158.0,code_diff-40.0;net_wt_over-15.0;date+3.0;customer+25.0;price+2.48,36260,2026-01-30 12:55:16.414,SHEET IRON,SHIRST
1394,44,86,1325,0.0,-27.52,158.0,code_diff-40.0;net_wt_over-15.0;customer+25.0;price+2.48,34780,2026-01-22 08:53:24.525,SHEET IRON,SHIRST
1394,44,146,1359,0.0,-15.0,158.0,code_diff-40.0;net_wt_over-15.0;date+15.0;customer+25.0,36900,2026-02-04 13:39:28.240,BUSHELING,Indbush
1394,44,190,1371,0.0,-27.0,158.0,code_diff-40.0;net_wt_over-15.0;date+3.0;customer+25.0,38860,2026-02-10 13:51:38.295,BUSHELING,Indbush
1394,44,194,1378,0.0,-30.0,158.0,code_diff-40.0;net_wt_over-15.0;customer+25.0,39540,2026-02-11 07:36:00.000,BUSHELING,Indbush
1394,44,195,1379,0.0,-30.0,158.0,code_diff-40.0;net_wt_over-15.0;customer+25.0,40300,2026-02-11 07:36:49.000,BUSHELING,Indbush
1394,44,83,1322,0.0,-30.0,158.0,code_diff-40.0;net_wt_over-15.0;customer+25.0,42600,2026-01-20 14:08:40.203,BUSHELING,Indbush
1383,45,112,1344,100.0,169.99,170.0,code+40.0;desc+20.0;net_wt+40.0;date+25.0;time+11.99;customer+25.0;price+8.0,47060,2026-01-30 14:21:23.830,ZZ DO NOT USE STEEL TURNINGS,FETURN
1383,45,113,1345,67.6,114.84,170.0,code+40.0;desc+20.0;net_wt_over-15.0;date+25.0;time+11.84;customer+25.0;price+8.0,18960,2026-01-30 14:31:40.396,ZZ DO NOT USE STEEL TURNINGS,FETURN
1383,45,110,1342,65.2,110.92,170.0,code+40.0;desc+20.0;net_wt_over-15.0;date+25.0;time+7.92;customer+25.0;price+8.0,56280,2026-01-30 10:17:07.500,ZZ DO NOT USE STEEL TURNINGS,FETURN
1383,45,109,1348,63.8,108.41,170.0,code+40.0;desc+20.0;net_wt_over-15.0;date+25.0;time+5.41;customer+25.0;price+8.0,11020,2026-01-30 07:46:34.000,ZZ DO NOT USE STEEL TURNINGS,FETURN
1383,45,107,1338,58.9,93.0,158.0,code+40.0;desc+20.0;net_wt_over-15.0;date+15.0;customer+25.0;price+8.0,50820,2026-01-29 08:22:54.697,ZZ DO NOT USE STEEL TURNINGS,FETURN
1383,45,179,1365,51.3,81.0,158.0,code+40.0;desc+20.0;net_wt_over-15.0;date+3.0;customer+25.0;price+8.0,25760,2026-02-06 14:00:47.342,ZZ DO NOT USE STEEL TURNINGS,FETURN
1383,45,143,1361,51.3,81.0,158.0,code+40.0;desc+20.0;net_wt_over-15.0;date+3.0;customer+25.0;price+8.0,17400,2026-02-04 07:40:36.000,ZZ DO NOT USE STEEL TURNINGS,FETURN
1383,45,142,1360,51.3,81.0,158.0,code+40.0;desc+20.0;net_wt_over-15.0;date+3.0;customer+25.0;price+8.0,21020,2026-02-04 07:39:05.000,ZZ DO NOT USE STEEL TURNINGS,FETURN
1383,45,76,1314,49.4,78.0,158.0,code+40.0;desc+20.0;net_wt_over-15.0;customer+25.0;price+8.0,41080,2026-01-16 10:42:36.278,ZZ DO NOT USE STEEL TURNINGS,FETURN
1383,45,77,1315,49.4,78.0,158.0,code+40.0;desc+20.0;net_wt_over-15.0;customer+25.0;price+8.0,54200,2026-01-16 11:37:41.420,ZZ DO NOT USE STEEL TURNINGS,FETURN
1383,45,189,1370,49.4,78.0,158.0,code+40.0;desc+20.0;net_wt_over-15.0;customer+25.0;price+8.0,20980,2026-02-10 13:51:04.231,ZZ DO NOT USE STEEL TURNINGS,FETURN
1383,45,187,1368,49.4,78.0,158.0,code+40.0;desc+20.0;net_wt_over-15.0;customer+25.0;price+8.0,14140,2026-02-10 08:29:58.000,ZZ DO NOT USE STEEL TURNINGS,FETURN
1383,45,180,1367,49.4,78.0,158.0,code+40.0;desc+20.0;net_wt_over-15.0;customer+25.0;price+8.0,22600,2026-02-09 07:35:00.000,ZZ DO NOT USE STEEL TURNINGS,FETURN
1383,45,119,1350,24.0,37.98,158.0,code+40.0;desc+20.0;net_wt_over-15.0;date+3.0;customer_diff-15.0;price+4.98,49500,2026-02-03 09:33:09.682,ZZ DO NOT USE STEEL TURNINGS,FETURN
1383,45,141,1353,0.0,-38.29,158.0,code_diff-40.0;net_wt+11.75;date+3.0;customer_diff-15.0;price+1.96,46160,2026-02-03 13:42:05.893,HEAVY MELT,INDHVYM
1383,45,104,1336,0.0,-10.02,158.0,code_diff-40.0;net_wt_over-15.0;date+15.0;customer+25.0;price+4.98,38140,2026-01-29 07:54:33.000,SHEET IRON,SHIRST
1383,45,103,1337,0.0,-17.52,158.0,code_diff-40.0;net_wt_over-15.0;date+7.5;customer+25.0;price+4.98,23980,2026-01-28 14:08:13.088,STEEL BANDING (FE),STBD
1383,45,92,1333,0.0,-25.8,158.0,code_diff-40.0;net_wt+26.2;date+3.0;customer_diff-15.0,47620,2026-01-26 14:19:42.778,BUSHELING,Indbush
1383,45,84,1323,0.0,-25.02,158.0,code_diff-40.0;net_wt_over-15.0;customer+25.0;price+4.98,39200,2026-01-20 14:20:49.279,SHEET IRON,SHIRST
1383,45,181,1386,0.0,-30.0,158.0,code_diff-40.0;net_wt_over-15.0;customer+25.0,366,2026-02-09 08:59:06.000,ALUMINUM MLC,ALUMLC
1383,45,182,1386,0.0,-30.0,158.0,code_diff-40.0;net_wt_over-15.0;customer+25.0,263,2026-02-09 08:59:06.000,TUNGSTEN MOLY TA INSERTS,TUNGMOTAINS
1383,45,183,1386,0.0,-30.0,158.0,code_diff-40.0;net_wt_over-15.0;customer+25.0,2706,2026-02-09 08:59:06.000,17-4 SOLIDS,174SOLIDS
1383,45,184,1386,0.0,-30.0,158.0,code_diff-40.0;net_wt_over-15.0;customer+25.0,638,2026-02-09 08:59:06.000,ZZ DO NOT USE - ALUMINUM TURNINGS,ALMTRNG
1383,45,185,1386,0.0,-30.0,158.0,code_diff-40.0;net_wt_over-15.0;customer+25.0,1182,2026-02-09 08:59:06.000,EDM WIRE,EDMW
1383,45,82,1321,0.0,-28.54,158.0,code_diff-40.0;net_wt+24.5;customer_diff-15.0;price+1.96,46460,2026-01-20 09:54:22.953,HEAVY MELT,INDHVYM
1383,45,79,1318,0.0,-25.02,158.0,code_diff-40.0;net_wt_over-15.0;customer+25.0;price+4.98,20040,2026-01-19 08:02:59.000,STEEL BANDING (FE),STBD
1383,45,201,1382,0.0,-25.02,158.0,code_diff-40.0;net_wt_over-15.0;customer+25.0;price+4.98,29040,2026-02-12 13:59:33.441,STEEL BANDING (FE),STBD
1382,46,110,1342,99.7,169.56,170.0,code+40.0;desc+20.0;net_wt+40.0;date+25.0;time+11.56;customer+25.0;price+8.0,56280,2026-01-30 10:17:07.500,ZZ DO NOT USE STEEL TURNINGS,FETURN
1382,46,109,1348,65.9,112.05,170.0,code+40.0;desc+20.0;net_wt_over-15.0;date+25.0;time+9.05;customer+25.0;price+8.0,11020,2026-01-30 07:46:34.000,ZZ DO NOT USE STEEL TURNINGS,FETURN
1382,46,112,1344,65.5,111.36,170.0,code+40.0;desc+20.0;net_wt_over-15.0;date+25.0;time+8.36;customer+25.0;price+8.0,47060,2026-01-30 14:21:23.830,ZZ DO NOT USE STEEL TURNINGS,FETURN
1382,46,113,1345,65.4,111.19,170.0,code+40.0;desc+20.0;net_wt_over-15.0;date+25.0;time+8.19;customer+25.0;price+8.0,18960,2026-01-30 14:31:40.396,ZZ DO NOT USE STEEL TURNINGS,FETURN
1382,46,107,1338,58.9,93.0,158.0,code+40.0;desc+20.0;net_wt_over-15.0;date+15.0;customer+25.0;price+8.0,50820,2026-01-29 08:22:54.697,ZZ DO NOT USE STEEL TURNINGS,FETURN
1382,46,142,1360,51.3,81.0,158.0,code+40.0;desc+20.0;net_wt_over-15.0;date+3.0;customer+25.0;price+8.0,21020,2026-02-04 07:39:05.000,ZZ DO NOT USE STEEL TURNINGS,FETURN
1382,46,179,1365,51.3,81.0,158.0,code+40.0;desc+20.0;net_wt_over-15.0;date+3.0;customer+25.0;price+8.0,25760,2026-02-06 14:00:47.342,ZZ DO NOT USE STEEL TURNINGS,FETURN
1382,46,143,1361,51.3,81.0,158.0,code+40.0;desc+20.0;net_wt_over-15.0;date+3.0;customer+25.0;price+8.0,17400,2026-02-04 07:40:36.000,ZZ DO NOT USE STEEL TURNINGS,FETURN
1382,46,77,1315,49.4,78.0,158.0,code+40.0;desc+20.0;net_wt_over-15.0;customer+25.0;price+8.0,54200,2026-01-16 11:37:41.420,ZZ DO NOT USE STEEL TURNINGS,FETURN
1382,46,189,1370,49.4,78.0,158.0,code+40.0;desc+20.0;net_wt_over-15.0;customer+25.0;price+8.0,20980,2026-02-10 13:51:04.231,ZZ DO NOT USE STEEL TURNINGS,FETURN
1382,46,187,1368,49.4,78.0,158.0,code+40.0;desc+20.0;net_wt_over-15.0;customer+25.0;price+8.0,14140,2026-02-10 08:29:58.000,ZZ DO NOT USE STEEL TURNINGS,FETURN
1382,46,180,1367,49.4,78.0,158.0,code+40.0;desc+20.0;net_wt_over-15.0;customer+25.0;price+8.0,22600,2026-02-09 07:35:00.000,ZZ DO NOT USE STEEL TURNINGS,FETURN
1382,46,76,1314,49.4,78.0,158.0,code+40.0;desc+20.0;net_wt_over-15.0;customer+25.0;price+8.0,41080,2026-01-16 10:42:36.278,ZZ DO NOT USE STEEL TURNINGS,FETURN
1382,46,119,1350,24.0,37.98,158.0,code+40.0;desc+20.0;net_wt_over-15.0;date+3.0;customer_diff-15.0;price+4.98,49500,2026-02-03 09:33:09.682,ZZ DO NOT USE STEEL TURNINGS,FETURN
1382,46,104,1336,0.0,-10.02,158.0,code_diff-40.0;net_wt_over-15.0;date+15.0;customer+25.0;price+4.98,38140,2026-01-29 07:54:33.000,SHEET IRON,SHIRST
1382,46,103,1337,0.0,-17.52,158.0,code_diff-40.0;net_wt_over-15.0;date+7.5;customer+25.0;price+4.98,23980,2026-01-28 14:08:13.088,STEEL BANDING (FE),STBD
1382,46,181,1386,0.0,-30.0,158.0,code_diff-40.0;net_wt_over-15.0;customer+25.0,366,2026-02-09 08:59:06.000,ALUMINUM MLC,ALUMLC
1382,46,182,1386,0.0,-30.0,158.0,code_diff-40.0;net_wt_over-15.0;customer+25.0,263,2026-02-09 08:59:06.000,TUNGSTEN MOLY TA INSERTS,TUNGMOTAINS
1382,46,183,1386,0.0,-30.0,158.0,code_diff-40.0;net_wt_over-15.0;customer+25.0,2706,2026-02-09 08:59:06.000,17-4 SOLIDS,174SOLIDS
1382,46,184,1386,0.0,-30.0,158.0,code_diff-40.0;net_wt_over-15.0;customer+25.0,638,2026-02-09 08:59:06.000,ZZ DO NOT USE - ALUMINUM TURNINGS,ALMTRNG
1382,46,185,1386,0.0,-30.0,158.0,code_diff-40.0;net_wt_over-15.0;customer+25.0,1182,2026-02-09 08:59:06.000,EDM WIRE,EDMW
1382,46,84,1323,0.0,-25.02,158.0,code_diff-40.0;net_wt_over-15.0;customer+25.0;price+4.98,39200,2026-01-20 14:20:49.279,SHEET IRON,SHIRST
1382,46,79,1318,0.0,-25.02,158.0,code_diff-40.0;net_wt_over-15.0;customer+25.0;price+4.98,20040,2026-01-19 08:02:59.000,STEEL BANDING (FE),STBD
1382,46,201,1382,0.0,-25.02,158.0,code_diff-40.0;net_wt_over-15.0;customer+25.0;price+4.98,29040,2026-02-12 13:59:33.441,STEEL BANDING (FE),STBD
1387,47,113,1345,96.0,163.27,170.0,code+40.0;desc+20.0;net_wt+40.0;date+25.0;time+5.27;customer+25.0;price+8.0,18960,2026-01-30 14:31:40.396,ZZ DO NOT USE STEEL TURNINGS,FETURN
1387,47,109,1348,67.6,114.98,170.0,code+40.0;desc+20.0;net_wt_over-15.0;date+25.0;time+11.98;customer+25.0;price+8.0,11020,2026-01-30 07:46:34.000,ZZ DO NOT USE STEEL TURNINGS,FETURN
1387,47,110,1342,66.2,112.51,170.0,code+40.0;desc+20.0;net_wt_over-15.0;date+25.0;time+9.51;customer+25.0;price+8.0,56280,2026-01-30 10:17:07.500,ZZ DO NOT USE STEEL TURNINGS,FETURN
1387,47,112,1344,63.8,108.44,170.0,code+40.0;desc+20.0;net_wt_over-15.0;date+25.0;time+5.44;customer+25.0;price+8.0,47060,2026-01-30 14:21:23.830,ZZ DO NOT USE STEEL TURNINGS,FETURN
1387,47,107,1338,58.9,93.0,158.0,code+40.0;desc+20.0;net_wt_over-15.0;date+15.0;customer+25.0;price+8.0,50820,2026-01-29 08:22:54.697,ZZ DO NOT USE STEEL TURNINGS,FETURN
1387,47,142,1360,51.3,81.0,158.0,code+40.0;desc+20.0;net_wt_over-15.0;date+3.0;customer+25.0;price+8.0,21020,2026-02-04 07:39:05.000,ZZ DO NOT USE STEEL TURNINGS,FETURN
1387,47,179,1365,51.3,81.0,158.0,code+40.0;desc+20.0;net_wt_over-15.0;date+3.0;customer+25.0;price+8.0,25760,2026-02-06 14:00:47.342,ZZ DO NOT USE STEEL TURNINGS,FETURN
1387,47,143,1361,51.3,81.0,158.0,code+40.0;desc+20.0;net_wt_over-15.0;date+3.0;customer+25.0;price+8.0,17400,2026-02-04 07:40:36.000,ZZ DO NOT USE STEEL TURNINGS,FETURN
1387,47,77,1315,49.4,78.0,158.0,code+40.0;desc+20.0;net_wt_over-15.0;customer+25.0;price+8.0,54200,2026-01-16 11:37:41.420,ZZ DO NOT USE STEEL TURNINGS,FETURN
1387,47,189,1370,49.4,78.0,158.0,code+40.0;desc+20.0;net_wt_over-15.0;customer+25.0;price+8.0,20980,2026-02-10 13:51:04.231,ZZ DO NOT USE STEEL TURNINGS,FETURN
1387,47,187,1368,49.4,78.0,158.0,code+40.0;desc+20.0;net_wt_over-15.0;customer+25.0;price+8.0,14140,2026-02-10 08:29:58.000,ZZ DO NOT USE STEEL TURNINGS,FETURN
1387,47,180,1367,49.4,78.0,158.0,code+40.0;desc+20.0;net_wt_over-15.0;customer+25.0;price+8.0,22600,2026-02-09 07:35:00.000,ZZ DO NOT USE STEEL TURNINGS,FETURN
1387,47,76,1314,49.4,78.0,158.0,code+40.0;desc+20.0;net_wt_over-15.0;customer+25.0;price+8.0,41080,2026-01-16 10:42:36.278,ZZ DO NOT USE STEEL TURNINGS,FETURN
1387,47,119,1350,24.0,37.98,158.0,code+40.0;desc+20.0;net_wt_over-15.0;date+3.0;customer_diff-15.0;price+4.98,49500,2026-02-03 09:33:09.682,ZZ DO NOT USE STEEL TURNINGS,FETURN
1387,47,104,1336,0.0,-10.02,158.0,code_diff-40.0;net_wt_over-15.0;date+15.0;customer+25.0;price+4.98,38140,2026-01-29 07:54:33.000,SHEET IRON,SHIRST
1387,47,103,1337,0.0,-17.52,158.0,code_diff-40.0;net_wt_over-15.0;date+7.5;customer+25.0;price+4.98,23980,2026-01-28 14:08:13.088,STEEL BANDING (FE),STBD
1387,47,181,1386,0.0,-30.0,158.0,code_diff-40.0;net_wt_over-15.0;customer+25.0,366,2026-02-09 08:59:06.000,ALUMINUM MLC,ALUMLC
1387,47,182,1386,0.0,-30.0,158.0,code_diff-40.0;net_wt_over-15.0;customer+25.0,263,2026-02-09 08:59:06.000,TUNGSTEN MOLY TA INSERTS,TUNGMOTAINS
1387,47,183,1386,0.0,-30.0,158.0,code_diff-40.0;net_wt_over-15.0;customer+25.0,2706,2026-02-09 08:59:06.000,17-4 SOLIDS,174SOLIDS
1387,47,184,1386,0.0,-30.0,158.0,code_diff-40.0;net_wt_over-15.0;customer+25.0,638,2026-02-09 08:59:06.000,ZZ DO NOT USE - ALUMINUM TURNINGS,ALMTRNG
1387,47,185,1386,0.0,-30.0,158.0,code_diff-40.0;net_wt_over-15.0;customer+25.0,1182,2026-02-09 08:59:06.000,EDM WIRE,EDMW
1387,47,84,1323,0.0,-25.02,158.0,code_diff-40.0;net_wt_over-15.0;customer+25.0;price+4.98,39200,2026-01-20 14:20:49.279,SHEET IRON,SHIRST
1387,47,79,1318,0.0,-25.02,158.0,code_diff-40.0;net_wt_over-15.0;customer+25.0;price+4.98,20040,2026-01-19 08:02:59.000,STEEL BANDING (FE),STBD
1387,47,201,1382,0.0,-25.02,158.0,code_diff-40.0;net_wt_over-15.0;customer+25.0;price+4.98,29040,2026-02-12 13:59:33.441,STEEL BANDING (FE),STBD
1386,48,109,1348,100.0,169.99,170.0,code+40.0;desc+20.0;net_wt+40.0;date+25.0;time+11.99;customer+25.0;price+8.0,11020,2026-01-30 07:46:34.000,ZZ DO NOT USE STEEL TURNINGS,FETURN
1386,48,110,1342,66.2,112.5,170.0,code+40.0;desc+20.0;net_wt_over-15.0;date+25.0;time+9.5;customer+25.0;price+8.0,56280,2026-01-30 10:17:07.500,ZZ DO NOT USE STEEL TURNINGS,FETURN
1386,48,112,1344,63.8,108.43,170.0,code+40.0;desc+20.0;net_wt_over-15.0;date+25.0;time+5.43;customer+25.0;price+8.0,47060,2026-01-30 14:21:23.830,ZZ DO NOT USE STEEL TURNINGS,FETURN
1386,48,113,1345,63.7,108.26,170.0,code+40.0;desc+20.0;net_wt_over-15.0;date+25.0;time+5.26;customer+25.0;price+8.0,18960,2026-01-30 14:31:40.396,ZZ DO NOT USE STEEL TURNINGS,FETURN
1386,48,107,1338,58.9,93.0,158.0,code+40.0;desc+20.0;net_wt_over-15.0;date+15.0;customer+25.0;price+8.0,50820,2026-01-29 08:22:54.697,ZZ DO NOT USE STEEL TURNINGS,FETURN
1386,48,142,1360,51.3,81.0,158.0,code+40.0;desc+20.0;net_wt_over-15.0;date+3.0;customer+25.0;price+8.0,21020,2026-02-04 07:39:05.000,ZZ DO NOT USE STEEL TURNINGS,FETURN
1386,48,179,1365,51.3,81.0,158.0,code+40.0;desc+20.0;net_wt_over-15.0;date+3.0;customer+25.0;price+8.0,25760,2026-02-06 14:00:47.342,ZZ DO NOT USE STEEL TURNINGS,FETURN
1386,48,143,1361,51.3,81.0,158.0,code+40.0;desc+20.0;net_wt_over-15.0;date+3.0;customer+25.0;price+8.0,17400,2026-02-04 07:40:36.000,ZZ DO NOT USE STEEL TURNINGS,FETURN
1386,48,77,1315,49.4,78.0,158.0,code+40.0;desc+20.0;net_wt_over-15.0;customer+25.0;price+8.0,54200,2026-01-16 11:37:41.420,ZZ DO NOT USE STEEL TURNINGS,FETURN
1386,48,189,1370,49.4,78.0,158.0,code+40.0;desc+20.0;net_wt_over-15.0;customer+25.0;price+8.0,20980,2026-02-10 13:51:04.231,ZZ DO NOT USE STEEL TURNINGS,FETURN
1386,48,187,1368,49.4,78.0,158.0,code+40.0;desc+20.0;net_wt_over-15.0;customer+25.0;price+8.0,14140,2026-02-10 08:29:58.000,ZZ DO NOT USE STEEL TURNINGS,FETURN
1386,48,180,1367,49.4,78.0,158.0,code+40.0;desc+20.0;net_wt_over-15.0;customer+25.0;price+8.0,22600,2026-02-09 07:35:00.000,ZZ DO NOT USE STEEL TURNINGS,FETURN
1386,48,76,1314,49.4,78.0,158.0,code+40.0;desc+20.0;net_wt_over-15.0;customer+25.0;price+8.0,41080,2026-01-16 10:42:36.278,ZZ DO NOT USE STEEL TURNINGS,FETURN
1386,48,119,1350,24.0,37.98,158.0,code+40.0;desc+20.0;net_wt_over-15.0;date+3.0;customer_diff-15.0;price+4.98,49500,2026-02-03 09:33:09.682,ZZ DO NOT USE STEEL TURNINGS,FETURN
1386,48,175,1363,0.0,-20.87,158.0,code_diff-40.0;net_wt+31.13;date+3.0;customer_diff-15.0,10916,2026-02-06 07:53:21.003,5052 ALUMINUM,AL05052
1386,48,104,1336,0.0,-10.02,158.0,code_diff-40.0;net_wt_over-15.0;date+15.0;customer+25.0;price+4.98,38140,2026-01-29 07:54:33.000,SHEET IRON,SHIRST
1386,48,103,1337,0.0,-17.52,158.0,code_diff-40.0;net_wt_over-15.0;date+7.5;customer+25.0;price+4.98,23980,2026-01-28 14:08:13.088,STEEL BANDING (FE),STBD
1386,48,181,1386,0.0,-30.0,158.0,code_diff-40.0;net_wt_over-15.0;customer+25.0,366,2026-02-09 08:59:06.000,ALUMINUM MLC,ALUMLC
1386,48,182,1386,0.0,-30.0,158.0,code_diff-40.0;net_wt_over-15.0;customer+25.0,263,2026-02-09 08:59:06.000,TUNGSTEN MOLY TA INSERTS,TUNGMOTAINS
1386,48,183,1386,0.0,-30.0,158.0,code_diff-40.0;net_wt_over-15.0;customer+25.0,2706,2026-02-09 08:59:06.000,17-4 SOLIDS,174SOLIDS
1386,48,184,1386,0.0,-30.0,158.0,code_diff-40.0;net_wt_over-15.0;customer+25.0,638,2026-02-09 08:59:06.000,ZZ DO NOT USE - ALUMINUM TURNINGS,ALMTRNG
1386,48,185,1386,0.0,-30.0,158.0,code_diff-40.0;net_wt_over-15.0;customer+25.0,1182,2026-02-09 08:59:06.000,EDM WIRE,EDMW
1386,48,84,1323,0.0,-25.02,158.0,code_diff-40.0;net_wt_over-15.0;customer+25.0;price+4.98,39200,2026-01-20 14:20:49.279,SHEET IRON,SHIRST
1386,48,79,1318,0.0,-25.02,158.0,code_diff-40.0;net_wt_over-15.0;customer+25.0;price+4.98,20040,2026-01-19 08:02:59.000,STEEL BANDING (FE),STBD
1386,48,201,1382,0.0,-25.02,158.0,code_diff-40.0;net_wt_over-15.0;customer+25.0;price+4.98,29040,2026-02-12 13:59:33.441,STEEL BANDING (FE),STBD
1380,49,106,1341,100.0,169.99,170.0,code+40.0;desc+20.0;net_wt+40.0;date+25.0;time+11.99;customer+25.0;price+8.0,17760,2026-01-29 08:14:45.000,BUSHELING,Indbush
1380,49,92,1333,54.1,85.5,158.0,code+40.0;desc+20.0;net_wt_over-15.0;date+7.5;customer+25.0;price+8.0,47620,2026-01-26 14:19:42.778,BUSHELING,Indbush
1380,49,118,1355,51.3,81.0,158.0,code+40.0;desc+20.0;net_wt_over-15.0;date+3.0;customer+25.0;price+8.0,49780,2026-02-03 07:48:16.000,BUSHELING,Indbush
1380,49,146,1359,51.3,81.0,158.0,code+40.0;desc+20.0;net_wt_over-15.0;date+3.0;customer+25.0;price+8.0,36900,2026-02-04 13:39:28.240,BUSHELING,Indbush
1380,49,195,1379,49.4,78.0,158.0,code+40.0;desc+20.0;net_wt_over-15.0;customer+25.0;price+8.0,40300,2026-02-11 07:36:49.000,BUSHELING,Indbush
1380,49,83,1322,49.4,78.0,158.0,code+40.0;desc+20.0;net_wt_over-15.0;customer+25.0;price+8.0,42600,2026-01-20 14:08:40.203,BUSHELING,Indbush
1380,49,194,1378,49.4,78.0,158.0,code+40.0;desc+20.0;net_wt_over-15.0;customer+25.0;price+8.0,39540,2026-02-11 07:36:00.000,BUSHELING,Indbush
1380,49,190,1371,49.4,78.0,158.0,code+40.0;desc+20.0;net_wt_over-15.0;customer+25.0;price+8.0,38860,2026-02-10 13:51:38.295,BUSHELING,Indbush
1380,49,88,1326,25.5,40.28,158.0,code+40.0;desc+20.0;net_wt_over-15.0;date+3.0;customer_diff-15.0;price+7.28,33940,2026-01-22 10:58:34.967,BUSHELING,Indbush
1380,49,75,1313,23.6,37.28,158.0,code+40.0;desc+20.0;net_wt_over-15.0;customer_diff-15.0;price+7.28,38440,2026-01-16 09:38:50.735,BUSHELING,Indbush
1380,49,81,1320,23.6,37.28,158.0,code+40.0;desc+20.0;net_wt_over-15.0;customer_diff-15.0;price+7.28,27000,2026-01-20 08:17:15.740,BUSHELING,Indbush
1380,49,145,1358,21.0,33.22,158.0,code+40.0;desc+20.0;net_wt_over-15.0;date+3.0;customer_diff-15.0;price+0.22,37780,2026-02-04 10:53:55.022,BUSHELING,Indbush
1380,49,188,1369,19.1,30.22,158.0,code+40.0;desc+20.0;net_wt_over-15.0;customer_diff-15.0;price+0.22,38560,2026-02-10 09:32:06.805,BUSHELING,Indbush
1380,49,105,1340,4.1,6.9,170.0,code_diff-40.0;net_wt_over-15.0;date+25.0;time+11.9;customer+25.0,35920,2026-01-29 08:09:24.000,STEEL WIRE,STWR
1380,49,191,1372,0.0,-30.0,158.0,code_diff-40.0;net_wt_over-15.0;customer+25.0,34200,2026-02-10 13:52:13.344,STEEL WIRE,STWR
1380,49,186,1366,0.0,-34.28,158.0,code_diff-40.0;net_wt+20.72;customer_diff-15.0,18020,2026-02-09 09:07:39.199,ALUMINUM RIMS,ALWHEEL
1380,49,68,1305,0.0,-30.0,158.0,code_diff-40.0;net_wt_over-15.0;customer+25.0,10500,2026-01-15 09:30:32.147,ZZ DO NOT USE ALUMINUM BREAKAGE,ALBRKG
1380,49,143,1361,0.0,-42.54,158.0,code_diff-40.0;net_wt+9.46;date+3.0;customer_diff-15.0,17400,2026-02-04 07:40:36.000,ZZ DO NOT USE STEEL TURNINGS,FETURN
1380,49,120,1351,0.0,-25.08,158.0,code_diff-40.0;net_wt_over-15.0;date+3.0;customer+25.0;price+1.92,32440,2026-02-03 11:12:14.088,CLEAN SHEET,CLSHST
1380,49,117,1354,0.0,-27.0,158.0,code_diff-40.0;net_wt_over-15.0;date+3.0;customer+25.0,30460,2026-02-03 07:47:14.000,STEEL WIRE,STWR
1380,49,74,1312,0.0,-30.0,158.0,code_diff-40.0;net_wt_over-15.0;customer+25.0,25760,2026-01-16 08:04:53.000,STEEL WIRE,STWR
1380,49,91,1330,0.0,-27.0,158.0,code_diff-40.0;net_wt_over-15.0;date+3.0;customer+25.0,27380,2026-01-22 15:05:35.856,STEEL WIRE,STWR
1380,49,90,1329,0.0,-27.0,158.0,code_diff-40.0;net_wt_over-15.0;date+3.0;customer+25.0,23680,2026-01-22 15:04:53.998,STEEL WIRE,STWR
1380,49,86,1325,0.0,-27.0,158.0,code_diff-40.0;net_wt_over-15.0;date+3.0;customer+25.0,34780,2026-01-22 08:53:24.525,SHEET IRON,SHIRST
1380,49,111,1343,0.0,-15.0,158.0,code_diff-40.0;net_wt_over-15.0;date+15.0;customer+25.0,36260,2026-01-30 12:55:16.414,SHEET IRON,SHIRST
1379,50,105,1340,100.0,169.92,170.0,code+40.0;desc+20.0;net_wt+40.0;date+25.0;time+11.92;customer+25.0;price+8.0,35920,2026-01-29 08:09:24.000,STEEL WIRE,STWR
1379,50,90,1329,51.3,81.0,158.0,code+40.0;desc+20.0;net_wt_over-15.0;date+3.0;customer+25.0;price+8.0,23680,2026-01-22 15:04:53.998,STEEL WIRE,STWR
1379,50,91,1330,51.3,81.0,158.0,code+40.0;desc+20.0;net_wt_over-15.0;date+3.0;customer+25.0;price+8.0,27380,2026-01-22 15:05:35.856,STEEL WIRE,STWR
1379,50,117,1354,51.3,81.0,158.0,code+40.0;desc+20.0;net_wt_over-15.0;date+3.0;customer+25.0;price+8.0,30460,2026-02-03 07:47:14.000,STEEL WIRE,STWR
1379,50,191,1372,49.4,78.0,158.0,code+40.0;desc+20.0;net_wt_over-15.0;customer+25.0;price+8.0,34200,2026-02-10 13:52:13.344,STEEL WIRE,STWR
1379,50,74,1312,49.4,78.0,158.0,code+40.0;desc+20.0;net_wt_over-15.0;customer+25.0;price+8.0,25760,2026-01-16 08:04:53.000,STEEL WIRE,STWR
1379,50,111,1343,21.2,33.55,158.0,code_diff-40.0;net_wt+31.07;date+15.0;customer+25.0;price+2.48,36260,2026-01-30 12:55:16.414,SHEET IRON,SHIRST
1379,50,106,1341,4.1,7.0,170.0,code_diff-40.0;net_wt_over-15.0;date+25.0;time+12.0;customer+25.0,17760,2026-01-29 08:14:45.000,BUSHELING,Indbush
1379,50,120,1351,0.0,-27.0,158.0,code_diff-40.0;net_wt_over-15.0;date+3.0;customer+25.0,32440,2026-02-03 11:12:14.088,CLEAN SHEET,CLSHST
1379,50,194,1378,0.0,-30.0,158.0,code_diff-40.0;net_wt_over-15.0;customer+25.0,39540,2026-02-11 07:36:00.000,BUSHELING,Indbush
1379,50,190,1371,0.0,-30.0,158.0,code_diff-40.0;net_wt_over-15.0;customer+25.0,38860,2026-02-10 13:51:38.295,BUSHELING,Indbush
1379,50,146,1359,0.0,-27.0,158.0,code_diff-40.0;net_wt_over-15.0;date+3.0;customer+25.0,36900,2026-02-04 13:39:28.240,BUSHELING,Indbush
1379,50,68,1305,0.0,-30.0,158.0,code_diff-40.0;net_wt_over-15.0;customer+25.0,10500,2026-01-15 09:30:32.147,ZZ DO NOT USE ALUMINUM BREAKAGE,ALBRKG
1379,50,118,1355,0.0,-27.0,158.0,code_diff-40.0;net_wt_over-15.0;date+3.0;customer+25.0,49780,2026-02-03 07:48:16.000,BUSHELING,Indbush
1379,50,93,1334,0.0,-14.79,158.0,code_diff-40.0;net_wt+17.71;date+7.5,35340,2026-01-27 08:57:44.561,UNPREPARED P&S,UNPREP
1379,50,92,1333,0.0,-22.5,158.0,code_diff-40.0;net_wt_over-15.0;date+7.5;customer+25.0,47620,2026-01-26 14:19:42.778,BUSHELING,Indbush
1379,50,86,1325,0.0,-24.52,158.0,code_diff-40.0;net_wt_over-15.0;date+3.0;customer+25.0;price+2.48,34780,2026-01-22 08:53:24.525,SHEET IRON,SHIRST
1379,50,83,1322,0.0,-30.0,158.0,code_diff-40.0;net_wt_over-15.0;customer+25.0,42600,2026-01-20 14:08:40.203,BUSHELING,Indbush
1379,50,195,1379,0.0,-30.0,158.0,code_diff-40.0;net_wt_over-15.0;customer+25.0,40300,2026-02-11 07:36:49.000,BUSHELING,Indbush
1378,51,107,1338,99.6,169.39,170.0,code+40.0;desc+20.0;net_wt+40.0;date+25.0;time+11.39;customer+25.0;price+8.0,50820,2026-01-29 08:22:54.697,ZZ DO NOT USE STEEL TURNINGS,FETURN
1378,51,66,1303,84.2,133.0,158.0,code+40.0;desc+20.0;net_wt+40.0;customer+25.0;price+8.0,50860,2026-01-15 08:28:30.185,ZZ DO NOT USE STEEL TURNINGS,FETURN
1378,51,109,1348,58.9,93.0,158.0,code+40.0;desc+20.0;net_wt_over-15.0;date+15.0;customer+25.0;price+8.0,11020,2026-01-30 07:46:34.000,ZZ DO NOT USE STEEL TURNINGS,FETURN
1378,51,110,1342,58.9,93.0,158.0,code+40.0;desc+20.0;net_wt_over-15.0;date+15.0;customer+25.0;price+8.0,56280,2026-01-30 10:17:07.500,ZZ DO NOT USE STEEL TURNINGS,FETURN
1378,51,112,1344,58.9,93.0,158.0,code+40.0;desc+20.0;net_wt_over-15.0;date+15.0;customer+25.0;price+8.0,47060,2026-01-30 14:21:23.830,ZZ DO NOT USE STEEL TURNINGS,FETURN
1378,51,113,1345,58.9,93.0,158.0,code+40.0;desc+20.0;net_wt_over-15.0;date+15.0;customer+25.0;price+8.0,18960,2026-01-30 14:31:40.396,ZZ DO NOT USE STEEL TURNINGS,FETURN
1378,51,143,1361,51.3,81.0,158.0,code+40.0;desc+20.0;net_wt_over-15.0;date+3.0;customer+25.0;price+8.0,17400,2026-02-04 07:40:36.000,ZZ DO NOT USE STEEL TURNINGS,FETURN
1378,51,142,1360,51.3,81.0,158.0,code+40.0;desc+20.0;net_wt_over-15.0;date+3.0;customer+25.0;price+8.0,21020,2026-02-04 07:39:05.000,ZZ DO NOT USE STEEL TURNINGS,FETURN
1378,51,76,1314,49.4,78.0,158.0,code+40.0;desc+20.0;net_wt_over-15.0;customer+25.0;price+8.0,41080,2026-01-16 10:42:36.278,ZZ DO NOT USE STEEL TURNINGS,FETURN
1378,51,187,1368,49.4,78.0,158.0,code+40.0;desc+20.0;net_wt_over-15.0;customer+25.0;price+8.0,14140,2026-02-10 08:29:58.000,ZZ DO NOT USE STEEL TURNINGS,FETURN
1378,51,180,1367,49.4,78.0,158.0,code+40.0;desc+20.0;net_wt_over-15.0;customer+25.0;price+8.0,22600,2026-02-09 07:35:00.000,ZZ DO NOT USE STEEL TURNINGS,FETURN
1378,51,179,1365,49.4,78.0,158.0,code+40.0;desc+20.0;net_wt_over-15.0;customer+25.0;price+8.0,25760,2026-02-06 14:00:47.342,ZZ DO NOT USE STEEL TURNINGS,FETURN
1378,51,189,1370,49.4,78.0,158.0,code+40.0;desc+20.0;net_wt_over-15.0;customer+25.0;price+8.0,20980,2026-02-10 13:51:04.231,ZZ DO NOT USE STEEL TURNINGS,FETURN
1378,51,77,1315,49.4,78.0,158.0,code+40.0;desc+20.0;net_wt_over-15.0;customer+25.0;price+8.0,54200,2026-01-16 11:37:41.420,ZZ DO NOT USE STEEL TURNINGS,FETURN
1378,51,119,1350,24.0,37.98,158.0,code+40.0;desc+20.0;net_wt_over-15.0;date+3.0;customer_diff-15.0;price+4.98,49500,2026-02-03 09:33:09.682,ZZ DO NOT USE STEEL TURNINGS,FETURN
1378,51,104,1336,7.0,11.84,170.0,code_diff-40.0;net_wt_over-15.0;date+25.0;time+11.86;customer+25.0;price+4.98,38140,2026-01-29 07:54:33.000,SHEET IRON,SHIRST
1378,51,103,1337,0.0,-10.02,158.0,code_diff-40.0;net_wt_over-15.0;date+15.0;customer+25.0;price+4.98,23980,2026-01-28 14:08:13.088,STEEL BANDING (FE),STBD
1378,51,84,1323,0.0,-25.02,158.0,code_diff-40.0;net_wt_over-15.0;customer+25.0;price+4.98,39200,2026-01-20 14:20:49.279,SHEET IRON,SHIRST
1378,51,79,1318,0.0,-25.02,158.0,code_diff-40.0;net_wt_over-15.0;customer+25.0;price+4.98,20040,2026-01-19 08:02:59.000,STEEL BANDING (FE),STBD
1378,51,181,1386,0.0,-30.0,158.0,code_diff-40.0;net_wt_over-15.0;customer+25.0,366,2026-02-09 08:59:06.000,ALUMINUM MLC,ALUMLC
1378,51,182,1386,0.0,-30.0,158.0,code_diff-40.0;net_wt_over-15.0;customer+25.0,263,2026-02-09 08:59:06.000,TUNGSTEN MOLY TA INSERTS,TUNGMOTAINS
1378,51,183,1386,0.0,-30.0,158.0,code_diff-40.0;net_wt_over-15.0;customer+25.0,2706,2026-02-09 08:59:06.000,17-4 SOLIDS,174SOLIDS
1378,51,184,1386,0.0,-30.0,158.0,code_diff-40.0;net_wt_over-15.0;customer+25.0,638,2026-02-09 08:59:06.000,ZZ DO NOT USE - ALUMINUM TURNINGS,ALMTRNG
1378,51,185,1386,0.0,-30.0,158.0,code_diff-40.0;net_wt_over-15.0;customer+25.0,1182,2026-02-09 08:59:06.000,EDM WIRE,EDMW
1378,51,118,1355,0.0,-42.93,158.0,code_diff-40.0;net_wt+9.07;date+3.0;customer_diff-15.0,49780,2026-02-03 07:48:16.000,BUSHELING,Indbush
1375,52,103,1337,100.0,169.99,170.0,code+40.0;desc+20.0;net_wt+40.0;date+25.0;time+11.99;customer+25.0;price+8.0,23980,2026-01-28 14:08:13.088,STEEL BANDING (FE),STBD
1375,52,79,1318,49.4,78.0,158.0,code+40.0;desc+20.0;net_wt_over-15.0;customer+25.0;price+8.0,20040,2026-01-19 08:02:59.000,STEEL BANDING (FE),STBD
1375,52,64,1301,0.0,-24.76,158.0,code_diff-40.0;net_wt_over-15.0;customer+25.0;price+5.24,56280,2026-01-14 10:26:45.056,ZZ DO NOT USE STEEL TURNINGS,FETURN
1375,52,142,1360,0.0,-21.76,158.0,code_diff-40.0;net_wt_over-15.0;date+3.0;customer+25.0;price+5.24,21020,2026-02-04 07:39:05.000,ZZ DO NOT USE STEEL TURNINGS,FETURN
1375,52,187,1368,0.0,-24.76,158.0,code_diff-40.0;net_wt_over-15.0;customer+25.0;price+5.24,14140,2026-02-10 08:29:58.000,ZZ DO NOT USE STEEL TURNINGS,FETURN
1375,52,185,1386,0.0,-30.0,158.0,code_diff-40.0;net_wt_over-15.0;customer+25.0,1182,2026-02-09 08:59:06.000,EDM WIRE,EDMW
1375,52,184,1386,0.0,-30.0,158.0,code_diff-40.0;net_wt_over-15.0;customer+25.0,638,2026-02-09 08:59:06.000,ZZ DO NOT USE - ALUMINUM TURNINGS,ALMTRNG
1375,52,183,1386,0.0,-30.0,158.0,code_diff-40.0;net_wt_over-15.0;customer+25.0,2706,2026-02-09 08:59:06.000,17-4 SOLIDS,174SOLIDS
1375,52,182,1386,0.0,-30.0,158.0,code_diff-40.0;net_wt_over-15.0;customer+25.0,263,2026-02-09 08:59:06.000,TUNGSTEN MOLY TA INSERTS,TUNGMOTAINS
1375,52,181,1386,0.0,-30.0,158.0,code_diff-40.0;net_wt_over-15.0;customer+25.0,366,2026-02-09 08:59:06.000,ALUMINUM MLC,ALUMLC
1375,52,180,1367,0.0,-24.76,158.0,code_diff-40.0;net_wt_over-15.0;customer+25.0;price+5.24,22600,2026-02-09 07:35:00.000,ZZ DO NOT USE STEEL TURNINGS,FETURN
1375,52,179,1365,0.0,-24.76,158.0,code_diff-40.0;net_wt_over-15.0;customer+25.0;price+5.24,25760,2026-02-06 14:00:47.342,ZZ DO NOT USE STEEL TURNINGS,FETURN
1375,52,143,1361,0.0,-21.76,158.0,code_diff-40.0;net_wt_over-15.0;date+3.0;customer+25.0;price+5.24,17400,2026-02-04 07:40:36.000,ZZ DO NOT USE STEEL TURNINGS,FETURN
1375,52,112,1344,0.0,-17.26,158.0,code_diff-40.0;net_wt_over-15.0;date+7.5;customer+25.0;price+5.24,47060,2026-01-30 14:21:23.830,ZZ DO NOT USE STEEL TURNINGS,FETURN
1375,52,113,1345,0.0,-17.26,158.0,code_diff-40.0;net_wt_over-15.0;date+7.5;customer+25.0;price+5.24,18960,2026-01-30 14:31:40.396,ZZ DO NOT USE STEEL TURNINGS,FETURN
1375,52,66,1303,0.0,-24.76,158.0,code_diff-40.0;net_wt_over-15.0;customer+25.0;price+5.24,50860,2026-01-15 08:28:30.185,ZZ DO NOT USE STEEL TURNINGS,FETURN
1375,52,110,1342,0.0,-17.26,158.0,code_diff-40.0;net_wt_over-15.0;date+7.5;customer+25.0;price+5.24,56280,2026-01-30 10:17:07.500,ZZ DO NOT USE STEEL TURNINGS,FETURN
1375,52,109,1348,0.0,-17.26,158.0,code_diff-40.0;net_wt_over-15.0;date+7.5;customer+25.0;price+5.24,11020,2026-01-30 07:46:34.000,ZZ DO NOT USE STEEL TURNINGS,FETURN
1375,52,107,1338,0.0,-9.76,158.0,code_diff-40.0;net_wt_over-15.0;date+15.0;customer+25.0;price+5.24,50820,2026-01-29 08:22:54.697,ZZ DO NOT USE STEEL TURNINGS,FETURN
1375,52,104,1336,0.0,-7.0,158.0,code_diff-40.0;net_wt_over-15.0;date+15.0;customer+25.0;price+8.0,38140,2026-01-29 07:54:33.000,SHEET IRON,SHIRST
1375,52,90,1329,0.0,-26.08,158.0,code_diff-40.0;net_wt+24.98;date+3.0;customer_diff-15.0;price+0.94,23680,2026-01-22 15:04:53.998,STEEL WIRE,STWR
1375,52,84,1323,0.0,-22.0,158.0,code_diff-40.0;net_wt_over-15.0;customer+25.0;price+8.0,39200,2026-01-20 14:20:49.279,SHEET IRON,SHIRST
1375,52,77,1315,0.0,-24.76,158.0,code_diff-40.0;net_wt_over-15.0;customer+25.0;price+5.24,54200,2026-01-16 11:37:41.420,ZZ DO NOT USE STEEL TURNINGS,FETURN
1375,52,76,1314,0.0,-24.76,158.0,code_diff-40.0;net_wt_over-15.0;customer+25.0;price+5.24,41080,2026-01-16 10:42:36.278,ZZ DO NOT USE STEEL TURNINGS,FETURN
1375,52,189,1370,0.0,-24.76,158.0,code_diff-40.0;net_wt_over-15.0;customer+25.0;price+5.24,20980,2026-02-10 13:51:04.231,ZZ DO NOT USE STEEL TURNINGS,FETURN
1377,53,104,1336,93.7,148.0,158.0,code+40.0;desc+20.0;net_wt+40.0;date+15.0;customer+25.0;price+8.0,38140,2026-01-29 07:54:33.000,SHEET IRON,SHIRST
1377,53,84,1323,49.4,78.0,158.0,code+40.0;desc+20.0;net_wt_over-15.0;customer+25.0;price+8.0,39200,2026-01-20 14:20:49.279,SHEET IRON,SHIRST
1377,53,111,1343,27.1,42.74,158.0,code+40.0;desc+20.0;net_wt_over-15.0;date+7.5;customer_diff-15.0;price+5.24,36260,2026-01-30 12:55:16.414,SHEET IRON,SHIRST
1377,53,86,1325,24.2,38.24,158.0,code+40.0;desc+20.0;net_wt_over-15.0;date+3.0;customer_diff-15.0;price+5.24,34780,2026-01-22 08:53:24.525,SHEET IRON,SHIRST
1377,53,63,1299,23.7,37.45,158.0,code+40.0;desc+20.0;net_wt_over-15.0;customer_diff-15.0;price+7.45,28320,2026-01-14 07:01:30.662,SHEET IRON,SHIRST
1377,53,73,1311,23.7,37.45,158.0,code+40.0;desc+20.0;net_wt_over-15.0;customer_diff-15.0;price+7.45,39360,2026-01-16 07:03:37.855,SHEET IRON,SHIRST
1377,53,103,1337,7.4,12.62,170.0,code_diff-40.0;net_wt_over-15.0;date+25.0;time+9.62;customer+25.0;price+8.0,23980,2026-01-28 14:08:13.088,STEEL BANDING (FE),STBD
1377,53,75,1313,0.0,-19.35,158.0,code_diff-40.0;net_wt+34.27;customer_diff-15.0;price+1.38,38440,2026-01-16 09:38:50.735,BUSHELING,Indbush
1377,53,143,1361,0.0,-21.76,158.0,code_diff-40.0;net_wt_over-15.0;date+3.0;customer+25.0;price+5.24,17400,2026-02-04 07:40:36.000,ZZ DO NOT USE STEEL TURNINGS,FETURN
1377,53,189,1370,0.0,-24.76,158.0,code_diff-40.0;net_wt_over-15.0;customer+25.0;price+5.24,20980,2026-02-10 13:51:04.231,ZZ DO NOT USE STEEL TURNINGS,FETURN
1377,53,188,1369,0.0,-27.02,158.0,code_diff-40.0;net_wt+27.98;customer_diff-15.0,38560,2026-02-10 09:32:06.805,BUSHELING,Indbush
1377,53,187,1368,0.0,-24.76,158.0,code_diff-40.0;net_wt_over-15.0;customer+25.0;price+5.24,14140,2026-02-10 08:29:58.000,ZZ DO NOT USE STEEL TURNINGS,FETURN
1377,53,185,1386,0.0,-30.0,158.0,code_diff-40.0;net_wt_over-15.0;customer+25.0,1182,2026-02-09 08:59:06.000,EDM WIRE,EDMW
1377,53,184,1386,0.0,-30.0,158.0,code_diff-40.0;net_wt_over-15.0;customer+25.0,638,2026-02-09 08:59:06.000,ZZ DO NOT USE - ALUMINUM TURNINGS,ALMTRNG
1377,53,183,1386,0.0,-30.0,158.0,code_diff-40.0;net_wt_over-15.0;customer+25.0,2706,2026-02-09 08:59:06.000,17-4 SOLIDS,174SOLIDS
1377,53,182,1386,0.0,-30.0,158.0,code_diff-40.0;net_wt_over-15.0;customer+25.0,263,2026-02-09 08:59:06.000,TUNGSTEN MOLY TA INSERTS,TUNGMOTAINS
1377,53,181,1386,0.0,-30.0,158.0,code_diff-40.0;net_wt_over-15.0;customer+25.0,366,2026-02-09 08:59:06.000,ALUMINUM MLC,ALUMLC
1377,53,180,1367,0.0,-24.76,158.0,code_diff-40.0;net_wt_over-15.0;customer+25.0;price+5.24,22600,2026-02-09 07:35:00.000,ZZ DO NOT USE STEEL TURNINGS,FETURN
1377,53,179,1365,0.0,-24.76,158.0,code_diff-40.0;net_wt_over-15.0;customer+25.0;price+5.24,25760,2026-02-06 14:00:47.342,ZZ DO NOT USE STEEL TURNINGS,FETURN
1377,53,145,1358,0.0,-20.88,158.0,code_diff-40.0;net_wt+31.12;date+3.0;customer_diff-15.0,37780,2026-02-04 10:53:55.022,BUSHELING,Indbush
1377,53,142,1360,0.0,-21.76,158.0,code_diff-40.0;net_wt_over-15.0;date+3.0;customer+25.0;price+5.24,21020,2026-02-04 07:39:05.000,ZZ DO NOT USE STEEL TURNINGS,FETURN
1377,53,76,1314,0.0,-24.76,158.0,code_diff-40.0;net_wt_over-15.0;customer+25.0;price+5.24,41080,2026-01-16 10:42:36.278,ZZ DO NOT USE STEEL TURNINGS,FETURN
1377,53,113,1345,0.0,-17.26,158.0,code_diff-40.0;net_wt_over-15.0;date+7.5;customer+25.0;price+5.24,18960,2026-01-30 14:31:40.396,ZZ DO NOT USE STEEL TURNINGS,FETURN
1377,53,112,1344,0.0,-17.26,158.0,code_diff-40.0;net_wt_over-15.0;date+7.5;customer+25.0;price+5.24,47060,2026-01-30 14:21:23.830,ZZ DO NOT USE STEEL TURNINGS,FETURN
1377,53,64,1301,0.0,-24.76,158.0,code_diff-40.0;net_wt_over-15.0;customer+25.0;price+5.24,56280,2026-01-14 10:26:45.056,ZZ DO NOT USE STEEL TURNINGS,FETURN
1377,53,110,1342,0.0,-17.26,158.0,code_diff-40.0;net_wt_over-15.0;date+7.5;customer+25.0;price+5.24,56280,2026-01-30 10:17:07.500,ZZ DO NOT USE STEEL TURNINGS,FETURN
1377,53,109,1348,0.0,-17.26,158.0,code_diff-40.0;net_wt_over-15.0;date+7.5;customer+25.0;price+5.24,11020,2026-01-30 07:46:34.000,ZZ DO NOT USE STEEL TURNINGS,FETURN
1377,53,107,1338,0.0,-9.76,158.0,code_diff-40.0;net_wt_over-15.0;date+15.0;customer+25.0;price+5.24,50820,2026-01-29 08:22:54.697,ZZ DO NOT USE STEEL TURNINGS,FETURN
1377,53,66,1303,0.0,-24.76,158.0,code_diff-40.0;net_wt_over-15.0;customer+25.0;price+5.24,50860,2026-01-15 08:28:30.185,ZZ DO NOT USE STEEL TURNINGS,FETURN
1377,53,69,1306,0.0,-49.22,158.0,code_diff-40.0;net_wt+3.85;customer_diff-15.0;price+1.93,39020,2026-01-15 09:32:33.577,PLATE & STRUCTUAL,INDP&S
1377,53,79,1318,0.0,-22.0,158.0,code_diff-40.0;net_wt_over-15.0;customer+25.0;price+8.0,20040,2026-01-19 08:02:59.000,STEEL BANDING (FE),STBD
1377,53,77,1315,0.0,-24.76,158.0,code_diff-40.0;net_wt_over-15.0;customer+25.0;price+5.24,54200,2026-01-16 11:37:41.420,ZZ DO NOT USE STEEL TURNINGS,FETURN
1377,53,190,1371,0.0,-42.26,158.0,code_diff-40.0;net_wt+12.24;customer_diff-15.0;price+0.5,38860,2026-02-10 13:51:38.295,BUSHELING,Indbush
1372,54,92,1333,100.0,169.99,170.0,code+40.0;desc+20.0;net_wt+40.0;date+25.0;time+11.99;customer+25.0;price+8.0,47620,2026-01-26 14:19:42.778,BUSHELING,Indbush
1372,54,106,1341,54.1,85.5,158.0,code+40.0;desc+20.0;net_wt_over-15.0;date+7.5;customer+25.0;price+8.0,17760,2026-01-29 08:14:45.000,BUSHELING,Indbush
1372,54,83,1322,51.3,81.0,158.0,code+40.0;desc+20.0;net_wt_over-15.0;date+3.0;customer+25.0;price+8.0,42600,2026-01-20 14:08:40.203,BUSHELING,Indbush
1372,54,40,1295,49.4,78.0,158.0,code+40.0;desc+20.0;net_wt_over-15.0;customer+25.0;price+8.0,34460,2026-01-12 09:15:48.000,BUSHELING,Indbush
1372,54,118,1355,49.4,78.0,158.0,code+40.0;desc+20.0;net_wt_over-15.0;customer+25.0;price+8.0,49780,2026-02-03 07:48:16.000,BUSHELING,Indbush
1372,54,146,1359,49.4,78.0,158.0,code+40.0;desc+20.0;net_wt_over-15.0;customer+25.0;price+8.0,36900,2026-02-04 13:39:28.240,BUSHELING,Indbush
1372,54,81,1320,25.5,40.28,158.0,code+40.0;desc+20.0;net_wt_over-15.0;date+3.0;customer_diff-15.0;price+7.28,27000,2026-01-20 08:17:15.740,BUSHELING,Indbush
1372,54,88,1326,25.5,40.28,158.0,code+40.0;desc+20.0;net_wt_over-15.0;date+3.0;customer_diff-15.0;price+7.28,33940,2026-01-22 10:58:34.967,BUSHELING,Indbush
1372,54,75,1313,23.6,37.28,158.0,code+40.0;desc+20.0;net_wt_over-15.0;customer_diff-15.0;price+7.28,38440,2026-01-16 09:38:50.735,BUSHELING,Indbush
1372,54,145,1358,19.1,30.22,158.0,code+40.0;desc+20.0;net_wt_over-15.0;customer_diff-15.0;price+0.22,37780,2026-02-04 10:53:55.022,BUSHELING,Indbush
1372,54,68,1305,0.0,-30.0,158.0,code_diff-40.0;net_wt_over-15.0;customer+25.0,10500,2026-01-15 09:30:32.147,ZZ DO NOT USE ALUMINUM BREAKAGE,ALBRKG
1372,54,120,1351,0.0,-28.08,158.0,code_diff-40.0;net_wt_over-15.0;customer+25.0;price+1.92,32440,2026-02-03 11:12:14.088,CLEAN SHEET,CLSHST
1372,54,61,1297,0.0,-51.2,158.0,code_diff-40.0;net_wt+3.8;customer_diff-15.0,46520,2026-01-13 11:38:12.072,ZZ DO NOT USE STEEL TURNINGS,FETURN
1372,54,117,1354,0.0,-30.0,158.0,code_diff-40.0;net_wt_over-15.0;customer+25.0,30460,2026-02-03 07:47:14.000,STEEL WIRE,STWR
1372,54,112,1344,0.0,-25.52,158.0,code_diff-40.0;net_wt+26.48;date+3.0;customer_diff-15.0,47060,2026-01-30 14:21:23.830,ZZ DO NOT USE STEEL TURNINGS,FETURN
1372,54,111,1343,0.0,-27.0,158.0,code_diff-40.0;net_wt_over-15.0;date+3.0;customer+25.0,36260,2026-01-30 12:55:16.414,SHEET IRON,SHIRST
1372,54,105,1340,0.0,-22.5,158.0,code_diff-40.0;net_wt_over-15.0;date+7.5;customer+25.0,35920,2026-01-29 08:09:24.000,STEEL WIRE,STWR
1372,54,82,1321,0.0,-46.56,158.0,code_diff-40.0;net_wt+1.28;date+3.0;customer_diff-15.0;price+4.16,46460,2026-01-20 09:54:22.953,HEAVY MELT,INDHVYM
1372,54,74,1312,0.0,-30.0,158.0,code_diff-40.0;net_wt_over-15.0;customer+25.0,25760,2026-01-16 08:04:53.000,STEEL WIRE,STWR
1372,54,91,1330,0.0,-27.0,158.0,code_diff-40.0;net_wt_over-15.0;date+3.0;customer+25.0,27380,2026-01-22 15:05:35.856,STEEL WIRE,STWR
1372,54,41,1293,0.0,-28.08,158.0,code_diff-40.0;net_wt_over-15.0;customer+25.0;price+1.92,37220,2026-01-12 09:45:21.801,CLEAN SHEET,CLSHST
1372,54,86,1325,0.0,-27.0,158.0,code_diff-40.0;net_wt_over-15.0;date+3.0;customer+25.0,34780,2026-01-22 08:53:24.525,SHEET IRON,SHIRST
1372,54,85,1324,0.0,-36.56,158.0,code_diff-40.0;net_wt+13.88;date+3.0;customer_diff-15.0;price+1.56,48480,2026-01-21 07:59:21.906,AUTO CAST,FEAUCST
1372,54,90,1329,0.0,-27.0,158.0,code_diff-40.0;net_wt_over-15.0;date+3.0;customer+25.0,23680,2026-01-22 15:04:53.998,STEEL WIRE,STWR
1369,55,91,1330,100.0,169.99,170.0,code+40.0;desc+20.0;net_wt+40.0;date+25.0;time+11.99;customer+25.0;price+8.0,27380,2026-01-22 15:05:35.856,STEEL WIRE,STWR
1369,55,90,1329,67.6,114.98,170.0,code+40.0;desc+20.0;net_wt_over-15.0;date+25.0;time+11.98;customer+25.0;price+8.0,23680,2026-01-22 15:04:53.998,STEEL WIRE,STWR
1369,55,74,1312,51.3,81.0,158.0,code+40.0;desc+20.0;net_wt_over-15.0;date+3.0;customer+25.0;price+8.0,25760,2026-01-16 08:04:53.000,STEEL WIRE,STWR
1369,55,105,1340,51.3,81.0,158.0,code+40.0;desc+20.0;net_wt_over-15.0;date+3.0;customer+25.0;price+8.0,35920,2026-01-29 08:09:24.000,STEEL WIRE,STWR
1369,55,30,1290,49.4,78.0,158.0,code+40.0;desc+20.0;net_wt_over-15.0;customer+25.0;price+8.0,39680,2026-01-09 14:40:11.170,STEEL WIRE,STWR
1369,55,31,1291,49.4,78.0,158.0,code+40.0;desc+20.0;net_wt_over-15.0;customer+25.0;price+8.0,38520,2026-01-09 14:40:50.325,STEEL WIRE,STWR
1369,55,117,1354,49.4,78.0,158.0,code+40.0;desc+20.0;net_wt_over-15.0;customer+25.0;price+8.0,30460,2026-02-03 07:47:14.000,STEEL WIRE,STWR
1369,55,86,1325,1.9,3.27,170.0,code_diff-40.0;net_wt_over-15.0;date+25.0;time+5.79;customer+25.0;price+2.48,34780,2026-01-22 08:53:24.525,SHEET IRON,SHIRST
1369,55,15,1284,0.0,-27.52,158.0,code_diff-40.0;net_wt_over-15.0;customer+25.0;price+2.48,40460,2026-01-08 08:03:56.020,SHEET IRON,SHIRST
1369,55,120,1351,0.0,-30.0,158.0,code_diff-40.0;net_wt_over-15.0;customer+25.0,32440,2026-02-03 11:12:14.088,CLEAN SHEET,CLSHST
1369,55,118,1355,0.0,-30.0,158.0,code_diff-40.0;net_wt_over-15.0;customer+25.0,49780,2026-02-03 07:48:16.000,BUSHELING,Indbush
1369,55,111,1343,0.0,-27.52,158.0,code_diff-40.0;net_wt_over-15.0;customer+25.0;price+2.48,36260,2026-01-30 12:55:16.414,SHEET IRON,SHIRST
1369,55,106,1341,0.0,-27.0,158.0,code_diff-40.0;net_wt_over-15.0;date+3.0;customer+25.0,17760,2026-01-29 08:14:45.000,BUSHELING,Indbush
1369,55,92,1333,0.0,-27.0,158.0,code_diff-40.0;net_wt_over-15.0;date+3.0;customer+25.0,47620,2026-01-26 14:19:42.778,BUSHELING,Indbush
1369,55,83,1322,0.0,-22.5,158.0,code_diff-40.0;net_wt_over-15.0;date+7.5;customer+25.0,42600,2026-01-20 14:08:40.203,BUSHELING,Indbush
1369,55,16,1285,0.0,-27.52,158.0,code_diff-40.0;net_wt_over-15.0;customer+25.0;price+2.48,30920,2026-01-08 10:52:03.869,SHEET IRON,SHIRST
1369,55,81,1320,0.0,-25.26,158.0,code_diff-40.0;net_wt+22.24;date+7.5;customer_diff-15.0,27000,2026-01-20 08:17:15.740,BUSHELING,Indbush
1369,55,68,1305,0.0,-27.0,158.0,code_diff-40.0;net_wt_over-15.0;date+3.0;customer+25.0,10500,2026-01-15 09:30:32.147,ZZ DO NOT USE ALUMINUM BREAKAGE,ALBRKG
1369,55,60,1296,0.0,-15.0,158.0,code_diff-40.0;net_wt+40.0;customer_diff-15.0,27360,2026-01-13 10:29:54.290,SHEET IRON,SHIRST
1369,55,41,1293,0.0,-30.0,158.0,code_diff-40.0;net_wt_over-15.0;customer+25.0,37220,2026-01-12 09:45:21.801,CLEAN SHEET,CLSHST
1369,55,40,1295,0.0,-30.0,158.0,code_diff-40.0;net_wt_over-15.0;customer+25.0,34460,2026-01-12 09:15:48.000,BUSHELING,Indbush
1369,55,17,1286,0.0,-30.0,158.0,code_diff-40.0;net_wt_over-15.0;customer+25.0,41480,2026-01-08 11:57:03.719,BUSHELING,Indbush
1369,55,146,1359,0.0,-30.0,158.0,code_diff-40.0;net_wt_over-15.0;customer+25.0,36900,2026-02-04 13:39:28.240,BUSHELING,Indbush
1368,56,90,1329,100.0,169.99,170.0,code+40.0;desc+20.0;net_wt+40.0;date+25.0;time+11.99;customer+25.0;price+8.0,23680,2026-01-22 15:04:53.998,STEEL WIRE,STWR
1368,56,91,1330,67.6,115.0,170.0,code+40.0;desc+20.0;net_wt_over-15.0;date+25.0;time+12.0;customer+25.0;price+8.0,27380,2026-01-22 15:05:35.856,STEEL WIRE,STWR
1368,56,74,1312,51.3,81.0,158.0,code+40.0;desc+20.0;net_wt_over-15.0;date+3.0;customer+25.0;price+8.0,25760,2026-01-16 08:04:53.000,STEEL WIRE,STWR
1368,56,105,1340,51.3,81.0,158.0,code+40.0;desc+20.0;net_wt_over-15.0;date+3.0;customer+25.0;price+8.0,35920,2026-01-29 08:09:24.000,STEEL WIRE,STWR
1368,56,30,1290,49.4,78.0,158.0,code+40.0;desc+20.0;net_wt_over-15.0;customer+25.0;price+8.0,39680,2026-01-09 14:40:11.170,STEEL WIRE,STWR
1368,56,31,1291,49.4,78.0,158.0,code+40.0;desc+20.0;net_wt_over-15.0;customer+25.0;price+8.0,38520,2026-01-09 14:40:50.325,STEEL WIRE,STWR
1368,56,117,1354,49.4,78.0,158.0,code+40.0;desc+20.0;net_wt_over-15.0;customer+25.0;price+8.0,30460,2026-02-03 07:47:14.000,STEEL WIRE,STWR
1368,56,86,1325,1.9,3.28,170.0,code_diff-40.0;net_wt_over-15.0;date+25.0;time+5.8;customer+25.0;price+2.48,34780,2026-01-22 08:53:24.525,SHEET IRON,SHIRST
1368,56,103,1337,0.0,-27.34,158.0,code_diff-40.0;net_wt+24.66;date+3.0;customer_diff-15.0,23980,2026-01-28 14:08:13.088,STEEL BANDING (FE),STBD
1368,56,120,1351,0.0,-30.0,158.0,code_diff-40.0;net_wt_over-15.0;customer+25.0,32440,2026-02-03 11:12:14.088,CLEAN SHEET,CLSHST
1368,56,118,1355,0.0,-30.0,158.0,code_diff-40.0;net_wt_over-15.0;customer+25.0,49780,2026-02-03 07:48:16.000,BUSHELING,Indbush
1368,56,111,1343,0.0,-27.52,158.0,code_diff-40.0;net_wt_over-15.0;customer+25.0;price+2.48,36260,2026-01-30 12:55:16.414,SHEET IRON,SHIRST
1368,56,106,1341,0.0,-27.0,158.0,code_diff-40.0;net_wt_over-15.0;date+3.0;customer+25.0,17760,2026-01-29 08:14:45.000,BUSHELING,Indbush
1368,56,15,1284,0.0,-27.52,158.0,code_diff-40.0;net_wt_over-15.0;customer+25.0;price+2.48,40460,2026-01-08 08:03:56.020,SHEET IRON,SHIRST
1368,56,92,1333,0.0,-27.0,158.0,code_diff-40.0;net_wt_over-15.0;date+3.0;customer+25.0,47620,2026-01-26 14:19:42.778,BUSHELING,Indbush
1368,56,16,1285,0.0,-27.52,158.0,code_diff-40.0;net_wt_over-15.0;customer+25.0;price+2.48,30920,2026-01-08 10:52:03.869,SHEET IRON,SHIRST
1368,56,83,1322,0.0,-22.5,158.0,code_diff-40.0;net_wt_over-15.0;date+7.5;customer+25.0,42600,2026-01-20 14:08:40.203,BUSHELING,Indbush
1368,56,68,1305,0.0,-27.0,158.0,code_diff-40.0;net_wt_over-15.0;date+3.0;customer+25.0,10500,2026-01-15 09:30:32.147,ZZ DO NOT USE ALUMINUM BREAKAGE,ALBRKG
1368,56,41,1293,0.0,-30.0,158.0,code_diff-40.0;net_wt_over-15.0;customer+25.0,37220,2026-01-12 09:45:21.801,CLEAN SHEET,CLSHST
1368,56,40,1295,0.0,-30.0,158.0,code_diff-40.0;net_wt_over-15.0;customer+25.0,34460,2026-01-12 09:15:48.000,BUSHELING,Indbush
1368,56,17,1286,0.0,-30.0,158.0,code_diff-40.0;net_wt_over-15.0;customer+25.0,41480,2026-01-08 11:57:03.719,BUSHELING,Indbush
1368,56,146,1359,0.0,-30.0,158.0,code_diff-40.0;net_wt_over-15.0;customer+25.0,36900,2026-02-04 13:39:28.240,BUSHELING,Indbush
1360,57,83,1322,100.0,169.99,170.0,code+40.0;desc+20.0;net_wt+40.0;date+25.0;time+11.99;customer+25.0;price+8.0,42600,2026-01-20 14:08:40.203,BUSHELING,Indbush
1360,57,92,1333,51.3,81.0,158.0,code+40.0;desc+20.0;net_wt_over-15.0;date+3.0;customer+25.0;price+8.0,47620,2026-01-26 14:19:42.778,BUSHELING,Indbush
1360,57,106,1341,49.4,78.0,158.0,code+40.0;desc+20.0;net_wt_over-15.0;customer+25.0;price+8.0,17760,2026-01-29 08:14:45.000,BUSHELING,Indbush
1360,57,17,1286,49.4,78.0,158.0,code+40.0;desc+20.0;net_wt_over-15.0;customer+25.0;price+8.0,41480,2026-01-08 11:57:03.719,BUSHELING,Indbush
1360,57,40,1295,49.4,78.0,158.0,code+40.0;desc+20.0;net_wt_over-15.0;customer+25.0;price+8.0,34460,2026-01-12 09:15:48.000,BUSHELING,Indbush
1360,57,81,1320,40.2,68.41,170.0,code+40.0;desc+20.0;net_wt_over-15.0;date+25.0;time+6.13;customer_diff-15.0;price+7.28,27000,2026-01-20 08:17:15.740,BUSHELING,Indbush
1360,57,88,1326,28.3,44.78,158.0,code+40.0;desc+20.0;net_wt_over-15.0;date+7.5;customer_diff-15.0;price+7.28,33940,2026-01-22 10:58:34.967,BUSHELING,Indbush
1360,57,75,1313,25.5,40.28,158.0,code+40.0;desc+20.0;net_wt_over-15.0;date+3.0;customer_diff-15.0;price+7.28,38440,2026-01-16 09:38:50.735,BUSHELING,Indbush
1360,57,6,1275,23.6,37.28,158.0,code+40.0;desc+20.0;net_wt_over-15.0;customer_diff-15.0;price+7.28,37600,2026-01-06 08:03:11.542,BUSHELING,Indbush
1360,57,67,1304,0.0,-7.33,158.0,code_diff-40.0;net_wt+38.73;date+3.0;customer_diff-15.0;price+5.94,42840,2026-01-15 09:03:47.079,HEAVY MELT,INDHVYM
1360,57,68,1305,0.0,-27.0,158.0,code_diff-40.0;net_wt_over-15.0;date+3.0;customer+25.0,10500,2026-01-15 09:30:32.147,ZZ DO NOT USE ALUMINUM BREAKAGE,ALBRKG
1360,57,74,1312,0.0,-27.0,158.0,code_diff-40.0;net_wt_over-15.0;date+3.0;customer+25.0,25760,2026-01-16 08:04:53.000,STEEL WIRE,STWR
1360,57,15,1284,0.0,-30.0,158.0,code_diff-40.0;net_wt_over-15.0;customer+25.0,40460,2026-01-08 08:03:56.020,SHEET IRON,SHIRST
1360,57,62,1298,0.0,-25.47,158.0,code_diff-40.0;net_wt+26.53;date+3.0;customer_diff-15.0,43100,2026-01-13 14:06:10.910,ZZ DO NOT USE STEEL TURNINGS,FETURN
1360,57,41,1293,0.0,-28.08,158.0,code_diff-40.0;net_wt_over-15.0;customer+25.0;price+1.92,37220,2026-01-12 09:45:21.801,CLEAN SHEET,CLSHST
1360,57,86,1325,0.0,-22.5,158.0,code_diff-40.0;net_wt_over-15.0;date+7.5;customer+25.0,34780,2026-01-22 08:53:24.525,SHEET IRON,SHIRST
1360,57,31,1291,0.0,-30.0,158.0,code_diff-40.0;net_wt_over-15.0;customer+25.0,38520,2026-01-09 14:40:50.325,STEEL WIRE,STWR
1360,57,90,1329,0.0,-22.5,158.0,code_diff-40.0;net_wt_over-15.0;date+7.5;customer+25.0,23680,2026-01-22 15:04:53.998,STEEL WIRE,STWR
1360,57,91,1330,0.0,-22.5,158.0,code_diff-40.0;net_wt_over-15.0;date+7.5;customer+25.0,27380,2026-01-22 15:05:35.856,STEEL WIRE,STWR
1360,57,30,1290,0.0,-30.0,158.0,code_diff-40.0;net_wt_over-15.0;customer+25.0,39680,2026-01-09 14:40:11.170,STEEL WIRE,STWR
1360,57,105,1340,0.0,-30.0,158.0,code_diff-40.0;net_wt_over-15.0;customer+25.0,35920,2026-01-29 08:09:24.000,STEEL WIRE,STWR
1360,57,16,1285,0.0,-30.0,158.0,code_diff-40.0;net_wt_over-15.0;customer+25.0,30920,2026-01-08 10:52:03.869,SHEET IRON,SHIRST
1360,57,111,1343,0.0,-30.0,158.0,code_diff-40.0;net_wt_over-15.0;customer+25.0,36260,2026-01-30 12:55:16.414,SHEET IRON,SHIRST
1360,57,114,1346,0.0,-36.52,158.0,code_diff-40.0;net_wt+14.32;customer_diff-15.0;price+4.16,41840,2026-02-02 07:02:30.604,HEAVY MELT,INDHVYM
1361,58,84,1323,95.6,162.57,170.0,code+40.0;desc+20.0;net_wt+40.0;date+25.0;time+4.57;customer+25.0;price+8.0,39200,2026-01-20 14:20:49.279,SHEET IRON,SHIRST
1361,58,73,1311,60.4,95.45,158.0,code+40.0;desc+20.0;net_wt+40.0;date+3.0;customer_diff-15.0;price+7.45,39360,2026-01-16 07:03:37.855,SHEET IRON,SHIRST
1361,58,104,1336,49.4,78.0,158.0,code+40.0;desc+20.0;net_wt_over-15.0;customer+25.0;price+8.0,38140,2026-01-29 07:54:33.000,SHEET IRON,SHIRST
1361,58,86,1325,27.1,42.74,158.0,code+40.0;desc+20.0;net_wt_over-15.0;date+7.5;customer_diff-15.0;price+5.24,34780,2026-01-22 08:53:24.525,SHEET IRON,SHIRST
1361,58,63,1299,25.6,40.45,158.0,code+40.0;desc+20.0;net_wt_over-15.0;date+3.0;customer_diff-15.0;price+7.45,28320,2026-01-14 07:01:30.662,SHEET IRON,SHIRST
1361,58,60,1296,25.6,40.45,158.0,code+40.0;desc+20.0;net_wt_over-15.0;date+3.0;customer_diff-15.0;price+7.45,27360,2026-01-13 10:29:54.290,SHEET IRON,SHIRST
1361,58,11,1281,23.7,37.45,158.0,code+40.0;desc+20.0;net_wt_over-15.0;customer_diff-15.0;price+7.45,34860,2026-01-07 12:00:19.794,SHEET IRON,SHIRST
1361,58,29,1289,23.7,37.45,158.0,code+40.0;desc+20.0;net_wt_over-15.0;customer_diff-15.0;price+7.45,21520,2026-01-09 14:09:00.353,SHEET IRON,SHIRST
1361,58,111,1343,22.3,35.24,158.0,code+40.0;desc+20.0;net_wt_over-15.0;customer_diff-15.0;price+5.24,36260,2026-01-30 12:55:16.414,SHEET IRON,SHIRST
1361,58,15,1284,22.3,35.24,158.0,code+40.0;desc+20.0;net_wt_over-15.0;customer_diff-15.0;price+5.24,40460,2026-01-08 08:03:56.020,SHEET IRON,SHIRST
1361,58,16,1285,22.3,35.24,158.0,code+40.0;desc+20.0;net_wt_over-15.0;customer_diff-15.0;price+5.24,30920,2026-01-08 10:52:03.869,SHEET IRON,SHIRST
1361,58,79,1318,0.0,-7.0,158.0,code_diff-40.0;net_wt_over-15.0;date+15.0;customer+25.0;price+8.0,20040,2026-01-19 08:02:59.000,STEEL BANDING (FE),STBD
1361,58,75,1313,0.0,-39.4,158.0,code_diff-40.0;net_wt+11.22;date+3.0;customer_diff-15.0;price+1.38,38440,2026-01-16 09:38:50.735,BUSHELING,Indbush
1361,58,76,1314,0.0,-21.76,158.0,code_diff-40.0;net_wt_over-15.0;date+3.0;customer+25.0;price+5.24,41080,2026-01-16 10:42:36.278,ZZ DO NOT USE STEEL TURNINGS,FETURN
1361,58,77,1315,0.0,-21.76,158.0,code_diff-40.0;net_wt_over-15.0;date+3.0;customer+25.0;price+5.24,54200,2026-01-16 11:37:41.420,ZZ DO NOT USE STEEL TURNINGS,FETURN
1361,58,7,1278,0.0,-24.76,158.0,code_diff-40.0;net_wt_over-15.0;customer+25.0;price+5.24,50700,2026-01-06 10:32:15.672,ZZ DO NOT USE STEEL TURNINGS,FETURN
1361,58,103,1337,0.0,-22.0,158.0,code_diff-40.0;net_wt_over-15.0;customer+25.0;price+8.0,23980,2026-01-28 14:08:13.088,STEEL BANDING (FE),STBD
1361,58,66,1303,0.0,-21.76,158.0,code_diff-40.0;net_wt_over-15.0;date+3.0;customer+25.0;price+5.24,50860,2026-01-15 08:28:30.185,ZZ DO NOT USE STEEL TURNINGS,FETURN
1361,58,107,1338,0.0,-24.76,158.0,code_diff-40.0;net_wt_over-15.0;customer+25.0;price+5.24,50820,2026-01-29 08:22:54.697,ZZ DO NOT USE STEEL TURNINGS,FETURN
1361,58,109,1348,0.0,-24.76,158.0,code_diff-40.0;net_wt_over-15.0;customer+25.0;price+5.24,11020,2026-01-30 07:46:34.000,ZZ DO NOT USE STEEL TURNINGS,FETURN
1361,58,110,1342,0.0,-24.76,158.0,code_diff-40.0;net_wt_over-15.0;customer+25.0;price+5.24,56280,2026-01-30 10:17:07.500,ZZ DO NOT USE STEEL TURNINGS,FETURN
1361,58,112,1344,0.0,-24.76,158.0,code_diff-40.0;net_wt_over-15.0;customer+25.0;price+5.24,47060,2026-01-30 14:21:23.830,ZZ DO NOT USE STEEL TURNINGS,FETURN
1361,58,69,1306,0.0,-10.07,158.0,code_diff-40.0;net_wt+40.0;date+3.0;customer_diff-15.0;price+1.93,39020,2026-01-15 09:32:33.577,PLATE & STRUCTUAL,INDP&S
1361,58,62,1298,0.0,-21.76,158.0,code_diff-40.0;net_wt_over-15.0;date+3.0;customer+25.0;price+5.24,43100,2026-01-13 14:06:10.910,ZZ DO NOT USE STEEL TURNINGS,FETURN
1361,58,64,1301,0.0,-21.76,158.0,code_diff-40.0;net_wt_over-15.0;date+3.0;customer+25.0;price+5.24,56280,2026-01-14 10:26:45.056,ZZ DO NOT USE STEEL TURNINGS,FETURN
1361,58,8,1279,0.0,-22.0,158.0,code_diff-40.0;net_wt_over-15.0;customer+25.0;price+8.0,26800,2026-01-06 13:55:42.415,STEEL BANDING (FE),STBD
1361,58,61,1297,0.0,-21.76,158.0,code_diff-40.0;net_wt_over-15.0;date+3.0;customer+25.0;price+5.24,46520,2026-01-13 11:38:12.072,ZZ DO NOT USE STEEL TURNINGS,FETURN
1361,58,38,1328,0.0,-30.0,158.0,code_diff-40.0;net_wt_over-15.0;customer+25.0,774,2026-01-10 14:22:37.000,ZZ DO NOT USE - ALUMINUM TURNINGS,ALMTRNG
1361,58,37,1328,0.0,-30.0,158.0,code_diff-40.0;net_wt_over-15.0;customer+25.0,2030,2026-01-10 14:22:37.000,EDM WIRE,EDMW
1361,58,36,1328,0.0,-30.0,158.0,code_diff-40.0;net_wt_over-15.0;customer+25.0,255,2026-01-10 14:22:37.000,CARBIDE,NICARBD
1361,58,35,1328,0.0,-30.0,158.0,code_diff-40.0;net_wt_over-15.0;customer+25.0,3758,2026-01-10 14:22:37.000,6063 BARE ALUMINUM EXTRUSION,AL06063
1361,58,34,1328,0.0,-30.0,158.0,code_diff-40.0;net_wt_over-15.0;customer+25.0,974,2026-01-10 14:22:37.000,5052 ALUMINUM,AL05052
1361,58,33,1328,0.0,-30.0,158.0,code_diff-40.0;net_wt_over-15.0;customer+25.0,2940,2026-01-10 14:22:37.000,17-4 SOLIDS,174SOLIDS
1361,58,32,1328,0.0,-26.81,158.0,code_diff-40.0;net_wt_over-15.0;customer+25.0;price+3.19,230,2026-01-10 14:22:37.000,17-4 STAINLESS STEEL TURNINGS,NI174BO
1361,58,31,1291,0.0,-38.75,158.0,code_diff-40.0;net_wt+15.31;customer_diff-15.0;price+0.94,38520,2026-01-09 14:40:50.325,STEEL WIRE,STWR
1361,58,30,1290,0.0,-28.55,158.0,code_diff-40.0;net_wt+25.51;customer_diff-15.0;price+0.94,39680,2026-01-09 14:40:11.170,STEEL WIRE,STWR
1361,58,14,1283,0.0,-30.0,158.0,code_diff-40.0;net_wt_over-15.0;customer+25.0,1290,2026-01-08 07:42:24.089,6061 ALUMINUM - SPC,AL06061
1361,58,13,1283,0.0,-30.0,158.0,code_diff-40.0;net_wt_over-15.0;customer+25.0,11610,2026-01-08 07:42:24.089,5052 ALUMINUM,AL05052
1361,58,12,1282,0.0,-24.76,158.0,code_diff-40.0;net_wt_over-15.0;customer+25.0;price+5.24,61060,2026-01-07 12:40:42.833,ZZ DO NOT USE STEEL TURNINGS,FETURN
1361,58,113,1345,0.0,-24.76,158.0,code_diff-40.0;net_wt_over-15.0;customer+25.0;price+5.24,18960,2026-01-30 14:31:40.396,ZZ DO NOT USE STEEL TURNINGS,FETURN
1353,59,77,1315,99.7,169.55,170.0,code+40.0;desc+20.0;net_wt+40.0;date+25.0;time+11.55;customer+25.0;price+8.0,54200,2026-01-16 11:37:41.420,ZZ DO NOT USE STEEL TURNINGS,FETURN
1353,59,76,1314,66.8,113.63,170.0,code+40.0;desc+20.0;net_wt_over-15.0;date+25.0;time+10.63;customer+25.0;price+8.0,41080,2026-01-16 10:42:36.278,ZZ DO NOT USE STEEL TURNINGS,FETURN
1353,59,66,1303,58.9,93.0,158.0,code+40.0;desc+20.0;net_wt_over-15.0;date+15.0;customer+25.0;price+8.0,50860,2026-01-15 08:28:30.185,ZZ DO NOT USE STEEL TURNINGS,FETURN
1353,59,61,1297,54.1,85.5,158.0,code+40.0;desc+20.0;net_wt_over-15.0;date+7.5;customer+25.0;price+8.0,46520,2026-01-13 11:38:12.072,ZZ DO NOT USE STEEL TURNINGS,FETURN
1353,59,64,1301,54.1,85.5,158.0,code+40.0;desc+20.0;net_wt_over-15.0;date+7.5;customer+25.0;price+8.0,56280,2026-01-14 10:26:45.056,ZZ DO NOT USE STEEL TURNINGS,FETURN
1353,59,62,1298,54.1,85.5,158.0,code+40.0;desc+20.0;net_wt_over-15.0;date+7.5;customer+25.0;price+8.0,43100,2026-01-13 14:06:10.910,ZZ DO NOT USE STEEL TURNINGS,FETURN
1353,59,7,1278,49.4,78.0,158.0,code+40.0;desc+20.0;net_wt_over-15.0;customer+25.0;price+8.0,50700,2026-01-06 10:32:15.672,ZZ DO NOT USE STEEL TURNINGS,FETURN
1353,59,107,1338,49.4,78.0,158.0,code+40.0;desc+20.0;net_wt_over-15.0;customer+25.0;price+8.0,50820,2026-01-29 08:22:54.697,ZZ DO NOT USE STEEL TURNINGS,FETURN
1353,59,12,1282,49.4,78.0,158.0,code+40.0;desc+20.0;net_wt_over-15.0;customer+25.0;price+8.0,61060,2026-01-07 12:40:42.833,ZZ DO NOT USE STEEL TURNINGS,FETURN
1353,59,35,1328,0.0,-27.0,158.0,code_diff-40.0;net_wt_over-15.0;date+3.0;customer+25.0,3758,2026-01-10 14:22:37.000,6063 BARE ALUMINUM EXTRUSION,AL06063
1353,59,36,1328,0.0,-27.0,158.0,code_diff-40.0;net_wt_over-15.0;date+3.0;customer+25.0,255,2026-01-10 14:22:37.000,CARBIDE,NICARBD
1353,59,37,1328,0.0,-27.0,158.0,code_diff-40.0;net_wt_over-15.0;date+3.0;customer+25.0,2030,2026-01-10 14:22:37.000,EDM WIRE,EDMW
1353,59,8,1279,0.0,-25.02,158.0,code_diff-40.0;net_wt_over-15.0;customer+25.0;price+4.98,26800,2026-01-06 13:55:42.415,STEEL BANDING (FE),STBD
1353,59,34,1328,0.0,-27.0,158.0,code_diff-40.0;net_wt_over-15.0;date+3.0;customer+25.0,974,2026-01-10 14:22:37.000,5052 ALUMINUM,AL05052
1353,59,33,1328,0.0,-27.0,158.0,code_diff-40.0;net_wt_over-15.0;date+3.0;customer+25.0,2940,2026-01-10 14:22:37.000,17-4 SOLIDS,174SOLIDS
1353,59,32,1328,0.0,-21.25,158.0,code_diff-40.0;net_wt_over-15.0;date+3.0;customer+25.0;price+5.75,230,2026-01-10 14:22:37.000,17-4 STAINLESS STEEL TURNINGS,NI174BO
1353,59,14,1283,0.0,-30.0,158.0,code_diff-40.0;net_wt_over-15.0;customer+25.0,1290,2026-01-08 07:42:24.089,6061 ALUMINUM - SPC,AL06061
1353,59,13,1283,0.0,-30.0,158.0,code_diff-40.0;net_wt_over-15.0;customer+25.0,11610,2026-01-08 07:42:24.089,5052 ALUMINUM,AL05052
1353,59,79,1318,0.0,-17.52,158.0,code_diff-40.0;net_wt_over-15.0;date+7.5;customer+25.0;price+4.98,20040,2026-01-19 08:02:59.000,STEEL BANDING (FE),STBD
1353,59,84,1323,0.0,-22.02,158.0,code_diff-40.0;net_wt_over-15.0;date+3.0;customer+25.0;price+4.98,39200,2026-01-20 14:20:49.279,SHEET IRON,SHIRST
1353,59,103,1337,0.0,-25.02,158.0,code_diff-40.0;net_wt_over-15.0;customer+25.0;price+4.98,23980,2026-01-28 14:08:13.088,STEEL BANDING (FE),STBD
1353,59,104,1336,0.0,-25.02,158.0,code_diff-40.0;net_wt_over-15.0;customer+25.0;price+4.98,38140,2026-01-29 07:54:33.000,SHEET IRON,SHIRST
1353,59,38,1328,0.0,-27.0,158.0,code_diff-40.0;net_wt_over-15.0;date+3.0;customer+25.0,774,2026-01-10 14:22:37.000,ZZ DO NOT USE - ALUMINUM TURNINGS,ALMTRNG
1352,60,76,1314,99.2,168.68,170.0,code+40.0;desc+20.0;net_wt+40.0;date+25.0;time+10.68;customer+25.0;price+8.0,41080,2026-01-16 10:42:36.278,ZZ DO NOT USE STEEL TURNINGS,FETURN
1352,60,77,1315,67.4,114.6,170.0,code+40.0;desc+20.0;net_wt_over-15.0;date+25.0;time+11.6;customer+25.0;price+8.0,54200,2026-01-16 11:37:41.420,ZZ DO NOT USE STEEL TURNINGS,FETURN
1352,60,66,1303,58.9,93.0,158.0,code+40.0;desc+20.0;net_wt_over-15.0;date+15.0;customer+25.0;price+8.0,50860,2026-01-15 08:28:30.185,ZZ DO NOT USE STEEL TURNINGS,FETURN
1352,60,61,1297,54.1,85.5,158.0,code+40.0;desc+20.0;net_wt_over-15.0;date+7.5;customer+25.0;price+8.0,46520,2026-01-13 11:38:12.072,ZZ DO NOT USE STEEL TURNINGS,FETURN
1352,60,64,1301,54.1,85.5,158.0,code+40.0;desc+20.0;net_wt_over-15.0;date+7.5;customer+25.0;price+8.0,56280,2026-01-14 10:26:45.056,ZZ DO NOT USE STEEL TURNINGS,FETURN
1352,60,62,1298,54.1,85.5,158.0,code+40.0;desc+20.0;net_wt_over-15.0;date+7.5;customer+25.0;price+8.0,43100,2026-01-13 14:06:10.910,ZZ DO NOT USE STEEL TURNINGS,FETURN
1352,60,7,1278,49.4,78.0,158.0,code+40.0;desc+20.0;net_wt_over-15.0;customer+25.0;price+8.0,50700,2026-01-06 10:32:15.672,ZZ DO NOT USE STEEL TURNINGS,FETURN
1352,60,107,1338,49.4,78.0,158.0,code+40.0;desc+20.0;net_wt_over-15.0;customer+25.0;price+8.0,50820,2026-01-29 08:22:54.697,ZZ DO NOT USE STEEL TURNINGS,FETURN
1352,60,12,1282,49.4,78.0,158.0,code+40.0;desc+20.0;net_wt_over-15.0;customer+25.0;price+8.0,61060,2026-01-07 12:40:42.833,ZZ DO NOT USE STEEL TURNINGS,FETURN
1352,60,33,1328,0.0,-27.0,158.0,code_diff-40.0;net_wt_over-15.0;date+3.0;customer+25.0,2940,2026-01-10 14:22:37.000,17-4 SOLIDS,174SOLIDS
1352,60,14,1283,0.0,-30.0,158.0,code_diff-40.0;net_wt_over-15.0;customer+25.0,1290,2026-01-08 07:42:24.089,6061 ALUMINUM - SPC,AL06061
1352,60,104,1336,0.0,-25.02,158.0,code_diff-40.0;net_wt_over-15.0;customer+25.0;price+4.98,38140,2026-01-29 07:54:33.000,SHEET IRON,SHIRST
1352,60,103,1337,0.0,-25.02,158.0,code_diff-40.0;net_wt_over-15.0;customer+25.0;price+4.98,23980,2026-01-28 14:08:13.088,STEEL BANDING (FE),STBD
1352,60,84,1323,0.0,-22.02,158.0,code_diff-40.0;net_wt_over-15.0;date+3.0;customer+25.0;price+4.98,39200,2026-01-20 14:20:49.279,SHEET IRON,SHIRST
1352,60,79,1318,0.0,-17.52,158.0,code_diff-40.0;net_wt_over-15.0;date+7.5;customer+25.0;price+4.98,20040,2026-01-19 08:02:59.000,STEEL BANDING (FE),STBD
1352,60,13,1283,0.0,-30.0,158.0,code_diff-40.0;net_wt_over-15.0;customer+25.0,11610,2026-01-08 07:42:24.089,5052 ALUMINUM,AL05052
1352,60,15,1284,0.0,-27.19,158.0,code_diff-40.0;net_wt+19.81;customer_diff-15.0;price+8.0,40460,2026-01-08 08:03:56.020,SHEET IRON,SHIRST
1352,60,34,1328,0.0,-27.0,158.0,code_diff-40.0;net_wt_over-15.0;date+3.0;customer+25.0,974,2026-01-10 14:22:37.000,5052 ALUMINUM,AL05052
1352,60,17,1286,0.0,-24.47,158.0,code_diff-40.0;net_wt+30.53;customer_diff-15.0,41480,2026-01-08 11:57:03.719,BUSHELING,Indbush
1352,60,32,1328,0.0,-21.25,158.0,code_diff-40.0;net_wt_over-15.0;date+3.0;customer+25.0;price+5.75,230,2026-01-10 14:22:37.000,17-4 STAINLESS STEEL TURNINGS,NI174BO
1352,60,38,1328,0.0,-27.0,158.0,code_diff-40.0;net_wt_over-15.0;date+3.0;customer+25.0,774,2026-01-10 14:22:37.000,ZZ DO NOT USE - ALUMINUM TURNINGS,ALMTRNG
1352,60,8,1279,0.0,-25.02,158.0,code_diff-40.0;net_wt_over-15.0;customer+25.0;price+4.98,26800,2026-01-06 13:55:42.415,STEEL BANDING (FE),STBD
1352,60,36,1328,0.0,-27.0,158.0,code_diff-40.0;net_wt_over-15.0;date+3.0;customer+25.0,255,2026-01-10 14:22:37.000,CARBIDE,NICARBD
1352,60,35,1328,0.0,-27.0,158.0,code_diff-40.0;net_wt_over-15.0;date+3.0;customer+25.0,3758,2026-01-10 14:22:37.000,6063 BARE ALUMINUM EXTRUSION,AL06063
1352,60,37,1328,0.0,-27.0,158.0,code_diff-40.0;net_wt_over-15.0;date+3.0;customer+25.0,2030,2026-01-10 14:22:37.000,EDM WIRE,EDMW
1356,61,79,1318,88.9,140.5,158.0,code+40.0;desc+20.0;net_wt+40.0;date+7.5;customer+25.0;price+8.0,20040,2026-01-19 08:02:59.000,STEEL BANDING (FE),STBD
1356,61,8,1279,49.4,78.0,158.0,code+40.0;desc+20.0;net_wt_over-15.0;customer+25.0;price+8.0,26800,2026-01-06 13:55:42.415,STEEL BANDING (FE),STBD
1356,61,103,1337,49.4,78.0,158.0,code+40.0;desc+20.0;net_wt_over-15.0;customer+25.0;price+8.0,23980,2026-01-28 14:08:13.088,STEEL BANDING (FE),STBD
1356,61,76,1314,5.7,9.61,170.0,code_diff-40.0;net_wt_over-15.0;date+25.0;time+9.37;customer+25.0;price+5.24,41080,2026-01-16 10:42:36.278,ZZ DO NOT USE STEEL TURNINGS,FETURN
1356,61,77,1315,5.1,8.69,170.0,code_diff-40.0;net_wt_over-15.0;date+25.0;time+8.45;customer+25.0;price+5.24,54200,2026-01-16 11:37:41.420,ZZ DO NOT USE STEEL TURNINGS,FETURN
1356,61,7,1278,0.0,-24.76,158.0,code_diff-40.0;net_wt_over-15.0;customer+25.0;price+5.24,50700,2026-01-06 10:32:15.672,ZZ DO NOT USE STEEL TURNINGS,FETURN
1356,61,104,1336,0.0,-22.0,158.0,code_diff-40.0;net_wt_over-15.0;customer+25.0;price+8.0,38140,2026-01-29 07:54:33.000,SHEET IRON,SHIRST
1356,61,96,1335,0.0,-26.06,158.0,code_diff-40.0;net_wt+28.94;customer_diff-15.0,20251,2026-01-27 15:04:51.727,AUTO BATTERIES,LEAUTOB
1356,61,84,1323,0.0,-19.0,158.0,code_diff-40.0;net_wt_over-15.0;date+3.0;customer+25.0;price+8.0,39200,2026-01-20 14:20:49.279,SHEET IRON,SHIRST
1356,61,66,1303,0.0,-9.76,158.0,code_diff-40.0;net_wt_over-15.0;date+15.0;customer+25.0;price+5.24,50860,2026-01-15 08:28:30.185,ZZ DO NOT USE STEEL TURNINGS,FETURN
1356,61,64,1301,0.0,-17.26,158.0,code_diff-40.0;net_wt_over-15.0;date+7.5;customer+25.0;price+5.24,56280,2026-01-14 10:26:45.056,ZZ DO NOT USE STEEL TURNINGS,FETURN
1356,61,62,1298,0.0,-17.26,158.0,code_diff-40.0;net_wt_over-15.0;date+7.5;customer+25.0;price+5.24,43100,2026-01-13 14:06:10.910,ZZ DO NOT USE STEEL TURNINGS,FETURN
1356,61,61,1297,0.0,-17.26,158.0,code_diff-40.0;net_wt_over-15.0;date+7.5;customer+25.0;price+5.24,46520,2026-01-13 11:38:12.072,ZZ DO NOT USE STEEL TURNINGS,FETURN
1356,61,38,1328,0.0,-27.0,158.0,code_diff-40.0;net_wt_over-15.0;date+3.0;customer+25.0,774,2026-01-10 14:22:37.000,ZZ DO NOT USE - ALUMINUM TURNINGS,ALMTRNG
1356,61,37,1328,0.0,-27.0,158.0,code_diff-40.0;net_wt_over-15.0;date+3.0;customer+25.0,2030,2026-01-10 14:22:37.000,EDM WIRE,EDMW
1356,61,36,1328,0.0,-27.0,158.0,code_diff-40.0;net_wt_over-15.0;date+3.0;customer+25.0,255,2026-01-10 14:22:37.000,CARBIDE,NICARBD
1356,61,35,1328,0.0,-27.0,158.0,code_diff-40.0;net_wt_over-15.0;date+3.0;customer+25.0,3758,2026-01-10 14:22:37.000,6063 BARE ALUMINUM EXTRUSION,AL06063
1356,61,34,1328,0.0,-27.0,158.0,code_diff-40.0;net_wt_over-15.0;date+3.0;customer+25.0,974,2026-01-10 14:22:37.000,5052 ALUMINUM,AL05052
1356,61,33,1328,0.0,-27.0,158.0,code_diff-40.0;net_wt_over-15.0;date+3.0;customer+25.0,2940,2026-01-10 14:22:37.000,17-4 SOLIDS,174SOLIDS
1356,61,32,1328,0.0,-23.81,158.0,code_diff-40.0;net_wt_over-15.0;date+3.0;customer+25.0;price+3.19,230,2026-01-10 14:22:37.000,17-4 STAINLESS STEEL TURNINGS,NI174BO
1356,61,14,1283,0.0,-30.0,158.0,code_diff-40.0;net_wt_over-15.0;customer+25.0,1290,2026-01-08 07:42:24.089,6061 ALUMINUM - SPC,AL06061
1356,61,13,1283,0.0,-30.0,158.0,code_diff-40.0;net_wt_over-15.0;customer+25.0,11610,2026-01-08 07:42:24.089,5052 ALUMINUM,AL05052
1356,61,12,1282,0.0,-24.76,158.0,code_diff-40.0;net_wt_over-15.0;customer+25.0;price+5.24,61060,2026-01-07 12:40:42.833,ZZ DO NOT USE STEEL TURNINGS,FETURN
1356,61,107,1338,0.0,-24.76,158.0,code_diff-40.0;net_wt_over-15.0;customer+25.0;price+5.24,50820,2026-01-29 08:22:54.697,ZZ DO NOT USE STEEL TURNINGS,FETURN
1339,62,66,1303,99.5,169.18,170.0,code+40.0;desc+20.0;net_wt+40.0;date+25.0;time+11.18;customer+25.0;price+8.0,50860,2026-01-15 08:28:30.185,ZZ DO NOT USE STEEL TURNINGS,FETURN
1339,62,7,1278,84.2,133.0,158.0,code+40.0;desc+20.0;net_wt+40.0;customer+25.0;price+8.0,50700,2026-01-06 10:32:15.672,ZZ DO NOT USE STEEL TURNINGS,FETURN
1339,62,77,1315,58.9,93.0,158.0,code+40.0;desc+20.0;net_wt_over-15.0;date+15.0;customer+25.0;price+8.0,54200,2026-01-16 11:37:41.420,ZZ DO NOT USE STEEL TURNINGS,FETURN
1339,62,76,1314,58.9,93.0,158.0,code+40.0;desc+20.0;net_wt_over-15.0;date+15.0;customer+25.0;price+8.0,41080,2026-01-16 10:42:36.278,ZZ DO NOT USE STEEL TURNINGS,FETURN
1339,62,64,1301,58.9,93.0,158.0,code+40.0;desc+20.0;net_wt_over-15.0;date+15.0;customer+25.0;price+8.0,56280,2026-01-14 10:26:45.056,ZZ DO NOT USE STEEL TURNINGS,FETURN
1339,62,62,1298,54.1,85.5,158.0,code+40.0;desc+20.0;net_wt_over-15.0;date+7.5;customer+25.0;price+8.0,43100,2026-01-13 14:06:10.910,ZZ DO NOT USE STEEL TURNINGS,FETURN
1339,62,61,1297,54.1,85.5,158.0,code+40.0;desc+20.0;net_wt_over-15.0;date+7.5;customer+25.0;price+8.0,46520,2026-01-13 11:38:12.072,ZZ DO NOT USE STEEL TURNINGS,FETURN
1339,62,12,1282,49.4,78.0,158.0,code+40.0;desc+20.0;net_wt_over-15.0;customer+25.0;price+8.0,61060,2026-01-07 12:40:42.833,ZZ DO NOT USE STEEL TURNINGS,FETURN
1339,62,38,1328,0.0,-27.0,158.0,code_diff-40.0;net_wt_over-15.0;date+3.0;customer+25.0,774,2026-01-10 14:22:37.000,ZZ DO NOT USE - ALUMINUM TURNINGS,ALMTRNG
1339,62,84,1323,0.0,-22.02,158.0,code_diff-40.0;net_wt_over-15.0;date+3.0;customer+25.0;price+4.98,39200,2026-01-20 14:20:49.279,SHEET IRON,SHIRST
1339,62,79,1318,0.0,-22.02,158.0,code_diff-40.0;net_wt_over-15.0;date+3.0;customer+25.0;price+4.98,20040,2026-01-19 08:02:59.000,STEEL BANDING (FE),STBD
1339,62,37,1328,0.0,-27.0,158.0,code_diff-40.0;net_wt_over-15.0;date+3.0;customer+25.0,2030,2026-01-10 14:22:37.000,EDM WIRE,EDMW
1339,62,8,1279,0.0,-25.02,158.0,code_diff-40.0;net_wt_over-15.0;customer+25.0;price+4.98,26800,2026-01-06 13:55:42.415,STEEL BANDING (FE),STBD
1339,62,36,1328,0.0,-27.0,158.0,code_diff-40.0;net_wt_over-15.0;date+3.0;customer+25.0,255,2026-01-10 14:22:37.000,CARBIDE,NICARBD
1339,62,35,1328,0.0,-27.0,158.0,code_diff-40.0;net_wt_over-15.0;date+3.0;customer+25.0,3758,2026-01-10 14:22:37.000,6063 BARE ALUMINUM EXTRUSION,AL06063
1339,62,34,1328,0.0,-27.0,158.0,code_diff-40.0;net_wt_over-15.0;date+3.0;customer+25.0,974,2026-01-10 14:22:37.000,5052 ALUMINUM,AL05052
1339,62,33,1328,0.0,-27.0,158.0,code_diff-40.0;net_wt_over-15.0;date+3.0;customer+25.0,2940,2026-01-10 14:22:37.000,17-4 SOLIDS,174SOLIDS
1339,62,32,1328,0.0,-21.25,158.0,code_diff-40.0;net_wt_over-15.0;date+3.0;customer+25.0;price+5.75,230,2026-01-10 14:22:37.000,17-4 STAINLESS STEEL TURNINGS,NI174BO
1339,62,14,1283,0.0,-27.0,158.0,code_diff-40.0;net_wt_over-15.0;date+3.0;customer+25.0,1290,2026-01-08 07:42:24.089,6061 ALUMINUM - SPC,AL06061
1339,62,13,1283,0.0,-27.0,158.0,code_diff-40.0;net_wt_over-15.0;date+3.0;customer+25.0,11610,2026-01-08 07:42:24.089,5052 ALUMINUM,AL05052
1339,62,103,1337,0.0,-25.02,158.0,code_diff-40.0;net_wt_over-15.0;customer+25.0;price+4.98,23980,2026-01-28 14:08:13.088,STEEL BANDING (FE),STBD
1350,63,74,1312,93.7,148.0,158.0,code+40.0;desc+20.0;net_wt+40.0;date+15.0;customer+25.0;price+8.0,25760,2026-01-16 08:04:53.000,STEEL WIRE,STWR
1350,63,91,1330,51.3,81.0,158.0,code+40.0;desc+20.0;net_wt_over-15.0;date+3.0;customer+25.0;price+8.0,27380,2026-01-22 15:05:35.856,STEEL WIRE,STWR
1350,63,90,1329,51.3,81.0,158.0,code+40.0;desc+20.0;net_wt_over-15.0;date+3.0;customer+25.0;price+8.0,23680,2026-01-22 15:04:53.998,STEEL WIRE,STWR
1350,63,30,1290,51.3,81.0,158.0,code+40.0;desc+20.0;net_wt_over-15.0;date+3.0;customer+25.0;price+8.0,39680,2026-01-09 14:40:11.170,STEEL WIRE,STWR
1350,63,31,1291,51.3,81.0,158.0,code+40.0;desc+20.0;net_wt_over-15.0;date+3.0;customer+25.0;price+8.0,38520,2026-01-09 14:40:50.325,STEEL WIRE,STWR
1350,63,2,1271,49.4,78.0,158.0,code+40.0;desc+20.0;net_wt_over-15.0;customer+25.0;price+8.0,37940,2026-01-02 14:17:18.512,STEEL WIRE,STWR
1350,63,68,1305,3.3,5.59,170.0,code_diff-40.0;net_wt_over-15.0;date+25.0;time+10.59;customer+25.0,10500,2026-01-15 09:30:32.147,ZZ DO NOT USE ALUMINUM BREAKAGE,ALBRKG
1350,63,86,1325,0.0,-24.52,158.0,code_diff-40.0;net_wt_over-15.0;date+3.0;customer+25.0;price+2.48,34780,2026-01-22 08:53:24.525,SHEET IRON,SHIRST
1350,63,83,1322,0.0,-27.0,158.0,code_diff-40.0;net_wt_over-15.0;date+3.0;customer+25.0,42600,2026-01-20 14:08:40.203,BUSHELING,Indbush
1350,63,40,1295,0.0,-22.5,158.0,code_diff-40.0;net_wt_over-15.0;date+7.5;customer+25.0,34460,2026-01-12 09:15:48.000,BUSHELING,Indbush
1350,63,41,1293,0.0,-22.5,158.0,code_diff-40.0;net_wt_over-15.0;date+7.5;customer+25.0,37220,2026-01-12 09:45:21.801,CLEAN SHEET,CLSHST
1350,63,3,1276,0.0,-30.0,158.0,code_diff-40.0;net_wt_over-15.0;customer+25.0,28880,2026-01-05 08:33:08.000,BUSHELING,Indbush
1350,63,17,1286,0.0,-27.0,158.0,code_diff-40.0;net_wt_over-15.0;date+3.0;customer+25.0,41480,2026-01-08 11:57:03.719,BUSHELING,Indbush
1350,63,16,1285,0.0,-24.52,158.0,code_diff-40.0;net_wt_over-15.0;date+3.0;customer+25.0;price+2.48,30920,2026-01-08 10:52:03.869,SHEET IRON,SHIRST
1350,63,15,1284,0.0,-24.52,158.0,code_diff-40.0;net_wt_over-15.0;date+3.0;customer+25.0;price+2.48,40460,2026-01-08 08:03:56.020,SHEET IRON,SHIRST
1350,63,9,1280,0.0,-28.29,158.0,code_diff-40.0;net_wt+26.71;customer_diff-15.0,25460,2026-01-07 07:08:49.352,CLEAN SHEET,CLSHST
1350,63,92,1333,0.0,-30.0,158.0,code_diff-40.0;net_wt_over-15.0;customer+25.0,47620,2026-01-26 14:19:42.778,BUSHELING,Indbush
1344,64,68,1305,98.7,167.73,170.0,code+40.0;desc+20.0;net_wt+40.0;date+25.0;time+9.73;customer+25.0;price+8.0,10500,2026-01-15 09:30:32.147,ZZ DO NOT USE ALUMINUM BREAKAGE,ALBRKG
1344,64,89,1327,24.1,38.0,158.0,code+40.0;desc+20.0;net_wt_over-15.0;date+3.0;customer_diff-15.0;price+5.0,1751,2026-01-22 11:44:54.530,ZZ DO NOT USE ALUMINUM BREAKAGE,ALBRKG
1344,64,2,1271,0.0,-30.0,158.0,code_diff-40.0;net_wt_over-15.0;customer+25.0,37940,2026-01-02 14:17:18.512,STEEL WIRE,STWR
1344,64,91,1330,0.0,-27.0,158.0,code_diff-40.0;net_wt_over-15.0;date+3.0;customer+25.0,27380,2026-01-22 15:05:35.856,STEEL WIRE,STWR
1344,64,90,1329,0.0,-27.0,158.0,code_diff-40.0;net_wt_over-15.0;date+3.0;customer+25.0,23680,2026-01-22 15:04:53.998,STEEL WIRE,STWR
1344,64,86,1325,0.0,-27.0,158.0,code_diff-40.0;net_wt_over-15.0;date+3.0;customer+25.0,34780,2026-01-22 08:53:24.525,SHEET IRON,SHIRST
1344,64,83,1322,0.0,-27.0,158.0,code_diff-40.0;net_wt_over-15.0;date+3.0;customer+25.0,42600,2026-01-20 14:08:40.203,BUSHELING,Indbush
1344,64,74,1312,0.0,-15.0,158.0,code_diff-40.0;net_wt_over-15.0;date+15.0;customer+25.0,25760,2026-01-16 08:04:53.000,STEEL WIRE,STWR
1344,64,41,1293,0.0,-22.5,158.0,code_diff-40.0;net_wt_over-15.0;date+7.5;customer+25.0,37220,2026-01-12 09:45:21.801,CLEAN SHEET,CLSHST
1344,64,3,1276,0.0,-30.0,158.0,code_diff-40.0;net_wt_over-15.0;customer+25.0,28880,2026-01-05 08:33:08.000,BUSHELING,Indbush
1344,64,40,1295,0.0,-22.5,158.0,code_diff-40.0;net_wt_over-15.0;date+7.5;customer+25.0,34460,2026-01-12 09:15:48.000,BUSHELING,Indbush
1344,64,31,1291,0.0,-27.0,158.0,code_diff-40.0;net_wt_over-15.0;date+3.0;customer+25.0,38520,2026-01-09 14:40:50.325,STEEL WIRE,STWR
1344,64,30,1290,0.0,-27.0,158.0,code_diff-40.0;net_wt_over-15.0;date+3.0;customer+25.0,39680,2026-01-09 14:40:11.170,STEEL WIRE,STWR
1344,64,17,1286,0.0,-27.0,158.0,code_diff-40.0;net_wt_over-15.0;date+3.0;customer+25.0,41480,2026-01-08 11:57:03.719,BUSHELING,Indbush
1344,64,16,1285,0.0,-27.0,158.0,code_diff-40.0;net_wt_over-15.0;date+3.0;customer+25.0,30920,2026-01-08 10:52:03.869,SHEET IRON,SHIRST
1344,64,15,1284,0.0,-27.0,158.0,code_diff-40.0;net_wt_over-15.0;date+3.0;customer+25.0,40460,2026-01-08 08:03:56.020,SHEET IRON,SHIRST
1344,64,92,1333,0.0,-30.0,158.0,code_diff-40.0;net_wt_over-15.0;customer+25.0,47620,2026-01-26 14:19:42.778,BUSHELING,Indbush
1338,65,64,1301,99.7,169.51,170.0,code+40.0;desc+20.0;net_wt+40.0;date+25.0;time+11.51;customer+25.0;price+8.0,56280,2026-01-14 10:26:45.056,ZZ DO NOT USE STEEL TURNINGS,FETURN
1338,65,66,1303,58.9,93.0,158.0,code+40.0;desc+20.0;net_wt_over-15.0;date+15.0;customer+25.0;price+8.0,50860,2026-01-15 08:28:30.185,ZZ DO NOT USE STEEL TURNINGS,FETURN
1338,65,62,1298,58.9,93.0,158.0,code+40.0;desc+20.0;net_wt_over-15.0;date+15.0;customer+25.0;price+8.0,43100,2026-01-13 14:06:10.910,ZZ DO NOT USE STEEL TURNINGS,FETURN
1338,65,61,1297,58.9,93.0,158.0,code+40.0;desc+20.0;net_wt_over-15.0;date+15.0;customer+25.0;price+8.0,46520,2026-01-13 11:38:12.072,ZZ DO NOT USE STEEL TURNINGS,FETURN
1338,65,77,1315,54.1,85.5,158.0,code+40.0;desc+20.0;net_wt_over-15.0;date+7.5;customer+25.0;price+8.0,54200,2026-01-16 11:37:41.420,ZZ DO NOT USE STEEL TURNINGS,FETURN
1338,65,76,1314,54.1,85.5,158.0,code+40.0;desc+20.0;net_wt_over-15.0;date+7.5;customer+25.0;price+8.0,41080,2026-01-16 10:42:36.278,ZZ DO NOT USE STEEL TURNINGS,FETURN
1338,65,12,1282,51.3,81.0,158.0,code+40.0;desc+20.0;net_wt_over-15.0;date+3.0;customer+25.0;price+8.0,61060,2026-01-07 12:40:42.833,ZZ DO NOT USE STEEL TURNINGS,FETURN
1338,65,7,1278,49.4,78.0,158.0,code+40.0;desc+20.0;net_wt_over-15.0;customer+25.0;price+8.0,50700,2026-01-06 10:32:15.672,ZZ DO NOT USE STEEL TURNINGS,FETURN
1338,65,38,1328,0.0,-27.0,158.0,code_diff-40.0;net_wt_over-15.0;date+3.0;customer+25.0,774,2026-01-10 14:22:37.000,ZZ DO NOT USE - ALUMINUM TURNINGS,ALMTRNG
1338,65,79,1318,0.0,-22.02,158.0,code_diff-40.0;net_wt_over-15.0;date+3.0;customer+25.0;price+4.98,20040,2026-01-19 08:02:59.000,STEEL BANDING (FE),STBD
1338,65,37,1328,0.0,-27.0,158.0,code_diff-40.0;net_wt_over-15.0;date+3.0;customer+25.0,2030,2026-01-10 14:22:37.000,EDM WIRE,EDMW
1338,65,8,1279,0.0,-25.02,158.0,code_diff-40.0;net_wt_over-15.0;customer+25.0;price+4.98,26800,2026-01-06 13:55:42.415,STEEL BANDING (FE),STBD
1338,65,36,1328,0.0,-27.0,158.0,code_diff-40.0;net_wt_over-15.0;date+3.0;customer+25.0,255,2026-01-10 14:22:37.000,CARBIDE,NICARBD
1338,65,35,1328,0.0,-27.0,158.0,code_diff-40.0;net_wt_over-15.0;date+3.0;customer+25.0,3758,2026-01-10 14:22:37.000,6063 BARE ALUMINUM EXTRUSION,AL06063
1338,65,34,1328,0.0,-27.0,158.0,code_diff-40.0;net_wt_over-15.0;date+3.0;customer+25.0,974,2026-01-10 14:22:37.000,5052 ALUMINUM,AL05052
1338,65,33,1328,0.0,-27.0,158.0,code_diff-40.0;net_wt_over-15.0;date+3.0;customer+25.0,2940,2026-01-10 14:22:37.000,17-4 SOLIDS,174SOLIDS
1338,65,32,1328,0.0,-21.25,158.0,code_diff-40.0;net_wt_over-15.0;date+3.0;customer+25.0;price+5.75,230,2026-01-10 14:22:37.000,17-4 STAINLESS STEEL TURNINGS,NI174BO
1338,65,14,1283,0.0,-27.0,158.0,code_diff-40.0;net_wt_over-15.0;date+3.0;customer+25.0,1290,2026-01-08 07:42:24.089,6061 ALUMINUM - SPC,AL06061
1338,65,13,1283,0.0,-27.0,158.0,code_diff-40.0;net_wt_over-15.0;date+3.0;customer+25.0,11610,2026-01-08 07:42:24.089,5052 ALUMINUM,AL05052
1338,65,84,1323,0.0,-22.02,158.0,code_diff-40.0;net_wt_over-15.0;date+3.0;customer+25.0;price+4.98,39200,2026-01-20 14:20:49.279,SHEET IRON,SHIRST
1335,66,62,1298,100.0,169.99,170.0,code+40.0;desc+20.0;net_wt+40.0;date+25.0;time+11.99;customer+25.0;price+8.0,43100,2026-01-13 14:06:10.910,ZZ DO NOT USE STEEL TURNINGS,FETURN
1335,66,61,1297,66.2,112.52,170.0,code+40.0;desc+20.0;net_wt_over-15.0;date+25.0;time+9.52;customer+25.0;price+8.0,46520,2026-01-13 11:38:12.072,ZZ DO NOT USE STEEL TURNINGS,FETURN
1335,66,64,1301,58.9,93.0,158.0,code+40.0;desc+20.0;net_wt_over-15.0;date+15.0;customer+25.0;price+8.0,56280,2026-01-14 10:26:45.056,ZZ DO NOT USE STEEL TURNINGS,FETURN
1335,66,77,1315,54.1,85.5,158.0,code+40.0;desc+20.0;net_wt_over-15.0;date+7.5;customer+25.0;price+8.0,54200,2026-01-16 11:37:41.420,ZZ DO NOT USE STEEL TURNINGS,FETURN
1335,66,76,1314,54.1,85.5,158.0,code+40.0;desc+20.0;net_wt_over-15.0;date+7.5;customer+25.0;price+8.0,41080,2026-01-16 10:42:36.278,ZZ DO NOT USE STEEL TURNINGS,FETURN
1335,66,66,1303,54.1,85.5,158.0,code+40.0;desc+20.0;net_wt_over-15.0;date+7.5;customer+25.0;price+8.0,50860,2026-01-15 08:28:30.185,ZZ DO NOT USE STEEL TURNINGS,FETURN
1335,66,7,1278,51.3,81.0,158.0,code+40.0;desc+20.0;net_wt_over-15.0;date+3.0;customer+25.0;price+8.0,50700,2026-01-06 10:32:15.672,ZZ DO NOT USE STEEL TURNINGS,FETURN
1335,66,12,1282,51.3,81.0,158.0,code+40.0;desc+20.0;net_wt_over-15.0;date+3.0;customer+25.0;price+8.0,61060,2026-01-07 12:40:42.833,ZZ DO NOT USE STEEL TURNINGS,FETURN
1335,66,83,1322,0.0,-25.2,158.0,code_diff-40.0;net_wt+26.8;date+3.0;customer_diff-15.0,42600,2026-01-20 14:08:40.203,BUSHELING,Indbush
1335,66,79,1318,0.0,-22.02,158.0,code_diff-40.0;net_wt_over-15.0;date+3.0;customer+25.0;price+4.98,20040,2026-01-19 08:02:59.000,STEEL BANDING (FE),STBD
1335,66,67,1304,0.0,-9.56,158.0,code_diff-40.0;net_wt+37.94;date+7.5;customer_diff-15.0,42840,2026-01-15 09:03:47.079,HEAVY MELT,INDHVYM
1335,66,38,1328,0.0,-22.5,158.0,code_diff-40.0;net_wt_over-15.0;date+7.5;customer+25.0,774,2026-01-10 14:22:37.000,ZZ DO NOT USE - ALUMINUM TURNINGS,ALMTRNG
1335,66,8,1279,0.0,-22.02,158.0,code_diff-40.0;net_wt_over-15.0;date+3.0;customer+25.0;price+4.98,26800,2026-01-06 13:55:42.415,STEEL BANDING (FE),STBD
1335,66,37,1328,0.0,-22.5,158.0,code_diff-40.0;net_wt_over-15.0;date+7.5;customer+25.0,2030,2026-01-10 14:22:37.000,EDM WIRE,EDMW
1335,66,36,1328,0.0,-22.5,158.0,code_diff-40.0;net_wt_over-15.0;date+7.5;customer+25.0,255,2026-01-10 14:22:37.000,CARBIDE,NICARBD
1335,66,35,1328,0.0,-22.5,158.0,code_diff-40.0;net_wt_over-15.0;date+7.5;customer+25.0,3758,2026-01-10 14:22:37.000,6063 BARE ALUMINUM EXTRUSION,AL06063
1335,66,34,1328,0.0,-22.5,158.0,code_diff-40.0;net_wt_over-15.0;date+7.5;customer+25.0,974,2026-01-10 14:22:37.000,5052 ALUMINUM,AL05052
1335,66,33,1328,0.0,-22.5,158.0,code_diff-40.0;net_wt_over-15.0;date+7.5;customer+25.0,2940,2026-01-10 14:22:37.000,17-4 SOLIDS,174SOLIDS
1335,66,32,1328,0.0,-16.75,158.0,code_diff-40.0;net_wt_over-15.0;date+7.5;customer+25.0;price+5.75,230,2026-01-10 14:22:37.000,17-4 STAINLESS STEEL TURNINGS,NI174BO
1335,66,14,1283,0.0,-27.0,158.0,code_diff-40.0;net_wt_over-15.0;date+3.0;customer+25.0,1290,2026-01-08 07:42:24.089,6061 ALUMINUM - SPC,AL06061
1335,66,13,1283,0.0,-27.0,158.0,code_diff-40.0;net_wt_over-15.0;date+3.0;customer+25.0,11610,2026-01-08 07:42:24.089,5052 ALUMINUM,AL05052
1335,66,84,1323,0.0,-22.02,158.0,code_diff-40.0;net_wt_over-15.0;date+3.0;customer+25.0;price+4.98,39200,2026-01-20 14:20:49.279,SHEET IRON,SHIRST
1334,67,61,1297,99.7,169.53,170.0,code+40.0;desc+20.0;net_wt+40.0;date+25.0;time+11.53;customer+25.0;price+8.0,46520,2026-01-13 11:38:12.072,ZZ DO NOT USE STEEL TURNINGS,FETURN
1334,67,62,1298,66.5,113.01,170.0,code+40.0;desc+20.0;net_wt_over-15.0;date+25.0;time+10.01;customer+25.0;price+8.0,43100,2026-01-13 14:06:10.910,ZZ DO NOT USE STEEL TURNINGS,FETURN
1334,67,64,1301,58.9,93.0,158.0,code+40.0;desc+20.0;net_wt_over-15.0;date+15.0;customer+25.0;price+8.0,56280,2026-01-14 10:26:45.056,ZZ DO NOT USE STEEL TURNINGS,FETURN
1334,67,77,1315,54.1,85.5,158.0,code+40.0;desc+20.0;net_wt_over-15.0;date+7.5;customer+25.0;price+8.0,54200,2026-01-16 11:37:41.420,ZZ DO NOT USE STEEL TURNINGS,FETURN
1334,67,76,1314,54.1,85.5,158.0,code+40.0;desc+20.0;net_wt_over-15.0;date+7.5;customer+25.0;price+8.0,41080,2026-01-16 10:42:36.278,ZZ DO NOT USE STEEL TURNINGS,FETURN
1334,67,66,1303,54.1,85.5,158.0,code+40.0;desc+20.0;net_wt_over-15.0;date+7.5;customer+25.0;price+8.0,50860,2026-01-15 08:28:30.185,ZZ DO NOT USE STEEL TURNINGS,FETURN
1334,67,7,1278,51.3,81.0,158.0,code+40.0;desc+20.0;net_wt_over-15.0;date+3.0;customer+25.0;price+8.0,50700,2026-01-06 10:32:15.672,ZZ DO NOT USE STEEL TURNINGS,FETURN
1334,67,12,1282,51.3,81.0,158.0,code+40.0;desc+20.0;net_wt_over-15.0;date+3.0;customer+25.0;price+8.0,61060,2026-01-07 12:40:42.833,ZZ DO NOT USE STEEL TURNINGS,FETURN
1334,67,84,1323,0.0,-22.02,158.0,code_diff-40.0;net_wt_over-15.0;date+3.0;customer+25.0;price+4.98,39200,2026-01-20 14:20:49.279,SHEET IRON,SHIRST
1334,67,82,1321,0.0,-10.04,158.0,code_diff-40.0;net_wt+40.0;date+3.0;customer_diff-15.0;price+1.96,46460,2026-01-20 09:54:22.953,HEAVY MELT,INDHVYM
1334,67,79,1318,0.0,-22.02,158.0,code_diff-40.0;net_wt_over-15.0;date+3.0;customer+25.0;price+4.98,20040,2026-01-19 08:02:59.000,STEEL BANDING (FE),STBD
1334,67,38,1328,0.0,-22.5,158.0,code_diff-40.0;net_wt_over-15.0;date+7.5;customer+25.0,774,2026-01-10 14:22:37.000,ZZ DO NOT USE - ALUMINUM TURNINGS,ALMTRNG
1334,67,8,1279,0.0,-22.02,158.0,code_diff-40.0;net_wt_over-15.0;date+3.0;customer+25.0;price+4.98,26800,2026-01-06 13:55:42.415,STEEL BANDING (FE),STBD
1334,67,37,1328,0.0,-22.5,158.0,code_diff-40.0;net_wt_over-15.0;date+7.5;customer+25.0,2030,2026-01-10 14:22:37.000,EDM WIRE,EDMW
1334,67,36,1328,0.0,-22.5,158.0,code_diff-40.0;net_wt_over-15.0;date+7.5;customer+25.0,255,2026-01-10 14:22:37.000,CARBIDE,NICARBD
1334,67,35,1328,0.0,-22.5,158.0,code_diff-40.0;net_wt_over-15.0;date+7.5;customer+25.0,3758,2026-01-10 14:22:37.000,6063 BARE ALUMINUM EXTRUSION,AL06063
1334,67,34,1328,0.0,-22.5,158.0,code_diff-40.0;net_wt_over-15.0;date+7.5;customer+25.0,974,2026-01-10 14:22:37.000,5052 ALUMINUM,AL05052
1334,67,33,1328,0.0,-22.5,158.0,code_diff-40.0;net_wt_over-15.0;date+7.5;customer+25.0,2940,2026-01-10 14:22:37.000,17-4 SOLIDS,174SOLIDS
1334,67,32,1328,0.0,-16.75,158.0,code_diff-40.0;net_wt_over-15.0;date+7.5;customer+25.0;price+5.75,230,2026-01-10 14:22:37.000,17-4 STAINLESS STEEL TURNINGS,NI174BO
1334,67,14,1283,0.0,-27.0,158.0,code_diff-40.0;net_wt_over-15.0;date+3.0;customer+25.0,1290,2026-01-08 07:42:24.089,6061 ALUMINUM - SPC,AL06061
1334,67,13,1283,0.0,-27.0,158.0,code_diff-40.0;net_wt_over-15.0;date+3.0;customer+25.0,11610,2026-01-08 07:42:24.089,5052 ALUMINUM,AL05052
1334,67,92,1333,0.0,-52.29,158.0,code_diff-40.0;net_wt+2.71;customer_diff-15.0,47620,2026-01-26 14:19:42.778,BUSHELING,Indbush
1332,68,40,1295,100.0,169.99,170.0,code+40.0;desc+20.0;net_wt+40.0;date+25.0;time+11.99;customer+25.0;price+8.0,34460,2026-01-12 09:15:48.000,BUSHELING,Indbush
1332,68,3,1276,51.3,81.0,158.0,code+40.0;desc+20.0;net_wt_over-15.0;date+3.0;customer+25.0;price+8.0,28880,2026-01-05 08:33:08.000,BUSHELING,Indbush
1332,68,17,1286,51.3,81.0,158.0,code+40.0;desc+20.0;net_wt_over-15.0;date+3.0;customer+25.0;price+8.0,41480,2026-01-08 11:57:03.719,BUSHELING,Indbush
1332,68,83,1322,49.4,78.0,158.0,code+40.0;desc+20.0;net_wt_over-15.0;customer+25.0;price+8.0,42600,2026-01-20 14:08:40.203,BUSHELING,Indbush
1332,68,88,1326,45.6,72.1,158.0,code+40.0;desc+20.0;net_wt+19.82;customer_diff-15.0;price+7.28,33940,2026-01-22 10:58:34.967,BUSHELING,Indbush
1332,68,4,1273,25.5,40.28,158.0,code+40.0;desc+20.0;net_wt_over-15.0;date+3.0;customer_diff-15.0;price+7.28,39860,2026-01-05 09:13:04.785,BUSHELING,Indbush
1332,68,6,1275,25.5,40.28,158.0,code+40.0;desc+20.0;net_wt_over-15.0;date+3.0;customer_diff-15.0;price+7.28,37600,2026-01-06 08:03:11.542,BUSHELING,Indbush
1332,68,75,1313,25.5,40.28,158.0,code+40.0;desc+20.0;net_wt_over-15.0;date+3.0;customer_diff-15.0;price+7.28,38440,2026-01-16 09:38:50.735,BUSHELING,Indbush
1332,68,81,1320,23.6,37.28,158.0,code+40.0;desc+20.0;net_wt_over-15.0;customer_diff-15.0;price+7.28,27000,2026-01-20 08:17:15.740,BUSHELING,Indbush
1332,68,86,1325,10.4,16.43,158.0,code_diff-40.0;net_wt+31.43;customer+25.0,34780,2026-01-22 08:53:24.525,SHEET IRON,SHIRST
1332,68,41,1293,5.0,8.44,170.0,code_diff-40.0;net_wt_over-15.0;date+25.0;time+11.52;customer+25.0;price+1.92,37220,2026-01-12 09:45:21.801,CLEAN SHEET,CLSHST
1332,68,65,1302,1.1,1.75,158.0,code_diff-40.0;net_wt+31.43;date+7.5;price+2.82,34780,2026-01-14 13:18:11.856,ZZ DO NOT USE - UNPREPARED HMS (UHMS),UNHMS
1332,68,74,1312,0.0,-27.0,158.0,code_diff-40.0;net_wt_over-15.0;date+3.0;customer+25.0,25760,2026-01-16 08:04:53.000,STEEL WIRE,STWR
1332,68,90,1329,0.0,-30.0,158.0,code_diff-40.0;net_wt_over-15.0;customer+25.0,23680,2026-01-22 15:04:53.998,STEEL WIRE,STWR
1332,68,1,1270,0.0,-34.02,158.0,code_diff-40.0;net_wt+20.98;customer_diff-15.0,34960,2026-01-02 10:40:21.021,SHEET IRON,SHIRST
1332,68,68,1305,0.0,-22.5,158.0,code_diff-40.0;net_wt_over-15.0;date+7.5;customer+25.0,10500,2026-01-15 09:30:32.147,ZZ DO NOT USE ALUMINUM BREAKAGE,ALBRKG
1332,68,2,1271,0.0,-30.0,158.0,code_diff-40.0;net_wt_over-15.0;customer+25.0,37940,2026-01-02 14:17:18.512,STEEL WIRE,STWR
1332,68,31,1291,0.0,-22.5,158.0,code_diff-40.0;net_wt_over-15.0;date+7.5;customer+25.0,38520,2026-01-09 14:40:50.325,STEEL WIRE,STWR
1332,68,30,1290,0.0,-22.5,158.0,code_diff-40.0;net_wt_over-15.0;date+7.5;customer+25.0,39680,2026-01-09 14:40:11.170,STEEL WIRE,STWR
1332,68,16,1285,0.0,-27.0,158.0,code_diff-40.0;net_wt_over-15.0;date+3.0;customer+25.0,30920,2026-01-08 10:52:03.869,SHEET IRON,SHIRST
1332,68,15,1284,0.0,-27.0,158.0,code_diff-40.0;net_wt_over-15.0;date+3.0;customer+25.0,40460,2026-01-08 08:03:56.020,SHEET IRON,SHIRST
1332,68,11,1281,0.0,-23.75,158.0,code_diff-40.0;net_wt+26.78;date+3.0;customer_diff-15.0;price+1.47,34860,2026-01-07 12:00:19.794,SHEET IRON,SHIRST
1332,68,91,1330,0.0,-30.0,158.0,code_diff-40.0;net_wt_over-15.0;customer+25.0,27380,2026-01-22 15:05:35.856,STEEL WIRE,STWR
1329,69,31,1291,100.0,169.99,170.0,code+40.0;desc+20.0;net_wt+40.0;date+25.0;time+11.99;customer+25.0;price+8.0,38520,2026-01-09 14:40:50.325,STEEL WIRE,STWR
1329,69,2,1271,73.3,115.89,158.0,code+40.0;desc+20.0;net_wt+19.89;date+3.0;customer+25.0;price+8.0,37940,2026-01-02 14:17:18.512,STEEL WIRE,STWR
1329,69,30,1290,67.6,114.98,170.0,code+40.0;desc+20.0;net_wt_over-15.0;date+25.0;time+11.98;customer+25.0;price+8.0,39680,2026-01-09 14:40:11.170,STEEL WIRE,STWR
1329,69,74,1312,51.3,81.0,158.0,code+40.0;desc+20.0;net_wt_over-15.0;date+3.0;customer+25.0;price+8.0,25760,2026-01-16 08:04:53.000,STEEL WIRE,STWR
1329,69,90,1329,49.4,78.0,158.0,code+40.0;desc+20.0;net_wt_over-15.0;customer+25.0;price+8.0,23680,2026-01-22 15:04:53.998,STEEL WIRE,STWR
1329,69,91,1330,49.4,78.0,158.0,code+40.0;desc+20.0;net_wt_over-15.0;customer+25.0;price+8.0,27380,2026-01-22 15:05:35.856,STEEL WIRE,STWR
1329,69,17,1286,0.0,-15.0,158.0,code_diff-40.0;net_wt_over-15.0;date+15.0;customer+25.0,41480,2026-01-08 11:57:03.719,BUSHELING,Indbush
1329,69,16,1285,0.0,-12.52,158.0,code_diff-40.0;net_wt_over-15.0;date+15.0;customer+25.0;price+2.48,30920,2026-01-08 10:52:03.869,SHEET IRON,SHIRST
1329,69,40,1295,0.0,-22.5,158.0,code_diff-40.0;net_wt_over-15.0;date+7.5;customer+25.0,34460,2026-01-12 09:15:48.000,BUSHELING,Indbush
1329,69,41,1293,0.0,-22.5,158.0,code_diff-40.0;net_wt_over-15.0;date+7.5;customer+25.0,37220,2026-01-12 09:45:21.801,CLEAN SHEET,CLSHST
1329,69,3,1276,0.0,-27.0,158.0,code_diff-40.0;net_wt_over-15.0;date+3.0;customer+25.0,28880,2026-01-05 08:33:08.000,BUSHELING,Indbush
1329,69,69,1306,0.0,-27.96,158.0,code_diff-40.0;net_wt+24.04;date+3.0;customer_diff-15.0,39020,2026-01-15 09:32:33.577,PLATE & STRUCTUAL,INDP&S
1329,69,73,1311,0.0,-45.61,158.0,code_diff-40.0;net_wt+6.39;date+3.0;customer_diff-15.0,39360,2026-01-16 07:03:37.855,SHEET IRON,SHIRST
1329,69,15,1284,0.0,-12.52,158.0,code_diff-40.0;net_wt_over-15.0;date+15.0;customer+25.0;price+2.48,40460,2026-01-08 08:03:56.020,SHEET IRON,SHIRST
1329,69,75,1313,0.0,-12.0,158.0,code_diff-40.0;net_wt+40.0;date+3.0;customer_diff-15.0,38440,2026-01-16 09:38:50.735,BUSHELING,Indbush
1329,69,83,1322,0.0,-30.0,158.0,code_diff-40.0;net_wt_over-15.0;customer+25.0,42600,2026-01-20 14:08:40.203,BUSHELING,Indbush
1329,69,84,1323,0.0,-40.31,158.0,code_diff-40.0;net_wt+14.69;customer_diff-15.0,39200,2026-01-20 14:20:49.279,SHEET IRON,SHIRST
1329,69,86,1325,0.0,-27.52,158.0,code_diff-40.0;net_wt_over-15.0;customer+25.0;price+2.48,34780,2026-01-22 08:53:24.525,SHEET IRON,SHIRST
1329,69,6,1275,0.0,-45.27,158.0,code_diff-40.0;net_wt+2.23;date+7.5;customer_diff-15.0,37600,2026-01-06 08:03:11.542,BUSHELING,Indbush
1329,69,68,1305,0.0,-27.0,158.0,code_diff-40.0;net_wt_over-15.0;date+3.0;customer+25.0,10500,2026-01-15 09:30:32.147,ZZ DO NOT USE ALUMINUM BREAKAGE,ALBRKG
1328,70,30,1290,100.0,169.99,170.0,code+40.0;desc+20.0;net_wt+40.0;date+25.0;time+11.99;customer+25.0;price+8.0,39680,2026-01-09 14:40:11.170,STEEL WIRE,STWR
1328,70,31,1291,67.6,115.0,170.0,code+40.0;desc+20.0;net_wt_over-15.0;date+25.0;time+12.0;customer+25.0;price+8.0,38520,2026-01-09 14:40:50.325,STEEL WIRE,STWR
1328,70,2,1271,51.3,81.0,158.0,code+40.0;desc+20.0;net_wt_over-15.0;date+3.0;customer+25.0;price+8.0,37940,2026-01-02 14:17:18.512,STEEL WIRE,STWR
1328,70,74,1312,51.3,81.0,158.0,code+40.0;desc+20.0;net_wt_over-15.0;date+3.0;customer+25.0;price+8.0,25760,2026-01-16 08:04:53.000,STEEL WIRE,STWR
1328,70,90,1329,49.4,78.0,158.0,code+40.0;desc+20.0;net_wt_over-15.0;customer+25.0;price+8.0,23680,2026-01-22 15:04:53.998,STEEL WIRE,STWR
1328,70,91,1330,49.4,78.0,158.0,code+40.0;desc+20.0;net_wt_over-15.0;customer+25.0;price+8.0,27380,2026-01-22 15:05:35.856,STEEL WIRE,STWR
1328,70,15,1284,8.3,13.17,158.0,code_diff-40.0;net_wt+10.69;date+15.0;customer+25.0;price+2.48,40460,2026-01-08 08:03:56.020,SHEET IRON,SHIRST
1328,70,17,1286,0.0,-15.0,158.0,code_diff-40.0;net_wt_over-15.0;date+15.0;customer+25.0,41480,2026-01-08 11:57:03.719,BUSHELING,Indbush
1328,70,16,1285,0.0,-12.52,158.0,code_diff-40.0;net_wt_over-15.0;date+15.0;customer+25.0;price+2.48,30920,2026-01-08 10:52:03.869,SHEET IRON,SHIRST
1328,70,40,1295,0.0,-22.5,158.0,code_diff-40.0;net_wt_over-15.0;date+7.5;customer+25.0,34460,2026-01-12 09:15:48.000,BUSHELING,Indbush
1328,70,3,1276,0.0,-27.0,158.0,code_diff-40.0;net_wt_over-15.0;date+3.0;customer+25.0,28880,2026-01-05 08:33:08.000,BUSHELING,Indbush
1328,70,68,1305,0.0,-27.0,158.0,code_diff-40.0;net_wt_over-15.0;date+3.0;customer+25.0,10500,2026-01-15 09:30:32.147,ZZ DO NOT USE ALUMINUM BREAKAGE,ALBRKG
1328,70,69,1306,0.0,-35.27,158.0,code_diff-40.0;net_wt+16.73;date+3.0;customer_diff-15.0,39020,2026-01-15 09:32:33.577,PLATE & STRUCTUAL,INDP&S
1328,70,73,1311,0.0,-18.13,158.0,code_diff-40.0;net_wt+33.87;date+3.0;customer_diff-15.0,39360,2026-01-16 07:03:37.855,SHEET IRON,SHIRST
1328,70,83,1322,0.0,-30.0,158.0,code_diff-40.0;net_wt_over-15.0;customer+25.0,42600,2026-01-20 14:08:40.203,BUSHELING,Indbush
1328,70,84,1323,0.0,-29.19,158.0,code_diff-40.0;net_wt+25.81;customer_diff-15.0,39200,2026-01-20 14:20:49.279,SHEET IRON,SHIRST
1328,70,86,1325,0.0,-27.52,158.0,code_diff-40.0;net_wt_over-15.0;customer+25.0;price+2.48,34780,2026-01-22 08:53:24.525,SHEET IRON,SHIRST
1328,70,4,1273,0.0,-12.0,158.0,code_diff-40.0;net_wt+40.0;date+3.0;customer_diff-15.0,39860,2026-01-05 09:13:04.785,BUSHELING,Indbush
1328,70,41,1293,0.0,-22.5,158.0,code_diff-40.0;net_wt_over-15.0;date+7.5;customer+25.0,37220,2026-01-12 09:45:21.801,CLEAN SHEET,CLSHST
1367,71,37,1328,88.9,140.5,158.0,code+40.0;desc+20.0;net_wt+40.0;date+7.5;customer+25.0;price+8.0,2030,2026-01-10 14:22:37.000,EDM WIRE,EDMW
1367,71,13,1283,0.1,0.18,170.0,code_diff-40.0;net_wt_over-15.0;date+25.0;time+5.18;customer+25.0,11610,2026-01-08 07:42:24.089,5052 ALUMINUM,AL05052
1367,71,14,1283,0.1,0.18,170.0,code_diff-40.0;net_wt_over-15.0;date+25.0;time+5.18;customer+25.0,1290,2026-01-08 07:42:24.089,6061 ALUMINUM - SPC,AL06061
1367,71,7,1278,0.0,-22.5,158.0,code_diff-40.0;net_wt_over-15.0;date+7.5;customer+25.0,50700,2026-01-06 10:32:15.672,ZZ DO NOT USE STEEL TURNINGS,FETURN
1367,71,38,1328,0.0,-22.5,158.0,code_diff-40.0;net_wt_over-15.0;date+7.5;customer+25.0,774,2026-01-10 14:22:37.000,ZZ DO NOT USE - ALUMINUM TURNINGS,ALMTRNG
1367,71,79,1318,0.0,-30.0,158.0,code_diff-40.0;net_wt_over-15.0;customer+25.0,20040,2026-01-19 08:02:59.000,STEEL BANDING (FE),STBD
1367,71,77,1315,0.0,-30.0,158.0,code_diff-40.0;net_wt_over-15.0;customer+25.0,54200,2026-01-16 11:37:41.420,ZZ DO NOT USE STEEL TURNINGS,FETURN
1367,71,76,1314,0.0,-30.0,158.0,code_diff-40.0;net_wt_over-15.0;customer+25.0,41080,2026-01-16 10:42:36.278,ZZ DO NOT USE STEEL TURNINGS,FETURN
1367,71,66,1303,0.0,-27.0,158.0,code_diff-40.0;net_wt_over-15.0;date+3.0;customer+25.0,50860,2026-01-15 08:28:30.185,ZZ DO NOT USE STEEL TURNINGS,FETURN
1367,71,64,1301,0.0,-27.0,158.0,code_diff-40.0;net_wt_over-15.0;date+3.0;customer+25.0,56280,2026-01-14 10:26:45.056,ZZ DO NOT USE STEEL TURNINGS,FETURN
1367,71,62,1298,0.0,-27.0,158.0,code_diff-40.0;net_wt_over-15.0;date+3.0;customer+25.0,43100,2026-01-13 14:06:10.910,ZZ DO NOT USE STEEL TURNINGS,FETURN
1367,71,61,1297,0.0,-27.0,158.0,code_diff-40.0;net_wt_over-15.0;date+3.0;customer+25.0,46520,2026-01-13 11:38:12.072,ZZ DO NOT USE STEEL TURNINGS,FETURN
1367,71,36,1328,0.0,-22.5,158.0,code_diff-40.0;net_wt_over-15.0;date+7.5;customer+25.0,255,2026-01-10 14:22:37.000,CARBIDE,NICARBD
1367,71,8,1279,0.0,-22.5,158.0,code_diff-40.0;net_wt_over-15.0;date+7.5;customer+25.0,26800,2026-01-06 13:55:42.415,STEEL BANDING (FE),STBD
1367,71,35,1328,0.0,-22.5,158.0,code_diff-40.0;net_wt_over-15.0;date+7.5;customer+25.0,3758,2026-01-10 14:22:37.000,6063 BARE ALUMINUM EXTRUSION,AL06063
1367,71,34,1328,0.0,-22.5,158.0,code_diff-40.0;net_wt_over-15.0;date+7.5;customer+25.0,974,2026-01-10 14:22:37.000,5052 ALUMINUM,AL05052
1367,71,33,1328,0.0,-22.5,158.0,code_diff-40.0;net_wt_over-15.0;date+7.5;customer+25.0,2940,2026-01-10 14:22:37.000,17-4 SOLIDS,174SOLIDS
1367,71,32,1328,0.0,-22.5,158.0,code_diff-40.0;net_wt_over-15.0;date+7.5;customer+25.0,230,2026-01-10 14:22:37.000,17-4 STAINLESS STEEL TURNINGS,NI174BO
1367,71,23,1287,0.0,-27.25,158.0,code_diff-40.0;net_wt+5.67;date+15.0;customer_diff-15.0;price+7.08,2075,2026-01-09 09:39:36.805,YELLOW BRASS SOLIDS,BRYELLO
1367,71,12,1282,0.0,-15.0,158.0,code_diff-40.0;net_wt_over-15.0;date+15.0;customer+25.0,61060,2026-01-07 12:40:42.833,ZZ DO NOT USE STEEL TURNINGS,FETURN
1367,71,84,1323,0.0,-30.0,158.0,code_diff-40.0;net_wt_over-15.0;customer+25.0,39200,2026-01-20 14:20:49.279,SHEET IRON,SHIRST
1367,72,36,1328,88.9,140.5,158.0,code+40.0;desc+20.0;net_wt+40.0;date+7.5;customer+25.0;price+8.0,255,2026-01-10 14:22:37.000,CARBIDE,NICARBD
1367,72,13,1283,0.1,0.18,170.0,code_diff-40.0;net_wt_over-15.0;date+25.0;time+5.18;customer+25.0,11610,2026-01-08 07:42:24.089,5052 ALUMINUM,AL05052
1367,72,14,1283,0.1,0.18,170.0,code_diff-40.0;net_wt_over-15.0;date+25.0;time+5.18;customer+25.0,1290,2026-01-08 07:42:24.089,6061 ALUMINUM - SPC,AL06061
1367,72,7,1278,0.0,-22.5,158.0,code_diff-40.0;net_wt_over-15.0;date+7.5;customer+25.0,50700,2026-01-06 10:32:15.672,ZZ DO NOT USE STEEL TURNINGS,FETURN
1367,72,61,1297,0.0,-27.0,158.0,code_diff-40.0;net_wt_over-15.0;date+3.0;customer+25.0,46520,2026-01-13 11:38:12.072,ZZ DO NOT USE STEEL TURNINGS,FETURN
1367,72,79,1318,0.0,-30.0,158.0,code_diff-40.0;net_wt_over-15.0;customer+25.0,20040,2026-01-19 08:02:59.000,STEEL BANDING (FE),STBD
1367,72,77,1315,0.0,-30.0,158.0,code_diff-40.0;net_wt_over-15.0;customer+25.0,54200,2026-01-16 11:37:41.420,ZZ DO NOT USE STEEL TURNINGS,FETURN
1367,72,76,1314,0.0,-30.0,158.0,code_diff-40.0;net_wt_over-15.0;customer+25.0,41080,2026-01-16 10:42:36.278,ZZ DO NOT USE STEEL TURNINGS,FETURN
1367,72,66,1303,0.0,-27.0,158.0,code_diff-40.0;net_wt_over-15.0;date+3.0;customer+25.0,50860,2026-01-15 08:28:30.185,ZZ DO NOT USE STEEL TURNINGS,FETURN
1367,72,64,1301,0.0,-27.0,158.0,code_diff-40.0;net_wt_over-15.0;date+3.0;customer+25.0,56280,2026-01-14 10:26:45.056,ZZ DO NOT USE STEEL TURNINGS,FETURN
1367,72,62,1298,0.0,-27.0,158.0,code_diff-40.0;net_wt_over-15.0;date+3.0;customer+25.0,43100,2026-01-13 14:06:10.910,ZZ DO NOT USE STEEL TURNINGS,FETURN
1367,72,37,1328,0.0,-22.5,158.0,code_diff-40.0;net_wt_over-15.0;date+7.5;customer+25.0,2030,2026-01-10 14:22:37.000,EDM WIRE,EDMW
1367,72,38,1328,0.0,-22.5,158.0,code_diff-40.0;net_wt_over-15.0;date+7.5;customer+25.0,774,2026-01-10 14:22:37.000,ZZ DO NOT USE - ALUMINUM TURNINGS,ALMTRNG
1367,72,8,1279,0.0,-22.5,158.0,code_diff-40.0;net_wt_over-15.0;date+7.5;customer+25.0,26800,2026-01-06 13:55:42.415,STEEL BANDING (FE),STBD
1367,72,35,1328,0.0,-22.5,158.0,code_diff-40.0;net_wt_over-15.0;date+7.5;customer+25.0,3758,2026-01-10 14:22:37.000,6063 BARE ALUMINUM EXTRUSION,AL06063
1367,72,34,1328,0.0,-22.5,158.0,code_diff-40.0;net_wt_over-15.0;date+7.5;customer+25.0,974,2026-01-10 14:22:37.000,5052 ALUMINUM,AL05052
1367,72,33,1328,0.0,-22.5,158.0,code_diff-40.0;net_wt_over-15.0;date+7.5;customer+25.0,2940,2026-01-10 14:22:37.000,17-4 SOLIDS,174SOLIDS
1367,72,32,1328,0.0,-22.5,158.0,code_diff-40.0;net_wt_over-15.0;date+7.5;customer+25.0,230,2026-01-10 14:22:37.000,17-4 STAINLESS STEEL TURNINGS,NI174BO
1367,72,12,1282,0.0,-15.0,158.0,code_diff-40.0;net_wt_over-15.0;date+15.0;customer+25.0,61060,2026-01-07 12:40:42.833,ZZ DO NOT USE STEEL TURNINGS,FETURN
1367,72,84,1323,0.0,-30.0,158.0,code_diff-40.0;net_wt_over-15.0;customer+25.0,39200,2026-01-20 14:20:49.279,SHEET IRON,SHIRST
1367,73,33,1328,88.9,140.5,158.0,code+40.0;desc+20.0;net_wt+40.0;date+7.5;customer+25.0;price+8.0,2940,2026-01-10 14:22:37.000,17-4 SOLIDS,174SOLIDS
1367,73,13,1283,0.1,0.18,170.0,code_diff-40.0;net_wt_over-15.0;date+25.0;time+5.18;customer+25.0,11610,2026-01-08 07:42:24.089,5052 ALUMINUM,AL05052
1367,73,14,1283,0.1,0.18,170.0,code_diff-40.0;net_wt_over-15.0;date+25.0;time+5.18;customer+25.0,1290,2026-01-08 07:42:24.089,6061 ALUMINUM - SPC,AL06061
1367,73,7,1278,0.0,-22.5,158.0,code_diff-40.0;net_wt_over-15.0;date+7.5;customer+25.0,50700,2026-01-06 10:32:15.672,ZZ DO NOT USE STEEL TURNINGS,FETURN
1367,73,61,1297,0.0,-27.0,158.0,code_diff-40.0;net_wt_over-15.0;date+3.0;customer+25.0,46520,2026-01-13 11:38:12.072,ZZ DO NOT USE STEEL TURNINGS,FETURN
1367,73,79,1318,0.0,-30.0,158.0,code_diff-40.0;net_wt_over-15.0;customer+25.0,20040,2026-01-19 08:02:59.000,STEEL BANDING (FE),STBD
1367,73,77,1315,0.0,-30.0,158.0,code_diff-40.0;net_wt_over-15.0;customer+25.0,54200,2026-01-16 11:37:41.420,ZZ DO NOT USE STEEL TURNINGS,FETURN
1367,73,76,1314,0.0,-30.0,158.0,code_diff-40.0;net_wt_over-15.0;customer+25.0,41080,2026-01-16 10:42:36.278,ZZ DO NOT USE STEEL TURNINGS,FETURN
1367,73,66,1303,0.0,-27.0,158.0,code_diff-40.0;net_wt_over-15.0;date+3.0;customer+25.0,50860,2026-01-15 08:28:30.185,ZZ DO NOT USE STEEL TURNINGS,FETURN
1367,73,64,1301,0.0,-27.0,158.0,code_diff-40.0;net_wt_over-15.0;date+3.0;customer+25.0,56280,2026-01-14 10:26:45.056,ZZ DO NOT USE STEEL TURNINGS,FETURN
1367,73,62,1298,0.0,-27.0,158.0,code_diff-40.0;net_wt_over-15.0;date+3.0;customer+25.0,43100,2026-01-13 14:06:10.910,ZZ DO NOT USE STEEL TURNINGS,FETURN
1367,73,37,1328,0.0,-22.5,158.0,code_diff-40.0;net_wt_over-15.0;date+7.5;customer+25.0,2030,2026-01-10 14:22:37.000,EDM WIRE,EDMW
1367,73,38,1328,0.0,-22.5,158.0,code_diff-40.0;net_wt_over-15.0;date+7.5;customer+25.0,774,2026-01-10 14:22:37.000,ZZ DO NOT USE - ALUMINUM TURNINGS,ALMTRNG
1367,73,8,1279,0.0,-22.5,158.0,code_diff-40.0;net_wt_over-15.0;date+7.5;customer+25.0,26800,2026-01-06 13:55:42.415,STEEL BANDING (FE),STBD
1367,73,36,1328,0.0,-22.5,158.0,code_diff-40.0;net_wt_over-15.0;date+7.5;customer+25.0,255,2026-01-10 14:22:37.000,CARBIDE,NICARBD
1367,73,35,1328,0.0,-22.5,158.0,code_diff-40.0;net_wt_over-15.0;date+7.5;customer+25.0,3758,2026-01-10 14:22:37.000,6063 BARE ALUMINUM EXTRUSION,AL06063
1367,73,34,1328,0.0,-22.5,158.0,code_diff-40.0;net_wt_over-15.0;date+7.5;customer+25.0,974,2026-01-10 14:22:37.000,5052 ALUMINUM,AL05052
1367,73,32,1328,0.0,-22.5,158.0,code_diff-40.0;net_wt_over-15.0;date+7.5;customer+25.0,230,2026-01-10 14:22:37.000,17-4 STAINLESS STEEL TURNINGS,NI174BO
1367,73,12,1282,0.0,-15.0,158.0,code_diff-40.0;net_wt_over-15.0;date+15.0;customer+25.0,61060,2026-01-07 12:40:42.833,ZZ DO NOT USE STEEL TURNINGS,FETURN
1367,73,84,1323,0.0,-30.0,158.0,code_diff-40.0;net_wt_over-15.0;customer+25.0,39200,2026-01-20 14:20:49.279,SHEET IRON,SHIRST
1367,74,35,1328,88.9,140.5,158.0,code+40.0;desc+20.0;net_wt+40.0;date+7.5;customer+25.0;price+8.0,3758,2026-01-10 14:22:37.000,6063 BARE ALUMINUM EXTRUSION,AL06063
1367,74,49,1294,25.5,40.23,158.0,code+40.0;desc+20.0;net_wt_over-15.0;date+3.0;customer_diff-15.0;price+7.23,1791,2026-01-13 06:43:52.454,6063 BARE ALUMINUM EXTRUSION,AL06063
1367,74,13,1283,0.1,0.18,170.0,code_diff-40.0;net_wt_over-15.0;date+25.0;time+5.18;customer+25.0,11610,2026-01-08 07:42:24.089,5052 ALUMINUM,AL05052
1367,74,14,1283,0.1,0.18,170.0,code_diff-40.0;net_wt_over-15.0;date+25.0;time+5.18;customer+25.0,1290,2026-01-08 07:42:24.089,6061 ALUMINUM - SPC,AL06061
1367,74,7,1278,0.0,-22.5,158.0,code_diff-40.0;net_wt_over-15.0;date+7.5;customer+25.0,50700,2026-01-06 10:32:15.672,ZZ DO NOT USE STEEL TURNINGS,FETURN
1367,74,79,1318,0.0,-30.0,158.0,code_diff-40.0;net_wt_over-15.0;customer+25.0,20040,2026-01-19 08:02:59.000,STEEL BANDING (FE),STBD
1367,74,77,1315,0.0,-30.0,158.0,code_diff-40.0;net_wt_over-15.0;customer+25.0,54200,2026-01-16 11:37:41.420,ZZ DO NOT USE STEEL TURNINGS,FETURN
1367,74,76,1314,0.0,-30.0,158.0,code_diff-40.0;net_wt_over-15.0;customer+25.0,41080,2026-01-16 10:42:36.278,ZZ DO NOT USE STEEL TURNINGS,FETURN
1367,74,71,1308,0.0,-24.35,158.0,code_diff-40.0;net_wt+27.65;date+3.0;customer_diff-15.0,3800,2026-01-15 13:23:19.540,ZZ DO NOT USE - UNPREPARED HMS (UHMS),UNHMS
1367,74,66,1303,0.0,-27.0,158.0,code_diff-40.0;net_wt_over-15.0;date+3.0;customer+25.0,50860,2026-01-15 08:28:30.185,ZZ DO NOT USE STEEL TURNINGS,FETURN
1367,74,64,1301,0.0,-27.0,158.0,code_diff-40.0;net_wt_over-15.0;date+3.0;customer+25.0,56280,2026-01-14 10:26:45.056,ZZ DO NOT USE STEEL TURNINGS,FETURN
1367,74,62,1298,0.0,-27.0,158.0,code_diff-40.0;net_wt_over-15.0;date+3.0;customer+25.0,43100,2026-01-13 14:06:10.910,ZZ DO NOT USE STEEL TURNINGS,FETURN
1367,74,61,1297,0.0,-27.0,158.0,code_diff-40.0;net_wt_over-15.0;date+3.0;customer+25.0,46520,2026-01-13 11:38:12.072,ZZ DO NOT USE STEEL TURNINGS,FETURN
1367,74,38,1328,0.0,-22.5,158.0,code_diff-40.0;net_wt_over-15.0;date+7.5;customer+25.0,774,2026-01-10 14:22:37.000,ZZ DO NOT USE - ALUMINUM TURNINGS,ALMTRNG
1367,74,46,1294,0.0,-20.63,158.0,code_diff-40.0;net_wt+31.37;date+3.0;customer_diff-15.0,3723,2026-01-13 06:43:52.454,#1 ICW 88%,CUIN188
1367,74,8,1279,0.0,-22.5,158.0,code_diff-40.0;net_wt_over-15.0;date+7.5;customer+25.0,26800,2026-01-06 13:55:42.415,STEEL BANDING (FE),STBD
1367,74,37,1328,0.0,-22.5,158.0,code_diff-40.0;net_wt_over-15.0;date+7.5;customer+25.0,2030,2026-01-10 14:22:37.000,EDM WIRE,EDMW
1367,74,36,1328,0.0,-22.5,158.0,code_diff-40.0;net_wt_over-15.0;date+7.5;customer+25.0,255,2026-01-10 14:22:37.000,CARBIDE,NICARBD
1367,74,34,1328,0.0,-19.32,158.0,code_diff-40.0;net_wt_over-15.0;date+7.5;customer+25.0;price+3.18,974,2026-01-10 14:22:37.000,5052 ALUMINUM,AL05052
1367,74,33,1328,0.0,-22.5,158.0,code_diff-40.0;net_wt_over-15.0;date+7.5;customer+25.0,2940,2026-01-10 14:22:37.000,17-4 SOLIDS,174SOLIDS
1367,74,32,1328,0.0,-22.5,158.0,code_diff-40.0;net_wt_over-15.0;date+7.5;customer+25.0,230,2026-01-10 14:22:37.000,17-4 STAINLESS STEEL TURNINGS,NI174BO
1367,74,12,1282,0.0,-15.0,158.0,code_diff-40.0;net_wt_over-15.0;date+15.0;customer+25.0,61060,2026-01-07 12:40:42.833,ZZ DO NOT USE STEEL TURNINGS,FETURN
1367,74,84,1323,0.0,-30.0,158.0,code_diff-40.0;net_wt_over-15.0;customer+25.0,39200,2026-01-20 14:20:49.279,SHEET IRON,SHIRST
1367,75,34,1328,88.9,140.5,158.0,code+40.0;desc+20.0;net_wt+40.0;date+7.5;customer+25.0;price+8.0,974,2026-01-10 14:22:37.000,5052 ALUMINUM,AL05052
1367,75,13,1283,58.9,100.18,170.0,code+40.0;desc+20.0;net_wt_over-15.0;date+25.0;time+5.18;customer+25.0,11610,2026-01-08 07:42:24.089,5052 ALUMINUM,AL05052
1367,75,14,1283,0.1,0.18,170.0,code_diff-40.0;net_wt_over-15.0;date+25.0;time+5.18;customer+25.0,1290,2026-01-08 07:42:24.089,6061 ALUMINUM - SPC,AL06061
1367,75,7,1278,0.0,-22.5,158.0,code_diff-40.0;net_wt_over-15.0;date+7.5;customer+25.0,50700,2026-01-06 10:32:15.672,ZZ DO NOT USE STEEL TURNINGS,FETURN
1367,75,45,1294,0.0,-49.23,158.0,code_diff-40.0;net_wt+2.77;date+3.0;customer_diff-15.0,951,2026-01-13 06:43:52.454,#2 COPPER,CU00002
1367,75,79,1318,0.0,-30.0,158.0,code_diff-40.0;net_wt_over-15.0;customer+25.0,20040,2026-01-19 08:02:59.000,STEEL BANDING (FE),STBD
1367,75,77,1315,0.0,-30.0,158.0,code_diff-40.0;net_wt_over-15.0;customer+25.0,54200,2026-01-16 11:37:41.420,ZZ DO NOT USE STEEL TURNINGS,FETURN
1367,75,76,1314,0.0,-30.0,158.0,code_diff-40.0;net_wt_over-15.0;customer+25.0,41080,2026-01-16 10:42:36.278,ZZ DO NOT USE STEEL TURNINGS,FETURN
1367,75,66,1303,0.0,-27.0,158.0,code_diff-40.0;net_wt_over-15.0;date+3.0;customer+25.0,50860,2026-01-15 08:28:30.185,ZZ DO NOT USE STEEL TURNINGS,FETURN
1367,75,64,1301,0.0,-27.0,158.0,code_diff-40.0;net_wt_over-15.0;date+3.0;customer+25.0,56280,2026-01-14 10:26:45.056,ZZ DO NOT USE STEEL TURNINGS,FETURN
1367,75,62,1298,0.0,-27.0,158.0,code_diff-40.0;net_wt_over-15.0;date+3.0;customer+25.0,43100,2026-01-13 14:06:10.910,ZZ DO NOT USE STEEL TURNINGS,FETURN
1367,75,61,1297,0.0,-27.0,158.0,code_diff-40.0;net_wt_over-15.0;date+3.0;customer+25.0,46520,2026-01-13 11:38:12.072,ZZ DO NOT USE STEEL TURNINGS,FETURN
1367,75,37,1328,0.0,-22.5,158.0,code_diff-40.0;net_wt_over-15.0;date+7.5;customer+25.0,2030,2026-01-10 14:22:37.000,EDM WIRE,EDMW
1367,75,38,1328,0.0,-22.5,158.0,code_diff-40.0;net_wt_over-15.0;date+7.5;customer+25.0,774,2026-01-10 14:22:37.000,ZZ DO NOT USE - ALUMINUM TURNINGS,ALMTRNG
1367,75,8,1279,0.0,-22.5,158.0,code_diff-40.0;net_wt_over-15.0;date+7.5;customer+25.0,26800,2026-01-06 13:55:42.415,STEEL BANDING (FE),STBD
1367,75,36,1328,0.0,-22.5,158.0,code_diff-40.0;net_wt_over-15.0;date+7.5;customer+25.0,255,2026-01-10 14:22:37.000,CARBIDE,NICARBD
1367,75,35,1328,0.0,-18.69,158.0,code_diff-40.0;net_wt_over-15.0;date+7.5;customer+25.0;price+3.81,3758,2026-01-10 14:22:37.000,6063 BARE ALUMINUM EXTRUSION,AL06063
1367,75,33,1328,0.0,-22.5,158.0,code_diff-40.0;net_wt_over-15.0;date+7.5;customer+25.0,2940,2026-01-10 14:22:37.000,17-4 SOLIDS,174SOLIDS
1367,75,32,1328,0.0,-22.5,158.0,code_diff-40.0;net_wt_over-15.0;date+7.5;customer+25.0,230,2026-01-10 14:22:37.000,17-4 STAINLESS STEEL TURNINGS,NI174BO
1367,75,12,1282,0.0,-15.0,158.0,code_diff-40.0;net_wt_over-15.0;date+15.0;customer+25.0,61060,2026-01-07 12:40:42.833,ZZ DO NOT USE STEEL TURNINGS,FETURN
1367,75,84,1323,0.0,-30.0,158.0,code_diff-40.0;net_wt_over-15.0;customer+25.0,39200,2026-01-20 14:20:49.279,SHEET IRON,SHIRST
1367,76,38,1328,88.9,140.5,158.0,code+40.0;desc+20.0;net_wt+40.0;date+7.5;customer+25.0;price+8.0,774,2026-01-10 14:22:37.000,ZZ DO NOT USE - ALUMINUM TURNINGS,ALMTRNG
1367,76,18,1266,28.5,45.0,158.0,code+40.0;desc+20.0;net_wt_over-15.0;date+15.0;customer_diff-15.0,32600,2026-01-09 07:57:43.000,ZZ DO NOT USE - ALUMINUM TURNINGS,ALMTRNG
1367,76,27,1288,28.5,45.0,158.0,code+40.0;desc+20.0;net_wt_over-15.0;date+15.0;customer_diff-15.0,1962,2026-01-09 11:48:31.142,ZZ DO NOT USE - ALUMINUM TURNINGS,ALMTRNG
1367,76,13,1283,0.1,0.18,170.0,code_diff-40.0;net_wt_over-15.0;date+25.0;time+5.18;customer+25.0,11610,2026-01-08 07:42:24.089,5052 ALUMINUM,AL05052
1367,76,14,1283,0.1,0.18,170.0,code_diff-40.0;net_wt_over-15.0;date+25.0;time+5.18;customer+25.0,1290,2026-01-08 07:42:24.089,6061 ALUMINUM - SPC,AL06061
1367,76,7,1278,0.0,-22.5,158.0,code_diff-40.0;net_wt_over-15.0;date+7.5;customer+25.0,50700,2026-01-06 10:32:15.672,ZZ DO NOT USE STEEL TURNINGS,FETURN
1367,76,79,1318,0.0,-30.0,158.0,code_diff-40.0;net_wt_over-15.0;customer+25.0,20040,2026-01-19 08:02:59.000,STEEL BANDING (FE),STBD
1367,76,77,1315,0.0,-30.0,158.0,code_diff-40.0;net_wt_over-15.0;customer+25.0,54200,2026-01-16 11:37:41.420,ZZ DO NOT USE STEEL TURNINGS,FETURN
1367,76,76,1314,0.0,-30.0,158.0,code_diff-40.0;net_wt_over-15.0;customer+25.0,41080,2026-01-16 10:42:36.278,ZZ DO NOT USE STEEL TURNINGS,FETURN
1367,76,66,1303,0.0,-27.0,158.0,code_diff-40.0;net_wt_over-15.0;date+3.0;customer+25.0,50860,2026-01-15 08:28:30.185,ZZ DO NOT USE STEEL TURNINGS,FETURN
1367,76,64,1301,0.0,-27.0,158.0,code_diff-40.0;net_wt_over-15.0;date+3.0;customer+25.0,56280,2026-01-14 10:26:45.056,ZZ DO NOT USE STEEL TURNINGS,FETURN
1367,76,62,1298,0.0,-27.0,158.0,code_diff-40.0;net_wt_over-15.0;date+3.0;customer+25.0,43100,2026-01-13 14:06:10.910,ZZ DO NOT USE STEEL TURNINGS,FETURN
1367,76,61,1297,0.0,-27.0,158.0,code_diff-40.0;net_wt_over-15.0;date+3.0;customer+25.0,46520,2026-01-13 11:38:12.072,ZZ DO NOT USE STEEL TURNINGS,FETURN
1367,76,36,1328,0.0,-22.5,158.0,code_diff-40.0;net_wt_over-15.0;date+7.5;customer+25.0,255,2026-01-10 14:22:37.000,CARBIDE,NICARBD
1367,76,37,1328,0.0,-22.5,158.0,code_diff-40.0;net_wt_over-15.0;date+7.5;customer+25.0,2030,2026-01-10 14:22:37.000,EDM WIRE,EDMW
1367,76,8,1279,0.0,-22.5,158.0,code_diff-40.0;net_wt_over-15.0;date+7.5;customer+25.0,26800,2026-01-06 13:55:42.415,STEEL BANDING (FE),STBD
1367,76,35,1328,0.0,-22.5,158.0,code_diff-40.0;net_wt_over-15.0;date+7.5;customer+25.0,3758,2026-01-10 14:22:37.000,6063 BARE ALUMINUM EXTRUSION,AL06063
1367,76,34,1328,0.0,-22.5,158.0,code_diff-40.0;net_wt_over-15.0;date+7.5;customer+25.0,974,2026-01-10 14:22:37.000,5052 ALUMINUM,AL05052
1367,76,33,1328,0.0,-22.5,158.0,code_diff-40.0;net_wt_over-15.0;date+7.5;customer+25.0,2940,2026-01-10 14:22:37.000,17-4 SOLIDS,174SOLIDS
1367,76,32,1328,0.0,-22.5,158.0,code_diff-40.0;net_wt_over-15.0;date+7.5;customer+25.0,230,2026-01-10 14:22:37.000,17-4 STAINLESS STEEL TURNINGS,NI174BO
1367,76,12,1282,0.0,-15.0,158.0,code_diff-40.0;net_wt_over-15.0;date+15.0;customer+25.0,61060,2026-01-07 12:40:42.833,ZZ DO NOT USE STEEL TURNINGS,FETURN
1367,76,84,1323,0.0,-30.0,158.0,code_diff-40.0;net_wt_over-15.0;customer+25.0,39200,2026-01-20 14:20:49.279,SHEET IRON,SHIRST
1367,77,32,1328,88.9,140.5,158.0,code+40.0;desc+20.0;net_wt+40.0;date+7.5;customer+25.0;price+8.0,230,2026-01-10 14:22:37.000,17-4 STAINLESS STEEL TURNINGS,NI174BO
1367,77,13,1283,0.1,0.18,170.0,code_diff-40.0;net_wt_over-15.0;date+25.0;time+5.18;customer+25.0,11610,2026-01-08 07:42:24.089,5052 ALUMINUM,AL05052
1367,77,14,1283,0.1,0.18,170.0,code_diff-40.0;net_wt_over-15.0;date+25.0;time+5.18;customer+25.0,1290,2026-01-08 07:42:24.089,6061 ALUMINUM - SPC,AL06061
1367,77,7,1278,0.0,-16.92,158.0,code_diff-40.0;net_wt_over-15.0;date+7.5;customer+25.0;price+5.58,50700,2026-01-06 10:32:15.672,ZZ DO NOT USE STEEL TURNINGS,FETURN
1367,77,38,1328,0.0,-22.5,158.0,code_diff-40.0;net_wt_over-15.0;date+7.5;customer+25.0,774,2026-01-10 14:22:37.000,ZZ DO NOT USE - ALUMINUM TURNINGS,ALMTRNG
1367,77,79,1318,0.0,-27.66,158.0,code_diff-40.0;net_wt_over-15.0;customer+25.0;price+2.34,20040,2026-01-19 08:02:59.000,STEEL BANDING (FE),STBD
1367,77,77,1315,0.0,-24.42,158.0,code_diff-40.0;net_wt_over-15.0;customer+25.0;price+5.58,54200,2026-01-16 11:37:41.420,ZZ DO NOT USE STEEL TURNINGS,FETURN
1367,77,76,1314,0.0,-24.42,158.0,code_diff-40.0;net_wt_over-15.0;customer+25.0;price+5.58,41080,2026-01-16 10:42:36.278,ZZ DO NOT USE STEEL TURNINGS,FETURN
1367,77,66,1303,0.0,-21.42,158.0,code_diff-40.0;net_wt_over-15.0;date+3.0;customer+25.0;price+5.58,50860,2026-01-15 08:28:30.185,ZZ DO NOT USE STEEL TURNINGS,FETURN
1367,77,64,1301,0.0,-21.42,158.0,code_diff-40.0;net_wt_over-15.0;date+3.0;customer+25.0;price+5.58,56280,2026-01-14 10:26:45.056,ZZ DO NOT USE STEEL TURNINGS,FETURN
1367,77,62,1298,0.0,-21.42,158.0,code_diff-40.0;net_wt_over-15.0;date+3.0;customer+25.0;price+5.58,43100,2026-01-13 14:06:10.910,ZZ DO NOT USE STEEL TURNINGS,FETURN
1367,77,61,1297,0.0,-21.42,158.0,code_diff-40.0;net_wt_over-15.0;date+3.0;customer+25.0;price+5.58,46520,2026-01-13 11:38:12.072,ZZ DO NOT USE STEEL TURNINGS,FETURN
1367,77,36,1328,0.0,-22.5,158.0,code_diff-40.0;net_wt_over-15.0;date+7.5;customer+25.0,255,2026-01-10 14:22:37.000,CARBIDE,NICARBD
1367,77,37,1328,0.0,-22.5,158.0,code_diff-40.0;net_wt_over-15.0;date+7.5;customer+25.0,2030,2026-01-10 14:22:37.000,EDM WIRE,EDMW
1367,77,8,1279,0.0,-20.16,158.0,code_diff-40.0;net_wt_over-15.0;date+7.5;customer+25.0;price+2.34,26800,2026-01-06 13:55:42.415,STEEL BANDING (FE),STBD
1367,77,35,1328,0.0,-22.5,158.0,code_diff-40.0;net_wt_over-15.0;date+7.5;customer+25.0,3758,2026-01-10 14:22:37.000,6063 BARE ALUMINUM EXTRUSION,AL06063
1367,77,34,1328,0.0,-22.5,158.0,code_diff-40.0;net_wt_over-15.0;date+7.5;customer+25.0,974,2026-01-10 14:22:37.000,5052 ALUMINUM,AL05052
1367,77,33,1328,0.0,-22.5,158.0,code_diff-40.0;net_wt_over-15.0;date+7.5;customer+25.0,2940,2026-01-10 14:22:37.000,17-4 SOLIDS,174SOLIDS
1367,77,28,1288,0.0,-36.75,158.0,code_diff-40.0;desc+18.25;net_wt_over-15.0;date+15.0;customer_diff-15.0,1371,2026-01-09 11:48:31.142,304 STAINLESS STEEL TURNINGS,NI300BO
1367,77,12,1282,0.0,-9.42,158.0,code_diff-40.0;net_wt_over-15.0;date+15.0;customer+25.0;price+5.58,61060,2026-01-07 12:40:42.833,ZZ DO NOT USE STEEL TURNINGS,FETURN
1367,77,84,1323,0.0,-27.66,158.0,code_diff-40.0;net_wt_over-15.0;customer+25.0;price+2.34,39200,2026-01-20 14:20:49.279,SHEET IRON,SHIRST
1323,78,17,1286,99.2,168.63,170.0,code+40.0;desc+20.0;net_wt+40.0;date+25.0;time+10.63;customer+25.0;price+8.0,41480,2026-01-08 11:57:03.719,BUSHELING,Indbush
1323,78,3,1276,54.1,85.5,158.0,code+40.0;desc+20.0;net_wt_over-15.0;date+7.5;customer+25.0;price+8.0,28880,2026-01-05 08:33:08.000,BUSHELING,Indbush
1323,78,40,1295,51.3,81.0,158.0,code+40.0;desc+20.0;net_wt_over-15.0;date+3.0;customer+25.0;price+8.0,34460,2026-01-12 09:15:48.000,BUSHELING,Indbush
1323,78,83,1322,49.4,78.0,158.0,code+40.0;desc+20.0;net_wt_over-15.0;customer+25.0;price+8.0,42600,2026-01-20 14:08:40.203,BUSHELING,Indbush
1323,78,4,1273,28.3,44.78,158.0,code+40.0;desc+20.0;net_wt_over-15.0;date+7.5;customer_diff-15.0;price+7.28,39860,2026-01-05 09:13:04.785,BUSHELING,Indbush
1323,78,6,1275,28.3,44.78,158.0,code+40.0;desc+20.0;net_wt_over-15.0;date+7.5;customer_diff-15.0;price+7.28,37600,2026-01-06 08:03:11.542,BUSHELING,Indbush
1323,78,81,1320,23.6,37.28,158.0,code+40.0;desc+20.0;net_wt_over-15.0;customer_diff-15.0;price+7.28,27000,2026-01-20 08:17:15.740,BUSHELING,Indbush
1323,78,75,1313,23.6,37.28,158.0,code+40.0;desc+20.0;net_wt_over-15.0;customer_diff-15.0;price+7.28,38440,2026-01-16 09:38:50.735,BUSHELING,Indbush
1323,78,15,1284,10.3,17.57,170.0,code_diff-40.0;net_wt+0.82;date+25.0;time+6.75;customer+25.0,40460,2026-01-08 08:03:56.020,SHEET IRON,SHIRST
1323,78,16,1285,2.7,4.55,170.0,code_diff-40.0;net_wt_over-15.0;date+25.0;time+9.55;customer+25.0,30920,2026-01-08 10:52:03.869,SHEET IRON,SHIRST
1323,78,74,1312,0.0,-30.0,158.0,code_diff-40.0;net_wt_over-15.0;customer+25.0,25760,2026-01-16 08:04:53.000,STEEL WIRE,STWR
1323,78,76,1314,0.0,-24.29,158.0,code_diff-40.0;net_wt+30.71;customer_diff-15.0,41080,2026-01-16 10:42:36.278,ZZ DO NOT USE STEEL TURNINGS,FETURN
1323,78,2,1271,0.0,-27.0,158.0,code_diff-40.0;net_wt_over-15.0;date+3.0;customer+25.0,37940,2026-01-02 14:17:18.512,STEEL WIRE,STWR
1323,78,68,1305,0.0,-27.0,158.0,code_diff-40.0;net_wt_over-15.0;date+3.0;customer+25.0,10500,2026-01-15 09:30:32.147,ZZ DO NOT USE ALUMINUM BREAKAGE,ALBRKG
1323,78,41,1293,0.0,-25.08,158.0,code_diff-40.0;net_wt_over-15.0;date+3.0;customer+25.0;price+1.92,37220,2026-01-12 09:45:21.801,CLEAN SHEET,CLSHST
1323,78,30,1290,0.0,-15.0,158.0,code_diff-40.0;net_wt_over-15.0;date+15.0;customer+25.0,39680,2026-01-09 14:40:11.170,STEEL WIRE,STWR
1323,78,31,1291,0.0,-15.0,158.0,code_diff-40.0;net_wt_over-15.0;date+15.0;customer+25.0,38520,2026-01-09 14:40:50.325,STEEL WIRE,STWR
1363,79,13,1283,98.6,167.64,170.0,code+40.0;desc+20.0;net_wt+40.0;date+25.0;time+9.64;customer+25.0;price+8.0,11610,2026-01-08 07:42:24.089,5052 ALUMINUM,AL05052
1363,79,34,1328,49.1,77.5,158.0,code+40.0;desc+20.0;net_wt_over-15.0;date+7.5;customer+25.0,974,2026-01-10 14:22:37.000,5052 ALUMINUM,AL05052
1363,79,14,1283,7.4,12.64,170.0,code_diff-40.0;net_wt_over-15.0;date+25.0;time+9.64;customer+25.0;price+8.0,1290,2026-01-08 07:42:24.089,6061 ALUMINUM - SPC,AL06061
1363,79,7,1278,0.0,-22.5,158.0,code_diff-40.0;net_wt_over-15.0;date+7.5;customer+25.0,50700,2026-01-06 10:32:15.672,ZZ DO NOT USE STEEL TURNINGS,FETURN
1363,79,61,1297,0.0,-27.0,158.0,code_diff-40.0;net_wt_over-15.0;date+3.0;customer+25.0,46520,2026-01-13 11:38:12.072,ZZ DO NOT USE STEEL TURNINGS,FETURN
1363,79,79,1318,0.0,-30.0,158.0,code_diff-40.0;net_wt_over-15.0;customer+25.0,20040,2026-01-19 08:02:59.000,STEEL BANDING (FE),STBD
1363,79,77,1315,0.0,-30.0,158.0,code_diff-40.0;net_wt_over-15.0;customer+25.0,54200,2026-01-16 11:37:41.420,ZZ DO NOT USE STEEL TURNINGS,FETURN
1363,79,76,1314,0.0,-30.0,158.0,code_diff-40.0;net_wt_over-15.0;customer+25.0,41080,2026-01-16 10:42:36.278,ZZ DO NOT USE STEEL TURNINGS,FETURN
1363,79,66,1303,0.0,-27.0,158.0,code_diff-40.0;net_wt_over-15.0;date+3.0;customer+25.0,50860,2026-01-15 08:28:30.185,ZZ DO NOT USE STEEL TURNINGS,FETURN
1363,79,64,1301,0.0,-27.0,158.0,code_diff-40.0;net_wt_over-15.0;date+3.0;customer+25.0,56280,2026-01-14 10:26:45.056,ZZ DO NOT USE STEEL TURNINGS,FETURN
1363,79,62,1298,0.0,-27.0,158.0,code_diff-40.0;net_wt_over-15.0;date+3.0;customer+25.0,43100,2026-01-13 14:06:10.910,ZZ DO NOT USE STEEL TURNINGS,FETURN
1363,79,37,1328,0.0,-22.5,158.0,code_diff-40.0;net_wt_over-15.0;date+7.5;customer+25.0,2030,2026-01-10 14:22:37.000,EDM WIRE,EDMW
1363,79,38,1328,0.0,-22.5,158.0,code_diff-40.0;net_wt_over-15.0;date+7.5;customer+25.0,774,2026-01-10 14:22:37.000,ZZ DO NOT USE - ALUMINUM TURNINGS,ALMTRNG
1363,79,8,1279,0.0,-22.5,158.0,code_diff-40.0;net_wt_over-15.0;date+7.5;customer+25.0,26800,2026-01-06 13:55:42.415,STEEL BANDING (FE),STBD
1363,79,36,1328,0.0,-22.5,158.0,code_diff-40.0;net_wt_over-15.0;date+7.5;customer+25.0,255,2026-01-10 14:22:37.000,CARBIDE,NICARBD
1363,79,35,1328,0.0,-22.5,158.0,code_diff-40.0;net_wt_over-15.0;date+7.5;customer+25.0,3758,2026-01-10 14:22:37.000,6063 BARE ALUMINUM EXTRUSION,AL06063
1363,79,33,1328,0.0,-22.5,158.0,code_diff-40.0;net_wt_over-15.0;date+7.5;customer+25.0,2940,2026-01-10 14:22:37.000,17-4 SOLIDS,174SOLIDS
1363,79,32,1328,0.0,-22.5,158.0,code_diff-40.0;net_wt_over-15.0;date+7.5;customer+25.0,230,2026-01-10 14:22:37.000,17-4 STAINLESS STEEL TURNINGS,NI174BO
1363,79,12,1282,0.0,-15.0,158.0,code_diff-40.0;net_wt_over-15.0;date+15.0;customer+25.0,61060,2026-01-07 12:40:42.833,ZZ DO NOT USE STEEL TURNINGS,FETURN
1363,79,84,1323,0.0,-30.0,158.0,code_diff-40.0;net_wt_over-15.0;customer+25.0,39200,2026-01-20 14:20:49.279,SHEET IRON,SHIRST
1363,80,14,1283,98.6,167.64,170.0,code+40.0;desc+20.0;net_wt+40.0;date+25.0;time+9.64;customer+25.0;price+8.0,1290,2026-01-08 07:42:24.089,6061 ALUMINUM - SPC,AL06061
1363,80,50,1294,25.1,39.61,158.0,code+40.0;desc+20.0;net_wt_over-15.0;date+3.0;customer_diff-15.0;price+6.61,3302,2026-01-13 06:43:52.454,6061 ALUMINUM - SPC,AL06061
1363,80,13,1283,7.4,12.64,170.0,code_diff-40.0;net_wt_over-15.0;date+25.0;time+9.64;customer+25.0;price+8.0,11610,2026-01-08 07:42:24.089,5052 ALUMINUM,AL05052
1363,80,7,1278,0.0,-22.5,158.0,code_diff-40.0;net_wt_over-15.0;date+7.5;customer+25.0,50700,2026-01-06 10:32:15.672,ZZ DO NOT USE STEEL TURNINGS,FETURN
1363,80,79,1318,0.0,-30.0,158.0,code_diff-40.0;net_wt_over-15.0;customer+25.0,20040,2026-01-19 08:02:59.000,STEEL BANDING (FE),STBD
1363,80,77,1315,0.0,-30.0,158.0,code_diff-40.0;net_wt_over-15.0;customer+25.0,54200,2026-01-16 11:37:41.420,ZZ DO NOT USE STEEL TURNINGS,FETURN
1363,80,76,1314,0.0,-30.0,158.0,code_diff-40.0;net_wt_over-15.0;customer+25.0,41080,2026-01-16 10:42:36.278,ZZ DO NOT USE STEEL TURNINGS,FETURN
1363,80,66,1303,0.0,-27.0,158.0,code_diff-40.0;net_wt_over-15.0;date+3.0;customer+25.0,50860,2026-01-15 08:28:30.185,ZZ DO NOT USE STEEL TURNINGS,FETURN
1363,80,64,1301,0.0,-27.0,158.0,code_diff-40.0;net_wt_over-15.0;date+3.0;customer+25.0,56280,2026-01-14 10:26:45.056,ZZ DO NOT USE STEEL TURNINGS,FETURN
1363,80,62,1298,0.0,-27.0,158.0,code_diff-40.0;net_wt_over-15.0;date+3.0;customer+25.0,43100,2026-01-13 14:06:10.910,ZZ DO NOT USE STEEL TURNINGS,FETURN
1363,80,61,1297,0.0,-27.0,158.0,code_diff-40.0;net_wt_over-15.0;date+3.0;customer+25.0,46520,2026-01-13 11:38:12.072,ZZ DO NOT USE STEEL TURNINGS,FETURN
1363,80,37,1328,0.0,-22.5,158.0,code_diff-40.0;net_wt_over-15.0;date+7.5;customer+25.0,2030,2026-01-10 14:22:37.000,EDM WIRE,EDMW
1363,80,38,1328,0.0,-22.5,158.0,code_diff-40.0;net_wt_over-15.0;date+7.5;customer+25.0,774,2026-01-10 14:22:37.000,ZZ DO NOT USE - ALUMINUM TURNINGS,ALMTRNG
1363,80,8,1279,0.0,-22.5,158.0,code_diff-40.0;net_wt_over-15.0;date+7.5;customer+25.0,26800,2026-01-06 13:55:42.415,STEEL BANDING (FE),STBD
1363,80,36,1328,0.0,-22.5,158.0,code_diff-40.0;net_wt_over-15.0;date+7.5;customer+25.0,255,2026-01-10 14:22:37.000,CARBIDE,NICARBD
1363,80,35,1328,0.0,-22.5,158.0,code_diff-40.0;net_wt_over-15.0;date+7.5;customer+25.0,3758,2026-01-10 14:22:37.000,6063 BARE ALUMINUM EXTRUSION,AL06063
1363,80,34,1328,0.0,-22.5,158.0,code_diff-40.0;net_wt_over-15.0;date+7.5;customer+25.0,974,2026-01-10 14:22:37.000,5052 ALUMINUM,AL05052
1363,80,33,1328,0.0,-22.5,158.0,code_diff-40.0;net_wt_over-15.0;date+7.5;customer+25.0,2940,2026-01-10 14:22:37.000,17-4 SOLIDS,174SOLIDS
1363,80,32,1328,0.0,-22.5,158.0,code_diff-40.0;net_wt_over-15.0;date+7.5;customer+25.0,230,2026-01-10 14:22:37.000,17-4 STAINLESS STEEL TURNINGS,NI174BO
1363,80,12,1282,0.0,-15.0,158.0,code_diff-40.0;net_wt_over-15.0;date+15.0;customer+25.0,61060,2026-01-07 12:40:42.833,ZZ DO NOT USE STEEL TURNINGS,FETURN
1363,80,84,1323,0.0,-30.0,158.0,code_diff-40.0;net_wt_over-15.0;customer+25.0,39200,2026-01-20 14:20:49.279,SHEET IRON,SHIRST
1320,81,12,1282,99.7,169.47,170.0,code+40.0;desc+20.0;net_wt+40.0;date+25.0;time+11.47;customer+25.0;price+8.0,61060,2026-01-07 12:40:42.833,ZZ DO NOT USE STEEL TURNINGS,FETURN
1320,81,7,1278,58.9,93.0,158.0,code+40.0;desc+20.0;net_wt_over-15.0;date+15.0;customer+25.0;price+8.0,50700,2026-01-06 10:32:15.672,ZZ DO NOT USE STEEL TURNINGS,FETURN
1320,81,64,1301,51.3,81.0,158.0,code+40.0;desc+20.0;net_wt_over-15.0;date+3.0;customer+25.0;price+8.0,56280,2026-01-14 10:26:45.056,ZZ DO NOT USE STEEL TURNINGS,FETURN
1320,81,62,1298,51.3,81.0,158.0,code+40.0;desc+20.0;net_wt_over-15.0;date+3.0;customer+25.0;price+8.0,43100,2026-01-13 14:06:10.910,ZZ DO NOT USE STEEL TURNINGS,FETURN
1320,81,61,1297,51.3,81.0,158.0,code+40.0;desc+20.0;net_wt_over-15.0;date+3.0;customer+25.0;price+8.0,46520,2026-01-13 11:38:12.072,ZZ DO NOT USE STEEL TURNINGS,FETURN
1320,81,77,1315,49.4,78.0,158.0,code+40.0;desc+20.0;net_wt_over-15.0;customer+25.0;price+8.0,54200,2026-01-16 11:37:41.420,ZZ DO NOT USE STEEL TURNINGS,FETURN
1320,81,76,1314,49.4,78.0,158.0,code+40.0;desc+20.0;net_wt_over-15.0;customer+25.0;price+8.0,41080,2026-01-16 10:42:36.278,ZZ DO NOT USE STEEL TURNINGS,FETURN
1320,81,66,1303,49.4,78.0,158.0,code+40.0;desc+20.0;net_wt_over-15.0;customer+25.0;price+8.0,50860,2026-01-15 08:28:30.185,ZZ DO NOT USE STEEL TURNINGS,FETURN
1320,81,38,1328,0.0,-22.5,158.0,code_diff-40.0;net_wt_over-15.0;date+7.5;customer+25.0,774,2026-01-10 14:22:37.000,ZZ DO NOT USE - ALUMINUM TURNINGS,ALMTRNG
1320,81,79,1318,0.0,-25.02,158.0,code_diff-40.0;net_wt_over-15.0;customer+25.0;price+4.98,20040,2026-01-19 08:02:59.000,STEEL BANDING (FE),STBD
1320,81,37,1328,0.0,-22.5,158.0,code_diff-40.0;net_wt_over-15.0;date+7.5;customer+25.0,2030,2026-01-10 14:22:37.000,EDM WIRE,EDMW
1320,81,8,1279,0.0,-10.02,158.0,code_diff-40.0;net_wt_over-15.0;date+15.0;customer+25.0;price+4.98,26800,2026-01-06 13:55:42.415,STEEL BANDING (FE),STBD
1320,81,36,1328,0.0,-22.5,158.0,code_diff-40.0;net_wt_over-15.0;date+7.5;customer+25.0,255,2026-01-10 14:22:37.000,CARBIDE,NICARBD
1320,81,35,1328,0.0,-22.5,158.0,code_diff-40.0;net_wt_over-15.0;date+7.5;customer+25.0,3758,2026-01-10 14:22:37.000,6063 BARE ALUMINUM EXTRUSION,AL06063
1320,81,34,1328,0.0,-22.5,158.0,code_diff-40.0;net_wt_over-15.0;date+7.5;customer+25.0,974,2026-01-10 14:22:37.000,5052 ALUMINUM,AL05052
1320,81,33,1328,0.0,-22.5,158.0,code_diff-40.0;net_wt_over-15.0;date+7.5;customer+25.0,2940,2026-01-10 14:22:37.000,17-4 SOLIDS,174SOLIDS
1320,81,32,1328,0.0,-16.75,158.0,code_diff-40.0;net_wt_over-15.0;date+7.5;customer+25.0;price+5.75,230,2026-01-10 14:22:37.000,17-4 STAINLESS STEEL TURNINGS,NI174BO
1320,81,14,1283,0.0,-15.0,158.0,code_diff-40.0;net_wt_over-15.0;date+15.0;customer+25.0,1290,2026-01-08 07:42:24.089,6061 ALUMINUM - SPC,AL06061
1320,81,13,1283,0.0,-15.0,158.0,code_diff-40.0;net_wt_over-15.0;date+15.0;customer+25.0,11610,2026-01-08 07:42:24.089,5052 ALUMINUM,AL05052
1320,81,84,1323,0.0,-25.02,158.0,code_diff-40.0;net_wt_over-15.0;customer+25.0;price+4.98,39200,2026-01-20 14:20:49.279,SHEET IRON,SHIRST
1318,82,7,1278,97.5,165.83,170.0,code+40.0;desc+20.0;net_wt+40.0;date+25.0;time+7.83;customer+25.0;price+8.0,50700,2026-01-06 10:32:15.672,ZZ DO NOT USE STEEL TURNINGS,FETURN
1318,82,66,1303,84.2,133.0,158.0,code+40.0;desc+20.0;net_wt+40.0;customer+25.0;price+8.0,50860,2026-01-15 08:28:30.185,ZZ DO NOT USE STEEL TURNINGS,FETURN
1318,82,12,1282,58.9,93.0,158.0,code+40.0;desc+20.0;net_wt_over-15.0;date+15.0;customer+25.0;price+8.0,61060,2026-01-07 12:40:42.833,ZZ DO NOT USE STEEL TURNINGS,FETURN
1318,82,62,1298,51.3,81.0,158.0,code+40.0;desc+20.0;net_wt_over-15.0;date+3.0;customer+25.0;price+8.0,43100,2026-01-13 14:06:10.910,ZZ DO NOT USE STEEL TURNINGS,FETURN
1318,82,61,1297,51.3,81.0,158.0,code+40.0;desc+20.0;net_wt_over-15.0;date+3.0;customer+25.0;price+8.0,46520,2026-01-13 11:38:12.072,ZZ DO NOT USE STEEL TURNINGS,FETURN
1318,82,77,1315,49.4,78.0,158.0,code+40.0;desc+20.0;net_wt_over-15.0;customer+25.0;price+8.0,54200,2026-01-16 11:37:41.420,ZZ DO NOT USE STEEL TURNINGS,FETURN
1318,82,76,1314,49.4,78.0,158.0,code+40.0;desc+20.0;net_wt_over-15.0;customer+25.0;price+8.0,41080,2026-01-16 10:42:36.278,ZZ DO NOT USE STEEL TURNINGS,FETURN
1318,82,64,1301,49.4,78.0,158.0,code+40.0;desc+20.0;net_wt_over-15.0;customer+25.0;price+8.0,56280,2026-01-14 10:26:45.056,ZZ DO NOT USE STEEL TURNINGS,FETURN
1318,82,8,1279,6.6,11.2,170.0,code_diff-40.0;net_wt_over-15.0;date+25.0;time+11.22;customer+25.0;price+4.98,26800,2026-01-06 13:55:42.415,STEEL BANDING (FE),STBD
1318,82,38,1328,0.0,-27.0,158.0,code_diff-40.0;net_wt_over-15.0;date+3.0;customer+25.0,774,2026-01-10 14:22:37.000,ZZ DO NOT USE - ALUMINUM TURNINGS,ALMTRNG
1318,82,36,1328,0.0,-27.0,158.0,code_diff-40.0;net_wt_over-15.0;date+3.0;customer+25.0,255,2026-01-10 14:22:37.000,CARBIDE,NICARBD
1318,82,37,1328,0.0,-27.0,158.0,code_diff-40.0;net_wt_over-15.0;date+3.0;customer+25.0,2030,2026-01-10 14:22:37.000,EDM WIRE,EDMW
1318,82,35,1328,0.0,-27.0,158.0,code_diff-40.0;net_wt_over-15.0;date+3.0;customer+25.0,3758,2026-01-10 14:22:37.000,6063 BARE ALUMINUM EXTRUSION,AL06063
1318,82,34,1328,0.0,-27.0,158.0,code_diff-40.0;net_wt_over-15.0;date+3.0;customer+25.0,974,2026-01-10 14:22:37.000,5052 ALUMINUM,AL05052
1318,82,33,1328,0.0,-27.0,158.0,code_diff-40.0;net_wt_over-15.0;date+3.0;customer+25.0,2940,2026-01-10 14:22:37.000,17-4 SOLIDS,174SOLIDS
1318,82,32,1328,0.0,-21.25,158.0,code_diff-40.0;net_wt_over-15.0;date+3.0;customer+25.0;price+5.75,230,2026-01-10 14:22:37.000,17-4 STAINLESS STEEL TURNINGS,NI174BO
1318,82,14,1283,0.0,-22.5,158.0,code_diff-40.0;net_wt_over-15.0;date+7.5;customer+25.0,1290,2026-01-08 07:42:24.089,6061 ALUMINUM - SPC,AL06061
1318,82,13,1283,0.0,-22.5,158.0,code_diff-40.0;net_wt_over-15.0;date+7.5;customer+25.0,11610,2026-01-08 07:42:24.089,5052 ALUMINUM,AL05052
1318,82,79,1318,0.0,-25.02,158.0,code_diff-40.0;net_wt_over-15.0;customer+25.0;price+4.98,20040,2026-01-19 08:02:59.000,STEEL BANDING (FE),STBD
1317,83,8,1279,100.0,169.99,170.0,code+40.0;desc+20.0;net_wt+40.0;date+25.0;time+11.99;customer+25.0;price+8.0,26800,2026-01-06 13:55:42.415,STEEL BANDING (FE),STBD
1317,83,79,1318,49.4,78.0,158.0,code+40.0;desc+20.0;net_wt_over-15.0;customer+25.0;price+8.0,20040,2026-01-19 08:02:59.000,STEEL BANDING (FE),STBD
1317,83,7,1278,5.2,8.84,170.0,code_diff-40.0;net_wt_over-15.0;date+25.0;time+8.6;customer+25.0;price+5.24,50700,2026-01-06 10:32:15.672,ZZ DO NOT USE STEEL TURNINGS,FETURN
1317,83,13,1283,0.0,-22.5,158.0,code_diff-40.0;net_wt_over-15.0;date+7.5;customer+25.0,11610,2026-01-08 07:42:24.089,5052 ALUMINUM,AL05052
1317,83,60,1296,0.0,-36.34,158.0,code_diff-40.0;net_wt+8.21;date+3.0;customer_diff-15.0;price+7.45,27360,2026-01-13 10:29:54.290,SHEET IRON,SHIRST
1317,83,77,1315,0.0,-24.76,158.0,code_diff-40.0;net_wt_over-15.0;customer+25.0;price+5.24,54200,2026-01-16 11:37:41.420,ZZ DO NOT USE STEEL TURNINGS,FETURN
1317,83,76,1314,0.0,-24.76,158.0,code_diff-40.0;net_wt_over-15.0;customer+25.0;price+5.24,41080,2026-01-16 10:42:36.278,ZZ DO NOT USE STEEL TURNINGS,FETURN
1317,83,66,1303,0.0,-24.76,158.0,code_diff-40.0;net_wt_over-15.0;customer+25.0;price+5.24,50860,2026-01-15 08:28:30.185,ZZ DO NOT USE STEEL TURNINGS,FETURN
1317,83,64,1301,0.0,-24.76,158.0,code_diff-40.0;net_wt_over-15.0;customer+25.0;price+5.24,56280,2026-01-14 10:26:45.056,ZZ DO NOT USE STEEL TURNINGS,FETURN
1317,83,62,1298,0.0,-21.76,158.0,code_diff-40.0;net_wt_over-15.0;date+3.0;customer+25.0;price+5.24,43100,2026-01-13 14:06:10.910,ZZ DO NOT USE STEEL TURNINGS,FETURN
1317,83,61,1297,0.0,-21.76,158.0,code_diff-40.0;net_wt_over-15.0;date+3.0;customer+25.0;price+5.24,46520,2026-01-13 11:38:12.072,ZZ DO NOT USE STEEL TURNINGS,FETURN
1317,83,38,1328,0.0,-27.0,158.0,code_diff-40.0;net_wt_over-15.0;date+3.0;customer+25.0,774,2026-01-10 14:22:37.000,ZZ DO NOT USE - ALUMINUM TURNINGS,ALMTRNG
1317,83,14,1283,0.0,-22.5,158.0,code_diff-40.0;net_wt_over-15.0;date+7.5;customer+25.0,1290,2026-01-08 07:42:24.089,6061 ALUMINUM - SPC,AL06061
1317,83,12,1282,0.0,-9.76,158.0,code_diff-40.0;net_wt_over-15.0;date+15.0;customer+25.0;price+5.24,61060,2026-01-07 12:40:42.833,ZZ DO NOT USE STEEL TURNINGS,FETURN
1317,83,36,1328,0.0,-27.0,158.0,code_diff-40.0;net_wt_over-15.0;date+3.0;customer+25.0,255,2026-01-10 14:22:37.000,CARBIDE,NICARBD
1317,83,35,1328,0.0,-27.0,158.0,code_diff-40.0;net_wt_over-15.0;date+3.0;customer+25.0,3758,2026-01-10 14:22:37.000,6063 BARE ALUMINUM EXTRUSION,AL06063
1317,83,34,1328,0.0,-27.0,158.0,code_diff-40.0;net_wt_over-15.0;date+3.0;customer+25.0,974,2026-01-10 14:22:37.000,5052 ALUMINUM,AL05052
1317,83,33,1328,0.0,-27.0,158.0,code_diff-40.0;net_wt_over-15.0;date+3.0;customer+25.0,2940,2026-01-10 14:22:37.000,17-4 SOLIDS,174SOLIDS
1317,83,32,1328,0.0,-23.81,158.0,code_diff-40.0;net_wt_over-15.0;date+3.0;customer+25.0;price+3.19,230,2026-01-10 14:22:37.000,17-4 STAINLESS STEEL TURNINGS,NI174BO
1317,83,37,1328,0.0,-27.0,158.0,code_diff-40.0;net_wt_over-15.0;date+3.0;customer+25.0,2030,2026-01-10 14:22:37.000,EDM WIRE,EDMW
1314,84,3,1276,100.0,169.99,170.0,code+40.0;desc+20.0;net_wt+40.0;date+25.0;time+11.99;customer+25.0;price+8.0,28880,2026-01-05 08:33:08.000,BUSHELING,Indbush
1314,84,17,1286,54.1,85.5,158.0,code+40.0;desc+20.0;net_wt_over-15.0;date+7.5;customer+25.0;price+8.0,41480,2026-01-08 11:57:03.719,BUSHELING,Indbush
1314,84,40,1295,51.3,81.0,158.0,code+40.0;desc+20.0;net_wt_over-15.0;date+3.0;customer+25.0;price+8.0,34460,2026-01-12 09:15:48.000,BUSHELING,Indbush
1314,84,4,1273,43.3,73.62,170.0,code+40.0;desc+20.0;net_wt_over-15.0;date+25.0;time+11.34;customer_diff-15.0;price+7.28,39860,2026-01-05 09:13:04.785,BUSHELING,Indbush
1314,84,6,1275,33.1,52.28,158.0,code+40.0;desc+20.0;net_wt_over-15.0;date+15.0;customer_diff-15.0;price+7.28,37600,2026-01-06 08:03:11.542,BUSHELING,Indbush
1314,84,75,1313,23.6,37.28,158.0,code+40.0;desc+20.0;net_wt_over-15.0;customer_diff-15.0;price+7.28,38440,2026-01-16 09:38:50.735,BUSHELING,Indbush
1314,84,2,1271,0.0,-22.5,158.0,code_diff-40.0;net_wt_over-15.0;date+7.5;customer+25.0,37940,2026-01-02 14:17:18.512,STEEL WIRE,STWR
1314,84,15,1284,0.0,-22.5,158.0,code_diff-40.0;net_wt_over-15.0;date+7.5;customer+25.0,40460,2026-01-08 08:03:56.020,SHEET IRON,SHIRST
1314,84,16,1285,0.0,-22.5,158.0,code_diff-40.0;net_wt_over-15.0;date+7.5;customer+25.0,30920,2026-01-08 10:52:03.869,SHEET IRON,SHIRST
1314,84,30,1290,0.0,-27.0,158.0,code_diff-40.0;net_wt_over-15.0;date+3.0;customer+25.0,39680,2026-01-09 14:40:11.170,STEEL WIRE,STWR
1314,84,31,1291,0.0,-27.0,158.0,code_diff-40.0;net_wt_over-15.0;date+3.0;customer+25.0,38520,2026-01-09 14:40:50.325,STEEL WIRE,STWR
1314,84,41,1293,0.0,-25.08,158.0,code_diff-40.0;net_wt_over-15.0;date+3.0;customer+25.0;price+1.92,37220,2026-01-12 09:45:21.801,CLEAN SHEET,CLSHST
1314,84,63,1299,0.0,-42.31,158.0,code_diff-40.0;net_wt+11.22;customer_diff-15.0;price+1.47,28320,2026-01-14 07:01:30.662,SHEET IRON,SHIRST
1314,84,68,1305,0.0,-30.0,158.0,code_diff-40.0;net_wt_over-15.0;customer+25.0,10500,2026-01-15 09:30:32.147,ZZ DO NOT USE ALUMINUM BREAKAGE,ALBRKG
1314,84,74,1312,0.0,-30.0,158.0,code_diff-40.0;net_wt_over-15.0;customer+25.0,25760,2026-01-16 08:04:53.000,STEEL WIRE,STWR
1311,85,2,1271,100.0,169.99,170.0,code+40.0;desc+20.0;net_wt+40.0;date+25.0;time+11.99;customer+25.0;price+8.0,37940,2026-01-02 14:17:18.512,STEEL WIRE,STWR
1311,85,31,1291,73.1,115.43,158.0,code+40.0;desc+20.0;net_wt+19.43;date+3.0;customer+25.0;price+8.0,38520,2026-01-09 14:40:50.325,STEEL WIRE,STWR
1311,85,30,1290,51.3,81.0,158.0,code+40.0;desc+20.0;net_wt_over-15.0;date+3.0;customer+25.0;price+8.0,39680,2026-01-09 14:40:11.170,STEEL WIRE,STWR
1311,85,3,1276,0.0,-22.5,158.0,code_diff-40.0;net_wt_over-15.0;date+7.5;customer+25.0,28880,2026-01-05 08:33:08.000,BUSHELING,Indbush
1311,85,6,1275,0.0,-19.92,158.0,code_diff-40.0;net_wt+32.08;date+3.0;customer_diff-15.0,37600,2026-01-06 08:03:11.542,BUSHELING,Indbush
1311,85,15,1284,0.0,-24.52,158.0,code_diff-40.0;net_wt_over-15.0;date+3.0;customer+25.0;price+2.48,40460,2026-01-08 08:03:56.020,SHEET IRON,SHIRST
1311,85,16,1285,0.0,-24.52,158.0,code_diff-40.0;net_wt_over-15.0;date+3.0;customer+25.0;price+2.48,30920,2026-01-08 10:52:03.869,SHEET IRON,SHIRST
1311,85,17,1286,0.0,-27.0,158.0,code_diff-40.0;net_wt_over-15.0;date+3.0;customer+25.0,41480,2026-01-08 11:57:03.719,BUSHELING,Indbush
1311,85,40,1295,0.0,-30.0,158.0,code_diff-40.0;net_wt_over-15.0;customer+25.0,34460,2026-01-12 09:15:48.000,BUSHELING,Indbush
1311,85,41,1293,0.0,-2.95,158.0,code_diff-40.0;net_wt+12.05;customer+25.0,37220,2026-01-12 09:45:21.801,CLEAN SHEET,CLSHST
1311,85,68,1305,0.0,-30.0,158.0,code_diff-40.0;net_wt_over-15.0;customer+25.0,10500,2026-01-15 09:30:32.147,ZZ DO NOT USE ALUMINUM BREAKAGE,ALBRKG
