dtc_row_id,dtc_order_no,ticket_row_id,ticket,pseudo_label,pseudo_labeled_order,pseudo_label_reason,pseudo_margin,rule_score,rule_raw,rule_max_possible,rule_rank,score_gap_to_best,dtc_weight,ticket_weight,weight_abs_diff,weight_pct_diff,date_abs_days,date_signed_days,same_day,code_points,code_diff_points,desc_points,net_wt_points,net_wt_over_points,date_points,time_points,price_points,model_probability
1,1507,1043,17717,1,1,top_clean_score_margin_weight_date,50.900000000000006,90.4,131.06,145.0,1.0,0.0,11960,11960,0,0.0,0,0,1.0,40.0,0.0,20.0,40.0,0.0,25.0,6.06,0.0,0.9913391400566917
1,1507,1014,17549,0,1,,50.900000000000006,39.5,52.5,133.0,2.0,50.900000000000006,11960,14240,2280,0.19063545150501673,3,-3,0.0,40.0,0.0,20.0,0.0,-15.0,7.5,0.0,0.0,0.010630104407248108
1,1507,1001,17496,0,1,,50.900000000000006,39.5,52.5,133.0,3.0,50.900000000000006,11960,945,11015,0.9209866220735786,3,-3,0.0,40.0,0.0,20.0,0.0,-15.0,7.5,0.0,0.0,0.008443722353409877
1,1507,999,17496,0,1,,50.900000000000006,39.5,52.5,133.0,4.0,50.900000000000006,11960,191,11769,0.9840301003344482,3,-3,0.0,40.0,0.0,20.0,0.0,-15.0,7.5,0.0,0.0,0.008234468943002058
1,1507,1103,17884,0,1,,50.900000000000006,36.1,48.0,133.0,16.0,54.300000000000004,11960,19260,7300,0.6103678929765887,5,5,0.0,40.0,0.0,20.0,0.0,-15.0,3.0,0.0,0.0,0.005656971130714565
1,1507,1113,17908,0,1,,50.900000000000006,36.1,48.0,133.0,17.0,54.300000000000004,11960,19120,7160,0.5986622073578596,5,5,0.0,40.0,0.0,20.0,0.0,-15.0,3.0,0.0,0.0,0.005644660004678563
1,1507,1092,17869,0,1,,50.900000000000006,36.1,48.0,133.0,5.0,54.300000000000004,11960,940,11020,0.9214046822742475,4,4,0.0,40.0,0.0,20.0,0.0,-15.0,3.0,0.0,0.0,0.005642312875262193
1,1507,1093,17869,0,1,,50.900000000000006,36.1,48.0,133.0,6.0,54.300000000000004,11960,934,11026,0.9219063545150502,4,4,0.0,40.0,0.0,20.0,0.0,-15.0,3.0,0.0,0.0,0.005609091900589479
1,1507,1094,17869,0,1,,50.900000000000006,36.1,48.0,133.0,7.0,54.300000000000004,11960,849,11111,0.9290133779264214,4,4,0.0,40.0,0.0,20.0,0.0,-15.0,3.0,0.0,0.0,0.005564735100194523
1,1507,1095,17869,0,1,,50.900000000000006,36.1,48.0,133.0,8.0,54.300000000000004,11960,830,11130,0.9306020066889632,4,4,0.0,40.0,0.0,20.0,0.0,-15.0,3.0,0.0,0.0,0.005530116964273675
1,1507,1096,17869,0,1,,50.900000000000006,36.1,48.0,133.0,9.0,54.300000000000004,11960,817,11143,0.9316889632107024,4,4,0.0,40.0,0.0,20.0,0.0,-15.0,3.0,0.0,0.0,0.005496562119742106
1,1507,1097,17869,0,1,,50.900000000000006,36.1,48.0,133.0,10.0,54.300000000000004,11960,808,11152,0.9324414715719064,4,4,0.0,40.0,0.0,20.0,0.0,-15.0,3.0,0.0,0.0,0.0054637724937306245
1,1507,1098,17869,0,1,,50.900000000000006,36.1,48.0,133.0,11.0,54.300000000000004,11960,805,11155,0.9326923076923077,4,4,0.0,40.0,0.0,20.0,0.0,-15.0,3.0,0.0,0.0,0.005432016611250951
1,1507,1099,17869,0,1,,50.900000000000006,36.1,48.0,133.0,12.0,54.300000000000004,11960,798,11162,0.9332775919732441,4,4,0.0,40.0,0.0,20.0,0.0,-15.0,3.0,0.0,0.0,0.005399888043534324
1,1507,1100,17869,0,1,,50.900000000000006,36.1,48.0,133.0,13.0,54.300000000000004,11960,715,11245,0.9402173913043478,4,4,0.0,40.0,0.0,20.0,0.0,-15.0,3.0,0.0,0.0,0.005357452648464103
1,1507,1101,17869,0,1,,50.900000000000006,36.1,48.0,133.0,14.0,54.300000000000004,11960,519,11441,0.9566053511705686,4,4,0.0,40.0,0.0,20.0,0.0,-15.0,3.0,0.0,0.0,0.005299902728575574
1,1507,1102,17869,0,1,,50.900000000000006,36.1,48.0,133.0,15.0,54.300000000000004,11960,500,11460,0.9581939799331104,4,4,0.0,40.0,0.0,20.0,0.0,-15.0,3.0,0.0,0.0,0.005266923385066974
1,1507,1119,18057,0,1,,50.900000000000006,36.1,48.0,133.0,18.0,54.300000000000004,11960,23660,11700,0.9782608695652174,5,5,0.0,40.0,0.0,20.0,0.0,-15.0,3.0,0.0,0.0,0.004998233650055561
1,1507,1192,18048,0,1,,50.900000000000006,36.1,48.0,133.0,19.0,54.300000000000004,11960,27360,15400,1.2876254180602007,7,7,0.0,40.0,0.0,20.0,0.0,-15.0,3.0,0.0,0.0,0.004244174488857861
1,1507,1077,17888,0,1,,50.900000000000006,36.1,48.0,133.0,20.0,54.300000000000004,11960,33560,21600,1.806020066889632,4,4,0.0,40.0,0.0,20.0,0.0,-15.0,3.0,0.0,0.0,0.003960311908176726
1,1507,941,17329,0,1,,50.900000000000006,33.8,45.0,133.0,42.0,56.60000000000001,11960,8600,3360,0.2809364548494983,8,-8,0.0,40.0,0.0,20.0,0.0,-15.0,0.0,0.0,0.0,0.0035863197013932097
1,1507,1242,18064,0,1,,50.900000000000006,33.8,45.0,133.0,21.0,56.60000000000001,11960,1189,10771,0.9005852842809364,8,8,0.0,40.0,0.0,20.0,0.0,-15.0,0.0,0.0,0.0,0.003532110381847407
1,1507,925,17303,0,1,,50.900000000000006,33.8,45.0,133.0,40.0,56.60000000000001,11960,15180,3220,0.2692307692307692,9,-9,0.0,40.0,0.0,20.0,0.0,-15.0,0.0,0.0,0.0,0.0035059686023477107
1,1507,1243,18064,0,1,,50.900000000000006,33.8,45.0,133.0,22.0,56.60000000000001,11960,805,11155,0.9326923076923077,8,8,0.0,40.0,0.0,20.0,0.0,-15.0,0.0,0.0,0.0,0.0034771919823658546
1,1507,1244,18064,0,1,,50.900000000000006,33.8,45.0,133.0,23.0,56.60000000000001,11960,634,11326,0.946989966555184,8,8,0.0,40.0,0.0,20.0,0.0,-15.0,0.0,0.0,0.0,0.003441989593872251
1,1507,943,17341,0,1,,50.900000000000006,33.8,45.0,133.0,43.0,56.60000000000001,11960,17080,5120,0.4280936454849498,8,-8,0.0,40.0,0.0,20.0,0.0,-15.0,0.0,0.0,0.0,0.003411457134523801
1,1507,1245,18064,0,1,,50.900000000000006,33.8,45.0,133.0,24.0,56.60000000000001,11960,509,11451,0.9574414715719064,8,8,0.0,40.0,0.0,20.0,0.0,-15.0,0.0,0.0,0.0,0.0034111888531915217
1,1507,1246,18064,0,1,,50.900000000000006,33.8,45.0,133.0,25.0,56.60000000000001,11960,379,11581,0.9683110367892976,8,8,0.0,40.0,0.0,20.0,0.0,-15.0,0.0,0.0,0.0,0.0033802266563601677
1,1507,861,17189,0,1,,50.900000000000006,33.8,45.0,133.0,28.0,56.60000000000001,11960,12280,320,0.026755852842809364,14,-14,0.0,40.0,0.0,20.0,0.0,-15.0,0.0,0.0,0.0,0.003336918595376451
1,1507,921,17276,0,1,,50.900000000000006,33.8,45.0,133.0,29.0,56.60000000000001,11960,4760,7200,0.6020066889632107,10,-10,0.0,40.0,0.0,20.0,0.0,-15.0,0.0,0.0,0.0,0.003240971835737351
1,1507,918,17284,0,1,,50.900000000000006,33.8,45.0,133.0,37.0,56.60000000000001,11960,19820,7860,0.657190635451505,10,-10,0.0,40.0,0.0,20.0,0.0,-15.0,0.0,0.0,0.0,0.0030481604290887813
1,1507,1254,18176,0,1,,50.900000000000006,33.8,45.0,133.0,48.0,56.60000000000001,11960,19540,7580,0.6337792642140468,11,11,0.0,40.0,0.0,20.0,0.0,-15.0,0.0,0.0,0.0,0.0029901134579677292
1,1507,951,17350,0,1,,50.900000000000006,33.8,45.0,133.0,39.0,56.60000000000001,11960,75,11885,0.9937290969899666,8,-8,0.0,40.0,0.0,20.0,0.0,-15.0,0.0,0.0,0.0,0.0029282724135752778
1,1507,947,17350,0,1,,50.900000000000006,33.8,45.0,133.0,44.0,56.60000000000001,11960,204,11756,0.982943143812709,8,-8,0.0,40.0,0.0,20.0,0.0,-15.0,0.0,0.0,0.0,0.002854538280411343
1,1507,1247,18083,0,1,,50.900000000000006,33.8,45.0,133.0,26.0,56.60000000000001,11960,30160,18200,1.5217391304347827,8,8,0.0,40.0,0.0,20.0,0.0,-15.0,0.0,0.0,0.0,0.002844963212067122
1,1507,948,17350,0,1,,50.900000000000006,33.8,45.0,133.0,45.0,56.60000000000001,11960,139,11821,0.9883779264214047,8,-8,0.0,40.0,0.0,20.0,0.0,-15.0,0.0,0.0,0.0,0.002833365165177153
1,1507,949,17350,0,1,,50.900000000000006,33.8,45.0,133.0,46.0,56.60000000000001,11960,138,11822,0.9884615384615385,8,-8,0.0,40.0,0.0,20.0,0.0,-15.0,0.0,0.0,0.0,0.002816999576627186
1,1507,950,17350,0,1,,50.900000000000006,33.8,45.0,133.0,47.0,56.60000000000001,11960,82,11878,0.9931438127090301,8,-8,0.0,40.0,0.0,20.0,0.0,-15.0,0.0,0.0,0.0,0.0027967539266794345
1,1507,863,17281,0,1,,50.900000000000006,33.8,45.0,133.0,30.0,56.60000000000001,11960,333,11627,0.9721571906354515,13,-13,0.0,40.0,0.0,20.0,0.0,-15.0,0.0,0.0,0.0,0.0025602679310536237
1,1507,914,17239,0,1,,50.900000000000006,33.8,45.0,133.0,35.0,56.60000000000001,11960,1184,10776,0.9010033444816054,13,-13,0.0,40.0,0.0,20.0,0.0,-15.0,0.0,0.0,0.0,0.002542751029417173
1,1507,882,17281,0,1,,50.900000000000006,33.8,45.0,133.0,32.0,56.60000000000001,11960,427,11533,0.9642976588628762,13,-13,0.0,40.0,0.0,20.0,0.0,-15.0,0.0,0.0,0.0,0.0025370510331768565
1,1507,864,17281,0,1,,50.900000000000006,33.8,45.0,133.0,31.0,56.60000000000001,11960,95,11865,0.992056856187291,13,-13,0.0,40.0,0.0,20.0,0.0,-15.0,0.0,0.0,0.0,0.0025299432635190566
1,1507,900,17239,0,1,,50.900000000000006,33.8,45.0,133.0,33.0,56.60000000000001,11960,209,11751,0.9825250836120402,13,-13,0.0,40.0,0.0,20.0,0.0,-15.0,0.0,0.0,0.0,0.0025082959360977035
1,1507,909,17239,0,1,,50.900000000000006,33.8,45.0,133.0,34.0,56.60000000000001,11960,125,11835,0.9895484949832776,13,-13,0.0,40.0,0.0,20.0,0.0,-15.0,0.0,0.0,0.0,0.0024884631923609768
1,1507,939,17323,0,1,,50.900000000000006,33.8,45.0,133.0,41.0,56.60000000000001,11960,28440,16480,1.3779264214046822,9,-9,0.0,40.0,0.0,20.0,0.0,-15.0,0.0,0.0,0.0,0.0024830083845675936
1,1507,915,17239,0,1,,50.900000000000006,33.8,45.0,133.0,36.0,56.60000000000001,11960,271,11689,0.9773411371237458,13,-13,0.0,40.0,0.0,20.0,0.0,-15.0,0.0,0.0,0.0,0.0024692098161689406
1,1507,922,17277,0,1,,50.900000000000006,33.8,45.0,133.0,38.0,56.60000000000001,11960,29980,18020,1.5066889632107023,10,-10,0.0,40.0,0.0,20.0,0.0,-15.0,0.0,0.0,0.0,0.0023367768746498795
1,1507,860,17188,0,1,,50.900000000000006,33.8,45.0,133.0,27.0,56.60000000000001,11960,56480,44520,3.722408026755853,14,-14,0.0,40.0,0.0,20.0,0.0,-15.0,0.0,0.0,0.0,0.0010821630720934308
2,1506,1044,17718,1,1,top_clean_score_margin_weight_date,50.900000000000006,90.4,131.03,145.0,1.0,0.0,25600,25600,0,0.0,0,0,1.0,40.0,0.0,20.0,40.0,0.0,25.0,6.03,0.0,0.9901524106963213
2,1506,1013,17548,0,1,,50.900000000000006,39.5,52.5,133.0,2.0,50.900000000000006,25600,20060,5540,0.21640625,3,-3,0.0,40.0,0.0,20.0,0.0,-15.0,7.5,0.0,0.0,0.008992072804312015
2,1506,1151,18012,0,1,,50.900000000000006,36.1,48.0,133.0,3.0,54.300000000000004,25600,53840,28240,1.103125,6,6,0.0,40.0,0.0,20.0,0.0,-15.0,3.0,0.0,0.0,0.003806520138661371
2,1506,1255,18184,0,1,,50.900000000000006,33.8,45.0,133.0,6.0,56.60000000000001,25600,36740,11140,0.43515625,11,11,0.0,40.0,0.0,20.0,0.0,-15.0,0.0,0.0,0.0,0.0033428841177483314
2,1506,940,17371,0,1,,50.900000000000006,33.8,45.0,133.0,5.0,56.60000000000001,25600,46900,21300,0.83203125,8,-8,0.0,40.0,0.0,20.0,0.0,-15.0,0.0,0.0,0.0,0.0029244020585411502
2,1506,891,17223,0,1,,50.900000000000006,33.8,45.0,133.0,4.0,56.60000000000001,25600,44380,18780,0.73359375,13,-13,0.0,40.0,0.0,20.0,0.0,-15.0,0.0,0.0,0.0,0.002535900921791505
3,1501,1036,17679,1,1,top_clean_score_margin_weight_date,17.099999999999994,92.3,133.85,145.0,1.0,0.0,34120,34120,0,0.0,0,0,1.0,40.0,0.0,20.0,40.0,0.0,25.0,6.03,2.82,0.9904713367967755
3,1501,924,17293,0,1,,17.099999999999994,75.2,100.0,133.0,2.0,17.099999999999994,34120,33960,160,0.004689331770222743,8,-8,0.0,40.0,0.0,20.0,40.0,0.0,0.0,0.0,0.0,0.7390583423569071
3,1501,1021,17564,0,1,,17.099999999999994,74.6,99.21,133.0,3.0,17.700000000000003,34120,33680,440,0.012895662368112544,1,-1,0.0,40.0,0.0,20.0,24.21,0.0,15.0,0.0,0.0,0.684550305239658
3,1501,1031,17682,0,1,,17.099999999999994,56.6,82.06,145.0,4.0,35.699999999999996,34120,24820,9300,0.27256740914419697,0,0,1.0,40.0,0.0,20.0,0.0,-15.0,25.0,10.14,1.92,0.16535437807815925
3,1501,1037,17687,0,1,,17.099999999999994,45.1,60.0,133.0,5.0,47.199999999999996,34120,15760,18360,0.5381008206330598,1,1,0.0,40.0,0.0,20.0,0.0,-15.0,15.0,0.0,0.0,0.012946443777198384
3,1501,1008,17498,0,1,,17.099999999999994,43.3,57.55,133.0,6.0,49.0,34120,760,33360,0.977725674091442,2,-2,0.0,40.0,0.0,20.0,0.0,-15.0,7.5,0.0,5.05,0.0071008227747881925
3,1501,984,17409,0,1,,17.099999999999994,38.2,50.82,133.0,9.0,54.099999999999994,34120,29080,5040,0.1477139507620164,6,-6,0.0,40.0,0.0,20.0,0.0,-15.0,3.0,0.0,2.82,0.005596799864077899
3,1501,1105,17964,0,1,,17.099999999999994,38.2,50.82,133.0,7.0,54.099999999999994,34120,44640,10520,0.3083235638921454,6,6,0.0,40.0,0.0,20.0,0.0,-15.0,3.0,0.0,2.82,0.005413062811005927
3,1501,968,17385,0,1,,17.099999999999994,36.1,48.0,133.0,17.0,56.199999999999996,34120,27020,7100,0.20808909730363423,6,-6,0.0,40.0,0.0,20.0,0.0,-15.0,3.0,0.0,0.0,0.00432558073404082
3,1501,1117,17919,0,1,,17.099999999999994,36.1,48.0,133.0,18.0,56.199999999999996,34120,22440,11680,0.34232121922626024,6,6,0.0,40.0,0.0,20.0,0.0,-15.0,3.0,0.0,0.0,0.004161843716806372
3,1501,982,17401,0,1,,17.099999999999994,38.2,50.82,133.0,8.0,54.099999999999994,34120,1000,33120,0.9706916764361079,6,-6,0.0,40.0,0.0,20.0,0.0,-15.0,3.0,0.0,2.82,0.0035761809131043434
3,1501,1256,18185,0,1,,17.099999999999994,36.0,47.82,133.0,21.0,56.3,34120,27420,6700,0.19636576787807739,12,12,0.0,40.0,0.0,20.0,0.0,-15.0,0.0,0.0,2.82,0.003410875345424146
3,1501,892,17225,0,1,,17.099999999999994,36.0,47.82,133.0,20.0,56.3,34120,27180,6940,0.2033997655334115,12,-12,0.0,40.0,0.0,20.0,0.0,-15.0,0.0,0.0,2.82,0.0031468516241362782
3,1501,1120,17949,0,1,,17.099999999999994,36.1,48.0,133.0,19.0,56.199999999999996,34120,4444,29676,0.8697538100820633,6,6,0.0,40.0,0.0,20.0,0.0,-15.0,3.0,0.0,0.0,0.0030931464107424667
3,1501,1185,18034,0,1,,17.099999999999994,33.8,45.0,133.0,22.0,58.5,34120,21300,12820,0.3757327080890973,8,8,0.0,40.0,0.0,20.0,0.0,-15.0,0.0,0.0,0.0,0.002900057254260153
3,1501,1263,18214,0,1,,17.099999999999994,37.6,50.05,133.0,11.0,54.699999999999996,34120,740,33380,0.9783118405627198,13,13,0.0,40.0,0.0,20.0,0.0,-15.0,0.0,0.0,5.05,0.0026095635113480543
3,1501,1262,18214,0,1,,17.099999999999994,37.6,50.05,133.0,12.0,54.699999999999996,34120,920,33200,0.9730363423212193,13,13,0.0,40.0,0.0,20.0,0.0,-15.0,0.0,0.0,5.05,0.0026021248792141936
3,1501,1261,18214,0,1,,17.099999999999994,37.6,50.05,133.0,13.0,54.699999999999996,34120,1100,33020,0.9677608440797186,13,13,0.0,40.0,0.0,20.0,0.0,-15.0,0.0,0.0,5.05,0.0025947073959424133
3,1501,1264,18214,0,1,,17.099999999999994,37.6,50.05,133.0,14.0,54.699999999999996,34120,720,33400,0.9788980070339977,13,13,0.0,40.0,0.0,20.0,0.0,-15.0,0.0,0.0,5.05,0.002563963318251111
3,1501,1257,18198,0,1,,17.099999999999994,33.8,45.0,133.0,23.0,58.5,34120,22040,12080,0.3540445486518171,13,13,0.0,40.0,0.0,20.0,0.0,-15.0,0.0,0.0,0.0,0.0024903784968430937
3,1501,798,17145,0,1,,17.099999999999994,37.6,50.05,133.0,10.0,54.699999999999996,34120,1100,33020,0.9677608440797186,13,-13,0.0,40.0,0.0,20.0,0.0,-15.0,0.0,0.0,5.05,0.002414256884804734
3,1501,799,17145,0,1,,17.099999999999994,37.6,50.05,133.0,16.0,54.699999999999996,34120,1180,32940,0.9654161781946072,13,-13,0.0,40.0,0.0,20.0,0.0,-15.0,0.0,0.0,5.05,0.002335134334622642
3,1501,801,17145,0,1,,17.099999999999994,37.6,50.05,133.0,15.0,54.699999999999996,34120,576,33544,0.9831184056271981,13,-13,0.0,40.0,0.0,20.0,0.0,-15.0,0.0,0.0,5.05,0.002325789868567791
3,1501,795,17142,0,1,,17.099999999999994,33.8,45.0,133.0,25.0,58.5,34120,16580,17540,0.5140679953106683,13,-13,0.0,40.0,0.0,20.0,0.0,-15.0,0.0,0.0,0.0,0.0020607601246923042
3,1501,1077,17888,0,1,,17.099999999999994,0.0,-19.83,133.0,26.0,92.3,34120,33560,560,0.016412661195779603,5,5,0.0,0.0,-40.0,0.0,17.17,0.0,3.0,0.0,0.0,0.0019187113833420966
3,1501,859,17182,0,1,,17.099999999999994,33.8,45.0,133.0,24.0,58.5,34120,10120,24000,0.7033997655334114,13,-13,0.0,40.0,0.0,20.0,0.0,-15.0,0.0,0.0,0.0,0.001866775600186252
4,1502,1031,17682,1,1,top_clean_score_margin_weight_date,41.5,91.7,132.93,145.0,1.0,0.0,24820,24820,0,0.0,0,0,1.0,40.0,0.0,20.0,40.0,0.0,25.0,6.01,1.92,0.9909338097995569
4,1502,1036,17679,0,1,,41.5,50.2,72.82,145.0,2.0,41.5,24820,34120,9300,0.37469782433521354,0,0,1.0,40.0,0.0,20.0,0.0,-15.0,25.0,0.0,2.82,0.08269464163241896
4,1502,1037,17687,0,1,,41.5,45.1,60.0,133.0,3.0,46.6,24820,15760,9060,0.36502820306204675,1,1,0.0,40.0,0.0,20.0,0.0,-15.0,15.0,0.0,0.0,0.016552796760880197
4,1502,1021,17564,0,1,,41.5,45.1,60.0,133.0,4.0,46.6,24820,33680,8860,0.3569701853344077,1,-1,0.0,40.0,0.0,20.0,0.0,-15.0,15.0,0.0,0.0,0.016439531016196003
4,1502,1008,17498,0,1,,41.5,43.3,57.55,133.0,5.0,48.400000000000006,24820,760,24060,0.9693795326349718,2,-2,0.0,40.0,0.0,20.0,0.0,-15.0,7.5,0.0,5.05,0.00878298353394269
4,1502,984,17409,0,1,,41.5,38.2,50.82,133.0,8.0,53.5,24820,29080,4260,0.1716357775987107,6,-6,0.0,40.0,0.0,20.0,0.0,-15.0,3.0,0.0,2.82,0.006279038102104215
4,1502,1117,17919,0,1,,41.5,36.1,48.0,133.0,17.0,55.6,24820,22440,2380,0.0958904109589041,6,6,0.0,40.0,0.0,20.0,0.0,-15.0,3.0,0.0,0.0,0.005373098647493541
4,1502,968,17385,0,1,,41.5,36.1,48.0,133.0,16.0,55.6,24820,27020,2200,0.088638195004029,6,-6,0.0,40.0,0.0,20.0,0.0,-15.0,3.0,0.0,0.0,0.00520583695690517
4,1502,1105,17964,0,1,,41.5,38.2,50.82,133.0,6.0,53.5,24820,44640,19820,0.798549556809025,6,6,0.0,40.0,0.0,20.0,0.0,-15.0,3.0,0.0,2.82,0.005013342004055001
4,1502,982,17401,0,1,,41.5,38.2,50.82,133.0,7.0,53.5,24820,1000,23820,0.959709911361805,6,-6,0.0,40.0,0.0,20.0,0.0,-15.0,3.0,0.0,2.82,0.004429156360541802
4,1502,1256,18185,0,1,,41.5,36.0,47.82,133.0,20.0,55.7,24820,27420,2600,0.10475423045930701,12,12,0.0,40.0,0.0,20.0,0.0,-15.0,0.0,0.0,2.82,0.004050230673662764
4,1502,1120,17949,0,1,,41.5,36.1,48.0,133.0,18.0,55.6,24820,4444,20376,0.8209508460918614,6,6,0.0,40.0,0.0,20.0,0.0,-15.0,3.0,0.0,0.0,0.0038571239556320466
4,1502,892,17225,0,1,,41.5,36.0,47.82,133.0,19.0,55.7,24820,27180,2360,0.09508460918614021,12,-12,0.0,40.0,0.0,20.0,0.0,-15.0,0.0,0.0,2.82,0.003767566805684288
4,1502,1185,18034,0,1,,41.5,33.8,45.0,133.0,22.0,57.900000000000006,24820,21300,3520,0.14182111200644643,8,8,0.0,40.0,0.0,20.0,0.0,-15.0,0.0,0.0,0.0,0.0037156920573554126
4,1502,1263,18214,0,1,,41.5,37.6,50.05,133.0,10.0,54.1,24820,740,24080,0.9701853344077357,13,13,0.0,40.0,0.0,20.0,0.0,-15.0,0.0,0.0,5.05,0.0032310968559337255
4,1502,1262,18214,0,1,,41.5,37.6,50.05,133.0,11.0,54.1,24820,920,23900,0.9629331184528606,13,13,0.0,40.0,0.0,20.0,0.0,-15.0,0.0,0.0,5.05,0.0032230219942236574
4,1502,1261,18214,0,1,,41.5,37.6,50.05,133.0,12.0,54.1,24820,1100,23720,0.9556809024979855,13,13,0.0,40.0,0.0,20.0,0.0,-15.0,0.0,0.0,5.05,0.0032149672473811585
4,1502,924,17293,0,1,,41.5,33.8,45.0,133.0,21.0,57.900000000000006,24820,33960,9140,0.3682514101531023,8,-8,0.0,40.0,0.0,20.0,0.0,-15.0,0.0,0.0,0.0,0.003201605534901396
4,1502,1257,18198,0,1,,41.5,33.8,45.0,133.0,23.0,57.900000000000006,24820,22040,2780,0.11200644641418211,13,13,0.0,40.0,0.0,20.0,0.0,-15.0,0.0,0.0,0.0,0.0031957636487784753
4,1502,1264,18214,0,1,,41.5,37.6,50.05,133.0,13.0,54.1,24820,720,24100,0.9709911361804996,13,13,0.0,40.0,0.0,20.0,0.0,-15.0,0.0,0.0,5.05,0.0031745467276494835
4,1502,798,17145,0,1,,41.5,37.6,50.05,133.0,9.0,54.1,24820,1100,23720,0.9556809024979855,13,-13,0.0,40.0,0.0,20.0,0.0,-15.0,0.0,0.0,5.05,0.0029915097644279635
4,1502,799,17145,0,1,,41.5,37.6,50.05,133.0,15.0,54.1,24820,1180,23640,0.9524576954069299,13,-13,0.0,40.0,0.0,20.0,0.0,-15.0,0.0,0.0,5.05,0.002893974792435035
4,1502,801,17145,0,1,,41.5,37.6,50.05,133.0,14.0,54.1,24820,576,24244,0.9767929089443996,13,-13,0.0,40.0,0.0,20.0,0.0,-15.0,0.0,0.0,5.05,0.002879010440651152
4,1502,795,17142,0,1,,41.5,33.8,45.0,133.0,25.0,57.900000000000006,24820,16580,8240,0.33199033037872683,13,-13,0.0,40.0,0.0,20.0,0.0,-15.0,0.0,0.0,0.0,0.002616787836273563
4,1502,859,17182,0,1,,41.5,33.8,45.0,133.0,24.0,57.900000000000006,24820,10120,14700,0.5922643029814666,13,-13,0.0,40.0,0.0,20.0,0.0,-15.0,0.0,0.0,0.0,0.0023409216278849304
5,1494,1014,17549,1,1,top_clean_score_margin_weight_date,34.50000000000001,90.4,131.04,145.0,1.0,0.0,14240,14240,0,0.0,0,0,1.0,40.0,0.0,20.0,40.0,0.0,25.0,6.04,0.0,0.9911439837606463
5,1494,1001,17496,0,1,,34.50000000000001,55.9,81.09,145.0,3.0,34.50000000000001,14240,945,13295,0.9336376404494382,0,0,1.0,40.0,0.0,20.0,0.0,-15.0,25.0,11.09,0.0,0.1732044019424295
5,1494,999,17496,0,1,,34.50000000000001,55.9,81.09,145.0,2.0,34.50000000000001,14240,191,14049,0.9865870786516854,0,0,1.0,40.0,0.0,20.0,0.0,-15.0,25.0,11.09,0.0,0.17150081140068704
5,1494,1043,17717,0,1,,34.50000000000001,39.5,52.5,133.0,4.0,50.900000000000006,14240,11960,2280,0.1601123595505618,3,3,0.0,40.0,0.0,20.0,0.0,-15.0,7.5,0.0,0.0,0.01055279019535469
5,1494,943,17341,0,1,,34.50000000000001,36.1,48.0,133.0,22.0,54.300000000000004,14240,17080,2840,0.199438202247191,5,-5,0.0,40.0,0.0,20.0,0.0,-15.0,3.0,0.0,0.0,0.005831988585294847
5,1494,925,17303,0,1,,34.50000000000001,36.1,48.0,133.0,26.0,54.300000000000004,14240,15180,940,0.06601123595505617,6,-6,0.0,40.0,0.0,20.0,0.0,-15.0,3.0,0.0,0.0,0.005730902398249619
5,1494,941,17329,0,1,,34.50000000000001,36.1,48.0,133.0,28.0,54.300000000000004,14240,8600,5640,0.3960674157303371,5,-5,0.0,40.0,0.0,20.0,0.0,-15.0,3.0,0.0,0.0,0.005273707394945276
5,1494,918,17284,0,1,,34.50000000000001,36.1,48.0,133.0,23.0,54.300000000000004,14240,19820,5580,0.39185393258426965,7,-7,0.0,40.0,0.0,20.0,0.0,-15.0,3.0,0.0,0.0,0.005039128697061254
5,1494,950,17350,0,1,,34.50000000000001,36.1,48.0,133.0,6.0,54.300000000000004,14240,82,14158,0.9942415730337079,5,-5,0.0,40.0,0.0,20.0,0.0,-15.0,3.0,0.0,0.0,0.004904164341390443
5,1494,951,17350,0,1,,34.50000000000001,36.1,48.0,133.0,7.0,54.300000000000004,14240,75,14165,0.9947331460674157,5,-5,0.0,40.0,0.0,20.0,0.0,-15.0,3.0,0.0,0.0,0.00487522343318244
5,1494,1102,17869,0,1,,34.50000000000001,36.1,48.0,133.0,5.0,54.300000000000004,14240,500,13740,0.9648876404494382,7,7,0.0,40.0,0.0,20.0,0.0,-15.0,3.0,0.0,0.0,0.004838738672002494
5,1494,1092,17869,0,1,,34.50000000000001,36.1,48.0,133.0,9.0,54.300000000000004,14240,940,13300,0.9339887640449438,7,7,0.0,40.0,0.0,20.0,0.0,-15.0,3.0,0.0,0.0,0.0047775436114420025
5,1494,1093,17869,0,1,,34.50000000000001,36.1,48.0,133.0,10.0,54.300000000000004,14240,934,13306,0.9344101123595505,7,7,0.0,40.0,0.0,20.0,0.0,-15.0,3.0,0.0,0.0,0.004749457487983277
5,1494,1094,17869,0,1,,34.50000000000001,36.1,48.0,133.0,11.0,54.300000000000004,14240,849,13391,0.940379213483146,7,7,0.0,40.0,0.0,20.0,0.0,-15.0,3.0,0.0,0.0,0.0047128160968833805
5,1494,1095,17869,0,1,,34.50000000000001,36.1,48.0,133.0,12.0,54.300000000000004,14240,830,13410,0.9417134831460674,7,7,0.0,40.0,0.0,20.0,0.0,-15.0,3.0,0.0,0.0,0.004683683754150188
5,1494,1096,17869,0,1,,34.50000000000001,36.1,48.0,133.0,13.0,54.300000000000004,14240,817,13423,0.9426264044943821,7,7,0.0,40.0,0.0,20.0,0.0,-15.0,3.0,0.0,0.0,0.004655384219170208
5,1494,1097,17869,0,1,,34.50000000000001,36.1,48.0,133.0,14.0,54.300000000000004,14240,808,13432,0.9432584269662921,7,7,0.0,40.0,0.0,20.0,0.0,-15.0,3.0,0.0,0.0,0.004627688021307959
5,1494,1098,17869,0,1,,34.50000000000001,36.1,48.0,133.0,15.0,54.300000000000004,14240,805,13435,0.9434691011235955,7,7,0.0,40.0,0.0,20.0,0.0,-15.0,3.0,0.0,0.0,0.004600801774987107
5,1494,949,17350,0,1,,34.50000000000001,36.1,48.0,133.0,18.0,54.300000000000004,14240,138,14102,0.9903089887640449,5,-5,0.0,40.0,0.0,20.0,0.0,-15.0,3.0,0.0,0.0,0.004582865995268669
5,1494,1099,17869,0,1,,34.50000000000001,36.1,48.0,133.0,16.0,54.300000000000004,14240,798,13442,0.9439606741573033,7,7,0.0,40.0,0.0,20.0,0.0,-15.0,3.0,0.0,0.0,0.0045736428697836905
5,1494,921,17276,0,1,,34.50000000000001,36.1,48.0,133.0,24.0,54.300000000000004,14240,4760,9480,0.6657303370786517,7,-7,0.0,40.0,0.0,20.0,0.0,-15.0,3.0,0.0,0.0,0.004567385339634592
5,1494,948,17350,0,1,,34.50000000000001,36.1,48.0,133.0,19.0,54.300000000000004,14240,139,14101,0.9902387640449438,5,-5,0.0,40.0,0.0,20.0,0.0,-15.0,3.0,0.0,0.0,0.004556665491694479
5,1494,1100,17869,0,1,,34.50000000000001,36.1,48.0,133.0,17.0,54.300000000000004,14240,715,13525,0.9497893258426966,7,7,0.0,40.0,0.0,20.0,0.0,-15.0,3.0,0.0,0.0,0.004538564102429993
5,1494,947,17350,0,1,,34.50000000000001,36.1,48.0,133.0,20.0,54.300000000000004,14240,204,14036,0.9856741573033708,5,-5,0.0,40.0,0.0,20.0,0.0,-15.0,3.0,0.0,0.0,0.004537405031354123
5,1494,1101,17869,0,1,,34.50000000000001,36.1,48.0,133.0,25.0,54.300000000000004,14240,519,13721,0.9635533707865168,7,7,0.0,40.0,0.0,20.0,0.0,-15.0,3.0,0.0,0.0,0.00431441466490264
5,1494,1077,17888,0,1,,34.50000000000001,36.1,48.0,133.0,8.0,54.300000000000004,14240,33560,19320,1.3567415730337078,7,7,0.0,40.0,0.0,20.0,0.0,-15.0,3.0,0.0,0.0,0.004192345071875798
5,1494,939,17323,0,1,,34.50000000000001,36.1,48.0,133.0,27.0,54.300000000000004,14240,28440,14200,0.9971910112359551,6,-6,0.0,40.0,0.0,20.0,0.0,-15.0,3.0,0.0,0.0,0.0041911866616994335
5,1494,922,17277,0,1,,34.50000000000001,36.1,48.0,133.0,21.0,54.300000000000004,14240,29980,15740,1.1053370786516854,7,-7,0.0,40.0,0.0,20.0,0.0,-15.0,3.0,0.0,0.0,0.004028204902137555
5,1494,1103,17884,0,1,,34.50000000000001,33.8,45.0,133.0,29.0,56.60000000000001,14240,19260,5020,0.35252808988764045,8,8,0.0,40.0,0.0,20.0,0.0,-15.0,0.0,0.0,0.0,0.0038803007723096417
5,1494,1113,17908,0,1,,34.50000000000001,33.8,45.0,133.0,37.0,56.60000000000001,14240,19120,4880,0.34269662921348315,8,8,0.0,40.0,0.0,20.0,0.0,-15.0,0.0,0.0,0.0,0.0037175634864612646
5,1494,1119,18057,0,1,,34.50000000000001,33.8,45.0,133.0,30.0,56.60000000000001,14240,23660,9420,0.6615168539325843,8,8,0.0,40.0,0.0,20.0,0.0,-15.0,0.0,0.0,0.0,0.003483747343048886
5,1494,792,17167,0,1,,34.50000000000001,33.8,45.0,133.0,38.0,56.60000000000001,14240,15220,980,0.06882022471910113,12,-12,0.0,40.0,0.0,20.0,0.0,-15.0,0.0,0.0,0.0,0.003282601020373565
5,1494,861,17189,0,1,,34.50000000000001,33.8,45.0,133.0,47.0,56.60000000000001,14240,12280,1960,0.13764044943820225,11,-11,0.0,40.0,0.0,20.0,0.0,-15.0,0.0,0.0,0.0,0.003164887668718699
5,1494,1192,18048,0,1,,34.50000000000001,33.8,45.0,133.0,31.0,56.60000000000001,14240,27360,13120,0.9213483146067416,10,10,0.0,40.0,0.0,20.0,0.0,-15.0,0.0,0.0,0.0,0.002983595012435092
5,1494,1242,18064,0,1,,34.50000000000001,33.8,45.0,133.0,32.0,56.60000000000001,14240,1189,13051,0.916502808988764,11,11,0.0,40.0,0.0,20.0,0.0,-15.0,0.0,0.0,0.0,0.0028698132499730767
5,1494,1243,18064,0,1,,34.50000000000001,33.8,45.0,133.0,33.0,56.60000000000001,14240,805,13435,0.9434691011235955,11,11,0.0,40.0,0.0,20.0,0.0,-15.0,0.0,0.0,0.0,0.0028277412942138945
5,1494,1244,18064,0,1,,34.50000000000001,33.8,45.0,133.0,34.0,56.60000000000001,14240,634,13606,0.9554775280898876,11,11,0.0,40.0,0.0,20.0,0.0,-15.0,0.0,0.0,0.0,0.002800232523311231
5,1494,1245,18064,0,1,,34.50000000000001,33.8,45.0,133.0,35.0,56.60000000000001,14240,509,13731,0.9642556179775281,11,11,0.0,40.0,0.0,20.0,0.0,-15.0,0.0,0.0,0.0,0.002775982708421519
5,1494,1246,18064,0,1,,34.50000000000001,33.8,45.0,133.0,36.0,56.60000000000001,14240,379,13861,0.9733848314606741,11,11,0.0,40.0,0.0,20.0,0.0,-15.0,0.0,0.0,0.0,0.002751619742695197
5,1494,914,17239,0,1,,34.50000000000001,33.8,45.0,133.0,41.0,56.60000000000001,14240,1184,13056,0.9168539325842696,10,-10,0.0,40.0,0.0,20.0,0.0,-15.0,0.0,0.0,0.0,0.0026252562228916304
5,1494,915,17239,0,1,,34.50000000000001,33.8,45.0,133.0,40.0,56.60000000000001,14240,271,13969,0.9809691011235955,10,-10,0.0,40.0,0.0,20.0,0.0,-15.0,0.0,0.0,0.0,0.002584516862465514
5,1494,909,17239,0,1,,34.50000000000001,33.8,45.0,133.0,42.0,56.60000000000001,14240,125,14115,0.9912219101123596,10,-10,0.0,40.0,0.0,20.0,0.0,-15.0,0.0,0.0,0.0,0.002546139057768501
5,1494,900,17239,0,1,,34.50000000000001,33.8,45.0,133.0,43.0,56.60000000000001,14240,209,14031,0.9853230337078651,10,-10,0.0,40.0,0.0,20.0,0.0,-15.0,0.0,0.0,0.0,0.002536485065657105
5,1494,882,17281,0,1,,34.50000000000001,33.8,45.0,133.0,44.0,56.60000000000001,14240,427,13813,0.9700140449438203,10,-10,0.0,40.0,0.0,20.0,0.0,-15.0,0.0,0.0,0.0,0.0025348202029062622
5,1494,864,17281,0,1,,34.50000000000001,33.8,45.0,133.0,45.0,56.60000000000001,14240,95,14145,0.9933286516853933,10,-10,0.0,40.0,0.0,20.0,0.0,-15.0,0.0,0.0,0.0,0.002500694568896636
5,1494,863,17281,0,1,,34.50000000000001,33.8,45.0,133.0,46.0,56.60000000000001,14240,333,13907,0.9766151685393258,10,-10,0.0,40.0,0.0,20.0,0.0,-15.0,0.0,0.0,0.0,0.002500225499608422
5,1494,1247,18083,0,1,,34.50000000000001,33.8,45.0,133.0,48.0,56.60000000000001,14240,30160,15920,1.1179775280898876,11,11,0.0,40.0,0.0,20.0,0.0,-15.0,0.0,0.0,0.0,0.002455622304950266
5,1494,860,17188,0,1,,34.50000000000001,33.8,45.0,133.0,39.0,56.60000000000001,14240,56480,42240,2.966292134831461,11,-11,0.0,40.0,0.0,20.0,0.0,-15.0,0.0,0.0,0.0,0.001300968884992252
6,1493,1013,17548,1,1,top_clean_score_margin_weight_date,50.900000000000006,90.4,131.04,145.0,1.0,0.0,20060,20060,0,0.0,0,0,1.0,40.0,0.0,20.0,40.0,0.0,25.0,6.04,0.0,0.9906515822455105
6,1493,1044,17718,0,1,,50.900000000000006,39.5,52.5,133.0,2.0,50.900000000000006,20060,25600,5540,0.2761714855433699,3,3,0.0,40.0,0.0,20.0,0.0,-15.0,7.5,0.0,0.0,0.009574169274273103
6,1493,918,17284,0,1,,50.900000000000006,0.0,-10.93,133.0,8.0,90.4,20060,19820,240,0.011964107676969093,7,-7,0.0,0.0,-40.0,0.0,26.07,0.0,3.0,0.0,0.0,0.004371663281540584
6,1493,940,17371,0,1,,50.900000000000006,36.1,48.0,133.0,3.0,54.300000000000004,20060,46900,26840,1.337986041874377,5,-5,0.0,40.0,0.0,20.0,0.0,-15.0,3.0,0.0,0.0,0.003893209901699086
6,1493,887,17213,0,1,,50.900000000000006,0.0,-17.42,133.0,7.0,90.4,20060,20335,275,0.013708873379860419,10,-10,0.0,0.0,-40.0,0.0,22.58,0.0,0.0,0.0,0.0,0.0026769651064190033
6,1493,891,17223,0,1,,50.900000000000006,33.8,45.0,133.0,5.0,56.60000000000001,20060,44380,24320,1.2123629112662013,10,-10,0.0,40.0,0.0,20.0,0.0,-15.0,0.0,0.0,0.0,0.002580082843240479
6,1493,730,17010,0,1,,50.900000000000006,33.8,45.0,133.0,4.0,56.60000000000001,20060,40340,20280,1.0109670987038883,14,-14,0.0,40.0,0.0,20.0,0.0,-15.0,0.0,0.0,0.0,0.002407170494777104
6,1493,1151,18012,0,1,,50.900000000000006,33.8,45.0,133.0,6.0,56.60000000000001,20060,53840,33780,1.6839481555333997,9,9,0.0,40.0,0.0,20.0,0.0,-15.0,0.0,0.0,0.0,0.0023562611666098003
7,1487,983,17444,1,1,top_clean_score_margin_weight_date,50.4,86.5,115.0,133.0,1.0,0.0,38700,38700,0,0.0,1,-1,0.0,40.0,0.0,20.0,40.0,0.0,15.0,0.0,0.0,0.9382074336965379
7,1487,1075,17773,0,1,,50.4,36.1,48.0,133.0,2.0,50.4,38700,22720,15980,0.4129198966408269,7,7,0.0,40.0,0.0,20.0,0.0,-15.0,3.0,0.0,0.0,0.004715662548133687
8,1492,939,17323,0,0,,0.0,39.5,52.5,133.0,11.0,0.0,47660,28440,19220,0.4032731850608477,3,-3,0.0,40.0,0.0,20.0,0.0,-15.0,7.5,0.0,0.0,0.02474256967021426
8,1492,943,17341,0,0,,0.0,39.5,52.5,133.0,10.0,0.0,47660,17080,30580,0.6416281997482165,2,-2,0.0,40.0,0.0,20.0,0.0,-15.0,7.5,0.0,0.0,0.021940301826385886
8,1492,1014,17549,0,0,,0.0,39.5,52.5,133.0,3.0,0.0,47660,14240,33420,0.7012169534200587,3,3,0.0,40.0,0.0,20.0,0.0,-15.0,7.5,0.0,0.0,0.02152783682328348
8,1492,925,17303,0,0,,0.0,39.5,52.5,133.0,2.0,0.0,47660,15180,32480,0.6814939152328997,3,-3,0.0,40.0,0.0,20.0,0.0,-15.0,7.5,0.0,0.0,0.0215060688276805
8,1492,941,17329,0,0,,0.0,39.5,52.5,133.0,12.0,0.0,47660,8600,39060,0.819555182543013,2,-2,0.0,40.0,0.0,20.0,0.0,-15.0,7.5,0.0,0.0,0.01919222035082669
8,1492,950,17350,0,0,,0.0,39.5,52.5,133.0,1.0,0.0,47660,82,47578,0.9982794796475032,2,-2,0.0,40.0,0.0,20.0,0.0,-15.0,7.5,0.0,0.0,0.018059211885509872
8,1492,1001,17496,0,0,,0.0,39.5,52.5,133.0,4.0,0.0,47660,945,46715,0.9801720520352497,3,3,0.0,40.0,0.0,20.0,0.0,-15.0,7.5,0.0,0.0,0.01766238589584091
8,1492,951,17350,0,0,,0.0,39.5,52.5,133.0,6.0,0.0,47660,75,47585,0.998426353336131,2,-2,0.0,40.0,0.0,20.0,0.0,-15.0,7.5,0.0,0.0,0.01755173653364529
8,1492,949,17350,0,0,,0.0,39.5,52.5,133.0,7.0,0.0,47660,138,47522,0.9971044901384809,2,-2,0.0,40.0,0.0,20.0,0.0,-15.0,7.5,0.0,0.0,0.01746822812304904
8,1492,999,17496,0,0,,0.0,39.5,52.5,133.0,5.0,0.0,47660,191,47469,0.9959924464960135,3,3,0.0,40.0,0.0,20.0,0.0,-15.0,7.5,0.0,0.0,0.01737149089998075
8,1492,948,17350,0,0,,0.0,39.5,52.5,133.0,8.0,0.0,47660,139,47521,0.9970835081829627,2,-2,0.0,40.0,0.0,20.0,0.0,-15.0,7.5,0.0,0.0,0.01736949718117882
8,1492,947,17350,0,0,,0.0,39.5,52.5,133.0,9.0,0.0,47660,204,47456,0.9957196810742761,2,-2,0.0,40.0,0.0,20.0,0.0,-15.0,7.5,0.0,0.0,0.017287341651038287
8,1492,922,17277,0,0,,0.0,36.1,48.0,133.0,13.0,3.3999999999999986,47660,29980,17680,0.37096097356273605,4,-4,0.0,40.0,0.0,20.0,0.0,-15.0,3.0,0.0,0.0,0.016547094634958202
8,1492,918,17284,0,0,,0.0,36.1,48.0,133.0,23.0,3.3999999999999986,47660,19820,27840,0.5841376416281997,4,-4,0.0,40.0,0.0,20.0,0.0,-15.0,3.0,0.0,0.0,0.013485972657861863
8,1492,1043,17717,0,0,,0.0,36.1,48.0,133.0,15.0,3.3999999999999986,47660,11960,35700,0.7490558120016786,6,6,0.0,40.0,0.0,20.0,0.0,-15.0,3.0,0.0,0.0,0.012150297225060561
8,1492,921,17276,0,0,,0.0,36.1,48.0,133.0,18.0,3.3999999999999986,47660,4760,42900,0.9001258917331095,4,-4,0.0,40.0,0.0,20.0,0.0,-15.0,3.0,0.0,0.0,0.011143317299875579
8,1492,860,17188,0,0,,0.0,33.8,45.0,133.0,40.0,5.700000000000003,47660,56480,8820,0.18506084767100295,8,-8,0.0,40.0,0.0,20.0,0.0,-15.0,0.0,0.0,0.0,0.010768520296379851
8,1492,1077,17888,0,0,,0.0,33.8,45.0,133.0,39.0,5.700000000000003,47660,33560,14100,0.29584557280738566,10,10,0.0,40.0,0.0,20.0,0.0,-15.0,0.0,0.0,0.0,0.0099236513977488
8,1492,940,17371,0,0,,0.0,0.0,-14.39,133.0,43.0,39.5,47660,46900,760,0.01594628619387327,2,-2,0.0,0.0,-40.0,0.0,18.11,0.0,7.5,0.0,0.0,0.009832548041074059
8,1492,909,17239,0,0,,0.0,36.1,48.0,133.0,14.0,3.3999999999999986,47660,125,47535,0.9973772555602182,7,-7,0.0,40.0,0.0,20.0,0.0,-15.0,3.0,0.0,0.0,0.009499503200750443
8,1492,863,17281,0,0,,0.0,36.1,48.0,133.0,16.0,3.3999999999999986,47660,333,47327,0.9930130088124213,7,-7,0.0,40.0,0.0,20.0,0.0,-15.0,3.0,0.0,0.0,0.009419865522372414
8,1492,864,17281,0,0,,0.0,36.1,48.0,133.0,17.0,3.3999999999999986,47660,95,47565,0.9980067142257658,7,-7,0.0,40.0,0.0,20.0,0.0,-15.0,3.0,0.0,0.0,0.009333543491654698
8,1492,914,17239,0,0,,0.0,36.1,48.0,133.0,21.0,3.3999999999999986,47660,1184,46476,0.9751573646663869,7,-7,0.0,40.0,0.0,20.0,0.0,-15.0,3.0,0.0,0.0,0.009268369405212114
8,1492,900,17239,0,0,,0.0,36.1,48.0,133.0,19.0,3.3999999999999986,47660,209,47451,0.9956147712966849,7,-7,0.0,40.0,0.0,20.0,0.0,-15.0,3.0,0.0,0.0,0.00924258116494141
8,1492,882,17281,0,0,,0.0,36.1,48.0,133.0,20.0,3.3999999999999986,47660,427,47233,0.9910407049937054,7,-7,0.0,40.0,0.0,20.0,0.0,-15.0,3.0,0.0,0.0,0.009219092269553626
8,1492,915,17239,0,0,,0.0,36.1,48.0,133.0,22.0,3.3999999999999986,47660,271,47389,0.9943138900545531,7,-7,0.0,40.0,0.0,20.0,0.0,-15.0,3.0,0.0,0.0,0.009093286053720787
8,1492,1119,18057,0,0,,0.0,33.8,45.0,133.0,27.0,5.700000000000003,47660,23660,24000,0.5035669324381032,11,11,0.0,40.0,0.0,20.0,0.0,-15.0,0.0,0.0,0.0,0.008913373591725213
8,1492,1103,17884,0,0,,0.0,33.8,45.0,133.0,24.0,5.700000000000003,47660,19260,28400,0.5958875367184222,11,11,0.0,40.0,0.0,20.0,0.0,-15.0,0.0,0.0,0.0,0.00850306992509135
8,1492,1113,17908,0,0,,0.0,33.8,45.0,133.0,26.0,5.700000000000003,47660,19120,28540,0.5988250104909778,11,11,0.0,40.0,0.0,20.0,0.0,-15.0,0.0,0.0,0.0,0.008388914656050918
8,1492,1192,18048,0,0,,0.0,33.8,45.0,133.0,42.0,5.700000000000003,47660,27360,20300,0.42593369702056233,13,13,0.0,40.0,0.0,20.0,0.0,-15.0,0.0,0.0,0.0,0.008106049052493654
8,1492,792,17167,0,0,,0.0,33.8,45.0,133.0,33.0,5.700000000000003,47660,15220,32440,0.6806546370121695,9,-9,0.0,40.0,0.0,20.0,0.0,-15.0,0.0,0.0,0.0,0.007623363353686433
8,1492,861,17189,0,0,,0.0,33.8,45.0,133.0,41.0,5.700000000000003,47660,12280,35380,0.7423415862358371,8,-8,0.0,40.0,0.0,20.0,0.0,-15.0,0.0,0.0,0.0,0.007247467099267481
8,1492,1097,17869,0,0,,0.0,33.8,45.0,133.0,25.0,5.700000000000003,47660,808,46852,0.9830465799412506,10,10,0.0,40.0,0.0,20.0,0.0,-15.0,0.0,0.0,0.0,0.006660304342588273
8,1492,1102,17869,0,0,,0.0,33.8,45.0,133.0,28.0,5.700000000000003,47660,500,47160,0.9895090222408729,10,10,0.0,40.0,0.0,20.0,0.0,-15.0,0.0,0.0,0.0,0.006517020468299996
8,1492,1101,17869,0,0,,0.0,33.8,45.0,133.0,29.0,5.700000000000003,47660,519,47141,0.989110365086026,10,10,0.0,40.0,0.0,20.0,0.0,-15.0,0.0,0.0,0.0,0.006481487045247735
8,1492,1100,17869,0,0,,0.0,33.8,45.0,133.0,30.0,5.700000000000003,47660,715,46945,0.9849979018044481,10,10,0.0,40.0,0.0,20.0,0.0,-15.0,0.0,0.0,0.0,0.006462885703777573
8,1492,1099,17869,0,0,,0.0,33.8,45.0,133.0,31.0,5.700000000000003,47660,798,46862,0.9832563994964331,10,10,0.0,40.0,0.0,20.0,0.0,-15.0,0.0,0.0,0.0,0.006433676048476123
8,1492,1098,17869,0,0,,0.0,33.8,45.0,133.0,32.0,5.700000000000003,47660,805,46855,0.9831095258078053,10,10,0.0,40.0,0.0,20.0,0.0,-15.0,0.0,0.0,0.0,0.006397469105129379
8,1492,1096,17869,0,0,,0.0,33.8,45.0,133.0,34.0,5.700000000000003,47660,817,46843,0.9828577423415862,10,10,0.0,40.0,0.0,20.0,0.0,-15.0,0.0,0.0,0.0,0.006325476081641413
8,1492,1095,17869,0,0,,0.0,33.8,45.0,133.0,35.0,5.700000000000003,47660,830,46830,0.9825849769198489,10,10,0.0,40.0,0.0,20.0,0.0,-15.0,0.0,0.0,0.0,0.006290427288540884
8,1492,1094,17869,0,0,,0.0,33.8,45.0,133.0,36.0,5.700000000000003,47660,849,46811,0.9821863197650021,10,10,0.0,40.0,0.0,20.0,0.0,-15.0,0.0,0.0,0.0,0.006256121562860926
8,1492,1093,17869,0,0,,0.0,33.8,45.0,133.0,37.0,5.700000000000003,47660,934,46726,0.9804028535459505,10,10,0.0,40.0,0.0,20.0,0.0,-15.0,0.0,0.0,0.0,0.006228023090669941
8,1492,1092,17869,0,0,,0.0,33.8,45.0,133.0,38.0,5.700000000000003,47660,940,46720,0.980276961812841,10,10,0.0,40.0,0.0,20.0,0.0,-15.0,0.0,0.0,0.0,0.006192875526264592
9,1485,1105,17964,0,0,,0.0,4.3,5.71,133.0,43.0,35.2,44420,44640,220,0.00495272399819901,11,11,0.0,0.0,-40.0,0.0,40.0,0.0,0.0,0.0,5.71,0.03829055576523799
9,1485,891,17223,0,0,,0.0,2.3,3.0,133.0,44.0,37.2,44420,44380,40,0.0009004952723998199,7,-7,0.0,0.0,-40.0,0.0,40.0,0.0,3.0,0.0,0.0,0.03711086088212929
9,1485,939,17323,0,0,,0.0,39.5,52.5,133.0,11.0,0.0,44420,28440,15980,0.35974786132372805,3,-3,0.0,40.0,0.0,20.0,0.0,-15.0,7.5,0.0,0.0,0.026588041424706495
9,1485,943,17341,0,0,,0.0,39.5,52.5,133.0,10.0,0.0,44420,17080,27340,0.6154885186852769,2,-2,0.0,40.0,0.0,20.0,0.0,-15.0,7.5,0.0,0.0,0.023510691333106282
9,1485,1014,17549,0,0,,0.0,39.5,52.5,133.0,3.0,0.0,44420,14240,30180,0.6794236830256641,3,3,0.0,40.0,0.0,20.0,0.0,-15.0,7.5,0.0,0.0,0.02305197733398972
9,1485,925,17303,0,0,,0.0,39.5,52.5,133.0,2.0,0.0,44420,15180,29240,0.6582620441242684,3,-3,0.0,40.0,0.0,20.0,0.0,-15.0,7.5,0.0,0.0,0.02303446410206218
9,1485,941,17329,0,0,,0.0,39.5,52.5,133.0,12.0,0.0,44420,8600,35820,0.8063935164340387,2,-2,0.0,40.0,0.0,20.0,0.0,-15.0,7.5,0.0,0.0,0.02052357967012503
9,1485,951,17350,0,0,,0.0,39.5,52.5,133.0,1.0,0.0,44420,75,44345,0.9983115713642503,2,-2,0.0,40.0,0.0,20.0,0.0,-15.0,7.5,0.0,0.0,0.019267651348579905
9,1485,1001,17496,0,0,,0.0,39.5,52.5,133.0,4.0,0.0,44420,945,43475,0.9787257991895543,3,3,0.0,40.0,0.0,20.0,0.0,-15.0,7.5,0.0,0.0,0.018851071333526547
9,1485,950,17350,0,0,,0.0,39.5,52.5,133.0,6.0,0.0,44420,82,44338,0.9981539846915803,2,-2,0.0,40.0,0.0,20.0,0.0,-15.0,7.5,0.0,0.0,0.018730695165853798
9,1485,949,17350,0,0,,0.0,39.5,52.5,133.0,7.0,0.0,44420,138,44282,0.9968932913102206,2,-2,0.0,40.0,0.0,20.0,0.0,-15.0,7.5,0.0,0.0,0.018640074369666398
9,1485,999,17496,0,0,,0.0,39.5,52.5,133.0,5.0,0.0,44420,191,44229,0.9957001350742909,3,3,0.0,40.0,0.0,20.0,0.0,-15.0,7.5,0.0,0.0,0.01853723259564057
9,1485,948,17350,0,0,,0.0,39.5,52.5,133.0,8.0,0.0,44420,139,44281,0.9968707789284106,2,-2,0.0,40.0,0.0,20.0,0.0,-15.0,7.5,0.0,0.0,0.01853485001640434
9,1485,947,17350,0,0,,0.0,39.5,52.5,133.0,9.0,0.0,44420,204,44216,0.9954074741107609,2,-2,0.0,40.0,0.0,20.0,0.0,-15.0,7.5,0.0,0.0,0.018447606491169603
9,1485,922,17277,0,0,,0.0,36.1,48.0,133.0,20.0,3.3999999999999986,44420,29980,14440,0.325078793336335,4,-4,0.0,40.0,0.0,20.0,0.0,-15.0,3.0,0.0,0.0,0.017105655362032433
9,1485,918,17284,0,0,,0.0,36.1,48.0,133.0,14.0,3.3999999999999986,44420,19820,24600,0.5538045925258892,4,-4,0.0,40.0,0.0,20.0,0.0,-15.0,3.0,0.0,0.0,0.015232192845341165
9,1485,1043,17717,0,0,,0.0,36.1,48.0,133.0,23.0,3.3999999999999986,44420,11960,32460,0.7307519135524538,6,6,0.0,40.0,0.0,20.0,0.0,-15.0,3.0,0.0,0.0,0.0124304167715696
9,1485,921,17276,0,0,,0.0,36.1,48.0,133.0,13.0,3.3999999999999986,44420,4760,39660,0.8928410625844214,4,-4,0.0,40.0,0.0,20.0,0.0,-15.0,3.0,0.0,0.0,0.012255964569365077
9,1485,1077,17888,0,0,,0.0,33.8,45.0,133.0,39.0,5.700000000000003,44420,33560,10860,0.2444844664565511,10,10,0.0,40.0,0.0,20.0,0.0,-15.0,0.0,0.0,0.0,0.010690661091645912
9,1485,860,17188,0,0,,0.0,33.8,45.0,133.0,40.0,5.700000000000003,44420,56480,12060,0.2714993246285457,8,-8,0.0,40.0,0.0,20.0,0.0,-15.0,0.0,0.0,0.0,0.01055844303541108
9,1485,914,17239,0,0,,0.0,36.1,48.0,133.0,16.0,3.3999999999999986,44420,1184,43236,0.9733453399369654,7,-7,0.0,40.0,0.0,20.0,0.0,-15.0,3.0,0.0,0.0,0.010185913097000818
9,1485,915,17239,0,0,,0.0,36.1,48.0,133.0,15.0,3.3999999999999986,44420,271,44149,0.9938991445294912,7,-7,0.0,40.0,0.0,20.0,0.0,-15.0,3.0,0.0,0.0,0.010106272728430715
9,1485,909,17239,0,0,,0.0,36.1,48.0,133.0,17.0,3.3999999999999986,44420,125,44295,0.9971859522737505,7,-7,0.0,40.0,0.0,20.0,0.0,-15.0,3.0,0.0,0.0,0.009969544759783275
9,1485,900,17239,0,0,,0.0,36.1,48.0,133.0,18.0,3.3999999999999986,44420,209,44211,0.995294912201711,7,-7,0.0,40.0,0.0,20.0,0.0,-15.0,3.0,0.0,0.0,0.009925014407518955
9,1485,882,17281,0,0,,0.0,36.1,48.0,133.0,19.0,3.3999999999999986,44420,427,43993,0.990387212967132,7,-7,0.0,40.0,0.0,20.0,0.0,-15.0,3.0,0.0,0.0,0.009900390406683838
9,1485,864,17281,0,0,,0.0,36.1,48.0,133.0,21.0,3.3999999999999986,44420,95,44325,0.9978613237280505,7,-7,0.0,40.0,0.0,20.0,0.0,-15.0,3.0,0.0,0.0,0.00973943935569287
9,1485,863,17281,0,0,,0.0,36.1,48.0,133.0,22.0,3.3999999999999986,44420,333,44087,0.9925033768572715,7,-7,0.0,40.0,0.0,20.0,0.0,-15.0,3.0,0.0,0.0,0.009718161766094994
9,1485,1119,18057,0,0,,0.0,33.8,45.0,133.0,29.0,5.700000000000003,44420,23660,20760,0.4673570463755065,11,11,0.0,40.0,0.0,20.0,0.0,-15.0,0.0,0.0,0.0,0.009468351831031957
9,1485,1103,17884,0,0,,0.0,33.8,45.0,133.0,28.0,5.700000000000003,44420,19260,25160,0.5664115263394868,11,11,0.0,40.0,0.0,20.0,0.0,-15.0,0.0,0.0,0.0,0.008919188113219258
9,1485,1113,17908,0,0,,0.0,33.8,45.0,133.0,30.0,5.700000000000003,44420,19120,25300,0.5695632597928861,11,11,0.0,40.0,0.0,20.0,0.0,-15.0,0.0,0.0,0.0,0.008799163453071072
9,1485,1192,18048,0,0,,0.0,33.8,45.0,133.0,42.0,5.700000000000003,44420,27360,17060,0.3840612336785232,13,13,0.0,40.0,0.0,20.0,0.0,-15.0,0.0,0.0,0.0,0.008719209005536683
9,1485,792,17167,0,0,,0.0,33.8,45.0,133.0,33.0,5.700000000000003,44420,15220,29200,0.6573615488518685,9,-9,0.0,40.0,0.0,20.0,0.0,-15.0,0.0,0.0,0.0,0.008173470778880431
9,1485,861,17189,0,0,,0.0,33.8,45.0,133.0,41.0,5.700000000000003,44420,12280,32140,0.7235479513732553,8,-8,0.0,40.0,0.0,20.0,0.0,-15.0,0.0,0.0,0.0,0.007764491636108621
9,1485,1102,17869,0,0,,0.0,33.8,45.0,133.0,24.0,5.700000000000003,44420,500,43920,0.9887438090950023,10,10,0.0,40.0,0.0,20.0,0.0,-15.0,0.0,0.0,0.0,0.007121821861761323
9,1485,1099,17869,0,0,,0.0,33.8,45.0,133.0,25.0,5.700000000000003,44420,798,43622,0.9820351193156236,10,10,0.0,40.0,0.0,20.0,0.0,-15.0,0.0,0.0,0.0,0.007112583292429535
9,1485,1100,17869,0,0,,0.0,33.8,45.0,133.0,26.0,5.700000000000003,44420,715,43705,0.9839036470058532,10,10,0.0,40.0,0.0,20.0,0.0,-15.0,0.0,0.0,0.0,0.007063109512271447
9,1485,1101,17869,0,0,,0.0,33.8,45.0,133.0,27.0,5.700000000000003,44420,519,43901,0.9883160738406124,10,10,0.0,40.0,0.0,20.0,0.0,-15.0,0.0,0.0,0.0,0.007002166364903978
9,1485,1097,17869,0,0,,0.0,33.8,45.0,133.0,31.0,5.700000000000003,44420,808,43612,0.9818099954975237,10,10,0.0,40.0,0.0,20.0,0.0,-15.0,0.0,0.0,0.0,0.0068727033460745926
9,1485,1098,17869,0,0,,0.0,33.8,45.0,133.0,32.0,5.700000000000003,44420,805,43615,0.9818775326429536,10,10,0.0,40.0,0.0,20.0,0.0,-15.0,0.0,0.0,0.0,0.0068330362345078634
9,1485,1096,17869,0,0,,0.0,33.8,45.0,133.0,34.0,5.700000000000003,44420,817,43603,0.9816073840612337,10,10,0.0,40.0,0.0,20.0,0.0,-15.0,0.0,0.0,0.0,0.006756196874645304
9,1485,1095,17869,0,0,,0.0,33.8,45.0,133.0,35.0,5.700000000000003,44420,830,43590,0.9813147230977037,10,10,0.0,40.0,0.0,20.0,0.0,-15.0,0.0,0.0,0.0,0.006718801265077202
9,1485,1094,17869,0,0,,0.0,33.8,45.0,133.0,36.0,5.700000000000003,44420,849,43571,0.9808869878433139,10,10,0.0,40.0,0.0,20.0,0.0,-15.0,0.0,0.0,0.0,0.006682209393502566
9,1485,1093,17869,0,0,,0.0,33.8,45.0,133.0,37.0,5.700000000000003,44420,934,43486,0.9789734353894642,10,10,0.0,40.0,0.0,20.0,0.0,-15.0,0.0,0.0,0.0,0.006652362971117914
9,1485,1092,17869,0,0,,0.0,33.8,45.0,133.0,38.0,5.700000000000003,44420,940,43480,0.9788383610986042,10,10,0.0,40.0,0.0,20.0,0.0,-15.0,0.0,0.0,0.0,0.006614847340263912
10,1498,986,17420,0,0,,11.899999999999999,51.4,74.52,145.0,1.0,0.0,18080,1500,16580,0.9170353982300885,0,0,1.0,40.0,0.0,20.0,0.0,-15.0,25.0,4.52,0.0,0.24952060879243484
10,1498,954,17356,0,0,,11.899999999999999,39.5,52.5,133.0,2.0,11.899999999999999,18080,4220,13860,0.7665929203539823,2,-2,0.0,40.0,0.0,20.0,0.0,-15.0,7.5,0.0,0.0,0.025198190981745368
10,1498,1022,17606,0,0,,11.899999999999999,36.1,48.0,133.0,3.0,15.299999999999997,18080,1660,16420,0.9081858407079646,4,4,0.0,40.0,0.0,20.0,0.0,-15.0,3.0,0.0,0.0,0.015556932421732466
10,1498,1158,17982,0,0,,11.899999999999999,33.8,45.0,133.0,4.0,17.6,18080,3340,14740,0.8152654867256637,12,12,0.0,40.0,0.0,20.0,0.0,-15.0,0.0,0.0,0.0,0.009661530558079353
11,1484,984,17409,1,1,top_clean_score_margin_weight_date,36.9,92.3,133.84,145.0,1.0,0.0,29080,29080,0,0.0,0,0,1.0,40.0,0.0,20.0,40.0,0.0,25.0,6.02,2.82,0.9909025433244588
11,1484,968,17385,0,1,,36.9,54.7,79.27,145.0,3.0,37.599999999999994,29080,27020,2060,0.07083906464924347,0,0,1.0,40.0,0.0,20.0,0.0,-15.0,25.0,9.27,0.0,0.16169066392400017
11,1484,982,17401,0,1,,36.9,55.4,80.31,145.0,2.0,36.9,29080,1000,28080,0.9656121045392022,0,0,1.0,40.0,0.0,20.0,0.0,-15.0,25.0,7.49,2.82,0.11094068932571323
11,1484,924,17293,0,1,,36.9,39.5,52.5,133.0,8.0,52.8,29080,33960,4880,0.16781292984869325,2,-2,0.0,40.0,0.0,20.0,0.0,-15.0,7.5,0.0,0.0,0.00841810613524297
11,1484,665,16846,0,1,,36.9,0.0,0.0,133.0,28.0,92.3,29080,29040,40,0.001375515818431912,14,-14,0.0,0.0,-40.0,0.0,40.0,0.0,0.0,0.0,0.0,0.006219853593179287
11,1484,892,17225,0,1,,36.9,38.2,50.82,133.0,10.0,54.099999999999994,29080,27180,1900,0.06533700137551582,6,-6,0.0,40.0,0.0,20.0,0.0,-15.0,3.0,0.0,2.82,0.006125196311156524
11,1484,1036,17679,0,1,,36.9,38.2,50.82,133.0,9.0,54.099999999999994,29080,34120,5040,0.1733149931224209,6,6,0.0,40.0,0.0,20.0,0.0,-15.0,3.0,0.0,2.82,0.00609190703291945
11,1484,1031,17682,0,1,,36.9,37.5,49.92,133.0,11.0,54.8,29080,24820,4260,0.14649243466299863,6,6,0.0,40.0,0.0,20.0,0.0,-15.0,3.0,0.0,1.92,0.005749277236438213
11,1484,1021,17564,0,1,,36.9,36.1,48.0,133.0,14.0,56.199999999999996,29080,33680,4600,0.15818431911966988,5,5,0.0,40.0,0.0,20.0,0.0,-15.0,3.0,0.0,0.0,0.005149949537848215
11,1484,1008,17498,0,1,,36.9,39.9,53.05,133.0,7.0,52.4,29080,760,28320,0.9738651994497937,4,4,0.0,40.0,0.0,20.0,0.0,-15.0,3.0,0.0,5.05,0.005088610681825512
11,1484,799,17145,0,1,,36.9,39.9,53.05,133.0,4.0,52.4,29080,1180,27900,0.9594222833562586,7,-7,0.0,40.0,0.0,20.0,0.0,-15.0,3.0,0.0,5.05,0.004519986801718432
11,1484,798,17145,0,1,,36.9,39.9,53.05,133.0,5.0,52.4,29080,1100,27980,0.9621733149931224,7,-7,0.0,40.0,0.0,20.0,0.0,-15.0,3.0,0.0,5.05,0.004487911152392913
11,1484,801,17145,0,1,,36.9,39.9,53.05,133.0,6.0,52.4,29080,576,28504,0.9801925722145804,7,-7,0.0,40.0,0.0,20.0,0.0,-15.0,3.0,0.0,5.05,0.004422442754737993
11,1484,1037,17687,0,1,,36.9,36.1,48.0,133.0,13.0,56.199999999999996,29080,15760,13320,0.4580467675378267,7,7,0.0,40.0,0.0,20.0,0.0,-15.0,3.0,0.0,0.0,0.004185801039820617
11,1484,795,17142,0,1,,36.9,36.1,48.0,133.0,12.0,56.199999999999996,29080,16580,12500,0.4298486932599725,7,-7,0.0,40.0,0.0,20.0,0.0,-15.0,3.0,0.0,0.0,0.0040689887455180535
11,1484,731,17011,0,1,,36.9,36.0,47.82,133.0,16.0,56.3,29080,27840,1240,0.04264099037138927,10,-10,0.0,40.0,0.0,20.0,0.0,-15.0,0.0,0.0,2.82,0.003993703859808548
11,1484,888,17213,0,1,,36.9,0.0,-10.38,133.0,29.0,92.3,29080,29420,340,0.011691884456671253,6,-6,0.0,0.0,-40.0,0.0,26.62,0.0,3.0,0.0,0.0,0.0036411277169556737
11,1484,859,17182,0,1,,36.9,36.1,48.0,133.0,15.0,56.199999999999996,29080,10120,18960,0.6519944979367263,7,-7,0.0,40.0,0.0,20.0,0.0,-15.0,3.0,0.0,0.0,0.0035817632494267743
11,1484,775,17016,0,1,,36.9,33.8,45.0,133.0,24.0,58.5,29080,31860,2780,0.09559834938101788,9,-9,0.0,40.0,0.0,20.0,0.0,-15.0,0.0,0.0,0.0,0.003213578095763341
11,1484,1105,17964,0,1,,36.9,36.0,47.82,133.0,17.0,56.3,29080,44640,15560,0.5350756533700137,12,12,0.0,40.0,0.0,20.0,0.0,-15.0,0.0,0.0,2.82,0.003137503006598022
11,1484,1117,17919,0,1,,36.9,33.8,45.0,133.0,22.0,58.5,29080,22440,6640,0.22833562585969738,12,12,0.0,40.0,0.0,20.0,0.0,-15.0,0.0,0.0,0.0,0.0029421042725862484
11,1484,660,16821,0,1,,36.9,33.8,45.0,133.0,26.0,58.5,29080,19060,10020,0.34456671251719395,14,-14,0.0,40.0,0.0,20.0,0.0,-15.0,0.0,0.0,0.0,0.0023132046014472003
11,1484,1120,17949,0,1,,36.9,33.8,45.0,133.0,23.0,58.5,29080,4444,24636,0.8471801925722146,12,12,0.0,40.0,0.0,20.0,0.0,-15.0,0.0,0.0,0.0,0.0021507390648705027
11,1484,657,16817,0,1,,36.9,35.3,46.92,133.0,18.0,57.0,29080,940,28140,0.96767537826685,14,-14,0.0,40.0,0.0,20.0,0.0,-15.0,0.0,0.0,1.92,0.0020151323794257436
11,1484,656,16817,0,1,,36.9,35.3,46.92,133.0,21.0,57.0,29080,1240,27840,0.9573590096286108,14,-14,0.0,40.0,0.0,20.0,0.0,-15.0,0.0,0.0,1.92,0.0019907258887194644
11,1484,658,16817,0,1,,36.9,35.3,46.92,133.0,20.0,57.0,29080,880,28200,0.9697386519944979,14,-14,0.0,40.0,0.0,20.0,0.0,-15.0,0.0,0.0,1.92,0.0019899620221597606
11,1484,659,16817,0,1,,36.9,35.3,46.92,133.0,19.0,57.0,29080,-810,29890,1.0278541953232463,14,-14,0.0,40.0,0.0,20.0,0.0,-15.0,0.0,0.0,1.92,0.0019444707456245304
11,1484,677,16854,0,1,,36.9,33.8,45.0,133.0,25.0,58.5,29080,1442,27638,0.9504126547455296,13,-13,0.0,40.0,0.0,20.0,0.0,-15.0,0.0,0.0,0.0,0.0017892108846519078
11,1484,939,17323,0,1,,36.9,0.0,-26.52,133.0,27.0,92.3,29080,28440,640,0.02200825309491059,2,-2,0.0,0.0,-40.0,0.0,5.98,0.0,7.5,0.0,0.0,0.0011731884330245528
12,1483,923,17285,0,0,,69.5,80.8,107.5,133.0,1.0,0.0,8620,8620,0,0.0,2,-2,0.0,40.0,0.0,20.0,40.0,0.0,7.5,0.0,0.0,0.9232998500374867
12,1483,941,17329,0,0,,69.5,11.3,15.0,133.0,2.0,69.5,8620,8600,20,0.002320185614849188,1,-1,0.0,0.0,-40.0,0.0,40.0,0.0,15.0,0.0,0.0,0.06780812737791911
12,1483,958,17357,0,0,,69.5,0.0,-21.75,133.0,5.0,80.8,8620,2504,6116,0.7095127610208817,1,-1,0.0,0.0,-40.0,18.25,0.0,-15.0,15.0,0.0,0.0,0.0005834101585639629
12,1483,961,17357,0,0,,69.5,0.0,-21.75,133.0,6.0,80.8,8620,206,8414,0.9761020881670533,1,-1,0.0,0.0,-40.0,18.25,0.0,-15.0,15.0,0.0,0.0,0.0005393723450611505
12,1483,962,17357,0,0,,69.5,0.0,-21.75,133.0,7.0,80.8,8620,27,8593,0.9968677494199536,1,-1,0.0,0.0,-40.0,18.25,0.0,-15.0,15.0,0.0,0.0,0.0005332351957270038
12,1483,963,17357,0,0,,69.5,0.0,-21.75,133.0,8.0,80.8,8620,72,8548,0.991647331786543,1,-1,0.0,0.0,-40.0,18.25,0.0,-15.0,15.0,0.0,0.0,0.0005309172307154044
12,1483,913,17239,0,0,,69.5,0.0,-33.75,133.0,4.0,80.8,8620,363,8257,0.9578886310904873,6,-6,0.0,0.0,-40.0,18.25,0.0,-15.0,3.0,0.0,0.0,0.00026949552254644206
12,1483,865,17281,0,0,,69.5,0.0,-33.75,133.0,3.0,80.8,8620,68,8552,0.9921113689095128,6,-6,0.0,0.0,-40.0,18.25,0.0,-15.0,3.0,0.0,0.0,0.00026853937569335185
13,1479,940,17371,1,1,top_clean_score_margin_weight_date,55.9,92.0,133.38,145.0,1.0,0.0,46900,46900,0,0.0,0,0,1.0,40.0,0.0,20.0,40.0,0.0,25.0,8.38,0.0,0.9898626235327114
13,1479,891,17223,0,1,,55.9,36.1,48.0,133.0,2.0,55.9,46900,44380,2520,0.05373134328358209,5,-5,0.0,40.0,0.0,20.0,0.0,-15.0,3.0,0.0,0.0,0.004740910746959264
13,1479,1013,17548,0,1,,55.9,36.1,48.0,133.0,3.0,55.9,46900,20060,26840,0.5722814498933901,5,5,0.0,40.0,0.0,20.0,0.0,-15.0,3.0,0.0,0.0,0.003407976271178106
13,1479,730,17010,0,1,,55.9,33.8,45.0,133.0,4.0,58.2,46900,40340,6560,0.13987206823027717,9,-9,0.0,40.0,0.0,20.0,0.0,-15.0,0.0,0.0,0.0,0.0029289705488263792
13,1479,1044,17718,0,1,,55.9,33.8,45.0,133.0,5.0,58.2,46900,25600,21300,0.4541577825159915,8,8,0.0,40.0,0.0,20.0,0.0,-15.0,0.0,0.0,0.0,0.0025722495099076313
14,1477,940,17371,0,0,,1.5,21.4,31.03,145.0,42.0,29.6,46900,46900,0,0.0,0,0,1.0,0.0,-40.0,0.0,40.0,0.0,25.0,6.03,0.0,0.4689904053267811
14,1477,941,17329,0,0,,1.5,51.0,73.96,145.0,1.0,0.0,46900,8600,38300,0.8166311300639659,0,0,1.0,40.0,0.0,20.0,0.0,-15.0,25.0,3.96,0.0,0.16327133236903005
14,1477,943,17341,0,0,,1.5,49.5,71.83,145.0,2.0,1.5,46900,17080,29820,0.6358208955223881,0,0,1.0,40.0,0.0,20.0,0.0,-15.0,25.0,1.83,0.0,0.15270111138246614
14,1477,950,17350,0,0,,1.5,48.7,70.56,145.0,3.0,2.299999999999997,46900,82,46818,0.9982515991471216,0,0,1.0,40.0,0.0,20.0,0.0,-15.0,25.0,0.56,0.0,0.11059998149541647
14,1477,951,17350,0,0,,1.5,48.7,70.56,145.0,4.0,2.299999999999997,46900,75,46825,0.9984008528784648,0,0,1.0,40.0,0.0,20.0,0.0,-15.0,25.0,0.56,0.0,0.11002222250929229
14,1477,949,17350,0,0,,1.5,48.7,70.56,145.0,5.0,2.299999999999997,46900,138,46762,0.9970575692963752,0,0,1.0,40.0,0.0,20.0,0.0,-15.0,25.0,0.56,0.0,0.109548183521394
14,1477,948,17350,0,0,,1.5,48.7,70.56,145.0,6.0,2.299999999999997,46900,139,46761,0.9970362473347548,0,0,1.0,40.0,0.0,20.0,0.0,-15.0,25.0,0.56,0.0,0.10898674916444936
14,1477,947,17350,0,0,,1.5,48.7,70.56,145.0,7.0,2.299999999999997,46900,204,46696,0.9956503198294243,0,0,1.0,40.0,0.0,20.0,0.0,-15.0,25.0,0.56,0.0,0.108519492723809
14,1477,939,17323,0,0,,1.5,45.1,60.0,133.0,9.0,5.899999999999999,46900,28440,18460,0.3936034115138593,1,-1,0.0,40.0,0.0,20.0,0.0,-15.0,15.0,0.0,0.0,0.03677244811451306
14,1477,925,17303,0,0,,1.5,45.1,60.0,133.0,8.0,5.899999999999999,46900,15180,31720,0.6763326226012794,1,-1,0.0,40.0,0.0,20.0,0.0,-15.0,15.0,0.0,0.0,0.030587093020549898
14,1477,922,17277,0,0,,1.5,39.5,52.5,133.0,12.0,11.5,46900,29980,16920,0.3607675906183369,2,-2,0.0,40.0,0.0,20.0,0.0,-15.0,7.5,0.0,0.0,0.019196645011541284
14,1477,918,17284,0,0,,1.5,39.5,52.5,133.0,10.0,11.5,46900,19820,27080,0.5773987206823028,2,-2,0.0,40.0,0.0,20.0,0.0,-15.0,7.5,0.0,0.0,0.016749098988451304
14,1477,921,17276,0,0,,1.5,39.5,52.5,133.0,11.0,11.5,46900,4760,42140,0.8985074626865671,2,-2,0.0,40.0,0.0,20.0,0.0,-15.0,7.5,0.0,0.0,0.013369591423881775
14,1477,860,17188,0,0,,1.5,36.1,48.0,133.0,16.0,14.899999999999999,46900,56480,9580,0.20426439232409382,6,-6,0.0,40.0,0.0,20.0,0.0,-15.0,3.0,0.0,0.0,0.012325051360398473
14,1477,1014,17549,0,0,,1.5,36.1,48.0,133.0,13.0,14.899999999999999,46900,14240,32660,0.6963752665245203,5,5,0.0,40.0,0.0,20.0,0.0,-15.0,3.0,0.0,0.0,0.009591695514464883
14,1477,792,17167,0,0,,1.5,36.1,48.0,133.0,17.0,14.899999999999999,46900,15220,31680,0.6754797441364605,7,-7,0.0,40.0,0.0,20.0,0.0,-15.0,3.0,0.0,0.0,0.00851252976784767
14,1477,861,17189,0,0,,1.5,36.1,48.0,133.0,24.0,14.899999999999999,46900,12280,34620,0.7381663113006397,6,-6,0.0,40.0,0.0,20.0,0.0,-15.0,3.0,0.0,0.0,0.008138270365208531
14,1477,1001,17496,0,0,,1.5,36.1,48.0,133.0,14.0,14.899999999999999,46900,945,45955,0.9798507462686568,5,5,0.0,40.0,0.0,20.0,0.0,-15.0,3.0,0.0,0.0,0.007845986786507357
14,1477,999,17496,0,0,,1.5,36.1,48.0,133.0,15.0,14.899999999999999,46900,191,46709,0.9959275053304905,5,5,0.0,40.0,0.0,20.0,0.0,-15.0,3.0,0.0,0.0,0.007715146343408195
14,1477,914,17239,0,0,,1.5,36.1,48.0,133.0,18.0,14.899999999999999,46900,1184,45716,0.9747547974413646,5,-5,0.0,40.0,0.0,20.0,0.0,-15.0,3.0,0.0,0.0,0.007436159879128642
14,1477,909,17239,0,0,,1.5,36.1,48.0,133.0,19.0,14.899999999999999,46900,125,46775,0.9973347547974414,5,-5,0.0,40.0,0.0,20.0,0.0,-15.0,3.0,0.0,0.0,0.007279392874566224
14,1477,900,17239,0,0,,1.5,36.1,48.0,133.0,20.0,14.899999999999999,46900,209,46691,0.9955437100213219,5,-5,0.0,40.0,0.0,20.0,0.0,-15.0,3.0,0.0,0.0,0.007246662503456999
14,1477,882,17281,0,0,,1.5,36.1,48.0,133.0,21.0,14.899999999999999,46900,427,46473,0.9908955223880597,5,-5,0.0,40.0,0.0,20.0,0.0,-15.0,3.0,0.0,0.0,0.007228303626594341
14,1477,864,17281,0,0,,1.5,36.1,48.0,133.0,22.0,14.899999999999999,46900,95,46805,0.9979744136460554,5,-5,0.0,40.0,0.0,20.0,0.0,-15.0,3.0,0.0,0.0,0.0071519263409706435
14,1477,863,17281,0,0,,1.5,36.1,48.0,133.0,23.0,14.899999999999999,46900,333,46567,0.9928997867803838,5,-5,0.0,40.0,0.0,20.0,0.0,-15.0,3.0,0.0,0.0,0.0071359037384454045
14,1477,915,17239,0,0,,1.5,36.1,48.0,133.0,25.0,14.899999999999999,46900,271,46629,0.9942217484008529,5,-5,0.0,40.0,0.0,20.0,0.0,-15.0,3.0,0.0,0.0,0.007047992058736442
14,1477,1077,17888,0,0,,1.5,33.8,45.0,133.0,40.0,17.200000000000003,46900,33560,13340,0.2844349680170576,12,12,0.0,40.0,0.0,20.0,0.0,-15.0,0.0,0.0,0.0,0.006779367576063842
14,1477,1119,18057,0,0,,1.5,33.8,45.0,133.0,34.0,17.200000000000003,46900,23660,23240,0.4955223880597015,13,13,0.0,40.0,0.0,20.0,0.0,-15.0,0.0,0.0,0.0,0.005877343608027417
14,1477,1113,17908,0,0,,1.5,33.8,45.0,133.0,28.0,17.200000000000003,46900,19120,27780,0.5923240938166311,13,13,0.0,40.0,0.0,20.0,0.0,-15.0,0.0,0.0,0.0,0.005690306606416021
14,1477,1103,17884,0,0,,1.5,33.8,45.0,133.0,29.0,17.200000000000003,46900,19260,27640,0.5893390191897655,13,13,0.0,40.0,0.0,20.0,0.0,-15.0,0.0,0.0,0.0,0.00566935323357874
14,1477,1043,17717,0,0,,1.5,33.8,45.0,133.0,41.0,17.200000000000003,46900,11960,34940,0.7449893390191897,8,8,0.0,40.0,0.0,20.0,0.0,-15.0,0.0,0.0,0.0,0.005565649673511244
14,1477,1093,17869,0,0,,1.5,33.8,45.0,133.0,26.0,17.200000000000003,46900,934,45966,0.9800852878464819,12,12,0.0,40.0,0.0,20.0,0.0,-15.0,0.0,0.0,0.0,0.004544733952773328
14,1477,1098,17869,0,0,,1.5,33.8,45.0,133.0,27.0,17.200000000000003,46900,805,46095,0.9828358208955223,12,12,0.0,40.0,0.0,20.0,0.0,-15.0,0.0,0.0,0.0,0.004510060142184331
14,1477,1102,17869,0,0,,1.5,33.8,45.0,133.0,30.0,17.200000000000003,46900,500,46400,0.9893390191897654,12,12,0.0,40.0,0.0,20.0,0.0,-15.0,0.0,0.0,0.0,0.004412942523687879
14,1477,1101,17869,0,0,,1.5,33.8,45.0,133.0,31.0,17.200000000000003,46900,519,46381,0.9889339019189766,12,12,0.0,40.0,0.0,20.0,0.0,-15.0,0.0,0.0,0.0,0.0043888357243153375
14,1477,1100,17869,0,0,,1.5,33.8,45.0,133.0,32.0,17.200000000000003,46900,715,46185,0.9847547974413646,12,12,0.0,40.0,0.0,20.0,0.0,-15.0,0.0,0.0,0.0,0.004376265332515218
14,1477,1099,17869,0,0,,1.5,33.8,45.0,133.0,33.0,17.200000000000003,46900,798,46102,0.9829850746268657,12,12,0.0,40.0,0.0,20.0,0.0,-15.0,0.0,0.0,0.0,0.00435646679389953
14,1477,1097,17869,0,0,,1.5,33.8,45.0,133.0,35.0,17.200000000000003,46900,808,46092,0.982771855010661,12,12,0.0,40.0,0.0,20.0,0.0,-15.0,0.0,0.0,0.0,0.004307218433686739
14,1477,1096,17869,0,0,,1.5,33.8,45.0,133.0,36.0,17.200000000000003,46900,817,46083,0.9825799573560767,12,12,0.0,40.0,0.0,20.0,0.0,-15.0,0.0,0.0,0.0,0.0042830551258872555
14,1477,1095,17869,0,0,,1.5,33.8,45.0,133.0,37.0,17.200000000000003,46900,830,46070,0.9823027718550107,12,12,0.0,40.0,0.0,20.0,0.0,-15.0,0.0,0.0,0.0,0.004259277998161822
14,1477,1094,17869,0,0,,1.5,33.8,45.0,133.0,38.0,17.200000000000003,46900,849,46051,0.9818976545842217,12,12,0.0,40.0,0.0,20.0,0.0,-15.0,0.0,0.0,0.0,0.00423600705799652
14,1477,1092,17869,0,0,,1.5,33.8,45.0,133.0,39.0,17.200000000000003,46900,940,45960,0.979957356076759,12,12,0.0,40.0,0.0,20.0,0.0,-15.0,0.0,0.0,0.0,0.004217337839205467
15,1471,939,17323,1,1,top_clean_score_margin_weight_date,35.800000000000004,90.4,131.04,145.0,1.0,0.0,28440,28440,0,0.0,0,0,1.0,40.0,0.0,20.0,40.0,0.0,25.0,6.04,0.0,0.9898946067305937
15,1471,925,17303,0,1,,35.800000000000004,54.6,79.17,145.0,2.0,35.800000000000004,28440,15180,13260,0.46624472573839665,0,0,1.0,40.0,0.0,20.0,0.0,-15.0,25.0,9.17,0.0,0.14384514469952092
15,1471,922,17277,0,1,,35.800000000000004,45.1,60.0,133.0,10.0,45.300000000000004,28440,29980,1540,0.05414908579465542,1,-1,0.0,40.0,0.0,20.0,0.0,-15.0,15.0,0.0,0.0,0.018167671333056842
15,1471,918,17284,0,1,,35.800000000000004,45.1,60.0,133.0,3.0,45.300000000000004,28440,19820,8620,0.3030942334739803,1,-1,0.0,40.0,0.0,20.0,0.0,-15.0,15.0,0.0,0.0,0.01675885913676107
15,1471,943,17341,0,1,,35.800000000000004,45.1,60.0,133.0,8.0,45.300000000000004,28440,17080,11360,0.39943741209563993,1,1,0.0,40.0,0.0,20.0,0.0,-15.0,15.0,0.0,0.0,0.015653677087054816
15,1471,941,17329,0,1,,35.800000000000004,45.1,60.0,133.0,9.0,45.300000000000004,28440,8600,19840,0.6976090014064698,1,1,0.0,40.0,0.0,20.0,0.0,-15.0,15.0,0.0,0.0,0.013472909417890332
15,1471,921,17276,0,1,,35.800000000000004,45.1,60.0,133.0,11.0,45.300000000000004,28440,4760,23680,0.8326300984528833,1,-1,0.0,40.0,0.0,20.0,0.0,-15.0,15.0,0.0,0.0,0.01239133885003372
15,1471,951,17350,0,1,,35.800000000000004,45.1,60.0,133.0,4.0,45.300000000000004,28440,75,28365,0.9973628691983122,1,1,0.0,40.0,0.0,20.0,0.0,-15.0,15.0,0.0,0.0,0.01198756834350483
15,1471,950,17350,0,1,,35.800000000000004,45.1,60.0,133.0,5.0,45.300000000000004,28440,82,28358,0.9971167369901547,1,1,0.0,40.0,0.0,20.0,0.0,-15.0,15.0,0.0,0.0,0.011920688653167859
15,1471,949,17350,0,1,,35.800000000000004,45.1,60.0,133.0,6.0,45.300000000000004,28440,138,28302,0.9951476793248946,1,1,0.0,40.0,0.0,20.0,0.0,-15.0,15.0,0.0,0.0,0.01186409449487147
15,1471,947,17350,0,1,,35.800000000000004,45.1,60.0,133.0,7.0,45.300000000000004,28440,204,28236,0.9928270042194093,1,1,0.0,40.0,0.0,20.0,0.0,-15.0,15.0,0.0,0.0,0.011809781171145874
15,1471,948,17350,0,1,,35.800000000000004,45.1,60.0,133.0,12.0,45.300000000000004,28440,139,28301,0.995112517580872,1,1,0.0,40.0,0.0,20.0,0.0,-15.0,15.0,0.0,0.0,0.011464308442060698
15,1471,1014,17549,0,1,,35.800000000000004,36.1,48.0,133.0,15.0,54.300000000000004,28440,14240,14200,0.49929676511954996,6,6,0.0,40.0,0.0,20.0,0.0,-15.0,3.0,0.0,0.0,0.004461697153444363
15,1471,861,17189,0,1,,35.800000000000004,36.1,48.0,133.0,14.0,54.300000000000004,28440,12280,16160,0.5682137834036568,5,-5,0.0,40.0,0.0,20.0,0.0,-15.0,3.0,0.0,0.0,0.004327185299891227
15,1471,792,17167,0,1,,35.800000000000004,36.1,48.0,133.0,18.0,54.300000000000004,28440,15220,13220,0.4648382559774965,6,-6,0.0,40.0,0.0,20.0,0.0,-15.0,3.0,0.0,0.0,0.00427988989201359
15,1471,915,17239,0,1,,35.800000000000004,36.1,48.0,133.0,13.0,54.300000000000004,28440,271,28169,0.9904711673699016,4,-4,0.0,40.0,0.0,20.0,0.0,-15.0,3.0,0.0,0.0,0.0036789551186116646
15,1471,914,17239,0,1,,35.800000000000004,36.1,48.0,133.0,19.0,54.300000000000004,28440,1184,27256,0.9583684950773559,4,-4,0.0,40.0,0.0,20.0,0.0,-15.0,3.0,0.0,0.0,0.0036102104654578524
15,1471,1001,17496,0,1,,35.800000000000004,36.1,48.0,133.0,16.0,54.300000000000004,28440,945,27495,0.9667721518987342,6,6,0.0,40.0,0.0,20.0,0.0,-15.0,3.0,0.0,0.0,0.0035291946305554735
15,1471,863,17281,0,1,,35.800000000000004,36.1,48.0,133.0,21.0,54.300000000000004,28440,333,28107,0.9882911392405064,4,-4,0.0,40.0,0.0,20.0,0.0,-15.0,3.0,0.0,0.0,0.0035169558684036077
15,1471,864,17281,0,1,,35.800000000000004,36.1,48.0,133.0,22.0,54.300000000000004,28440,95,28345,0.9966596343178622,4,-4,0.0,40.0,0.0,20.0,0.0,-15.0,3.0,0.0,0.0,0.0034824523309158755
15,1471,882,17281,0,1,,35.800000000000004,36.1,48.0,133.0,23.0,54.300000000000004,28440,427,28013,0.984985935302391,4,-4,0.0,40.0,0.0,20.0,0.0,-15.0,3.0,0.0,0.0,0.0034822807066456547
15,1471,999,17496,0,1,,35.800000000000004,36.1,48.0,133.0,17.0,54.300000000000004,28440,191,28249,0.9932841068917019,6,6,0.0,40.0,0.0,20.0,0.0,-15.0,3.0,0.0,0.0,0.0034636748786736936
15,1471,900,17239,0,1,,35.800000000000004,36.1,48.0,133.0,24.0,54.300000000000004,28440,209,28231,0.9926511954992968,4,-4,0.0,40.0,0.0,20.0,0.0,-15.0,3.0,0.0,0.0,0.0034493032938064877
15,1471,860,17188,0,1,,35.800000000000004,36.1,48.0,133.0,20.0,54.300000000000004,28440,56480,28040,0.9859353023909986,5,-5,0.0,40.0,0.0,20.0,0.0,-15.0,3.0,0.0,0.0,0.0034296527206546506
15,1471,909,17239,0,1,,35.800000000000004,36.1,48.0,133.0,25.0,54.300000000000004,28440,125,28315,0.995604781997187,4,-4,0.0,40.0,0.0,20.0,0.0,-15.0,3.0,0.0,0.0,0.003424526138635981
15,1471,1077,17888,0,1,,35.800000000000004,33.8,45.0,133.0,37.0,56.60000000000001,28440,33560,5120,0.180028129395218,13,13,0.0,40.0,0.0,20.0,0.0,-15.0,0.0,0.0,0.0,0.002852301627144718
15,1471,1043,17717,0,1,,35.800000000000004,33.8,45.0,133.0,38.0,56.60000000000001,28440,11960,16480,0.5794655414908579,9,9,0.0,40.0,0.0,20.0,0.0,-15.0,0.0,0.0,0.0,0.002644057070448185
15,1471,1100,17869,0,1,,35.800000000000004,33.8,45.0,133.0,26.0,56.60000000000001,28440,715,27725,0.97485935302391,13,13,0.0,40.0,0.0,20.0,0.0,-15.0,0.0,0.0,0.0,0.0020563839107972416
15,1471,1101,17869,0,1,,35.800000000000004,33.8,45.0,133.0,27.0,56.60000000000001,28440,519,27921,0.9817510548523207,13,13,0.0,40.0,0.0,20.0,0.0,-15.0,0.0,0.0,0.0,0.0020376547168419385
15,1471,1099,17869,0,1,,35.800000000000004,33.8,45.0,133.0,28.0,56.60000000000001,28440,798,27642,0.9719409282700422,13,13,0.0,40.0,0.0,20.0,0.0,-15.0,0.0,0.0,0.0,0.0020356937413473775
15,1471,1094,17869,0,1,,35.800000000000004,33.8,45.0,133.0,29.0,56.60000000000001,28440,849,27591,0.9701476793248945,13,13,0.0,40.0,0.0,20.0,0.0,-15.0,0.0,0.0,0.0,0.0020257583610862454
15,1471,1098,17869,0,1,,35.800000000000004,33.8,45.0,133.0,30.0,56.60000000000001,28440,805,27635,0.9716947960618847,13,13,0.0,40.0,0.0,20.0,0.0,-15.0,0.0,0.0,0.0,0.002012573284059367
15,1471,1097,17869,0,1,,35.800000000000004,33.8,45.0,133.0,31.0,56.60000000000001,28440,808,27632,0.9715893108298171,13,13,0.0,40.0,0.0,20.0,0.0,-15.0,0.0,0.0,0.0,0.002001094271002387
15,1471,1096,17869,0,1,,35.800000000000004,33.8,45.0,133.0,32.0,56.60000000000001,28440,817,27623,0.9712728551336146,13,13,0.0,40.0,0.0,20.0,0.0,-15.0,0.0,0.0,0.0,0.0019898863778077024
15,1471,1095,17869,0,1,,35.800000000000004,33.8,45.0,133.0,33.0,56.60000000000001,28440,830,27610,0.9708157524613221,13,13,0.0,40.0,0.0,20.0,0.0,-15.0,0.0,0.0,0.0,0.0019788775645447876
15,1471,1093,17869,0,1,,35.800000000000004,33.8,45.0,133.0,35.0,56.60000000000001,28440,934,27506,0.9671589310829817,13,13,0.0,40.0,0.0,20.0,0.0,-15.0,0.0,0.0,0.0,0.0019596749078232365
15,1471,1102,17869,0,1,,35.800000000000004,33.8,45.0,133.0,34.0,56.60000000000001,28440,500,27940,0.9824191279887482,13,13,0.0,40.0,0.0,20.0,0.0,-15.0,0.0,0.0,0.0,0.0019563290911713657
15,1471,1092,17869,0,1,,35.800000000000004,33.8,45.0,133.0,36.0,56.60000000000001,28440,940,27500,0.9669479606188467,13,13,0.0,40.0,0.0,20.0,0.0,-15.0,0.0,0.0,0.0,0.0019485977804631792
15,1471,984,17409,0,1,,35.800000000000004,0.0,-20.05,133.0,39.0,90.4,28440,29080,640,0.02250351617440225,2,2,0.0,0.0,-40.0,0.0,4.99,0.0,7.5,0.0,7.46,0.001295026516570597
15,1471,784,17037,0,1,,35.800000000000004,0.0,-26.38,133.0,41.0,90.4,28440,27880,560,0.01969057665260197,7,-7,0.0,0.0,-40.0,0.0,10.62,0.0,3.0,0.0,0.0,0.0010927101351041846
15,1471,731,17011,0,1,,35.800000000000004,0.0,-24.73,133.0,40.0,90.4,28440,27840,600,0.02109704641350211,8,-8,0.0,0.0,-40.0,0.0,7.81,0.0,0.0,0.0,7.46,0.0008941550008613825
15,1471,665,16846,0,1,,35.800000000000004,0.0,-32.19,133.0,42.0,90.4,28440,29040,600,0.02109704641350211,12,-12,0.0,0.0,-40.0,0.0,7.81,0.0,0.0,0.0,0.0,0.0006422340417481442
16,1470,925,17303,1,1,top_clean_score_margin_weight_date,13.0,90.4,131.01,145.0,1.0,0.0,15180,15180,0,0.0,0,0,1.0,40.0,0.0,20.0,40.0,0.0,25.0,6.01,0.0,0.9910517778515132
16,1470,792,17167,0,1,,13.0,77.4,103.0,133.0,2.0,13.0,15180,15220,40,0.002635046113306983,6,-6,0.0,40.0,0.0,20.0,40.0,0.0,3.0,0.0,0.0,0.8326438273494069
16,1470,939,17323,0,1,,13.0,50.3,72.88,145.0,3.0,40.10000000000001,15180,28440,13260,0.8735177865612648,0,0,1.0,40.0,0.0,20.0,0.0,-15.0,25.0,2.88,0.0,0.08982899297666255
16,1470,943,17341,0,1,,13.0,45.1,60.0,133.0,9.0,45.300000000000004,15180,17080,1900,0.1251646903820817,1,1,0.0,40.0,0.0,20.0,0.0,-15.0,15.0,0.0,0.0,0.02044813167316987
16,1470,918,17284,0,1,,13.0,45.1,60.0,133.0,13.0,45.300000000000004,15180,19820,4640,0.30566534914361,1,-1,0.0,40.0,0.0,20.0,0.0,-15.0,15.0,0.0,0.0,0.018690195950140282
16,1470,941,17329,0,1,,13.0,45.1,60.0,133.0,10.0,45.300000000000004,15180,8600,6580,0.43346508563899866,1,1,0.0,40.0,0.0,20.0,0.0,-15.0,15.0,0.0,0.0,0.018309947786833553
16,1470,921,17276,0,1,,13.0,45.1,60.0,133.0,4.0,45.300000000000004,15180,4760,10420,0.686429512516469,1,-1,0.0,40.0,0.0,20.0,0.0,-15.0,15.0,0.0,0.0,0.017270578113726964
16,1470,951,17350,0,1,,13.0,45.1,60.0,133.0,5.0,45.300000000000004,15180,75,15105,0.9950592885375494,1,1,0.0,40.0,0.0,20.0,0.0,-15.0,15.0,0.0,0.0,0.015569708631452746
16,1470,950,17350,0,1,,13.0,45.1,60.0,133.0,6.0,45.300000000000004,15180,82,15098,0.9945981554677207,1,1,0.0,40.0,0.0,20.0,0.0,-15.0,15.0,0.0,0.0,0.015483740205500496
16,1470,948,17350,0,1,,13.0,45.1,60.0,133.0,7.0,45.300000000000004,15180,139,15041,0.9908432147562583,1,1,0.0,40.0,0.0,20.0,0.0,-15.0,15.0,0.0,0.0,0.015415483416329435
16,1470,947,17350,0,1,,13.0,45.1,60.0,133.0,8.0,45.300000000000004,15180,204,14976,0.9865612648221344,1,1,0.0,40.0,0.0,20.0,0.0,-15.0,15.0,0.0,0.0,0.015350271715539113
16,1470,922,17277,0,1,,13.0,45.1,60.0,133.0,11.0,45.300000000000004,15180,29980,14800,0.9749670619235836,1,-1,0.0,40.0,0.0,20.0,0.0,-15.0,15.0,0.0,0.0,0.015098358385922701
16,1470,949,17350,0,1,,13.0,45.1,60.0,133.0,12.0,45.300000000000004,15180,138,15042,0.990909090909091,1,1,0.0,40.0,0.0,20.0,0.0,-15.0,15.0,0.0,0.0,0.01498235301584494
16,1470,1014,17549,0,1,,13.0,36.1,48.0,133.0,16.0,54.300000000000004,15180,14240,940,0.061923583662714096,6,6,0.0,40.0,0.0,20.0,0.0,-15.0,3.0,0.0,0.0,0.0062727189286200784
16,1470,861,17189,0,1,,13.0,36.1,48.0,133.0,20.0,54.300000000000004,15180,12280,2900,0.19104084321475626,5,-5,0.0,40.0,0.0,20.0,0.0,-15.0,3.0,0.0,0.0,0.005848944983632648
16,1470,915,17239,0,1,,13.0,36.1,48.0,133.0,15.0,54.300000000000004,15180,271,14909,0.9821475625823451,4,-4,0.0,40.0,0.0,20.0,0.0,-15.0,3.0,0.0,0.0,0.0047679305248753264
16,1470,863,17281,0,1,,13.0,36.1,48.0,133.0,19.0,54.300000000000004,15180,333,14847,0.9780632411067194,4,-4,0.0,40.0,0.0,20.0,0.0,-15.0,3.0,0.0,0.0,0.0046659491035794054
16,1470,1001,17496,0,1,,13.0,36.1,48.0,133.0,17.0,54.300000000000004,15180,945,14235,0.9377470355731226,6,6,0.0,40.0,0.0,20.0,0.0,-15.0,3.0,0.0,0.0,0.004617350181512018
16,1470,882,17281,0,1,,13.0,36.1,48.0,133.0,22.0,54.300000000000004,15180,427,14753,0.971870882740448,4,-4,0.0,40.0,0.0,20.0,0.0,-15.0,3.0,0.0,0.0,0.004595828234032956
16,1470,914,17239,0,1,,13.0,36.1,48.0,133.0,25.0,54.300000000000004,15180,1184,13996,0.9220026350461134,4,-4,0.0,40.0,0.0,20.0,0.0,-15.0,3.0,0.0,0.0,0.004595192343685508
16,1470,864,17281,0,1,,13.0,36.1,48.0,133.0,21.0,54.300000000000004,15180,95,15085,0.9937417654808959,4,-4,0.0,40.0,0.0,20.0,0.0,-15.0,3.0,0.0,0.0,0.004587761234278601
16,1470,900,17239,0,1,,13.0,36.1,48.0,133.0,23.0,54.300000000000004,15180,209,14971,0.986231884057971,4,-4,0.0,40.0,0.0,20.0,0.0,-15.0,3.0,0.0,0.0,0.004546957939441305
16,1470,999,17496,0,1,,13.0,36.1,48.0,133.0,18.0,54.300000000000004,15180,191,14989,0.9874176548089592,6,6,0.0,40.0,0.0,20.0,0.0,-15.0,3.0,0.0,0.0,0.004513169583810928
16,1470,909,17239,0,1,,13.0,36.1,48.0,133.0,24.0,54.300000000000004,15180,125,15055,0.9917654808959157,4,-4,0.0,40.0,0.0,20.0,0.0,-15.0,3.0,0.0,0.0,0.004512269254594361
16,1470,1043,17717,0,1,,13.0,33.8,45.0,133.0,32.0,56.60000000000001,15180,11960,3220,0.21212121212121213,9,9,0.0,40.0,0.0,20.0,0.0,-15.0,0.0,0.0,0.0,0.0038253639488386986
16,1470,1096,17869,0,1,,13.0,33.8,45.0,133.0,26.0,56.60000000000001,15180,817,14363,0.9461791831357049,13,13,0.0,40.0,0.0,20.0,0.0,-15.0,0.0,0.0,0.0,0.002710093271494411
16,1470,1101,17869,0,1,,13.0,33.8,45.0,133.0,27.0,56.60000000000001,15180,519,14661,0.9658102766798419,13,13,0.0,40.0,0.0,20.0,0.0,-15.0,0.0,0.0,0.0,0.002676361889357492
16,1470,1100,17869,0,1,,13.0,33.8,45.0,133.0,28.0,56.60000000000001,15180,715,14465,0.9528985507246377,13,13,0.0,40.0,0.0,20.0,0.0,-15.0,0.0,0.0,0.0,0.002672821905150417
16,1470,1099,17869,0,1,,13.0,33.8,45.0,133.0,29.0,56.60000000000001,15180,798,14382,0.9474308300395257,13,13,0.0,40.0,0.0,20.0,0.0,-15.0,0.0,0.0,0.0,0.0026624558965252874
16,1470,1098,17869,0,1,,13.0,33.8,45.0,133.0,30.0,56.60000000000001,15180,805,14375,0.946969696969697,13,13,0.0,40.0,0.0,20.0,0.0,-15.0,0.0,0.0,0.0,0.0026475634286475137
16,1470,1097,17869,0,1,,13.0,33.8,45.0,133.0,31.0,56.60000000000001,15180,808,14372,0.946772068511199,13,13,0.0,40.0,0.0,20.0,0.0,-15.0,0.0,0.0,0.0,0.0026325152539956593
16,1470,1095,17869,0,1,,13.0,33.8,45.0,133.0,33.0,56.60000000000001,15180,830,14350,0.9453227931488801,13,13,0.0,40.0,0.0,20.0,0.0,-15.0,0.0,0.0,0.0,0.0026036188232116154
16,1470,1094,17869,0,1,,13.0,33.8,45.0,133.0,34.0,56.60000000000001,15180,849,14331,0.9440711462450593,13,13,0.0,40.0,0.0,20.0,0.0,-15.0,0.0,0.0,0.0,0.002589759238528885
16,1470,1093,17869,0,1,,13.0,33.8,45.0,133.0,35.0,56.60000000000001,15180,934,14246,0.9384716732542819,13,13,0.0,40.0,0.0,20.0,0.0,-15.0,0.0,0.0,0.0,0.00257983154154129
16,1470,1092,17869,0,1,,13.0,33.8,45.0,133.0,36.0,56.60000000000001,15180,940,14240,0.9380764163372859,13,13,0.0,40.0,0.0,20.0,0.0,-15.0,0.0,0.0,0.0,0.002565341869178136
16,1470,860,17188,0,1,,13.0,36.1,48.0,133.0,14.0,54.300000000000004,15180,56480,41300,2.72068511198946,5,-5,0.0,40.0,0.0,20.0,0.0,-15.0,3.0,0.0,0.0,0.0025620559149108625
16,1470,1102,17869,0,1,,13.0,33.8,45.0,133.0,38.0,56.60000000000001,15180,500,14680,0.9670619235836627,13,13,0.0,40.0,0.0,20.0,0.0,-15.0,0.0,0.0,0.0,0.0025107367619108577
16,1470,1077,17888,0,1,,13.0,33.8,45.0,133.0,37.0,56.60000000000001,15180,33560,18380,1.2108036890645586,13,13,0.0,40.0,0.0,20.0,0.0,-15.0,0.0,0.0,0.0,0.0023319097358696587
17,1457,918,17284,1,1,top_clean_score_margin_weight_date,42.10000000000001,90.4,131.08,145.0,1.0,0.0,19820,19820,0,0.0,0,0,1.0,40.0,0.0,20.0,40.0,0.0,25.0,6.08,0.0,0.9906924895869317
17,1457,922,17277,0,1,,42.10000000000001,48.3,70.0,145.0,3.0,42.10000000000001,19820,29980,10160,0.5126135216952573,0,0,1.0,40.0,0.0,20.0,0.0,-15.0,25.0,0.0,0.0,0.07381625429417861
17,1457,921,17276,0,1,,42.10000000000001,48.3,70.0,145.0,2.0,42.10000000000001,19820,4760,15060,0.7598385469223007,0,0,1.0,40.0,0.0,20.0,0.0,-15.0,25.0,0.0,0.0,0.06760782944713405
17,1457,925,17303,0,1,,42.10000000000001,45.1,60.0,133.0,5.0,45.300000000000004,19820,15180,4640,0.2341069626639758,1,1,0.0,40.0,0.0,20.0,0.0,-15.0,15.0,0.0,0.0,0.019084485210512373
17,1457,939,17323,0,1,,42.10000000000001,45.1,60.0,133.0,4.0,45.300000000000004,19820,28440,8620,0.43491422805247226,1,1,0.0,40.0,0.0,20.0,0.0,-15.0,15.0,0.0,0.0,0.017786116442900367
17,1457,943,17341,0,1,,42.10000000000001,39.5,52.5,133.0,8.0,50.900000000000006,19820,17080,2740,0.13824419778002017,2,2,0.0,40.0,0.0,20.0,0.0,-15.0,7.5,0.0,0.0,0.010094353480092572
17,1457,941,17329,0,1,,42.10000000000001,39.5,52.5,133.0,9.0,50.900000000000006,19820,8600,11220,0.5660948536831484,2,2,0.0,40.0,0.0,20.0,0.0,-15.0,7.5,0.0,0.0,0.008484907504109036
17,1457,699,16859,0,1,,42.10000000000001,0.0,-0.09,133.0,28.0,90.4,19820,19720,100,0.005045408678102927,10,-10,0.0,0.0,-40.0,0.0,39.91,0.0,0.0,0.0,0.0,0.008284395938691862
17,1457,664,16844,0,1,,42.10000000000001,0.0,0.0,133.0,29.0,90.4,19820,19900,80,0.004036326942482341,11,-11,0.0,0.0,-40.0,0.0,40.0,0.0,0.0,0.0,0.0,0.007981543291536159
17,1457,951,17350,0,1,,42.10000000000001,39.5,52.5,133.0,7.0,50.900000000000006,19820,75,19745,0.9962159434914228,2,2,0.0,40.0,0.0,20.0,0.0,-15.0,7.5,0.0,0.0,0.0072476305334080934
17,1457,949,17350,0,1,,42.10000000000001,39.5,52.5,133.0,10.0,50.900000000000006,19820,138,19682,0.993037336024218,2,2,0.0,40.0,0.0,20.0,0.0,-15.0,7.5,0.0,0.0,0.007132771561648929
17,1457,950,17350,0,1,,42.10000000000001,39.5,52.5,133.0,11.0,50.900000000000006,19820,82,19738,0.9958627648839556,2,2,0.0,40.0,0.0,20.0,0.0,-15.0,7.5,0.0,0.0,0.007084052465327779
17,1457,947,17350,0,1,,42.10000000000001,39.5,52.5,133.0,12.0,50.900000000000006,19820,204,19616,0.98970736629667,2,2,0.0,40.0,0.0,20.0,0.0,-15.0,7.5,0.0,0.0,0.0070605676877329646
17,1457,948,17350,0,1,,42.10000000000001,39.5,52.5,133.0,13.0,50.900000000000006,19820,139,19681,0.9929868819374369,2,2,0.0,40.0,0.0,20.0,0.0,-15.0,7.5,0.0,0.0,0.007011085553737052
17,1457,915,17239,0,1,,42.10000000000001,39.5,52.5,133.0,6.0,50.900000000000006,19820,271,19549,0.9863269424823411,3,-3,0.0,40.0,0.0,20.0,0.0,-15.0,7.5,0.0,0.0,0.006946328209016806
17,1457,914,17239,0,1,,42.10000000000001,39.5,52.5,133.0,14.0,50.900000000000006,19820,1184,18636,0.9402623612512614,3,-3,0.0,40.0,0.0,20.0,0.0,-15.0,7.5,0.0,0.0,0.006755730329065492
17,1457,909,17239,0,1,,42.10000000000001,39.5,52.5,133.0,15.0,50.900000000000006,19820,125,19695,0.9936932391523713,3,-3,0.0,40.0,0.0,20.0,0.0,-15.0,7.5,0.0,0.0,0.006577247901846086
17,1457,900,17239,0,1,,42.10000000000001,39.5,52.5,133.0,16.0,50.900000000000006,19820,209,19611,0.9894550958627649,3,-3,0.0,40.0,0.0,20.0,0.0,-15.0,7.5,0.0,0.0,0.006550486644170726
17,1457,882,17281,0,1,,42.10000000000001,39.5,52.5,133.0,17.0,50.900000000000006,19820,427,19393,0.9784561049445005,3,-3,0.0,40.0,0.0,20.0,0.0,-15.0,7.5,0.0,0.0,0.00654121901373765
17,1457,864,17281,0,1,,42.10000000000001,39.5,52.5,133.0,18.0,50.900000000000006,19820,95,19725,0.9952068617558022,3,-3,0.0,40.0,0.0,20.0,0.0,-15.0,7.5,0.0,0.0,0.006460998013568518
17,1457,863,17281,0,1,,42.10000000000001,39.5,52.5,133.0,19.0,50.900000000000006,19820,333,19487,0.9831987891019173,3,-3,0.0,40.0,0.0,20.0,0.0,-15.0,7.5,0.0,0.0,0.006454419685504669
17,1457,792,17167,0,1,,42.10000000000001,36.1,48.0,133.0,23.0,54.300000000000004,19820,15220,4600,0.23208879919273462,5,-5,0.0,40.0,0.0,20.0,0.0,-15.0,3.0,0.0,0.0,0.0053646710356220146
17,1457,861,17189,0,1,,42.10000000000001,36.1,48.0,133.0,22.0,54.300000000000004,19820,12280,7540,0.38042381432896066,4,-4,0.0,40.0,0.0,20.0,0.0,-15.0,3.0,0.0,0.0,0.005288841666230506
17,1457,1014,17549,0,1,,42.10000000000001,36.1,48.0,133.0,21.0,54.300000000000004,19820,14240,5580,0.2815338042381433,7,7,0.0,40.0,0.0,20.0,0.0,-15.0,3.0,0.0,0.0,0.005170135493114718
17,1457,1013,17548,0,1,,42.10000000000001,0.0,-11.22,133.0,27.0,90.4,19820,20060,240,0.012108980827447022,7,7,0.0,0.0,-40.0,0.0,25.78,0.0,3.0,0.0,0.0,0.004035769793883327
17,1457,1001,17496,0,1,,42.10000000000001,36.1,48.0,133.0,24.0,54.300000000000004,19820,945,18875,0.9523208879919274,7,7,0.0,40.0,0.0,20.0,0.0,-15.0,3.0,0.0,0.0,0.0039002352667726536
17,1457,999,17496,0,1,,42.10000000000001,36.1,48.0,133.0,25.0,54.300000000000004,19820,191,19629,0.9903632694248234,7,7,0.0,40.0,0.0,20.0,0.0,-15.0,3.0,0.0,0.0,0.003820038319247955
17,1457,1043,17717,0,1,,42.10000000000001,33.8,45.0,133.0,26.0,56.60000000000001,19820,11960,7860,0.39656912209889,10,10,0.0,40.0,0.0,20.0,0.0,-15.0,0.0,0.0,0.0,0.003378914137671364
17,1457,860,17188,0,1,,42.10000000000001,36.1,48.0,133.0,20.0,54.300000000000004,19820,56480,36660,1.8496468213925328,4,-4,0.0,40.0,0.0,20.0,0.0,-15.0,3.0,0.0,0.0,0.0030216590865262986
18,1451,899,17233,0,0,,9.299999999999997,54.8,79.53,145.0,1.0,0.0,32820,240,32580,0.9926873857404022,0,0,1.0,40.0,0.0,20.0,0.0,-15.0,25.0,5.82,3.71,0.2340653574246321
18,1451,854,17150,0,0,,9.299999999999997,45.5,60.57,133.0,2.0,9.299999999999997,32820,1080,31740,0.9670932358318098,1,-1,0.0,40.0,0.0,20.0,0.0,-15.0,15.0,0.0,0.57,0.03179218954921867
18,1451,797,17142,0,0,,9.299999999999997,45.1,60.0,133.0,3.0,9.699999999999996,32820,1000,31820,0.9695307739183425,1,-1,0.0,40.0,0.0,20.0,0.0,-15.0,15.0,0.0,0.0,0.030525559627219055
18,1451,784,17037,0,0,,9.299999999999997,39.5,52.5,133.0,11.0,15.299999999999997,32820,27880,4940,0.1505179768433882,3,-3,0.0,40.0,0.0,20.0,0.0,-15.0,7.5,0.0,0.0,0.02242505762676652
18,1451,791,17101,0,0,,9.299999999999997,41.8,55.59,133.0,5.0,13.0,32820,5140,27680,0.8433881779402803,2,-2,0.0,40.0,0.0,20.0,0.0,-15.0,7.5,0.0,3.09,0.02025413668761676
18,1451,920,17264,0,0,,9.299999999999997,42.3,56.22,133.0,4.0,12.5,32820,540,32280,0.9835466179159049,3,3,0.0,40.0,0.0,20.0,0.0,-15.0,7.5,0.0,3.72,0.0193599689246809
18,1451,776,17025,0,0,,9.299999999999997,41.8,55.59,133.0,6.0,13.0,32820,1140,31680,0.9652650822669104,3,-3,0.0,40.0,0.0,20.0,0.0,-15.0,7.5,0.0,3.09,0.018179036107889804
18,1451,790,17086,0,0,,9.299999999999997,39.9,53.07,133.0,7.0,14.899999999999999,32820,620,32200,0.9811090798293723,2,-2,0.0,40.0,0.0,20.0,0.0,-15.0,7.5,0.0,0.57,0.015886787444443346
18,1451,794,17128,0,0,,9.299999999999997,39.9,53.08,133.0,8.0,14.899999999999999,32820,120,32700,0.9963436928702011,2,-2,0.0,40.0,0.0,20.0,0.0,-15.0,7.5,0.0,0.58,0.015672778175486075
18,1451,786,17045,0,0,,9.299999999999997,39.9,53.07,133.0,9.0,14.899999999999999,32820,200,32620,0.9939061547836685,3,-3,0.0,40.0,0.0,20.0,0.0,-15.0,7.5,0.0,0.57,0.015017575550478796
18,1451,785,17039,0,0,,9.299999999999997,39.9,53.07,133.0,10.0,14.899999999999999,32820,140,32680,0.9957343083485679,3,-3,0.0,40.0,0.0,20.0,0.0,-15.0,7.5,0.0,0.57,0.014917769861160652
18,1451,942,17330,0,0,,9.299999999999997,38.9,51.72,133.0,13.0,15.899999999999999,32820,520,32300,0.9841560024375381,5,5,0.0,40.0,0.0,20.0,0.0,-15.0,3.0,0.0,3.72,0.011843086587359282
18,1451,732,16959,0,0,,9.299999999999997,38.4,51.09,133.0,15.0,16.4,32820,3180,29640,0.903107861060329,4,-4,0.0,40.0,0.0,20.0,0.0,-15.0,3.0,0.0,3.09,0.011780159500606133
18,1451,980,17400,0,0,,9.299999999999997,38.9,51.72,133.0,12.0,15.899999999999999,32820,900,31920,0.9725776965265083,6,6,0.0,40.0,0.0,20.0,0.0,-15.0,3.0,0.0,3.72,0.011614081549219848
18,1451,996,17452,0,0,,9.299999999999997,38.9,51.71,133.0,14.0,15.899999999999999,32820,480,32340,0.9853747714808044,7,7,0.0,40.0,0.0,20.0,0.0,-15.0,3.0,0.0,3.71,0.011048700444439922
18,1451,971,17391,0,0,,9.299999999999997,38.4,51.09,133.0,16.0,16.4,32820,1140,31680,0.9652650822669104,6,6,0.0,40.0,0.0,20.0,0.0,-15.0,3.0,0.0,3.09,0.010934903047018638
18,1451,985,17419,0,0,,9.299999999999997,38.4,51.09,133.0,17.0,16.4,32820,2920,29900,0.91102985984156,7,7,0.0,40.0,0.0,20.0,0.0,-15.0,3.0,0.0,3.09,0.010845344757003115
18,1451,676,16854,0,0,,9.299999999999997,38.4,51.09,133.0,18.0,16.4,32820,1618,31202,0.9507007921998781,7,-7,0.0,40.0,0.0,20.0,0.0,-15.0,3.0,0.0,3.09,0.010065247167024137
18,1451,767,16966,0,0,,9.299999999999997,36.5,48.57,133.0,27.0,18.299999999999997,32820,1740,31080,0.946983546617916,4,-4,0.0,40.0,0.0,20.0,0.0,-15.0,3.0,0.0,0.57,0.009157171447641985
18,1451,729,16942,0,0,,9.299999999999997,36.5,48.57,133.0,25.0,18.299999999999997,32820,560,32260,0.9829372333942717,4,-4,0.0,40.0,0.0,20.0,0.0,-15.0,3.0,0.0,0.57,0.00908642241756777
18,1451,953,17351,0,0,,9.299999999999997,36.1,48.0,133.0,34.0,18.699999999999996,32820,4740,28080,0.8555758683729433,5,5,0.0,40.0,0.0,20.0,0.0,-15.0,3.0,0.0,0.0,0.008886696019640334
18,1451,967,17373,0,0,,9.299999999999997,36.1,48.0,133.0,35.0,18.699999999999996,32820,4720,28100,0.8561852528945765,6,6,0.0,40.0,0.0,20.0,0.0,-15.0,3.0,0.0,0.0,0.008559033814668184
18,1451,728,16895,0,0,,9.299999999999997,36.5,48.57,133.0,26.0,18.299999999999997,32820,140,32680,0.9957343083485679,7,-7,0.0,40.0,0.0,20.0,0.0,-15.0,3.0,0.0,0.57,0.007997696015718994
18,1451,717,16884,0,0,,9.299999999999997,36.5,48.57,133.0,28.0,18.299999999999997,32820,560,32260,0.9829372333942717,7,-7,0.0,40.0,0.0,20.0,0.0,-15.0,3.0,0.0,0.57,0.007960780937469672
18,1451,704,16953,0,0,,9.299999999999997,36.1,48.0,133.0,31.0,18.699999999999996,32820,523,32297,0.9840645947592931,7,-7,0.0,40.0,0.0,20.0,0.0,-15.0,3.0,0.0,0.0,0.007554272357711568
18,1451,705,16953,0,0,,9.299999999999997,36.1,48.0,133.0,32.0,18.699999999999996,32820,489,32331,0.9851005484460694,7,-7,0.0,40.0,0.0,20.0,0.0,-15.0,3.0,0.0,0.0,0.0075068725009120475
18,1451,997,17485,0,0,,9.299999999999997,36.6,48.72,133.0,23.0,18.199999999999996,32820,900,31920,0.9725776965265083,10,10,0.0,40.0,0.0,20.0,0.0,-15.0,0.0,0.0,3.72,0.007451179249178659
18,1451,706,16953,0,0,,9.299999999999997,36.1,48.0,133.0,33.0,18.699999999999996,32820,356,32464,0.9891529555149299,7,-7,0.0,40.0,0.0,20.0,0.0,-15.0,3.0,0.0,0.0,0.007447730014617088
18,1451,1012,17501,0,0,,9.299999999999997,36.6,48.72,133.0,24.0,18.199999999999996,32820,560,32260,0.9829372333942717,10,10,0.0,40.0,0.0,20.0,0.0,-15.0,0.0,0.0,3.72,0.007367549475582493
18,1451,1030,17612,0,0,,9.299999999999997,36.6,48.72,133.0,21.0,18.199999999999996,32820,1364,31456,0.9584399756246191,11,11,0.0,40.0,0.0,20.0,0.0,-15.0,0.0,0.0,3.72,0.00735861494188167
18,1451,707,16953,0,0,,9.299999999999997,36.1,48.0,133.0,36.0,18.699999999999996,32820,331,32489,0.9899146861669713,7,-7,0.0,40.0,0.0,20.0,0.0,-15.0,3.0,0.0,0.0,0.007317579782275508
18,1451,1029,17611,0,0,,9.299999999999997,36.6,48.71,133.0,22.0,18.199999999999996,32820,240,32580,0.9926873857404022,11,11,0.0,40.0,0.0,20.0,0.0,-15.0,0.0,0.0,3.71,0.007181954077804411
18,1451,1038,17704,0,0,,9.299999999999997,36.6,48.72,133.0,20.0,18.199999999999996,32820,1240,31580,0.9622181596587447,13,13,0.0,40.0,0.0,20.0,0.0,-15.0,0.0,0.0,3.72,0.0069342389870651186
18,1451,1000,17496,0,0,,9.299999999999997,36.2,48.09,133.0,29.0,18.599999999999994,32820,704,32116,0.9785496648385131,10,10,0.0,40.0,0.0,20.0,0.0,-15.0,0.0,0.0,3.09,0.006922595223124128
18,1451,1042,17714,0,0,,9.299999999999997,36.6,48.72,133.0,19.0,18.199999999999996,32820,360,32460,0.9890310786106032,13,13,0.0,40.0,0.0,20.0,0.0,-15.0,0.0,0.0,3.72,0.006874721723114622
18,1451,998,17496,0,0,,9.299999999999997,36.2,48.1,133.0,30.0,18.599999999999994,32820,148,32672,0.9954905545399146,10,10,0.0,40.0,0.0,20.0,0.0,-15.0,0.0,0.0,3.1,0.006822264587458592
18,1451,646,16792,0,0,,9.299999999999997,33.8,45.0,133.0,43.0,21.0,32820,9700,23120,0.704448507007922,9,-9,0.0,40.0,0.0,20.0,0.0,-15.0,0.0,0.0,0.0,0.005874311033259636
18,1451,649,16813,0,0,,9.299999999999997,34.3,45.56,133.0,38.0,20.5,32820,260,32560,0.992078001218769,8,-8,0.0,40.0,0.0,20.0,0.0,-15.0,0.0,0.0,0.56,0.005604178888377191
18,1451,604,16735,0,0,,9.299999999999997,34.3,45.57,133.0,39.0,20.5,32820,2200,30620,0.9329677026203534,10,-10,0.0,40.0,0.0,20.0,0.0,-15.0,0.0,0.0,0.57,0.005326821846118157
18,1451,603,16722,0,0,,9.299999999999997,34.3,45.56,133.0,40.0,20.5,32820,240,32580,0.9926873857404022,10,-10,0.0,40.0,0.0,20.0,0.0,-15.0,0.0,0.0,0.56,0.00512810483824077
18,1451,582,16670,0,0,,9.299999999999997,34.3,45.57,133.0,41.0,20.5,32820,880,31940,0.9731870810481413,11,-11,0.0,40.0,0.0,20.0,0.0,-15.0,0.0,0.0,0.57,0.004958895868828641
18,1451,643,16755,0,0,,9.299999999999997,33.8,45.0,133.0,44.0,21.0,32820,1977,30843,0.9397623400365631,10,-10,0.0,40.0,0.0,20.0,0.0,-15.0,0.0,0.0,0.0,0.004953621011710457
18,1451,1050,17725,0,0,,9.299999999999997,33.8,45.0,133.0,46.0,21.0,32820,1140,31680,0.9652650822669104,13,13,0.0,40.0,0.0,20.0,0.0,-15.0,0.0,0.0,0.0,0.004704967515704053
18,1451,577,16639,0,0,,9.299999999999997,34.3,45.56,133.0,37.0,20.5,32820,260,32560,0.992078001218769,14,-14,0.0,40.0,0.0,20.0,0.0,-15.0,0.0,0.0,0.56,0.004474310380739275
18,1451,578,16642,0,0,,9.299999999999997,33.8,45.0,133.0,42.0,21.0,32820,1078,31742,0.9671541742839732,14,-14,0.0,40.0,0.0,20.0,0.0,-15.0,0.0,0.0,0.0,0.00423301383944251
18,1451,579,16642,0,0,,9.299999999999997,33.8,45.0,133.0,45.0,21.0,32820,1226,31594,0.9626447288238879,14,-14,0.0,40.0,0.0,20.0,0.0,-15.0,0.0,0.0,0.0,0.004170598334454682
19,1449,892,17225,1,1,top_clean_score_margin_weight_date,16.200000000000003,92.3,133.88,145.0,1.0,0.0,27180,27180,0,0.0,0,0,1.0,40.0,0.0,20.0,40.0,0.0,25.0,6.06,2.82,0.9910810955534612
19,1449,968,17385,0,1,,16.200000000000003,76.1,101.23,133.0,2.0,16.200000000000003,27180,27020,160,0.005886681383370125,6,6,0.0,40.0,0.0,20.0,38.23,0.0,3.0,0.0,0.0,0.781820990686381
19,1449,731,17011,0,1,,16.200000000000003,50.6,67.25,133.0,3.0,41.699999999999996,27180,27840,660,0.024282560706401765,4,-4,0.0,40.0,0.0,20.0,1.43,0.0,3.0,0.0,2.82,0.06207875935624811
19,1449,798,17145,0,1,,16.200000000000003,48.9,65.05,133.0,4.0,43.4,27180,1100,26080,0.9595290654893304,1,-1,0.0,40.0,0.0,20.0,0.0,-15.0,15.0,0.0,5.05,0.016194369983400066
19,1449,799,17145,0,1,,16.200000000000003,48.9,65.05,133.0,6.0,43.4,27180,1180,26000,0.9565857247976454,1,-1,0.0,40.0,0.0,20.0,0.0,-15.0,15.0,0.0,5.05,0.016033265527065698
19,1449,801,17145,0,1,,16.200000000000003,48.9,65.05,133.0,5.0,43.4,27180,576,26604,0.9788079470198675,1,-1,0.0,40.0,0.0,20.0,0.0,-15.0,15.0,0.0,5.05,0.01595734919818256
19,1449,795,17142,0,1,,16.200000000000003,45.1,60.0,133.0,7.0,47.199999999999996,27180,16580,10600,0.3899926416482708,1,-1,0.0,40.0,0.0,20.0,0.0,-15.0,15.0,0.0,0.0,0.015136052788945815
19,1449,859,17182,0,1,,16.200000000000003,45.1,60.0,133.0,8.0,47.199999999999996,27180,10120,17060,0.6276674025018396,1,-1,0.0,40.0,0.0,20.0,0.0,-15.0,15.0,0.0,0.0,0.013457778050645897
19,1449,775,17016,0,1,,16.200000000000003,39.5,52.5,133.0,9.0,52.8,27180,31860,4680,0.17218543046357615,3,-3,0.0,40.0,0.0,20.0,0.0,-15.0,7.5,0.0,0.0,0.008209870152841147
19,1449,984,17409,0,1,,16.200000000000003,38.2,50.82,133.0,11.0,54.099999999999994,27180,29080,1900,0.06990434142752024,6,6,0.0,40.0,0.0,20.0,0.0,-15.0,3.0,0.0,2.82,0.006456643724533568
19,1449,924,17293,0,1,,16.200000000000003,36.1,48.0,133.0,15.0,56.199999999999996,27180,33960,6780,0.24944812362030905,4,4,0.0,40.0,0.0,20.0,0.0,-15.0,3.0,0.0,0.0,0.005170932169959125
19,1449,982,17401,0,1,,16.200000000000003,38.2,50.82,133.0,10.0,54.099999999999994,27180,1000,26180,0.9632082413539367,6,6,0.0,40.0,0.0,20.0,0.0,-15.0,3.0,0.0,2.82,0.004247373602750311
19,1449,1031,17682,0,1,,16.200000000000003,35.3,46.92,133.0,18.0,57.0,27180,24820,2360,0.08682855040470934,12,12,0.0,40.0,0.0,20.0,0.0,-15.0,0.0,0.0,1.92,0.0037342386571013455
19,1449,598,16719,0,1,,16.200000000000003,35.3,46.92,133.0,19.0,57.0,27180,29600,2420,0.08903605592347315,10,-10,0.0,40.0,0.0,20.0,0.0,-15.0,0.0,0.0,1.92,0.00369120346523344
19,1449,1036,17679,0,1,,16.200000000000003,36.0,47.82,133.0,17.0,56.3,27180,34120,6940,0.25533480500367917,12,12,0.0,40.0,0.0,20.0,0.0,-15.0,0.0,0.0,2.82,0.0036818760191079276
19,1449,645,16811,0,1,,16.200000000000003,36.3,48.26,133.0,13.0,56.0,27180,40300,13120,0.48270787343635024,9,-9,0.0,40.0,0.0,20.0,0.0,-15.0,0.0,0.0,3.26,0.003594124796973972
19,1449,605,16748,0,1,,16.200000000000003,36.0,47.82,133.0,16.0,56.3,27180,38860,11680,0.4297277409860191,10,-10,0.0,40.0,0.0,20.0,0.0,-15.0,0.0,0.0,2.82,0.003393964393344729
19,1449,1008,17498,0,1,,16.200000000000003,37.6,50.05,133.0,12.0,54.699999999999996,27180,760,26420,0.9720382634289919,10,10,0.0,40.0,0.0,20.0,0.0,-15.0,0.0,0.0,5.05,0.003290263291632866
19,1449,677,16854,0,1,,16.200000000000003,36.1,48.0,133.0,14.0,56.199999999999996,27180,1442,25738,0.9469462840323768,7,-7,0.0,40.0,0.0,20.0,0.0,-15.0,3.0,0.0,0.0,0.0032306468826370544
19,1449,660,16821,0,1,,16.200000000000003,33.8,45.0,133.0,24.0,58.5,27180,19060,8120,0.29874908020603386,8,-8,0.0,40.0,0.0,20.0,0.0,-15.0,0.0,0.0,0.0,0.003090727281031488
19,1449,1021,17564,0,1,,16.200000000000003,33.8,45.0,133.0,25.0,58.5,27180,33680,6500,0.23914643119941134,11,11,0.0,40.0,0.0,20.0,0.0,-15.0,0.0,0.0,0.0,0.0030417030208430627
19,1449,644,16810,0,1,,16.200000000000003,33.8,45.0,133.0,26.0,58.5,27180,39540,12360,0.45474613686534215,9,-9,0.0,40.0,0.0,20.0,0.0,-15.0,0.0,0.0,0.0,0.002737183190798986
19,1449,658,16817,0,1,,16.200000000000003,35.3,46.92,133.0,21.0,57.0,27180,880,26300,0.9676232523914643,8,-8,0.0,40.0,0.0,20.0,0.0,-15.0,0.0,0.0,1.92,0.0025933155753320946
19,1449,1037,17687,0,1,,16.200000000000003,33.8,45.0,133.0,27.0,58.5,27180,15760,11420,0.4201618837380427,13,13,0.0,40.0,0.0,20.0,0.0,-15.0,0.0,0.0,0.0,0.0025852625953837667
19,1449,657,16817,0,1,,16.200000000000003,35.3,46.92,133.0,22.0,57.0,27180,940,26240,0.9654157468727005,8,-8,0.0,40.0,0.0,20.0,0.0,-15.0,0.0,0.0,1.92,0.0025811106327569815
19,1449,656,16817,0,1,,16.200000000000003,35.3,46.92,133.0,23.0,57.0,27180,1240,25940,0.9543782192788816,8,-8,0.0,40.0,0.0,20.0,0.0,-15.0,0.0,0.0,1.92,0.002579784858423426
19,1449,659,16817,0,1,,16.200000000000003,35.3,46.92,133.0,20.0,57.0,27180,-810,27990,1.0298013245033113,8,-8,0.0,40.0,0.0,20.0,0.0,-15.0,0.0,0.0,1.92,0.002532239986847372
19,1449,661,16825,0,1,,16.200000000000003,0.0,-23.85,133.0,28.0,92.3,27180,27640,460,0.01692420897718911,8,-8,0.0,0.0,-40.0,0.0,16.15,0.0,0.0,0.0,0.0,0.0014238385810240266
20,1448,891,17223,1,1,top_clean_score_margin_weight_date,54.300000000000004,90.4,131.07,145.0,1.0,0.0,44380,44380,0,0.0,0,0,1.0,40.0,0.0,20.0,40.0,0.0,25.0,6.07,0.0,0.9883023536237857
20,1448,940,17371,0,1,,54.300000000000004,36.1,48.0,133.0,3.0,54.300000000000004,44380,46900,2520,0.056782334384858045,5,5,0.0,40.0,0.0,20.0,0.0,-15.0,3.0,0.0,0.0,0.0052296943840579166
20,1448,730,17010,0,1,,54.300000000000004,36.1,48.0,133.0,2.0,54.300000000000004,44380,40340,4040,0.09103199639477241,4,-4,0.0,40.0,0.0,20.0,0.0,-15.0,3.0,0.0,0.0,0.005160316814181008
20,1448,606,16749,0,1,,54.300000000000004,33.8,45.0,133.0,4.0,56.60000000000001,44380,34200,10180,0.22938260477692654,10,-10,0.0,40.0,0.0,20.0,0.0,-15.0,0.0,0.0,0.0,0.002858031202466833
20,1448,1013,17548,0,1,,54.300000000000004,33.8,45.0,133.0,5.0,56.60000000000001,44380,20060,24320,0.54799459215863,10,10,0.0,40.0,0.0,20.0,0.0,-15.0,0.0,0.0,0.0,0.002462672206174301
20,1448,1044,17718,0,1,,54.300000000000004,33.8,45.0,133.0,6.0,56.60000000000001,44380,25600,18780,0.4231635872014421,13,13,0.0,40.0,0.0,20.0,0.0,-15.0,0.0,0.0,0.0,0.0024190573071055624
21,1447,731,17011,0,0,,13.099999999999994,79.6,105.82,133.0,1.0,0.0,27840,27840,0,0.0,4,-4,0.0,40.0,0.0,20.0,40.0,0.0,3.0,0.0,2.82,0.8876225930938179
21,1447,892,17225,0,0,,13.099999999999994,66.5,96.44,145.0,2.0,13.099999999999994,27840,27180,660,0.023706896551724137,0,0,1.0,40.0,0.0,20.0,2.59,0.0,25.0,6.03,2.82,0.714291486273263
21,1447,784,17037,0,0,,13.099999999999994,5.6,7.5,133.0,28.0,74.0,27840,27880,40,0.0014367816091954023,3,-3,0.0,0.0,-40.0,0.0,40.0,0.0,7.5,0.0,0.0,0.025712704966685873
21,1447,798,17145,0,0,,13.099999999999994,48.9,65.05,133.0,3.0,30.699999999999996,27840,1100,26740,0.9604885057471264,1,-1,0.0,40.0,0.0,20.0,0.0,-15.0,15.0,0.0,5.05,0.023032498905394768
21,1447,799,17145,0,0,,13.099999999999994,48.9,65.05,133.0,4.0,30.699999999999996,27840,1180,26660,0.9576149425287356,1,-1,0.0,40.0,0.0,20.0,0.0,-15.0,15.0,0.0,5.05,0.022933902463465317
21,1447,801,17145,0,0,,13.099999999999994,48.9,65.05,133.0,5.0,30.699999999999996,27840,576,27264,0.9793103448275862,1,-1,0.0,40.0,0.0,20.0,0.0,-15.0,15.0,0.0,5.05,0.02257156390745476
21,1447,795,17142,0,0,,13.099999999999994,45.1,60.0,133.0,7.0,34.49999999999999,27840,16580,11260,0.40445402298850575,1,-1,0.0,40.0,0.0,20.0,0.0,-15.0,15.0,0.0,0.0,0.021365261208996875
21,1447,859,17182,0,0,,13.099999999999994,45.1,60.0,133.0,6.0,34.49999999999999,27840,10120,17720,0.6364942528735632,1,-1,0.0,40.0,0.0,20.0,0.0,-15.0,15.0,0.0,0.0,0.019245442957966315
21,1447,775,17016,0,0,,13.099999999999994,39.5,52.5,133.0,8.0,40.099999999999994,27840,31860,4020,0.14439655172413793,3,-3,0.0,40.0,0.0,20.0,0.0,-15.0,7.5,0.0,0.0,0.011944638210334204
21,1447,984,17409,0,0,,13.099999999999994,38.2,50.82,133.0,9.0,41.39999999999999,27840,29080,1240,0.04454022988505747,6,6,0.0,40.0,0.0,20.0,0.0,-15.0,3.0,0.0,2.82,0.00945138141621472
21,1447,661,16825,0,0,,13.099999999999994,0.0,-4.37,133.0,29.0,79.6,27840,27640,200,0.007183908045977011,8,-8,0.0,0.0,-40.0,0.0,35.63,0.0,0.0,0.0,0.0,0.008268038827992466
21,1447,968,17385,0,0,,13.099999999999994,36.1,48.0,133.0,13.0,43.49999999999999,27840,27020,820,0.029454022988505746,6,6,0.0,40.0,0.0,20.0,0.0,-15.0,3.0,0.0,0.0,0.0077873492795047725
21,1447,924,17293,0,0,,13.099999999999994,36.1,48.0,133.0,15.0,43.49999999999999,27840,33960,6120,0.21982758620689655,4,4,0.0,40.0,0.0,20.0,0.0,-15.0,3.0,0.0,0.0,0.007493056905340762
21,1447,982,17401,0,0,,13.099999999999994,38.2,50.82,133.0,10.0,41.39999999999999,27840,1000,26840,0.9640804597701149,6,6,0.0,40.0,0.0,20.0,0.0,-15.0,3.0,0.0,2.82,0.006037266977938548
21,1447,598,16719,0,0,,13.099999999999994,35.3,46.92,133.0,19.0,44.3,27840,29600,1760,0.06321839080459771,10,-10,0.0,40.0,0.0,20.0,0.0,-15.0,0.0,0.0,1.92,0.005348796453218
21,1447,1036,17679,0,0,,13.099999999999994,36.0,47.82,133.0,17.0,43.599999999999994,27840,34120,6280,0.22557471264367815,12,12,0.0,40.0,0.0,20.0,0.0,-15.0,0.0,0.0,2.82,0.005339026723142104
21,1447,1031,17682,0,0,,13.099999999999994,35.3,46.92,133.0,18.0,44.3,27840,24820,3020,0.10847701149425287,12,12,0.0,40.0,0.0,20.0,0.0,-15.0,0.0,0.0,1.92,0.00528955760499266
21,1447,645,16811,0,0,,13.099999999999994,36.3,48.26,133.0,12.0,43.3,27840,40300,12460,0.4475574712643678,9,-9,0.0,40.0,0.0,20.0,0.0,-15.0,0.0,0.0,3.26,0.005247061737740102
21,1447,605,16748,0,0,,13.099999999999994,36.0,47.82,133.0,16.0,43.599999999999994,27840,38860,11020,0.3958333333333333,10,-10,0.0,40.0,0.0,20.0,0.0,-15.0,0.0,0.0,2.82,0.004925775432981111
21,1447,1008,17498,0,0,,13.099999999999994,37.6,50.05,133.0,11.0,41.99999999999999,27840,760,27080,0.9727011494252874,10,10,0.0,40.0,0.0,20.0,0.0,-15.0,0.0,0.0,5.05,0.004705897749245683
21,1447,677,16854,0,0,,13.099999999999994,36.1,48.0,133.0,14.0,43.49999999999999,27840,1442,26398,0.9482040229885057,7,-7,0.0,40.0,0.0,20.0,0.0,-15.0,3.0,0.0,0.0,0.004593742709365578
21,1447,1021,17564,0,0,,13.099999999999994,33.8,45.0,133.0,25.0,45.8,27840,33680,5840,0.20977011494252873,11,11,0.0,40.0,0.0,20.0,0.0,-15.0,0.0,0.0,0.0,0.004411698580808599
21,1447,660,16821,0,0,,13.099999999999994,33.8,45.0,133.0,24.0,45.8,27840,19060,8780,0.31537356321839083,8,-8,0.0,40.0,0.0,20.0,0.0,-15.0,0.0,0.0,0.0,0.004383099632398794
21,1447,644,16810,0,0,,13.099999999999994,33.8,45.0,133.0,26.0,45.8,27840,39540,11700,0.4202586206896552,9,-9,0.0,40.0,0.0,20.0,0.0,-15.0,0.0,0.0,0.0,0.003974166290846968
21,1447,658,16817,0,0,,13.099999999999994,35.3,46.92,133.0,21.0,44.3,27840,880,26960,0.9683908045977011,8,-8,0.0,40.0,0.0,20.0,0.0,-15.0,0.0,0.0,1.92,0.0036888199893735816
21,1447,657,16817,0,0,,13.099999999999994,35.3,46.92,133.0,22.0,44.3,27840,940,26900,0.9662356321839081,8,-8,0.0,40.0,0.0,20.0,0.0,-15.0,0.0,0.0,1.92,0.0036714441819912544
21,1447,656,16817,0,0,,13.099999999999994,35.3,46.92,133.0,23.0,44.3,27840,1240,26600,0.9554597701149425,8,-8,0.0,40.0,0.0,20.0,0.0,-15.0,0.0,0.0,1.92,0.0036693902062714485
21,1447,1037,17687,0,0,,13.099999999999994,33.8,45.0,133.0,27.0,45.8,27840,15760,12080,0.4339080459770115,13,13,0.0,40.0,0.0,20.0,0.0,-15.0,0.0,0.0,0.0,0.003668926485183715
21,1447,659,16817,0,0,,13.099999999999994,35.3,46.92,133.0,20.0,44.3,27840,-810,28650,1.0290948275862069,8,-8,0.0,40.0,0.0,20.0,0.0,-15.0,0.0,0.0,1.92,0.0036029786332357995
21,1447,939,17323,0,0,,13.099999999999994,0.0,-30.1,133.0,30.0,79.6,27840,28440,600,0.021551724137931036,4,4,0.0,0.0,-40.0,0.0,6.9,0.0,3.0,0.0,0.0,0.0014108026502295723
22,1445,861,17189,1,1,top_clean_score_margin_weight_date,38.00000000000001,90.4,131.03,145.0,1.0,0.0,12280,12280,0,0.0,0,0,1.0,40.0,0.0,20.0,40.0,0.0,25.0,6.03,0.0,0.9912992656598038
22,1445,860,17188,0,1,,38.00000000000001,52.4,76.04,145.0,2.0,38.00000000000001,12280,56480,44200,3.599348534201954,0,0,1.0,40.0,0.0,20.0,0.0,-15.0,25.0,6.04,0.0,0.05664332121670102
22,1445,792,17167,0,1,,38.00000000000001,45.1,60.0,133.0,3.0,45.300000000000004,12280,15220,2940,0.23941368078175895,1,-1,0.0,40.0,0.0,20.0,0.0,-15.0,15.0,0.0,0.0,0.020923658641551875
22,1445,863,17281,0,1,,38.00000000000001,45.1,60.0,133.0,4.0,45.300000000000004,12280,333,11947,0.9728827361563518,1,1,0.0,40.0,0.0,20.0,0.0,-15.0,15.0,0.0,0.0,0.016708073741439594
22,1445,914,17239,0,1,,38.00000000000001,45.1,60.0,133.0,9.0,45.300000000000004,12280,1184,11096,0.9035830618892509,1,1,0.0,40.0,0.0,20.0,0.0,-15.0,15.0,0.0,0.0,0.016589987227786998
22,1445,882,17281,0,1,,38.00000000000001,45.1,60.0,133.0,6.0,45.300000000000004,12280,427,11853,0.9652280130293159,1,1,0.0,40.0,0.0,20.0,0.0,-15.0,15.0,0.0,0.0,0.01655809881157057
22,1445,864,17281,0,1,,38.00000000000001,45.1,60.0,133.0,5.0,45.300000000000004,12280,95,12185,0.9922638436482085,1,1,0.0,40.0,0.0,20.0,0.0,-15.0,15.0,0.0,0.0,0.01651445045499649
22,1445,900,17239,0,1,,38.00000000000001,45.1,60.0,133.0,7.0,45.300000000000004,12280,209,12071,0.9829804560260587,1,1,0.0,40.0,0.0,20.0,0.0,-15.0,15.0,0.0,0.0,0.01637439796357315
22,1445,909,17239,0,1,,38.00000000000001,45.1,60.0,133.0,8.0,45.300000000000004,12280,125,12155,0.9898208469055375,1,1,0.0,40.0,0.0,20.0,0.0,-15.0,15.0,0.0,0.0,0.016247234109126533
22,1445,915,17239,0,1,,38.00000000000001,45.1,60.0,133.0,10.0,45.300000000000004,12280,271,12009,0.9779315960912052,1,1,0.0,40.0,0.0,20.0,0.0,-15.0,15.0,0.0,0.0,0.016122351154893078
22,1445,793,17112,0,1,,38.00000000000001,1.7,2.2,133.0,26.0,88.7,12280,12420,140,0.011400651465798045,1,-1,0.0,0.0,-40.0,0.0,27.2,0.0,15.0,0.0,0.0,0.010638384168925893
22,1445,925,17303,0,1,,38.00000000000001,36.1,48.0,133.0,20.0,54.300000000000004,12280,15180,2900,0.23615635179153094,5,5,0.0,40.0,0.0,20.0,0.0,-15.0,3.0,0.0,0.0,0.0061734474872249855
22,1445,943,17341,0,1,,38.00000000000001,36.1,48.0,133.0,11.0,54.300000000000004,12280,17080,4800,0.39087947882736157,6,6,0.0,40.0,0.0,20.0,0.0,-15.0,3.0,0.0,0.0,0.006005489225428167
22,1445,941,17329,0,1,,38.00000000000001,36.1,48.0,133.0,18.0,54.300000000000004,12280,8600,3680,0.2996742671009772,6,6,0.0,40.0,0.0,20.0,0.0,-15.0,3.0,0.0,0.0,0.005928181603431928
22,1445,921,17276,0,1,,38.00000000000001,36.1,48.0,133.0,21.0,54.300000000000004,12280,4760,7520,0.6123778501628665,4,4,0.0,40.0,0.0,20.0,0.0,-15.0,3.0,0.0,0.0,0.0056311032094716424
22,1445,918,17284,0,1,,38.00000000000001,36.1,48.0,133.0,22.0,54.300000000000004,12280,19820,7540,0.6140065146579805,4,4,0.0,40.0,0.0,20.0,0.0,-15.0,3.0,0.0,0.0,0.005605730790720164
22,1445,951,17350,0,1,,38.00000000000001,36.1,48.0,133.0,12.0,54.300000000000004,12280,75,12205,0.9938925081433225,6,6,0.0,40.0,0.0,20.0,0.0,-15.0,3.0,0.0,0.0,0.004943080609613463
22,1445,950,17350,0,1,,38.00000000000001,36.1,48.0,133.0,13.0,54.300000000000004,12280,82,12198,0.9933224755700326,6,6,0.0,40.0,0.0,20.0,0.0,-15.0,3.0,0.0,0.0,0.004915589100433901
22,1445,949,17350,0,1,,38.00000000000001,36.1,48.0,133.0,14.0,54.300000000000004,12280,138,12142,0.9887622149837133,6,6,0.0,40.0,0.0,20.0,0.0,-15.0,3.0,0.0,0.0,0.004894332392445534
22,1445,948,17350,0,1,,38.00000000000001,36.1,48.0,133.0,15.0,54.300000000000004,12280,139,12141,0.9886807817589577,6,6,0.0,40.0,0.0,20.0,0.0,-15.0,3.0,0.0,0.0,0.004866369581112002
22,1445,947,17350,0,1,,38.00000000000001,36.1,48.0,133.0,16.0,54.300000000000004,12280,204,12076,0.9833876221498371,6,6,0.0,40.0,0.0,20.0,0.0,-15.0,3.0,0.0,0.0,0.00484643157919711
22,1445,922,17277,0,1,,38.00000000000001,36.1,48.0,133.0,17.0,54.300000000000004,12280,29980,17700,1.4413680781758957,4,4,0.0,40.0,0.0,20.0,0.0,-15.0,3.0,0.0,0.0,0.0044686743510921455
22,1445,939,17323,0,1,,38.00000000000001,36.1,48.0,133.0,19.0,54.300000000000004,12280,28440,16160,1.3159609120521172,5,5,0.0,40.0,0.0,20.0,0.0,-15.0,3.0,0.0,0.0,0.004448986468091337
22,1445,1014,17549,0,1,,38.00000000000001,33.8,45.0,133.0,25.0,56.60000000000001,12280,14240,1960,0.15960912052117263,11,11,0.0,40.0,0.0,20.0,0.0,-15.0,0.0,0.0,0.0,0.003932763041502962
22,1445,1001,17496,0,1,,38.00000000000001,33.8,45.0,133.0,24.0,56.60000000000001,12280,945,11335,0.9230456026058632,11,11,0.0,40.0,0.0,20.0,0.0,-15.0,0.0,0.0,0.0,0.0031155107953373083
22,1445,999,17496,0,1,,38.00000000000001,33.8,45.0,133.0,23.0,56.60000000000001,12280,191,12089,0.9844462540716612,11,11,0.0,40.0,0.0,20.0,0.0,-15.0,0.0,0.0,0.0,0.0030740264066627756
23,1444,860,17188,1,1,top_clean_score_margin_weight_date,38.00000000000001,90.4,131.03,145.0,1.0,0.0,56480,56480,0,0.0,0,0,1.0,40.0,0.0,20.0,40.0,0.0,25.0,6.03,0.0,0.9868862836288389
23,1444,861,17189,0,1,,38.00000000000001,52.4,76.02,145.0,2.0,38.00000000000001,56480,12280,44200,0.7825779036827195,0,0,1.0,40.0,0.0,20.0,0.0,-15.0,25.0,6.02,0.0,0.0607935768330996
23,1444,792,17167,0,1,,38.00000000000001,45.1,60.0,133.0,3.0,45.300000000000004,56480,15220,41260,0.7305240793201133,1,-1,0.0,40.0,0.0,20.0,0.0,-15.0,15.0,0.0,0.0,0.008404279518392031
23,1444,863,17281,0,1,,38.00000000000001,45.1,60.0,133.0,4.0,45.300000000000004,56480,333,56147,0.9941041076487253,1,1,0.0,40.0,0.0,20.0,0.0,-15.0,15.0,0.0,0.0,0.006824879128412349
23,1444,864,17281,0,1,,38.00000000000001,45.1,60.0,133.0,5.0,45.300000000000004,56480,95,56385,0.9983179886685553,1,1,0.0,40.0,0.0,20.0,0.0,-15.0,15.0,0.0,0.0,0.006763106775286643
23,1444,882,17281,0,1,,38.00000000000001,45.1,60.0,133.0,6.0,45.300000000000004,56480,427,56053,0.9924398016997167,1,1,0.0,40.0,0.0,20.0,0.0,-15.0,15.0,0.0,0.0,0.006755851490752616
23,1444,914,17239,0,1,,38.00000000000001,45.1,60.0,133.0,9.0,45.300000000000004,56480,1184,55296,0.9790368271954675,1,1,0.0,40.0,0.0,20.0,0.0,-15.0,15.0,0.0,0.0,0.0067115260041125885
23,1444,900,17239,0,1,,38.00000000000001,45.1,60.0,133.0,7.0,45.300000000000004,56480,209,56271,0.9962995750708216,1,1,0.0,40.0,0.0,20.0,0.0,-15.0,15.0,0.0,0.0,0.0066965838163780276
23,1444,909,17239,0,1,,38.00000000000001,45.1,60.0,133.0,8.0,45.300000000000004,56480,125,56355,0.9977868271954674,1,1,0.0,40.0,0.0,20.0,0.0,-15.0,15.0,0.0,0.0,0.006650359660947275
23,1444,915,17239,0,1,,38.00000000000001,45.1,60.0,133.0,10.0,45.300000000000004,56480,271,56209,0.9952018413597734,1,1,0.0,40.0,0.0,20.0,0.0,-15.0,15.0,0.0,0.0,0.0065879040867222165
23,1444,922,17277,0,1,,38.00000000000001,36.1,48.0,133.0,17.0,54.300000000000004,56480,29980,26500,0.46919263456090654,4,4,0.0,40.0,0.0,20.0,0.0,-15.0,3.0,0.0,0.0,0.0031759864116769287
23,1444,939,17323,0,1,,38.00000000000001,36.1,48.0,133.0,19.0,54.300000000000004,56480,28440,28040,0.4964589235127479,5,5,0.0,40.0,0.0,20.0,0.0,-15.0,3.0,0.0,0.0,0.0029762141545272226
23,1444,918,17284,0,1,,38.00000000000001,36.1,48.0,133.0,22.0,54.300000000000004,56480,19820,36660,0.6490793201133145,4,4,0.0,40.0,0.0,20.0,0.0,-15.0,3.0,0.0,0.0,0.0026732474159067983
23,1444,943,17341,0,1,,38.00000000000001,36.1,48.0,133.0,11.0,54.300000000000004,56480,17080,39400,0.6975920679886686,6,6,0.0,40.0,0.0,20.0,0.0,-15.0,3.0,0.0,0.0,0.0025718560095304966
23,1444,925,17303,0,1,,38.00000000000001,36.1,48.0,133.0,20.0,54.300000000000004,56480,15180,41300,0.7312322946175638,5,5,0.0,40.0,0.0,20.0,0.0,-15.0,3.0,0.0,0.0,0.002453634985287852
23,1444,941,17329,0,1,,38.00000000000001,36.1,48.0,133.0,18.0,54.300000000000004,56480,8600,47880,0.8477337110481586,6,6,0.0,40.0,0.0,20.0,0.0,-15.0,3.0,0.0,0.0,0.0021911157291185025
23,1444,921,17276,0,1,,38.00000000000001,36.1,48.0,133.0,21.0,54.300000000000004,56480,4760,51720,0.9157223796033994,4,4,0.0,40.0,0.0,20.0,0.0,-15.0,3.0,0.0,0.0,0.0021733287981979136
23,1444,951,17350,0,1,,38.00000000000001,36.1,48.0,133.0,12.0,54.300000000000004,56480,75,56405,0.9986720963172805,6,6,0.0,40.0,0.0,20.0,0.0,-15.0,3.0,0.0,0.0,0.0020108114692758768
23,1444,950,17350,0,1,,38.00000000000001,36.1,48.0,133.0,13.0,54.300000000000004,56480,82,56398,0.9985481586402266,6,6,0.0,40.0,0.0,20.0,0.0,-15.0,3.0,0.0,0.0,0.0019994369471668947
23,1444,949,17350,0,1,,38.00000000000001,36.1,48.0,133.0,14.0,54.300000000000004,56480,138,56342,0.997556657223796,6,6,0.0,40.0,0.0,20.0,0.0,-15.0,3.0,0.0,0.0,0.001989504258620458
23,1444,948,17350,0,1,,38.00000000000001,36.1,48.0,133.0,15.0,54.300000000000004,56480,139,56341,0.9975389518413598,6,6,0.0,40.0,0.0,20.0,0.0,-15.0,3.0,0.0,0.0,0.0019780822390594115
23,1444,947,17350,0,1,,38.00000000000001,36.1,48.0,133.0,16.0,54.300000000000004,56480,204,56276,0.9963881019830029,6,6,0.0,40.0,0.0,20.0,0.0,-15.0,3.0,0.0,0.0,0.0019685058634435672
23,1444,1014,17549,0,1,,38.00000000000001,33.8,45.0,133.0,25.0,56.60000000000001,56480,14240,42240,0.7478753541076487,11,11,0.0,40.0,0.0,20.0,0.0,-15.0,0.0,0.0,0.0,0.0015042355922830228
23,1444,1001,17496,0,1,,38.00000000000001,33.8,45.0,133.0,24.0,56.60000000000001,56480,945,55535,0.9832684135977338,11,11,0.0,40.0,0.0,20.0,0.0,-15.0,0.0,0.0,0.0,0.0012535771701321298
23,1444,999,17496,0,1,,38.00000000000001,33.8,45.0,133.0,23.0,56.60000000000001,56480,191,56289,0.9966182719546742,11,11,0.0,40.0,0.0,20.0,0.0,-15.0,0.0,0.0,0.0,0.001247461304860646
24,1442,792,17167,0,0,,9.099999999999994,86.5,115.0,133.0,1.0,0.0,15220,15220,0,0.0,1,-1,0.0,40.0,0.0,20.0,40.0,0.0,15.0,0.0,0.0,0.9498122103701767
24,1442,925,17303,0,0,,9.099999999999994,77.4,103.0,133.0,2.0,9.099999999999994,15220,15180,40,0.002628120893561104,5,5,0.0,40.0,0.0,20.0,40.0,0.0,3.0,0.0,0.0,0.8569231112917454
24,1442,861,17189,0,0,,9.099999999999994,50.7,73.51,145.0,3.0,35.8,15220,12280,2940,0.19316688567674112,0,0,1.0,40.0,0.0,20.0,0.0,-15.0,25.0,3.51,0.0,0.12839479887047836
24,1442,860,17188,0,0,,9.099999999999994,50.7,73.52,145.0,4.0,35.8,15220,56480,41260,2.7109067017082786,0,0,1.0,40.0,0.0,20.0,0.0,-15.0,25.0,3.52,0.0,0.05836353247288336
24,1442,863,17281,0,0,,9.099999999999994,45.1,60.0,133.0,5.0,41.4,15220,333,14887,0.9781208935611038,1,1,0.0,40.0,0.0,20.0,0.0,-15.0,15.0,0.0,0.0,0.01748151996131763
24,1442,882,17281,0,0,,9.099999999999994,45.1,60.0,133.0,7.0,41.4,15220,427,14793,0.9719448094612352,1,1,0.0,40.0,0.0,20.0,0.0,-15.0,15.0,0.0,0.0,0.01732024623718483
24,1442,914,17239,0,0,,9.099999999999994,45.1,60.0,133.0,10.0,41.4,15220,1184,14036,0.9222076215505913,1,1,0.0,40.0,0.0,20.0,0.0,-15.0,15.0,0.0,0.0,0.01731748354801819
24,1442,864,17281,0,0,,9.099999999999994,45.1,60.0,133.0,6.0,41.4,15220,95,15125,0.9937582128777924,1,1,0.0,40.0,0.0,20.0,0.0,-15.0,15.0,0.0,0.0,0.017290405962572312
24,1442,900,17239,0,0,,9.099999999999994,45.1,60.0,133.0,8.0,41.4,15220,209,15011,0.9862680683311432,1,1,0.0,40.0,0.0,20.0,0.0,-15.0,15.0,0.0,0.0,0.017138512074036574
24,1442,909,17239,0,0,,9.099999999999994,45.1,60.0,133.0,9.0,41.4,15220,125,15095,0.9917871222076216,1,1,0.0,40.0,0.0,20.0,0.0,-15.0,15.0,0.0,0.0,0.017009447247319513
24,1442,915,17239,0,0,,9.099999999999994,45.1,60.0,133.0,11.0,41.4,15220,271,14949,0.9821944809461235,1,1,0.0,40.0,0.0,20.0,0.0,-15.0,15.0,0.0,0.0,0.016872026582595363
24,1442,943,17341,0,0,,9.099999999999994,36.1,48.0,133.0,18.0,50.4,15220,17080,1860,0.12220762155059132,6,6,0.0,40.0,0.0,20.0,0.0,-15.0,3.0,0.0,0.0,0.006793982850696812
24,1442,918,17284,0,0,,9.099999999999994,36.1,48.0,133.0,22.0,50.4,15220,19820,4600,0.30223390275952694,4,4,0.0,40.0,0.0,20.0,0.0,-15.0,3.0,0.0,0.0,0.0066528466577147165
24,1442,941,17329,0,0,,9.099999999999994,36.1,48.0,133.0,19.0,50.4,15220,8600,6620,0.43495400788436267,6,6,0.0,40.0,0.0,20.0,0.0,-15.0,3.0,0.0,0.0,0.006064675271098655
24,1442,921,17276,0,0,,9.099999999999994,36.1,48.0,133.0,21.0,50.4,15220,4760,10460,0.6872536136662286,4,4,0.0,40.0,0.0,20.0,0.0,-15.0,3.0,0.0,0.0,0.005856257314273232
24,1442,922,17277,0,0,,9.099999999999994,36.1,48.0,133.0,17.0,50.4,15220,29980,14760,0.9697766097240473,4,4,0.0,40.0,0.0,20.0,0.0,-15.0,3.0,0.0,0.0,0.005456701407267021
24,1442,939,17323,0,0,,9.099999999999994,36.1,48.0,133.0,20.0,50.4,15220,28440,13220,0.8685939553219448,5,5,0.0,40.0,0.0,20.0,0.0,-15.0,3.0,0.0,0.0,0.005378418344894581
24,1442,947,17350,0,0,,9.099999999999994,36.1,48.0,133.0,12.0,50.4,15220,204,15016,0.9865965834428384,6,6,0.0,40.0,0.0,20.0,0.0,-15.0,3.0,0.0,0.0,0.00522356597981149
24,1442,951,17350,0,0,,9.099999999999994,36.1,48.0,133.0,13.0,50.4,15220,75,15145,0.9950722733245729,6,6,0.0,40.0,0.0,20.0,0.0,-15.0,3.0,0.0,0.0,0.005178489473088239
24,1442,950,17350,0,0,,9.099999999999994,36.1,48.0,133.0,14.0,50.4,15220,82,15138,0.9946123521681998,6,6,0.0,40.0,0.0,20.0,0.0,-15.0,3.0,0.0,0.0,0.005149595113075677
24,1442,949,17350,0,0,,9.099999999999994,36.1,48.0,133.0,15.0,50.4,15220,138,15082,0.9909329829172142,6,6,0.0,40.0,0.0,20.0,0.0,-15.0,3.0,0.0,0.0,0.005126532233945415
24,1442,948,17350,0,0,,9.099999999999994,36.1,48.0,133.0,16.0,50.4,15220,139,15081,0.9908672798948752,6,6,0.0,40.0,0.0,20.0,0.0,-15.0,3.0,0.0,0.0,0.005097235395760862
24,1442,1014,17549,0,0,,9.099999999999994,33.8,45.0,133.0,25.0,52.7,15220,14240,980,0.06438896189224705,11,11,0.0,40.0,0.0,20.0,0.0,-15.0,0.0,0.0,0.0,0.004398624629041636
24,1442,1001,17496,0,0,,9.099999999999994,33.8,45.0,133.0,24.0,52.7,15220,945,14275,0.937910643889619,11,11,0.0,40.0,0.0,20.0,0.0,-15.0,0.0,0.0,0.0,0.003275080897633491
24,1442,999,17496,0,0,,9.099999999999994,33.8,45.0,133.0,23.0,52.7,15220,191,15029,0.9874507227332457,11,11,0.0,40.0,0.0,20.0,0.0,-15.0,0.0,0.0,0.0,0.0032382833204412254
25,1432,730,17010,1,1,top_clean_score_margin_weight_date,54.300000000000004,90.4,131.02,145.0,1.0,0.0,40340,40340,0,0.0,0,0,1.0,40.0,0.0,20.0,40.0,0.0,25.0,6.02,0.0,0.9887022347003375
25,1432,645,16811,0,1,,54.300000000000004,2.3,3.0,133.0,6.0,88.10000000000001,40340,40300,40,0.0009915716410510659,5,-5,0.0,0.0,-40.0,0.0,40.0,0.0,3.0,0.0,0.0,0.012227116208565203
25,1432,891,17223,0,1,,54.300000000000004,36.1,48.0,133.0,3.0,54.300000000000004,40340,44380,4040,0.10014873574615767,4,4,0.0,40.0,0.0,20.0,0.0,-15.0,3.0,0.0,0.0,0.005472287436496102
25,1432,606,16749,0,1,,54.300000000000004,36.1,48.0,133.0,2.0,54.300000000000004,40340,34200,6140,0.15220624690133863,6,-6,0.0,40.0,0.0,20.0,0.0,-15.0,3.0,0.0,0.0,0.0047965411099000505
25,1432,940,17371,0,1,,54.300000000000004,33.8,45.0,133.0,5.0,56.60000000000001,40340,46900,6560,0.1626177491323748,9,9,0.0,40.0,0.0,20.0,0.0,-15.0,0.0,0.0,0.0,0.0034406692995038414
25,1432,499,16551,0,1,,54.300000000000004,33.8,45.0,133.0,4.0,56.60000000000001,40340,30460,9880,0.2449181953396133,13,-13,0.0,40.0,0.0,20.0,0.0,-15.0,0.0,0.0,0.0,0.002645215954579306
25,1432,644,16810,0,1,,54.300000000000004,0.0,-20.64,133.0,7.0,90.4,40340,39540,800,0.01983143282102132,5,-5,0.0,0.0,-40.0,0.0,10.34,0.0,3.0,0.0,6.02,0.0014346913717970694
26,1426,665,16846,1,1,top_clean_score_margin_weight_date,90.4,90.4,131.05,145.0,1.0,0.0,29040,29040,0,0.0,0,0,1.0,40.0,0.0,20.0,40.0,0.0,25.0,6.05,0.0,0.9898436045293938
26,1426,888,17213,0,1,,90.4,0.0,-16.17,133.0,3.0,90.4,29040,29420,380,0.013085399449035813,8,8,0.0,0.0,-40.0,0.0,23.83,0.0,0.0,0.0,0.0,0.0031418816899600414
26,1426,598,16719,0,1,,90.4,0.0,-13.07,133.0,2.0,90.4,29040,29600,560,0.01928374655647383,2,-2,0.0,0.0,-40.0,0.0,11.43,0.0,7.5,0.0,8.0,0.002534926744785904
26,1426,939,17323,0,1,,90.4,0.0,-31.32,133.0,4.0,90.4,29040,28440,600,0.02066115702479339,12,12,0.0,0.0,-40.0,0.0,8.68,0.0,0.0,0.0,0.0,0.0009199110050235332
27,1424,645,16811,1,1,top_clean_score_margin_weight_date,21.299999999999997,92.6,134.29,145.0,1.0,0.0,40300,40300,0,0.0,0,0,1.0,40.0,0.0,20.0,40.0,0.0,25.0,6.03,3.26,0.9900840624406465
27,1424,644,16810,0,1,,21.299999999999997,71.3,103.32,145.0,2.0,21.299999999999997,40300,39540,760,0.018858560794044667,0,0,1.0,40.0,0.0,20.0,12.28,0.0,25.0,6.04,0.0,0.7905465417031157
27,1424,605,16748,0,1,,21.299999999999997,47.2,62.82,133.0,3.0,45.39999999999999,40300,38860,1440,0.03573200992555831,1,-1,0.0,40.0,0.0,20.0,0.0,-15.0,15.0,0.0,2.82,0.019060177250329283
27,1424,598,16719,0,1,,21.299999999999997,46.6,61.92,133.0,4.0,45.99999999999999,40300,29600,10700,0.2655086848635236,1,-1,0.0,40.0,0.0,20.0,0.0,-15.0,15.0,0.0,1.92,0.015629177695361984
27,1424,660,16821,0,1,,21.299999999999997,45.1,60.0,133.0,9.0,47.49999999999999,40300,19060,21240,0.5270471464019851,1,1,0.0,40.0,0.0,20.0,0.0,-15.0,15.0,0.0,0.0,0.011504495958179865
27,1424,730,17010,0,1,,21.299999999999997,2.3,3.0,133.0,34.0,90.3,40300,40340,40,0.0009925558312655087,5,5,0.0,0.0,-40.0,0.0,40.0,0.0,3.0,0.0,0.0,0.01012607043955902
27,1424,658,16817,0,1,,21.299999999999997,46.6,61.92,133.0,6.0,45.99999999999999,40300,880,39420,0.9781637717121588,1,1,0.0,40.0,0.0,20.0,0.0,-15.0,15.0,0.0,1.92,0.01004416433452876
27,1424,657,16817,0,1,,21.299999999999997,46.6,61.92,133.0,7.0,45.99999999999999,40300,940,39360,0.9766749379652605,1,1,0.0,40.0,0.0,20.0,0.0,-15.0,15.0,0.0,1.92,0.009995979351117555
27,1424,656,16817,0,1,,21.299999999999997,46.6,61.92,133.0,8.0,45.99999999999999,40300,1240,39060,0.9692307692307692,1,1,0.0,40.0,0.0,20.0,0.0,-15.0,15.0,0.0,1.92,0.009984561065749773
27,1424,659,16817,0,1,,21.299999999999997,46.6,61.92,133.0,5.0,45.99999999999999,40300,-810,41110,1.0200992555831265,1,1,0.0,40.0,0.0,20.0,0.0,-15.0,15.0,0.0,1.92,0.009844384683173854
27,1424,549,16576,0,1,,21.299999999999997,38.2,50.82,133.0,12.0,54.39999999999999,40300,36900,3400,0.08436724565756824,7,-7,0.0,40.0,0.0,20.0,0.0,-15.0,3.0,0.0,2.82,0.005100523743076742
27,1424,731,17011,0,1,,21.299999999999997,38.2,50.82,133.0,13.0,54.39999999999999,40300,27840,12460,0.30918114143920594,5,5,0.0,40.0,0.0,20.0,0.0,-15.0,3.0,0.0,2.82,0.004932101661264942
27,1424,677,16854,0,1,,21.299999999999997,39.5,52.5,133.0,10.0,53.099999999999994,40300,1442,38858,0.9642183622828784,2,2,0.0,40.0,0.0,20.0,0.0,-15.0,7.5,0.0,0.0,0.004506483904175185
27,1424,775,17016,0,1,,21.299999999999997,36.1,48.0,133.0,24.0,56.49999999999999,40300,31860,8440,0.20942928039702233,6,6,0.0,40.0,0.0,20.0,0.0,-15.0,3.0,0.0,0.0,0.003991255185030707
27,1424,554,16594,0,1,,21.299999999999997,36.1,48.0,133.0,22.0,56.49999999999999,40300,22520,17780,0.4411910669975186,6,-6,0.0,40.0,0.0,20.0,0.0,-15.0,3.0,0.0,0.0,0.003356300365667928
27,1424,892,17225,0,1,,21.299999999999997,36.0,47.82,133.0,25.0,56.599999999999994,40300,27180,13120,0.32555831265508683,9,9,0.0,40.0,0.0,20.0,0.0,-15.0,0.0,0.0,2.82,0.0031240457755349724
27,1424,540,16553,0,1,,21.299999999999997,36.1,48.0,133.0,23.0,56.49999999999999,40300,19340,20960,0.5200992555831265,7,-7,0.0,40.0,0.0,20.0,0.0,-15.0,3.0,0.0,0.0,0.0030575391319677264
27,1424,547,16573,0,1,,21.299999999999997,37.5,49.92,133.0,18.0,55.099999999999994,40300,740,39560,0.9816377171215881,7,-7,0.0,40.0,0.0,20.0,0.0,-15.0,3.0,0.0,1.92,0.0026652656049912177
27,1424,546,16573,0,1,,21.299999999999997,37.5,49.92,133.0,19.0,55.099999999999994,40300,820,39480,0.9796526054590571,7,-7,0.0,40.0,0.0,20.0,0.0,-15.0,3.0,0.0,1.92,0.0026532010999665485
27,1424,544,16573,0,1,,21.299999999999997,37.5,49.92,133.0,21.0,55.099999999999994,40300,1480,38820,0.9632754342431762,7,-7,0.0,40.0,0.0,20.0,0.0,-15.0,3.0,0.0,1.92,0.0026495434856488023
27,1424,798,17145,0,1,,21.299999999999997,37.6,50.05,133.0,14.0,54.99999999999999,40300,1100,39200,0.9727047146401985,8,8,0.0,40.0,0.0,20.0,0.0,-15.0,0.0,0.0,5.05,0.0026405151252504293
27,1424,545,16573,0,1,,21.299999999999997,37.5,49.92,133.0,20.0,55.099999999999994,40300,860,39440,0.9786600496277915,7,-7,0.0,40.0,0.0,20.0,0.0,-15.0,3.0,0.0,1.92,0.0026395657866301403
27,1424,799,17145,0,1,,21.299999999999997,37.6,50.05,133.0,15.0,54.99999999999999,40300,1180,39120,0.9707196029776675,8,8,0.0,40.0,0.0,20.0,0.0,-15.0,0.0,0.0,5.05,0.0026285623596690477
27,1424,500,16552,0,1,,21.299999999999997,33.8,45.0,133.0,30.0,58.8,40300,49780,9480,0.23523573200992556,8,-8,0.0,40.0,0.0,20.0,0.0,-15.0,0.0,0.0,0.0,0.0026141465803348665
27,1424,548,16573,0,1,,21.299999999999997,37.5,49.92,133.0,17.0,55.099999999999994,40300,-1404,41704,1.0348387096774194,7,-7,0.0,40.0,0.0,20.0,0.0,-15.0,3.0,0.0,1.92,0.002593681168730581
27,1424,801,17145,0,1,,21.299999999999997,37.6,50.05,133.0,16.0,54.99999999999999,40300,576,39724,0.9857071960297766,8,8,0.0,40.0,0.0,20.0,0.0,-15.0,0.0,0.0,5.05,0.0025892644067310425
27,1424,478,16449,0,1,,21.299999999999997,33.8,45.0,133.0,28.0,58.8,40300,38700,1600,0.03970223325062035,12,-12,0.0,40.0,0.0,20.0,0.0,-15.0,0.0,0.0,0.0,0.0025528928318245673
27,1424,924,17293,0,1,,21.299999999999997,33.8,45.0,133.0,33.0,58.8,40300,33960,6340,0.15732009925558313,13,13,0.0,40.0,0.0,20.0,0.0,-15.0,0.0,0.0,0.0,0.0024259804505605215
27,1424,795,17142,0,1,,21.299999999999997,33.8,45.0,133.0,27.0,58.8,40300,16580,23720,0.5885856079404467,8,8,0.0,40.0,0.0,20.0,0.0,-15.0,0.0,0.0,0.0,0.002252137419937644
27,1424,550,16576,0,1,,21.299999999999997,38.4,48.0,125.0,11.0,54.199999999999996,40300,0,40300,1.0,7,-7,0.0,40.0,0.0,20.0,0.0,-15.0,3.0,0.0,0.0,0.0020756320853206507
27,1424,859,17182,0,1,,21.299999999999997,33.8,45.0,133.0,31.0,58.8,40300,10120,30180,0.7488833746898264,8,8,0.0,40.0,0.0,20.0,0.0,-15.0,0.0,0.0,0.0,0.0019923861719407247
27,1424,473,16435,0,1,,21.299999999999997,34.3,45.58,133.0,26.0,58.3,40300,17760,22540,0.5593052109181141,13,-13,0.0,40.0,0.0,20.0,0.0,-15.0,0.0,0.0,0.58,0.0018745207172002395
27,1424,487,16493,0,1,,21.299999999999997,33.8,45.0,133.0,32.0,58.8,40300,10872,29428,0.7302233250620347,9,-9,0.0,40.0,0.0,20.0,0.0,-15.0,0.0,0.0,0.0,0.001824843350110142
27,1424,535,16539,0,1,,21.299999999999997,33.8,45.0,133.0,29.0,58.8,40300,6460,33840,0.8397022332506203,8,-8,0.0,40.0,0.0,20.0,0.0,-15.0,0.0,0.0,0.0,0.0018030348335368212
28,1423,644,16810,1,1,top_clean_score_margin_weight_date,17.400000000000006,90.4,131.03,145.0,1.0,0.0,39540,39540,0,0.0,0,0,1.0,40.0,0.0,20.0,40.0,0.0,25.0,6.03,0.0,0.9887917996635179
28,1423,645,16811,0,1,,17.400000000000006,73.0,105.84,145.0,2.0,17.400000000000006,39540,40300,760,0.019221041982802226,0,0,1.0,40.0,0.0,20.0,11.56,0.0,25.0,6.02,3.26,0.8194596708041375
28,1423,605,16748,0,1,,17.400000000000006,70.2,93.42,133.0,3.0,20.200000000000003,39540,38860,680,0.01719777440566515,1,-1,0.0,40.0,0.0,20.0,15.6,0.0,15.0,0.0,2.82,0.4928495746113875
28,1423,478,16449,0,1,,17.400000000000006,50.8,67.51,133.0,4.0,39.60000000000001,39540,38700,840,0.021244309559939303,12,-12,0.0,40.0,0.0,20.0,7.51,0.0,0.0,0.0,0.0,0.055474105349292424
28,1423,598,16719,0,1,,17.400000000000006,46.6,61.92,133.0,9.0,43.800000000000004,39540,29600,9940,0.25139099645928176,1,-1,0.0,40.0,0.0,20.0,0.0,-15.0,15.0,0.0,1.92,0.016460736664464883
28,1423,660,16821,0,1,,17.400000000000006,45.1,60.0,133.0,10.0,45.300000000000004,39540,19060,20480,0.5179564997470916,1,1,0.0,40.0,0.0,20.0,0.0,-15.0,15.0,0.0,0.0,0.012388461263361563
28,1423,658,16817,0,1,,17.400000000000006,46.6,61.92,133.0,6.0,43.800000000000004,39540,880,38660,0.9777440566514921,1,1,0.0,40.0,0.0,20.0,0.0,-15.0,15.0,0.0,1.92,0.01086261859289988
28,1423,657,16817,0,1,,17.400000000000006,46.6,61.92,133.0,7.0,43.800000000000004,39540,940,38600,0.9762266059686393,1,1,0.0,40.0,0.0,20.0,0.0,-15.0,15.0,0.0,1.92,0.010810604557090603
28,1423,656,16817,0,1,,17.400000000000006,46.6,61.92,133.0,8.0,43.800000000000004,39540,1240,38300,0.9686393525543753,1,1,0.0,40.0,0.0,20.0,0.0,-15.0,15.0,0.0,1.92,0.010798537834149559
28,1423,659,16817,0,1,,17.400000000000006,46.6,61.92,133.0,5.0,43.800000000000004,39540,-810,40350,1.020485584218513,1,1,0.0,40.0,0.0,20.0,0.0,-15.0,15.0,0.0,1.92,0.01064522427597374
28,1423,549,16576,0,1,,17.400000000000006,38.2,50.82,133.0,14.0,52.2,39540,36900,2640,0.06676783004552352,7,-7,0.0,40.0,0.0,20.0,0.0,-15.0,3.0,0.0,2.82,0.005471883073512845
28,1423,731,17011,0,1,,17.400000000000006,38.2,50.82,133.0,13.0,52.2,39540,27840,11700,0.2959028831562974,5,5,0.0,40.0,0.0,20.0,0.0,-15.0,3.0,0.0,2.82,0.005348399630674944
28,1423,677,16854,0,1,,17.400000000000006,39.5,52.5,133.0,11.0,50.900000000000006,39540,1442,38098,0.9635306019221042,2,2,0.0,40.0,0.0,20.0,0.0,-15.0,7.5,0.0,0.0,0.004848168693258593
28,1423,775,17016,0,1,,17.400000000000006,36.1,48.0,133.0,23.0,54.300000000000004,39540,31860,7680,0.19423368740515934,6,6,0.0,40.0,0.0,20.0,0.0,-15.0,3.0,0.0,0.0,0.004354960808889264
28,1423,554,16594,0,1,,17.400000000000006,36.1,48.0,133.0,25.0,54.300000000000004,39540,22520,17020,0.430450177035913,6,-6,0.0,40.0,0.0,20.0,0.0,-15.0,3.0,0.0,0.0,0.003576082837670205
28,1423,892,17225,0,1,,17.400000000000006,36.0,47.82,133.0,26.0,54.400000000000006,39540,27180,12360,0.3125948406676783,9,9,0.0,40.0,0.0,20.0,0.0,-15.0,0.0,0.0,2.82,0.0033685920687592775
28,1423,540,16553,0,1,,17.400000000000006,36.1,48.0,133.0,24.0,54.300000000000004,39540,19340,20200,0.5108750632271117,7,-7,0.0,40.0,0.0,20.0,0.0,-15.0,3.0,0.0,0.0,0.003294711011806777
28,1423,547,16573,0,1,,17.400000000000006,37.5,49.92,133.0,19.0,52.900000000000006,39540,740,38800,0.981284774911482,7,-7,0.0,40.0,0.0,20.0,0.0,-15.0,3.0,0.0,1.92,0.0028675797315050777
28,1423,546,16573,0,1,,17.400000000000006,37.5,49.92,133.0,20.0,52.900000000000006,39540,820,38720,0.9792615073343449,7,-7,0.0,40.0,0.0,20.0,0.0,-15.0,3.0,0.0,1.92,0.0028546213840260613
28,1423,544,16573,0,1,,17.400000000000006,37.5,49.92,133.0,22.0,52.900000000000006,39540,1480,38060,0.962569549822964,7,-7,0.0,40.0,0.0,20.0,0.0,-15.0,3.0,0.0,1.92,0.002850846108584733
28,1423,799,17145,0,1,,17.400000000000006,37.6,50.05,133.0,15.0,52.800000000000004,39540,1180,38360,0.9701568032372281,8,8,0.0,40.0,0.0,20.0,0.0,-15.0,0.0,0.0,5.05,0.002844560685683739
28,1423,545,16573,0,1,,17.400000000000006,37.5,49.92,133.0,21.0,52.900000000000006,39540,860,38680,0.9782498735457764,7,-7,0.0,40.0,0.0,20.0,0.0,-15.0,3.0,0.0,1.92,0.0028399634934829126
28,1423,798,17145,0,1,,17.400000000000006,37.6,50.05,133.0,17.0,52.800000000000004,39540,1100,38440,0.9721800708143652,8,8,0.0,40.0,0.0,20.0,0.0,-15.0,0.0,0.0,5.05,0.0028084623204894807
28,1423,801,17145,0,1,,17.400000000000006,37.6,50.05,133.0,16.0,52.800000000000004,39540,576,38964,0.985432473444613,8,8,0.0,40.0,0.0,20.0,0.0,-15.0,0.0,0.0,5.05,0.0028018993322168092
28,1423,548,16573,0,1,,17.400000000000006,37.5,49.92,133.0,18.0,52.900000000000006,39540,-1404,40944,1.0355083459787557,7,-7,0.0,40.0,0.0,20.0,0.0,-15.0,3.0,0.0,1.92,0.002790070413894745
28,1423,500,16552,0,1,,17.400000000000006,33.8,45.0,133.0,30.0,56.60000000000001,39540,49780,10240,0.2589782498735458,8,-8,0.0,40.0,0.0,20.0,0.0,-15.0,0.0,0.0,0.0,0.0027706424224162316
28,1423,924,17293,0,1,,17.400000000000006,33.8,45.0,133.0,33.0,56.60000000000001,39540,33960,5580,0.1411229135053111,13,13,0.0,40.0,0.0,20.0,0.0,-15.0,0.0,0.0,0.0,0.0026326699930763484
28,1423,795,17142,0,1,,17.400000000000006,33.8,45.0,133.0,28.0,56.60000000000001,39540,16580,22960,0.5806777946383409,8,8,0.0,40.0,0.0,20.0,0.0,-15.0,0.0,0.0,0.0,0.0024264197431607725
28,1423,550,16576,0,1,,17.400000000000006,38.4,48.0,125.0,12.0,52.00000000000001,39540,0,39540,1.0,7,-7,0.0,40.0,0.0,20.0,0.0,-15.0,3.0,0.0,0.0,0.0022331487926752587
28,1423,859,17182,0,1,,17.400000000000006,33.8,45.0,133.0,31.0,56.60000000000001,39540,10120,29420,0.7440566514921598,8,8,0.0,40.0,0.0,20.0,0.0,-15.0,0.0,0.0,0.0,0.0021578536288111077
28,1423,473,16435,0,1,,17.400000000000006,34.3,45.58,133.0,27.0,56.10000000000001,39540,17760,21780,0.5508345978755691,13,-13,0.0,40.0,0.0,20.0,0.0,-15.0,0.0,0.0,0.58,0.0020198420576592116
28,1423,487,16493,0,1,,17.400000000000006,33.8,45.0,133.0,32.0,56.60000000000001,39540,10872,28668,0.7250379362670714,9,-9,0.0,40.0,0.0,20.0,0.0,-15.0,0.0,0.0,0.0,0.0019765498346128456
28,1423,535,16539,0,1,,17.400000000000006,33.8,45.0,133.0,29.0,56.60000000000001,39540,6460,33080,0.8366211431461811,8,-8,0.0,40.0,0.0,20.0,0.0,-15.0,0.0,0.0,0.0,0.001952202185967902
28,1423,730,17010,0,1,,17.400000000000006,0.0,-27.47,133.0,34.0,90.4,39540,40340,800,0.020232675771370764,5,5,0.0,0.0,-40.0,0.0,9.53,0.0,3.0,0.0,0.0,0.0010571885878299036
29,1417,606,16749,1,1,top_clean_score_margin_weight_date,54.300000000000004,90.4,131.05,145.0,1.0,0.0,34200,34200,0,0.0,0,0,1.0,40.0,0.0,20.0,40.0,0.0,25.0,6.05,0.0,0.9893451587147665
29,1417,730,17010,0,1,,54.300000000000004,36.1,48.0,133.0,3.0,54.300000000000004,34200,40340,6140,0.17953216374269007,6,6,0.0,40.0,0.0,20.0,0.0,-15.0,3.0,0.0,0.0,0.00524458051635727
29,1417,499,16551,0,1,,54.300000000000004,36.1,48.0,133.0,2.0,54.300000000000004,34200,30460,3740,0.10935672514619883,7,-7,0.0,40.0,0.0,20.0,0.0,-15.0,3.0,0.0,0.0,0.005056234697885446
29,1417,891,17223,0,1,,54.300000000000004,33.8,45.0,133.0,5.0,56.60000000000001,34200,44380,10180,0.2976608187134503,10,10,0.0,40.0,0.0,20.0,0.0,-15.0,0.0,0.0,0.0,0.003315325921161186
29,1417,472,16434,0,1,,54.300000000000004,33.8,45.0,133.0,4.0,56.60000000000001,34200,35920,1720,0.050292397660818715,12,-12,0.0,40.0,0.0,20.0,0.0,-15.0,0.0,0.0,0.0,0.003297923697988954
30,1416,605,16748,1,1,top_clean_score_margin_weight_date,17.099999999999994,92.3,133.87,145.0,1.0,0.0,38860,38860,0,0.0,0,0,1.0,40.0,0.0,20.0,40.0,0.0,25.0,6.05,2.82,0.9900530268771084
30,1416,478,16449,0,1,,17.099999999999994,75.2,100.0,133.0,2.0,17.099999999999994,38860,38700,160,0.004117344312918168,11,-11,0.0,40.0,0.0,20.0,40.0,0.0,0.0,0.0,0.0,0.7069607211993317
30,1416,644,16810,0,1,,17.099999999999994,67.7,90.0,133.0,3.0,24.599999999999994,38860,39540,680,0.017498713329902212,1,1,0.0,40.0,0.0,20.0,15.0,0.0,15.0,0.0,0.0,0.4219090858150925
30,1416,598,16719,0,1,,17.099999999999994,57.2,82.99,145.0,4.0,35.099999999999994,38860,29600,9260,0.23829130211013896,0,0,1.0,40.0,0.0,20.0,0.0,-15.0,25.0,11.07,1.92,0.17180334743539463
30,1416,645,16811,0,1,,17.099999999999994,47.6,63.26,133.0,5.0,44.699999999999996,38860,40300,1440,0.03705609881626351,1,1,0.0,40.0,0.0,20.0,0.0,-15.0,15.0,0.0,3.26,0.020009951401567055
30,1416,660,16821,0,1,,17.099999999999994,39.5,52.5,133.0,11.0,52.8,38860,19060,19800,0.5095213587236233,2,2,0.0,40.0,0.0,20.0,0.0,-15.0,7.5,0.0,0.0,0.00611723595974752
30,1416,549,16576,0,1,,17.099999999999994,38.2,50.82,133.0,13.0,54.099999999999994,38860,36900,1960,0.050437467833247554,6,-6,0.0,40.0,0.0,20.0,0.0,-15.0,3.0,0.0,2.82,0.005506401337567214
30,1416,658,16817,0,1,,17.099999999999994,40.9,54.42,133.0,7.0,51.4,38860,880,37980,0.9773546062789501,2,2,0.0,40.0,0.0,20.0,0.0,-15.0,7.5,0.0,1.92,0.005322442453643708
30,1416,657,16817,0,1,,17.099999999999994,40.9,54.42,133.0,8.0,51.4,38860,940,37920,0.9758106021616058,2,2,0.0,40.0,0.0,20.0,0.0,-15.0,7.5,0.0,1.92,0.005296839562954772
30,1416,656,16817,0,1,,17.099999999999994,40.9,54.42,133.0,9.0,51.4,38860,1240,37620,0.9680905815748841,2,2,0.0,40.0,0.0,20.0,0.0,-15.0,7.5,0.0,1.92,0.005291018677232358
30,1416,659,16817,0,1,,17.099999999999994,40.9,54.42,133.0,6.0,51.4,38860,-810,39670,1.0208440555841483,2,2,0.0,40.0,0.0,20.0,0.0,-15.0,7.5,0.0,1.92,0.005214649066461771
30,1416,731,17011,0,1,,17.099999999999994,38.2,50.82,133.0,14.0,54.099999999999994,38860,27840,11020,0.2835820895522388,6,6,0.0,40.0,0.0,20.0,0.0,-15.0,3.0,0.0,2.82,0.004956836488075798
30,1416,677,16854,0,1,,17.099999999999994,39.5,52.5,133.0,10.0,52.8,38860,1442,37418,0.962892434379825,3,3,0.0,40.0,0.0,20.0,0.0,-15.0,7.5,0.0,0.0,0.004535700933157099
30,1416,775,17016,0,1,,17.099999999999994,36.1,48.0,133.0,27.0,56.199999999999996,38860,31860,7000,0.18013381369016984,7,7,0.0,40.0,0.0,20.0,0.0,-15.0,3.0,0.0,0.0,0.003967942444689698
30,1416,554,16594,0,1,,17.099999999999994,36.1,48.0,133.0,23.0,56.199999999999996,38860,22520,16340,0.4204837879567679,5,-5,0.0,40.0,0.0,20.0,0.0,-15.0,3.0,0.0,0.0,0.0036154007267671516
30,1416,500,16552,0,1,,17.099999999999994,36.1,48.0,133.0,26.0,56.199999999999996,38860,49780,10920,0.281008749356665,7,-7,0.0,40.0,0.0,20.0,0.0,-15.0,3.0,0.0,0.0,0.0035879175797165585
30,1416,540,16553,0,1,,17.099999999999994,36.1,48.0,133.0,24.0,56.199999999999996,38860,19340,19520,0.5023160061760165,6,-6,0.0,40.0,0.0,20.0,0.0,-15.0,3.0,0.0,0.0,0.003291944366024973
30,1416,892,17225,0,1,,17.099999999999994,36.0,47.82,133.0,28.0,56.3,38860,27180,11680,0.30056613484302624,10,10,0.0,40.0,0.0,20.0,0.0,-15.0,0.0,0.0,2.82,0.0031034128032195974
30,1416,545,16573,0,1,,17.099999999999994,37.5,49.92,133.0,18.0,54.8,38860,860,38000,0.9778692743180648,6,-6,0.0,40.0,0.0,20.0,0.0,-15.0,3.0,0.0,1.92,0.0028829092892656157
30,1416,544,16573,0,1,,17.099999999999994,37.5,49.92,133.0,20.0,54.8,38860,1480,37380,0.961914565105507,6,-6,0.0,40.0,0.0,20.0,0.0,-15.0,3.0,0.0,1.92,0.0028774557968524565
30,1416,546,16573,0,1,,17.099999999999994,37.5,49.92,133.0,19.0,54.8,38860,820,38040,0.9788986103962944,6,-6,0.0,40.0,0.0,20.0,0.0,-15.0,3.0,0.0,1.92,0.00286455024310033
30,1416,547,16573,0,1,,17.099999999999994,37.5,49.92,133.0,22.0,54.8,38860,740,38120,0.9809572825527535,6,-6,0.0,40.0,0.0,20.0,0.0,-15.0,3.0,0.0,1.92,0.0028119180264455875
30,1416,548,16573,0,1,,17.099999999999994,37.5,49.92,133.0,21.0,54.8,38860,-1404,40264,1.0361296963458568,6,-6,0.0,40.0,0.0,20.0,0.0,-15.0,3.0,0.0,1.92,0.00273544849438069
30,1416,798,17145,0,1,,17.099999999999994,37.6,50.05,133.0,15.0,54.699999999999996,38860,1100,37760,0.9716932578486875,9,9,0.0,40.0,0.0,20.0,0.0,-15.0,0.0,0.0,5.05,0.002642234094214269
30,1416,799,17145,0,1,,17.099999999999994,37.6,50.05,133.0,16.0,54.699999999999996,38860,1180,37680,0.9696345856922285,9,9,0.0,40.0,0.0,20.0,0.0,-15.0,0.0,0.0,5.05,0.002630307904349413
30,1416,801,17145,0,1,,17.099999999999994,37.6,50.05,133.0,17.0,54.699999999999996,38860,576,38284,0.9851775604734946,9,9,0.0,40.0,0.0,20.0,0.0,-15.0,0.0,0.0,5.05,0.002590728559280413
30,1416,535,16539,0,1,,17.099999999999994,36.1,48.0,133.0,25.0,56.199999999999996,38860,6460,32400,0.833762223365929,7,-7,0.0,40.0,0.0,20.0,0.0,-15.0,3.0,0.0,0.0,0.0025776902671796973
30,1416,550,16576,0,1,,17.099999999999994,38.4,48.0,125.0,12.0,53.9,38860,0,38860,1.0,6,-6,0.0,40.0,0.0,20.0,0.0,-15.0,3.0,0.0,0.0,0.0022278836785883465
30,1416,795,17142,0,1,,17.099999999999994,33.8,45.0,133.0,32.0,58.5,38860,16580,22280,0.5733401955738548,9,9,0.0,40.0,0.0,20.0,0.0,-15.0,0.0,0.0,0.0,0.002207755104288323
30,1416,473,16435,0,1,,17.099999999999994,34.3,45.58,133.0,29.0,58.0,38860,17760,21100,0.5429747812660833,12,-12,0.0,40.0,0.0,20.0,0.0,-15.0,0.0,0.0,0.58,0.001994733837519379
30,1416,487,16493,0,1,,17.099999999999994,33.8,45.0,133.0,31.0,58.5,38860,10872,27988,0.7202264539372105,8,-8,0.0,40.0,0.0,20.0,0.0,-15.0,0.0,0.0,0.0,0.0019849981530046202
30,1416,859,17182,0,1,,17.099999999999994,33.8,45.0,133.0,35.0,58.5,38860,10120,28740,0.7395779722079259,9,9,0.0,40.0,0.0,20.0,0.0,-15.0,0.0,0.0,0.0,0.0019623475392238966
30,1416,447,16357,0,1,,17.099999999999994,33.8,45.0,133.0,30.0,58.5,38860,1629,37231,0.9580802882141018,14,-14,0.0,40.0,0.0,20.0,0.0,-15.0,0.0,0.0,0.0,0.0013713705565115695
30,1416,450,16357,0,1,,17.099999999999994,33.8,45.0,133.0,33.0,58.5,38860,1942,36918,0.9500257334019557,14,-14,0.0,40.0,0.0,20.0,0.0,-15.0,0.0,0.0,0.0,0.0013543997593206054
30,1416,449,16357,0,1,,17.099999999999994,33.8,45.0,133.0,34.0,58.5,38860,1703,37157,0.9561760164693772,14,-14,0.0,40.0,0.0,20.0,0.0,-15.0,0.0,0.0,0.0,0.0013415976437438617
30,1416,444,16357,0,1,,17.099999999999994,33.8,45.0,133.0,36.0,58.5,38860,2367,36493,0.9390890375707669,14,-14,0.0,40.0,0.0,20.0,0.0,-15.0,0.0,0.0,0.0,0.0013399736770529351
31,1415,607,16750,1,1,top_clean_score_margin_weight_date,13.0,90.4,131.01,145.0,1.0,0.0,20980,20980,0,0.0,0,0,1.0,40.0,0.0,20.0,40.0,0.0,25.0,6.01,0.0,0.9905560540822362
31,1415,538,16590,0,1,,13.0,77.4,103.0,133.0,2.0,13.0,20980,21020,40,0.0019065776930409914,6,-6,0.0,40.0,0.0,20.0,40.0,0.0,3.0,0.0,0.0,0.8249414507840686
31,1415,620,16756,0,1,,13.0,52.1,75.52,145.0,3.0,38.300000000000004,20980,820,20160,0.9609151572926596,0,0,1.0,40.0,0.0,20.0,0.0,-15.0,25.0,5.52,0.0,0.09787357210760539
31,1415,625,16756,0,1,,13.0,52.1,75.52,145.0,5.0,38.300000000000004,20980,1152,19828,0.9450905624404194,0,0,1.0,40.0,0.0,20.0,0.0,-15.0,25.0,5.52,0.0,0.09742470564658794
31,1415,614,16756,0,1,,13.0,52.1,75.52,145.0,4.0,38.300000000000004,20980,721,20259,0.9656339370829361,0,0,1.0,40.0,0.0,20.0,0.0,-15.0,25.0,5.52,0.0,0.09719463919517023
31,1415,624,16756,0,1,,13.0,52.1,75.52,145.0,6.0,38.300000000000004,20980,1152,19828,0.9450905624404194,0,0,1.0,40.0,0.0,20.0,0.0,-15.0,25.0,5.52,0.0,0.0969173453640171
31,1415,623,16756,0,1,,13.0,52.1,75.52,145.0,7.0,38.300000000000004,20980,1110,19870,0.9470924690181125,0,0,1.0,40.0,0.0,20.0,0.0,-15.0,25.0,5.52,0.0,0.09634103733692959
31,1415,622,16756,0,1,,13.0,52.1,75.52,145.0,8.0,38.300000000000004,20980,1110,19870,0.9470924690181125,0,0,1.0,40.0,0.0,20.0,0.0,-15.0,25.0,5.52,0.0,0.09583872125138508
31,1415,621,16756,0,1,,13.0,52.1,75.52,145.0,9.0,38.300000000000004,20980,1058,19922,0.9495710200190658,0,0,1.0,40.0,0.0,20.0,0.0,-15.0,25.0,5.52,0.0,0.0952513485200394
31,1415,619,16756,0,1,,13.0,52.1,75.52,145.0,10.0,38.300000000000004,20980,820,20160,0.9609151572926596,0,0,1.0,40.0,0.0,20.0,0.0,-15.0,25.0,5.52,0.0,0.09435687850460937
31,1415,618,16756,0,1,,13.0,52.1,75.52,145.0,11.0,38.300000000000004,20980,759,20221,0.9638226882745472,0,0,1.0,40.0,0.0,20.0,0.0,-15.0,25.0,5.52,0.0,0.09376273583141324
31,1415,617,16756,0,1,,13.0,52.1,75.52,145.0,12.0,38.300000000000004,20980,759,20221,0.9638226882745472,0,0,1.0,40.0,0.0,20.0,0.0,-15.0,25.0,5.52,0.0,0.09327247529785539
31,1415,615,16756,0,1,,13.0,52.1,75.52,145.0,13.0,38.300000000000004,20980,721,20259,0.9656339370829361,0,0,1.0,40.0,0.0,20.0,0.0,-15.0,25.0,5.52,0.0,0.09272217583038465
31,1415,616,16756,0,1,,13.0,52.1,75.52,145.0,14.0,38.300000000000004,20980,729,20251,0.9652526215443279,0,0,1.0,40.0,0.0,20.0,0.0,-15.0,25.0,5.52,0.0,0.09224986171061529
31,1415,613,16756,0,1,,13.0,52.1,75.52,145.0,15.0,38.300000000000004,20980,623,20357,0.9703050524308866,0,0,1.0,40.0,0.0,20.0,0.0,-15.0,25.0,5.52,0.0,0.09159462290042697
31,1415,612,16756,0,1,,13.0,52.1,75.52,145.0,16.0,38.300000000000004,20980,623,20357,0.9703050524308866,0,0,1.0,40.0,0.0,20.0,0.0,-15.0,25.0,5.52,0.0,0.09111455906674315
31,1415,581,16712,0,1,,13.0,45.1,60.0,133.0,19.0,45.300000000000004,20980,22600,1620,0.07721639656816015,1,-1,0.0,40.0,0.0,20.0,0.0,-15.0,15.0,0.0,0.0,0.018400620973630207
31,1415,593,16698,0,1,,13.0,45.1,60.0,133.0,18.0,45.300000000000004,20980,14140,6840,0.3260247855100095,1,-1,0.0,40.0,0.0,20.0,0.0,-15.0,15.0,0.0,0.0,0.016738611029821233
31,1415,594,16698,0,1,,13.0,45.1,60.0,133.0,17.0,45.300000000000004,20980,7040,13940,0.6644423260247855,1,-1,0.0,40.0,0.0,20.0,0.0,-15.0,15.0,0.0,0.0,0.014689996909647743
31,1415,664,16844,0,1,,13.0,39.5,52.5,133.0,24.0,50.900000000000006,20980,19900,1080,0.05147759771210677,2,2,0.0,40.0,0.0,20.0,0.0,-15.0,7.5,0.0,0.0,0.009421191196820104
31,1415,661,16825,0,1,,13.0,39.5,52.5,133.0,20.0,50.900000000000006,20980,27640,6660,0.3174451858913251,2,2,0.0,40.0,0.0,20.0,0.0,-15.0,7.5,0.0,0.0,0.008667835910983657
31,1415,668,16854,0,1,,13.0,39.5,52.5,133.0,22.0,50.900000000000006,20980,428,20552,0.9795996186844614,3,3,0.0,40.0,0.0,20.0,0.0,-15.0,7.5,0.0,0.0,0.006335956304530075
31,1415,669,16854,0,1,,13.0,39.5,52.5,133.0,21.0,50.900000000000006,20980,113,20867,0.9946139180171591,3,3,0.0,40.0,0.0,20.0,0.0,-15.0,7.5,0.0,0.0,0.006333704711881154
31,1415,667,16854,0,1,,13.0,39.5,52.5,133.0,23.0,50.900000000000006,20980,433,20547,0.9793612964728313,3,3,0.0,40.0,0.0,20.0,0.0,-15.0,7.5,0.0,0.0,0.00630025977136857
31,1415,670,16854,0,1,,13.0,39.5,52.5,133.0,25.0,50.900000000000006,20980,440,20540,0.9790276453765491,3,3,0.0,40.0,0.0,20.0,0.0,-15.0,7.5,0.0,0.0,0.006229103081318574
31,1415,681,16854,0,1,,13.0,39.5,52.5,133.0,26.0,50.900000000000006,20980,450,20530,0.9785510009532888,3,3,0.0,40.0,0.0,20.0,0.0,-15.0,7.5,0.0,0.0,0.006194604858447507
31,1415,680,16854,0,1,,13.0,39.5,52.5,133.0,27.0,50.900000000000006,20980,571,20409,0.9727836034318399,3,3,0.0,40.0,0.0,20.0,0.0,-15.0,7.5,0.0,0.0,0.006173559237284421
31,1415,679,16854,0,1,,13.0,39.5,52.5,133.0,28.0,50.900000000000006,20980,598,20382,0.9714966634890372,3,3,0.0,40.0,0.0,20.0,0.0,-15.0,7.5,0.0,0.0,0.006141389267130233
31,1415,678,16854,0,1,,13.0,39.5,52.5,133.0,29.0,50.900000000000006,20980,632,20348,0.9698760724499523,3,3,0.0,40.0,0.0,20.0,0.0,-15.0,7.5,0.0,0.0,0.006110214590058087
31,1415,539,16591,0,1,,13.0,36.1,48.0,133.0,35.0,54.300000000000004,20980,17400,3580,0.17063870352716873,6,-6,0.0,40.0,0.0,20.0,0.0,-15.0,3.0,0.0,0.0,0.004872149678796493
31,1415,559,16621,0,1,,13.0,36.1,48.0,133.0,34.0,54.300000000000004,20980,320,20660,0.9847473784556721,4,-4,0.0,40.0,0.0,20.0,0.0,-15.0,3.0,0.0,0.0,0.0037991521611594335
31,1415,771,16979,0,1,,13.0,36.1,48.0,133.0,30.0,54.300000000000004,20980,840,20140,0.9599618684461392,6,6,0.0,40.0,0.0,20.0,0.0,-15.0,3.0,0.0,0.0,0.0037888368219869016
31,1415,770,16979,0,1,,13.0,36.1,48.0,133.0,31.0,54.300000000000004,20980,841,20139,0.9599142040038131,6,6,0.0,40.0,0.0,20.0,0.0,-15.0,3.0,0.0,0.0,0.0037671435832437165
31,1415,769,16979,0,1,,13.0,36.1,48.0,133.0,32.0,54.300000000000004,20980,1113,19867,0.9469494756911344,6,6,0.0,40.0,0.0,20.0,0.0,-15.0,3.0,0.0,0.0,0.0037653403555559465
31,1415,772,16979,0,1,,13.0,36.1,48.0,133.0,33.0,54.300000000000004,20980,804,20176,0.961677788369876,6,6,0.0,40.0,0.0,20.0,0.0,-15.0,3.0,0.0,0.0,0.0037213077296636126
31,1415,495,16522,0,1,,13.0,33.8,45.0,133.0,37.0,56.60000000000001,20980,13360,7620,0.36320305052430885,8,-8,0.0,40.0,0.0,20.0,0.0,-15.0,0.0,0.0,0.0,0.003190730985463013
31,1415,476,16432,0,1,,13.0,33.8,45.0,133.0,39.0,56.60000000000001,20980,18960,2020,0.09628217349857007,11,-11,0.0,40.0,0.0,20.0,0.0,-15.0,0.0,0.0,0.0,0.003132637360944509
31,1415,471,16456,0,1,,13.0,33.8,45.0,133.0,36.0,56.60000000000001,20980,11020,9960,0.4747378455672069,12,-12,0.0,40.0,0.0,20.0,0.0,-15.0,0.0,0.0,0.0,0.002628095331271081
31,1415,441,16352,0,1,,13.0,33.8,45.0,133.0,40.0,56.60000000000001,20980,13460,7520,0.35843660629170637,14,-14,0.0,40.0,0.0,20.0,0.0,-15.0,0.0,0.0,0.0,0.0024929587268460165
31,1415,485,16465,0,1,,13.0,33.8,45.0,133.0,38.0,56.60000000000001,20980,47060,26080,1.2430886558627263,11,-11,0.0,40.0,0.0,20.0,0.0,-15.0,0.0,0.0,0.0,0.001985387012689326
32,1413,593,16698,1,1,top_clean_score_margin_weight_date,33.6,86.7,125.65,145.0,1.0,0.0,14140,14140,0,0.0,0,0,1.0,40.0,0.0,20.0,40.0,0.0,25.0,0.65,0.0,0.9869612511920528
32,1413,581,16712,0,1,,33.6,53.1,76.93,145.0,2.0,33.6,14140,22600,8460,0.5983026874115983,0,0,1.0,40.0,0.0,20.0,0.0,-15.0,25.0,6.93,0.0,0.15232005355908745
32,1413,594,16698,0,1,,33.6,48.7,70.65,145.0,3.0,38.0,14140,7040,7100,0.5021216407355021,0,0,1.0,40.0,0.0,20.0,0.0,-15.0,25.0,0.65,0.0,0.09292339037604919
32,1413,607,16750,0,1,,33.6,45.1,60.0,133.0,18.0,41.6,14140,20980,6840,0.4837340876944837,1,1,0.0,40.0,0.0,20.0,0.0,-15.0,15.0,0.0,0.0,0.019424250545045353
32,1413,619,16756,0,1,,33.6,45.1,60.0,133.0,4.0,41.6,14140,820,13320,0.942008486562942,1,1,0.0,40.0,0.0,20.0,0.0,-15.0,15.0,0.0,0.0,0.01807200282170104
32,1413,625,16756,0,1,,33.6,45.1,60.0,133.0,6.0,41.6,14140,1152,12988,0.9185289957567185,1,1,0.0,40.0,0.0,20.0,0.0,-15.0,15.0,0.0,0.0,0.018005893518496994
32,1413,615,16756,0,1,,33.6,45.1,60.0,133.0,5.0,41.6,14140,721,13419,0.949009900990099,1,1,0.0,40.0,0.0,20.0,0.0,-15.0,15.0,0.0,0.0,0.01792848197827286
32,1413,624,16756,0,1,,33.6,45.1,60.0,133.0,7.0,41.6,14140,1152,12988,0.9185289957567185,1,1,0.0,40.0,0.0,20.0,0.0,-15.0,15.0,0.0,0.0,0.017903919738414785
32,1413,623,16756,0,1,,33.6,45.1,60.0,133.0,8.0,41.6,14140,1110,13030,0.9214992927864215,1,1,0.0,40.0,0.0,20.0,0.0,-15.0,15.0,0.0,0.0,0.017785191239579487
32,1413,622,16756,0,1,,33.6,45.1,60.0,133.0,9.0,41.6,14140,1110,13030,0.9214992927864215,1,1,0.0,40.0,0.0,20.0,0.0,-15.0,15.0,0.0,0.0,0.017684444865648203
32,1413,621,16756,0,1,,33.6,45.1,60.0,133.0,10.0,41.6,14140,1058,13082,0.9251768033946252,1,1,0.0,40.0,0.0,20.0,0.0,-15.0,15.0,0.0,0.0,0.017563073603931643
32,1413,620,16756,0,1,,33.6,45.1,60.0,133.0,11.0,41.6,14140,820,13320,0.942008486562942,1,1,0.0,40.0,0.0,20.0,0.0,-15.0,15.0,0.0,0.0,0.01736745670046299
32,1413,618,16756,0,1,,33.6,45.1,60.0,133.0,12.0,41.6,14140,759,13381,0.9463224893917963,1,1,0.0,40.0,0.0,20.0,0.0,-15.0,15.0,0.0,0.0,0.01724462316331379
32,1413,617,16756,0,1,,33.6,45.1,60.0,133.0,13.0,41.6,14140,759,13381,0.9463224893917963,1,1,0.0,40.0,0.0,20.0,0.0,-15.0,15.0,0.0,0.0,0.01714688544640423
32,1413,616,16756,0,1,,33.6,45.1,60.0,133.0,14.0,41.6,14140,729,13411,0.9484441301272984,1,1,0.0,40.0,0.0,20.0,0.0,-15.0,15.0,0.0,0.0,0.01703783189449091
32,1413,614,16756,0,1,,33.6,45.1,60.0,133.0,15.0,41.6,14140,721,13419,0.949009900990099,1,1,0.0,40.0,0.0,20.0,0.0,-15.0,15.0,0.0,0.0,0.016938102277440203
32,1413,613,16756,0,1,,33.6,45.1,60.0,133.0,16.0,41.6,14140,623,13517,0.9559405940594059,1,1,0.0,40.0,0.0,20.0,0.0,-15.0,15.0,0.0,0.0,0.016803822197304724
32,1413,612,16756,0,1,,33.6,45.1,60.0,133.0,17.0,41.6,14140,623,13517,0.9559405940594059,1,1,0.0,40.0,0.0,20.0,0.0,-15.0,15.0,0.0,0.0,0.016708540341343156
32,1413,664,16844,0,1,,33.6,39.5,52.5,133.0,21.0,47.2,14140,19900,5760,0.4073550212164074,3,3,0.0,40.0,0.0,20.0,0.0,-15.0,7.5,0.0,0.0,0.009832544680691184
32,1413,661,16825,0,1,,33.6,39.5,52.5,133.0,20.0,47.2,14140,27640,13500,0.9547383309759547,3,3,0.0,40.0,0.0,20.0,0.0,-15.0,7.5,0.0,0.0,0.008266517688521475
32,1413,559,16621,0,1,,33.6,39.5,52.5,133.0,19.0,47.2,14140,320,13820,0.9773691654879774,3,-3,0.0,40.0,0.0,20.0,0.0,-15.0,7.5,0.0,0.0,0.008059387599214934
32,1413,539,16591,0,1,,33.6,36.1,48.0,133.0,34.0,50.6,14140,17400,3260,0.23055162659123055,5,-5,0.0,40.0,0.0,20.0,0.0,-15.0,3.0,0.0,0.0,0.005999073557010792
32,1413,495,16522,0,1,,33.6,36.1,48.0,133.0,36.0,50.6,14140,13360,780,0.055162659123055166,7,-7,0.0,40.0,0.0,20.0,0.0,-15.0,3.0,0.0,0.0,0.005816087130199088
32,1413,538,16590,0,1,,33.6,36.1,48.0,133.0,35.0,50.6,14140,21020,6880,0.48656294200848654,5,-5,0.0,40.0,0.0,20.0,0.0,-15.0,3.0,0.0,0.0,0.005483576609912688
32,1413,678,16854,0,1,,33.6,36.1,48.0,133.0,23.0,50.6,14140,632,13508,0.9553041018387554,4,4,0.0,40.0,0.0,20.0,0.0,-15.0,3.0,0.0,0.0,0.005363018998812441
32,1413,669,16854,0,1,,33.6,36.1,48.0,133.0,22.0,50.6,14140,113,14027,0.992008486562942,4,4,0.0,40.0,0.0,20.0,0.0,-15.0,3.0,0.0,0.0,0.005328648747767761
32,1413,679,16854,0,1,,33.6,36.1,48.0,133.0,24.0,50.6,14140,598,13542,0.9577086280056577,4,4,0.0,40.0,0.0,20.0,0.0,-15.0,3.0,0.0,0.0,0.005328003827567698
32,1413,680,16854,0,1,,33.6,36.1,48.0,133.0,25.0,50.6,14140,571,13569,0.9596181046676097,4,4,0.0,40.0,0.0,20.0,0.0,-15.0,3.0,0.0,0.0,0.0052940858519434746
32,1413,681,16854,0,1,,33.6,36.1,48.0,133.0,26.0,50.6,14140,450,13690,0.9681753889674681,4,4,0.0,40.0,0.0,20.0,0.0,-15.0,3.0,0.0,0.0,0.005248788255344314
32,1413,670,16854,0,1,,33.6,36.1,48.0,133.0,30.0,50.6,14140,440,13700,0.9688826025459689,4,4,0.0,40.0,0.0,20.0,0.0,-15.0,3.0,0.0,0.0,0.00512817242374717
32,1413,668,16854,0,1,,33.6,36.1,48.0,133.0,32.0,50.6,14140,428,13712,0.9697312588401698,4,4,0.0,40.0,0.0,20.0,0.0,-15.0,3.0,0.0,0.0,0.005068069612460144
32,1413,667,16854,0,1,,33.6,36.1,48.0,133.0,33.0,50.6,14140,433,13707,0.9693776520509194,4,4,0.0,40.0,0.0,20.0,0.0,-15.0,3.0,0.0,0.0,0.005039582929441576
32,1413,769,16979,0,1,,33.6,36.1,48.0,133.0,27.0,50.6,14140,1113,13027,0.9212871287128713,7,7,0.0,40.0,0.0,20.0,0.0,-15.0,3.0,0.0,0.0,0.004820751224528609
32,1413,770,16979,0,1,,33.6,36.1,48.0,133.0,28.0,50.6,14140,841,13299,0.9405233380480905,7,7,0.0,40.0,0.0,20.0,0.0,-15.0,3.0,0.0,0.0,0.0047625648843399706
32,1413,771,16979,0,1,,33.6,36.1,48.0,133.0,29.0,50.6,14140,840,13300,0.9405940594059405,7,7,0.0,40.0,0.0,20.0,0.0,-15.0,3.0,0.0,0.0,0.004735119912622266
32,1413,772,16979,0,1,,33.6,36.1,48.0,133.0,31.0,50.6,14140,804,13336,0.9431400282885432,7,7,0.0,40.0,0.0,20.0,0.0,-15.0,3.0,0.0,0.0,0.004676964927336875
32,1413,476,16432,0,1,,33.6,33.8,45.0,133.0,39.0,52.900000000000006,14140,18960,4820,0.3408769448373409,10,-10,0.0,40.0,0.0,20.0,0.0,-15.0,0.0,0.0,0.0,0.0035893605857168966
32,1413,471,16456,0,1,,33.6,33.8,45.0,133.0,40.0,52.900000000000006,14140,11020,3120,0.22065063649222066,11,-11,0.0,40.0,0.0,20.0,0.0,-15.0,0.0,0.0,0.0,0.0035698611793070966
32,1413,441,16352,0,1,,33.6,33.8,45.0,133.0,37.0,52.900000000000006,14140,13460,680,0.04809052333804809,13,-13,0.0,40.0,0.0,20.0,0.0,-15.0,0.0,0.0,0.0,0.003561222836971036
32,1413,425,16305,0,1,,33.6,33.8,45.0,133.0,41.0,52.900000000000006,14140,2100,12040,0.8514851485148515,14,-14,0.0,40.0,0.0,20.0,0.0,-15.0,0.0,0.0,0.0,0.0025631114354631034
32,1413,485,16465,0,1,,33.6,33.8,45.0,133.0,38.0,52.900000000000006,14140,47060,32920,2.328147100424328,10,-10,0.0,40.0,0.0,20.0,0.0,-15.0,0.0,0.0,0.0,0.00187556259340537
33,1412,581,16712,1,1,top_clean_score_margin_weight_date,42.10000000000001,90.4,131.02,145.0,1.0,0.0,22600,22600,0,0.0,0,0,1.0,40.0,0.0,20.0,40.0,0.0,25.0,6.02,0.0,0.9904179588918863
33,1412,593,16698,0,1,,42.10000000000001,48.3,70.0,145.0,2.0,42.10000000000001,22600,14140,8460,0.3743362831858407,0,0,1.0,40.0,0.0,20.0,0.0,-15.0,25.0,0.0,0.0,0.07524169631143672
33,1412,594,16698,0,1,,42.10000000000001,48.3,70.0,145.0,3.0,42.10000000000001,22600,7040,15560,0.6884955752212389,0,0,1.0,40.0,0.0,20.0,0.0,-15.0,25.0,0.0,0.0,0.06606857535508862
33,1412,607,16750,0,1,,42.10000000000001,45.1,60.0,133.0,18.0,45.300000000000004,22600,20980,1620,0.07168141592920355,1,1,0.0,40.0,0.0,20.0,0.0,-15.0,15.0,0.0,0.0,0.01836606676430218
33,1412,619,16756,0,1,,42.10000000000001,45.1,60.0,133.0,4.0,45.300000000000004,22600,820,21780,0.963716814159292,1,1,0.0,40.0,0.0,20.0,0.0,-15.0,15.0,0.0,0.0,0.013673671818080966
33,1412,625,16756,0,1,,42.10000000000001,45.1,60.0,133.0,6.0,45.300000000000004,22600,1152,21448,0.9490265486725664,1,1,0.0,40.0,0.0,20.0,0.0,-15.0,15.0,0.0,0.0,0.013602429785632437
33,1412,614,16756,0,1,,42.10000000000001,45.1,60.0,133.0,5.0,45.300000000000004,22600,721,21879,0.9680973451327434,1,1,0.0,40.0,0.0,20.0,0.0,-15.0,15.0,0.0,0.0,0.013570839544861423
33,1412,624,16756,0,1,,42.10000000000001,45.1,60.0,133.0,7.0,45.300000000000004,22600,1152,21448,0.9490265486725664,1,1,0.0,40.0,0.0,20.0,0.0,-15.0,15.0,0.0,0.0,0.013525050909577998
33,1412,623,16756,0,1,,42.10000000000001,45.1,60.0,133.0,8.0,45.300000000000004,22600,1110,21490,0.9508849557522124,1,1,0.0,40.0,0.0,20.0,0.0,-15.0,15.0,0.0,0.0,0.013437585816383399
33,1412,622,16756,0,1,,42.10000000000001,45.1,60.0,133.0,9.0,45.300000000000004,22600,1110,21490,0.9508849557522124,1,1,0.0,40.0,0.0,20.0,0.0,-15.0,15.0,0.0,0.0,0.013361131970925724
33,1412,621,16756,0,1,,42.10000000000001,45.1,60.0,133.0,10.0,45.300000000000004,22600,1058,21542,0.9531858407079646,1,1,0.0,40.0,0.0,20.0,0.0,-15.0,15.0,0.0,0.0,0.013272238938611836
33,1412,620,16756,0,1,,42.10000000000001,45.1,60.0,133.0,11.0,45.300000000000004,22600,820,21780,0.963716814159292,1,1,0.0,40.0,0.0,20.0,0.0,-15.0,15.0,0.0,0.0,0.013138302541183203
33,1412,618,16756,0,1,,42.10000000000001,45.1,60.0,133.0,12.0,45.300000000000004,22600,759,21841,0.9664159292035398,1,1,0.0,40.0,0.0,20.0,0.0,-15.0,15.0,0.0,0.0,0.013048683082254818
33,1412,617,16756,0,1,,42.10000000000001,45.1,60.0,133.0,13.0,45.300000000000004,22600,759,21841,0.9664159292035398,1,1,0.0,40.0,0.0,20.0,0.0,-15.0,15.0,0.0,0.0,0.012974412819910748
33,1412,616,16756,0,1,,42.10000000000001,45.1,60.0,133.0,14.0,45.300000000000004,22600,729,21871,0.9677433628318584,1,1,0.0,40.0,0.0,20.0,0.0,-15.0,15.0,0.0,0.0,0.01289334636050234
33,1412,554,16594,0,1,,42.10000000000001,2.9,3.88,133.0,42.0,87.5,22600,22520,80,0.0035398230088495575,4,-4,0.0,0.0,-40.0,0.0,40.0,0.0,3.0,0.0,0.88,0.01283185280659678
33,1412,615,16756,0,1,,42.10000000000001,45.1,60.0,133.0,15.0,45.300000000000004,22600,721,21879,0.9680973451327434,1,1,0.0,40.0,0.0,20.0,0.0,-15.0,15.0,0.0,0.0,0.012818036659344882
33,1412,613,16756,0,1,,42.10000000000001,45.1,60.0,133.0,16.0,45.300000000000004,22600,623,21977,0.972433628318584,1,1,0.0,40.0,0.0,20.0,0.0,-15.0,15.0,0.0,0.0,0.012721793380210513
33,1412,612,16756,0,1,,42.10000000000001,45.1,60.0,133.0,17.0,45.300000000000004,22600,623,21977,0.972433628318584,1,1,0.0,40.0,0.0,20.0,0.0,-15.0,15.0,0.0,0.0,0.012649359856487115
33,1412,664,16844,0,1,,42.10000000000001,39.5,52.5,133.0,21.0,50.900000000000006,22600,19900,2700,0.11946902654867257,3,3,0.0,40.0,0.0,20.0,0.0,-15.0,7.5,0.0,0.0,0.008881133438262976
33,1412,661,16825,0,1,,42.10000000000001,39.5,52.5,133.0,20.0,50.900000000000006,22600,27640,5040,0.22300884955752212,3,3,0.0,40.0,0.0,20.0,0.0,-15.0,7.5,0.0,0.0,0.008559245253667769
33,1412,559,16621,0,1,,42.10000000000001,39.5,52.5,133.0,19.0,50.900000000000006,22600,320,22280,0.9858407079646018,3,-3,0.0,40.0,0.0,20.0,0.0,-15.0,7.5,0.0,0.0,0.006097068699093472
33,1412,538,16590,0,1,,42.10000000000001,36.1,48.0,133.0,35.0,54.300000000000004,22600,21020,1580,0.06991150442477877,5,-5,0.0,40.0,0.0,20.0,0.0,-15.0,3.0,0.0,0.0,0.005189550844206683
33,1412,539,16591,0,1,,42.10000000000001,36.1,48.0,133.0,34.0,54.300000000000004,22600,17400,5200,0.23008849557522124,5,-5,0.0,40.0,0.0,20.0,0.0,-15.0,3.0,0.0,0.0,0.004876235042230639
33,1412,495,16522,0,1,,42.10000000000001,36.1,48.0,133.0,36.0,54.300000000000004,22600,13360,9240,0.4088495575221239,7,-7,0.0,40.0,0.0,20.0,0.0,-15.0,3.0,0.0,0.0,0.004136646568623299
33,1412,668,16854,0,1,,42.10000000000001,36.1,48.0,133.0,22.0,54.300000000000004,22600,428,22172,0.9810619469026549,4,4,0.0,40.0,0.0,20.0,0.0,-15.0,3.0,0.0,0.0,0.004056395323338323
33,1412,678,16854,0,1,,42.10000000000001,36.1,48.0,133.0,23.0,54.300000000000004,22600,632,21968,0.9720353982300884,4,4,0.0,40.0,0.0,20.0,0.0,-15.0,3.0,0.0,0.0,0.0040486045352204686
33,1412,670,16854,0,1,,42.10000000000001,36.1,48.0,133.0,24.0,54.300000000000004,22600,440,22160,0.9805309734513274,4,4,0.0,40.0,0.0,20.0,0.0,-15.0,3.0,0.0,0.0,0.004010839345772879
33,1412,679,16854,0,1,,42.10000000000001,36.1,48.0,133.0,25.0,54.300000000000004,22600,598,22002,0.9735398230088496,4,4,0.0,40.0,0.0,20.0,0.0,-15.0,3.0,0.0,0.0,0.003999673134205023
33,1412,680,16854,0,1,,42.10000000000001,36.1,48.0,133.0,26.0,54.300000000000004,22600,571,22029,0.9747345132743362,4,4,0.0,40.0,0.0,20.0,0.0,-15.0,3.0,0.0,0.0,0.003974680969568663
33,1412,681,16854,0,1,,42.10000000000001,36.1,48.0,133.0,27.0,54.300000000000004,22600,450,22150,0.9800884955752213,4,4,0.0,40.0,0.0,20.0,0.0,-15.0,3.0,0.0,0.0,0.003942865628764072
33,1412,669,16854,0,1,,42.10000000000001,36.1,48.0,133.0,31.0,54.300000000000004,22600,113,22487,0.995,4,4,0.0,40.0,0.0,20.0,0.0,-15.0,3.0,0.0,0.0,0.0038286957656223173
33,1412,667,16854,0,1,,42.10000000000001,36.1,48.0,133.0,33.0,54.300000000000004,22600,433,22167,0.9808407079646018,4,4,0.0,40.0,0.0,20.0,0.0,-15.0,3.0,0.0,0.0,0.0038076897672101335
33,1412,769,16979,0,1,,42.10000000000001,36.1,48.0,133.0,28.0,54.300000000000004,22600,1113,21487,0.9507522123893806,7,7,0.0,40.0,0.0,20.0,0.0,-15.0,3.0,0.0,0.0,0.003609688609542747
33,1412,770,16979,0,1,,42.10000000000001,36.1,48.0,133.0,29.0,54.300000000000004,22600,841,21759,0.962787610619469,7,7,0.0,40.0,0.0,20.0,0.0,-15.0,3.0,0.0,0.0,0.0035706229895902477
33,1412,771,16979,0,1,,42.10000000000001,36.1,48.0,133.0,30.0,54.300000000000004,22600,840,21760,0.9628318584070796,7,7,0.0,40.0,0.0,20.0,0.0,-15.0,3.0,0.0,0.0,0.003550038918159523
33,1412,772,16979,0,1,,42.10000000000001,36.1,48.0,133.0,32.0,54.300000000000004,22600,804,21796,0.9644247787610619,7,7,0.0,40.0,0.0,20.0,0.0,-15.0,3.0,0.0,0.0,0.003506979946043226
33,1412,476,16432,0,1,,42.10000000000001,33.8,45.0,133.0,39.0,56.60000000000001,22600,18960,3640,0.16106194690265488,10,-10,0.0,40.0,0.0,20.0,0.0,-15.0,0.0,0.0,0.0,0.0031142995460658896
33,1412,471,16456,0,1,,42.10000000000001,33.8,45.0,133.0,40.0,56.60000000000001,22600,11020,11580,0.5123893805309735,11,-11,0.0,40.0,0.0,20.0,0.0,-15.0,0.0,0.0,0.0,0.0025654312349740146
33,1412,441,16352,0,1,,42.10000000000001,33.8,45.0,133.0,37.0,56.60000000000001,22600,13460,9140,0.4044247787610619,13,-13,0.0,40.0,0.0,20.0,0.0,-15.0,0.0,0.0,0.0,0.0025300451598175375
33,1412,485,16465,0,1,,42.10000000000001,33.8,45.0,133.0,38.0,56.60000000000001,22600,47060,24460,1.0823008849557523,10,-10,0.0,40.0,0.0,20.0,0.0,-15.0,0.0,0.0,0.0,0.002128093609049785
33,1412,425,16305,0,1,,42.10000000000001,33.8,45.0,133.0,41.0,56.60000000000001,22600,2100,20500,0.9070796460176991,14,-14,0.0,40.0,0.0,20.0,0.0,-15.0,0.0,0.0,0.0,0.0019202892258583487
34,1410,559,16621,0,0,,16.6,56.1,81.38,145.0,1.0,0.0,25760,320,25440,0.9875776397515528,0,0,1.0,40.0,0.0,20.0,0.0,-15.0,25.0,11.38,0.0,0.3133064314536823
34,1410,576,16628,0,0,,16.6,7.9,11.39,145.0,44.0,48.2,25760,26200,440,0.017080745341614908,0,0,1.0,0.0,-40.0,0.0,15.84,0.0,25.0,10.55,0.0,0.08768955813896055
34,1410,581,16712,0,0,,16.6,39.5,52.5,133.0,2.0,16.6,25760,22600,3160,0.12267080745341614,3,3,0.0,40.0,0.0,20.0,0.0,-15.0,7.5,0.0,0.0,0.0253589255130387
34,1410,538,16590,0,0,,16.6,39.5,52.5,133.0,4.0,16.6,25760,21020,4740,0.18400621118012422,2,-2,0.0,40.0,0.0,20.0,0.0,-15.0,7.5,0.0,0.0,0.024823659730725707
34,1410,539,16591,0,0,,16.6,39.5,52.5,133.0,5.0,16.6,25760,17400,8360,0.3245341614906832,2,-2,0.0,40.0,0.0,20.0,0.0,-15.0,7.5,0.0,0.0,0.023169414787667014
34,1410,593,16698,0,0,,16.6,39.5,52.5,133.0,6.0,16.6,25760,14140,11620,0.45108695652173914,3,3,0.0,40.0,0.0,20.0,0.0,-15.0,7.5,0.0,0.0,0.021380001907564554
34,1410,594,16698,0,0,,16.6,39.5,52.5,133.0,3.0,16.6,25760,7040,18720,0.7267080745341615,3,3,0.0,40.0,0.0,20.0,0.0,-15.0,7.5,0.0,0.0,0.019197706832493486
34,1410,661,16825,0,0,,16.6,36.1,48.0,133.0,15.0,20.0,25760,27640,1880,0.07298136645962733,6,6,0.0,40.0,0.0,20.0,0.0,-15.0,3.0,0.0,0.0,0.015079088062570592
34,1410,607,16750,0,0,,16.6,36.1,48.0,133.0,29.0,20.0,25760,20980,4780,0.18555900621118013,4,4,0.0,40.0,0.0,20.0,0.0,-15.0,3.0,0.0,0.0,0.014076742742283868
34,1410,664,16844,0,0,,16.6,36.1,48.0,133.0,16.0,20.0,25760,19900,5860,0.22748447204968944,6,6,0.0,40.0,0.0,20.0,0.0,-15.0,3.0,0.0,0.0,0.01396964935663293
34,1410,495,16522,0,0,,16.6,36.1,48.0,133.0,31.0,20.0,25760,13360,12400,0.4813664596273292,4,-4,0.0,40.0,0.0,20.0,0.0,-15.0,3.0,0.0,0.0,0.011835378962510908
34,1410,476,16432,0,0,,16.6,36.1,48.0,133.0,33.0,20.0,25760,18960,6800,0.2639751552795031,7,-7,0.0,40.0,0.0,20.0,0.0,-15.0,3.0,0.0,0.0,0.011520931868575024
34,1410,620,16756,0,0,,16.6,36.1,48.0,133.0,7.0,20.0,25760,820,24940,0.968167701863354,4,4,0.0,40.0,0.0,20.0,0.0,-15.0,3.0,0.0,0.0,0.01117189567407945
34,1410,621,16756,0,0,,16.6,36.1,48.0,133.0,8.0,20.0,25760,1058,24702,0.9589285714285715,4,4,0.0,40.0,0.0,20.0,0.0,-15.0,3.0,0.0,0.0,0.011155138871537766
34,1410,622,16756,0,0,,16.6,36.1,48.0,133.0,9.0,20.0,25760,1110,24650,0.9569099378881988,4,4,0.0,40.0,0.0,20.0,0.0,-15.0,3.0,0.0,0.0,0.011101751523464112
34,1410,623,16756,0,0,,16.6,36.1,48.0,133.0,10.0,20.0,25760,1110,24650,0.9569099378881988,4,4,0.0,40.0,0.0,20.0,0.0,-15.0,3.0,0.0,0.0,0.01103843883172073
34,1410,624,16756,0,0,,16.6,36.1,48.0,133.0,11.0,20.0,25760,1152,24608,0.9552795031055901,4,4,0.0,40.0,0.0,20.0,0.0,-15.0,3.0,0.0,0.0,0.010983656809105315
34,1410,625,16756,0,0,,16.6,36.1,48.0,133.0,13.0,20.0,25760,1152,24608,0.9552795031055901,4,4,0.0,40.0,0.0,20.0,0.0,-15.0,3.0,0.0,0.0,0.01085871691554817
34,1410,618,16756,0,0,,16.6,36.1,48.0,133.0,12.0,20.0,25760,759,25001,0.9705357142857143,4,4,0.0,40.0,0.0,20.0,0.0,-15.0,3.0,0.0,0.0,0.010845193437745176
34,1410,619,16756,0,0,,16.6,36.1,48.0,133.0,21.0,20.0,25760,820,24940,0.968167701863354,4,4,0.0,40.0,0.0,20.0,0.0,-15.0,3.0,0.0,0.0,0.010311961178295699
34,1410,614,16756,0,0,,16.6,36.1,48.0,133.0,22.0,20.0,25760,721,25039,0.9720108695652174,4,4,0.0,40.0,0.0,20.0,0.0,-15.0,3.0,0.0,0.0,0.010235116737711113
34,1410,617,16756,0,0,,16.6,36.1,48.0,133.0,23.0,20.0,25760,759,25001,0.9705357142857143,4,4,0.0,40.0,0.0,20.0,0.0,-15.0,3.0,0.0,0.0,0.01018355781088227
34,1410,616,16756,0,0,,16.6,36.1,48.0,133.0,24.0,20.0,25760,729,25031,0.9717003105590062,4,4,0.0,40.0,0.0,20.0,0.0,-15.0,3.0,0.0,0.0,0.010120040572793865
34,1410,615,16756,0,0,,16.6,36.1,48.0,133.0,25.0,20.0,25760,721,25039,0.9720108695652174,4,4,0.0,40.0,0.0,20.0,0.0,-15.0,3.0,0.0,0.0,0.010060841528624017
34,1410,613,16756,0,0,,16.6,36.1,48.0,133.0,27.0,20.0,25760,623,25137,0.9758152173913044,4,4,0.0,40.0,0.0,20.0,0.0,-15.0,3.0,0.0,0.0,0.009929013058659442
34,1410,612,16756,0,0,,16.6,36.1,48.0,133.0,28.0,20.0,25760,623,25137,0.9758152173913044,4,4,0.0,40.0,0.0,20.0,0.0,-15.0,3.0,0.0,0.0,0.009872321663331678
34,1410,680,16854,0,0,,16.6,36.1,48.0,133.0,14.0,20.0,25760,571,25189,0.9778338509316771,7,7,0.0,40.0,0.0,20.0,0.0,-15.0,3.0,0.0,0.0,0.009723636701962239
34,1410,667,16854,0,0,,16.6,36.1,48.0,133.0,17.0,20.0,25760,433,25327,0.9831909937888199,7,7,0.0,40.0,0.0,20.0,0.0,-15.0,3.0,0.0,0.0,0.009534602294107148
34,1410,668,16854,0,0,,16.6,36.1,48.0,133.0,18.0,20.0,25760,428,25332,0.9833850931677018,7,7,0.0,40.0,0.0,20.0,0.0,-15.0,3.0,0.0,0.0,0.00947929989079304
34,1410,670,16854,0,0,,16.6,36.1,48.0,133.0,20.0,20.0,25760,440,25320,0.9829192546583851,7,7,0.0,40.0,0.0,20.0,0.0,-15.0,3.0,0.0,0.0,0.009373306719163704
34,1410,669,16854,0,0,,16.6,36.1,48.0,133.0,19.0,20.0,25760,113,25647,0.995613354037267,7,7,0.0,40.0,0.0,20.0,0.0,-15.0,3.0,0.0,0.0,0.009372591459244272
34,1410,679,16854,0,0,,16.6,36.1,48.0,133.0,26.0,20.0,25760,598,25162,0.9767857142857143,7,7,0.0,40.0,0.0,20.0,0.0,-15.0,3.0,0.0,0.0,0.009081976341807258
34,1410,485,16465,0,0,,16.6,36.1,48.0,133.0,32.0,20.0,25760,47060,21300,0.8268633540372671,7,-7,0.0,40.0,0.0,20.0,0.0,-15.0,3.0,0.0,0.0,0.009003201147456508
34,1410,681,16854,0,0,,16.6,36.1,48.0,133.0,30.0,20.0,25760,450,25310,0.9825310559006211,7,7,0.0,40.0,0.0,20.0,0.0,-15.0,3.0,0.0,0.0,0.008852832809563265
34,1410,678,16854,0,0,,16.6,36.1,48.0,133.0,34.0,20.0,25760,632,25128,0.9754658385093168,7,7,0.0,40.0,0.0,20.0,0.0,-15.0,3.0,0.0,0.0,0.008680162419759751
34,1410,471,16456,0,0,,16.6,33.8,45.0,133.0,40.0,22.300000000000004,25760,11020,14740,0.5722049689440993,8,-8,0.0,40.0,0.0,20.0,0.0,-15.0,0.0,0.0,0.0,0.007169330066772155
34,1410,441,16352,0,0,,16.6,33.8,45.0,133.0,41.0,22.300000000000004,25760,13460,12300,0.47748447204968947,10,-10,0.0,40.0,0.0,20.0,0.0,-15.0,0.0,0.0,0.0,0.006894160336770852
34,1410,396,16394,0,0,,16.6,33.8,45.0,133.0,38.0,22.300000000000004,25760,14660,11100,0.4309006211180124,14,-14,0.0,40.0,0.0,20.0,0.0,-15.0,0.0,0.0,0.0,0.006144549589588778
34,1410,397,16272,0,0,,16.6,33.8,45.0,133.0,39.0,22.300000000000004,25760,36680,10920,0.42391304347826086,14,-14,0.0,40.0,0.0,20.0,0.0,-15.0,0.0,0.0,0.0,0.006144426334786993
34,1410,769,16979,0,0,,16.6,33.8,45.0,133.0,35.0,22.300000000000004,25760,1113,24647,0.9567934782608696,10,10,0.0,40.0,0.0,20.0,0.0,-15.0,0.0,0.0,0.0,0.006133689650014046
34,1410,770,16979,0,0,,16.6,33.8,45.0,133.0,36.0,22.300000000000004,25760,841,24919,0.9673524844720497,10,10,0.0,40.0,0.0,20.0,0.0,-15.0,0.0,0.0,0.0,0.006069058962656115
34,1410,771,16979,0,0,,16.6,33.8,45.0,133.0,37.0,22.300000000000004,25760,840,24920,0.967391304347826,10,10,0.0,40.0,0.0,20.0,0.0,-15.0,0.0,0.0,0.0,0.006034164821267125
34,1410,772,16979,0,0,,16.6,33.8,45.0,133.0,43.0,22.300000000000004,25760,804,24956,0.9687888198757764,10,10,0.0,40.0,0.0,20.0,0.0,-15.0,0.0,0.0,0.0,0.005825833662828693
34,1410,425,16305,0,0,,16.6,33.8,45.0,133.0,42.0,22.300000000000004,25760,2100,23660,0.9184782608695652,11,-11,0.0,40.0,0.0,20.0,0.0,-15.0,0.0,0.0,0.0,0.00538781104776714
35,1429,565,16862,0,0,,0.0,52.7,76.48,145.0,2.0,0.0,1182,658,524,0.4433164128595601,0,0,1.0,40.0,0.0,20.0,0.0,-15.0,25.0,6.48,0.0,0.36680602645146476
35,1429,564,16862,0,0,,0.0,52.7,76.48,145.0,1.0,0.0,1182,524,658,0.55668358714044,0,0,1.0,40.0,0.0,20.0,0.0,-15.0,25.0,6.48,0.0,0.3631292877878464
35,1429,799,17145,0,0,,0.0,0.0,0.0,133.0,10.0,52.7,1182,1180,2,0.001692047377326565,13,13,0.0,0.0,-40.0,0.0,40.0,0.0,0.0,0.0,0.0,0.031228331526588958
35,1429,696,16856,0,0,,0.0,0.0,-3.92,133.0,7.0,52.7,1182,1192,10,0.008460236886632826,7,7,0.0,0.0,-40.0,0.0,33.08,0.0,3.0,0.0,0.0,0.026643879980096666
35,1429,752,16964,0,0,,0.0,0.0,-5.23,133.0,8.0,52.7,1182,1173,9,0.007614213197969543,10,10,0.0,0.0,-40.0,0.0,34.77,0.0,0.0,0.0,0.0,0.023974874221960395
35,1429,632,16754,0,0,,0.0,36.1,48.0,133.0,3.0,16.6,1182,309,873,0.7385786802030457,4,4,0.0,40.0,0.0,20.0,0.0,-15.0,3.0,0.0,0.0,0.021348819570601137
35,1429,415,16278,0,0,,0.0,33.8,45.0,133.0,4.0,18.900000000000006,1182,64,1118,0.9458544839255499,14,-14,0.0,40.0,0.0,20.0,0.0,-15.0,0.0,0.0,0.0,0.010537727711179192
35,1429,753,16964,0,0,,0.0,0.0,-25.53,133.0,9.0,52.7,1182,1203,21,0.017766497461928935,10,10,0.0,0.0,-40.0,0.0,14.47,0.0,0.0,0.0,0.0,0.005597981861255492
35,1429,488,16493,0,0,,0.0,0.0,-30.99,133.0,5.0,52.7,1182,1208,26,0.021996615905245348,4,-4,0.0,0.0,-40.0,0.0,6.01,0.0,3.0,0.0,0.0,0.004169803520485031
35,1429,590,16691,0,0,,0.0,0.0,-31.57,133.0,6.0,52.7,1182,1211,29,0.024534686971235193,3,3,0.0,0.0,-40.0,0.0,0.93,0.0,7.5,0.0,0.0,0.0037012104388507725
36,1429,568,16862,0,0,,0.0,52.7,76.48,145.0,2.0,0.0,263,55,208,0.7908745247148289,0,0,1.0,40.0,0.0,20.0,0.0,-15.0,25.0,6.48,0.0,0.35533227799484535
36,1429,561,16862,0,0,,0.0,52.7,76.48,145.0,1.0,0.0,263,33,230,0.8745247148288974,0,0,1.0,40.0,0.0,20.0,0.0,-15.0,25.0,6.48,0.0,0.3531949828799993
36,1429,569,16862,0,0,,0.0,52.7,76.48,145.0,3.0,0.0,263,37,226,0.8593155893536122,0,0,1.0,40.0,0.0,20.0,0.0,-15.0,25.0,6.48,0.0,0.3511835172798575
36,1429,571,16862,0,0,,0.0,52.7,76.48,145.0,4.0,0.0,263,35,228,0.8669201520912547,0,0,1.0,40.0,0.0,20.0,0.0,-15.0,25.0,6.48,0.0,0.3495541915010418
36,1429,572,16862,0,0,,0.0,52.7,76.48,145.0,5.0,0.0,263,35,228,0.8669201520912547,0,0,1.0,40.0,0.0,20.0,0.0,-15.0,25.0,6.48,0.0,0.3482404140462664
36,1429,573,16862,0,0,,0.0,52.7,76.48,145.0,6.0,0.0,263,35,228,0.8669201520912547,0,0,1.0,40.0,0.0,20.0,0.0,-15.0,25.0,6.48,0.0,0.34692894068875346
36,1429,574,16862,0,0,,0.0,52.7,76.48,145.0,7.0,0.0,263,33,230,0.8745247148288974,0,0,1.0,40.0,0.0,20.0,0.0,-15.0,25.0,6.48,0.0,0.3453088486553428
36,1429,577,16639,0,0,,0.0,10.6,15.38,145.0,8.0,42.1,263,260,3,0.011406844106463879,0,0,1.0,0.0,-40.0,0.0,27.19,0.0,25.0,3.19,0.0,0.22770493702186717
36,1429,445,16357,0,0,,0.0,0.0,0.0,133.0,9.0,52.7,263,264,1,0.0038022813688212928,10,-10,0.0,0.0,-40.0,0.0,40.0,0.0,0.0,0.0,0.0,0.03247612524589957
36,1429,649,16813,0,0,,0.0,0.0,-9.81,133.0,10.0,52.7,263,260,3,0.011406844106463879,6,6,0.0,0.0,-40.0,0.0,27.19,0.0,3.0,0.0,0.0,0.01797203445978161
36,1429,816,17146,0,0,,0.0,0.0,-20.42,133.0,12.0,52.7,263,259,4,0.015209125475285171,13,13,0.0,0.0,-40.0,0.0,19.58,0.0,0.0,0.0,0.0,0.007287547246775114
36,1429,703,16953,0,0,,0.0,0.0,-25.02,133.0,11.0,52.7,263,258,5,0.019011406844106463,7,7,0.0,0.0,-40.0,0.0,11.98,0.0,3.0,0.0,0.0,0.005836227798872288
36,1429,817,17146,0,0,,0.0,0.0,-35.63,133.0,13.0,52.7,263,269,6,0.022813688212927757,13,13,0.0,0.0,-40.0,0.0,4.37,0.0,0.0,0.0,0.0,0.0024249887175138143
37,1429,570,16862,1,1,top_clean_score_margin_weight_date,77.8,90.7,131.48,145.0,1.0,0.0,366,366,0,0.0,0,0,1.0,40.0,0.0,20.0,40.0,0.0,25.0,6.48,0.0,0.9924593877724817
37,1429,566,16862,0,1,,77.8,6.0,8.69,145.0,3.0,84.7,366,360,6,0.01639344262295082,0,0,1.0,0.0,-40.0,0.0,17.21,0.0,25.0,6.48,0.0,0.04351550389052815
37,1429,528,16538,0,1,,77.8,12.9,17.11,133.0,2.0,77.8,366,369,3,0.00819672131147541,3,-3,0.0,0.0,-40.0,16.0,33.61,0.0,7.5,0.0,0.0,0.034962724375674784
37,1429,740,16964,0,1,,77.8,0.0,0.0,133.0,6.0,90.7,366,365,1,0.00273224043715847,10,10,0.0,0.0,-40.0,0.0,40.0,0.0,0.0,0.0,0.0,0.012044392369944758
37,1429,836,17146,0,1,,77.8,0.0,-11.86,133.0,7.0,90.7,366,370,4,0.01092896174863388,13,13,0.0,0.0,-40.0,0.0,28.14,0.0,0.0,0.0,0.0,0.004651552039248011
37,1429,837,17146,0,1,,77.8,0.0,-11.86,133.0,8.0,90.7,366,370,4,0.01092896174863388,13,13,0.0,0.0,-40.0,0.0,28.14,0.0,0.0,0.0,0.0,0.004624852452442237
37,1429,838,17146,0,1,,77.8,0.0,-17.32,133.0,9.0,90.7,366,371,5,0.01366120218579235,13,13,0.0,0.0,-40.0,0.0,22.68,0.0,0.0,0.0,0.0,0.0031034449796532586
37,1429,718,16890,0,1,,77.8,0.0,-25.1,133.0,5.0,90.7,366,373,7,0.01912568306010929,7,7,0.0,0.0,-40.0,0.0,11.75,0.0,3.0,0.0,0.15,0.0019937916047812086
37,1429,399,16273,0,1,,77.8,0.0,-28.25,133.0,4.0,90.7,366,373,7,0.01912568306010929,14,-14,0.0,0.0,-40.0,0.0,11.75,0.0,0.0,0.0,0.0,0.0012774845943266415
38,1429,563,16862,0,0,,0.0,52.7,76.48,145.0,2.0,0.0,2706,1416,1290,0.47671840354767187,0,0,1.0,40.0,0.0,20.0,0.0,-15.0,25.0,6.48,0.0,0.3601707923556813
38,1429,562,16862,0,0,,0.0,52.7,76.48,145.0,1.0,0.0,2706,1290,1416,0.5232815964523282,0,0,1.0,40.0,0.0,20.0,0.0,-15.0,25.0,6.48,0.0,0.3592749504735099
38,1429,609,16753,0,0,,0.0,0.0,-8.43,133.0,3.0,52.7,2706,2735,29,0.010716925351071693,4,4,0.0,0.0,-40.0,0.0,28.57,0.0,3.0,0.0,0.0,0.02145313701530101
38,1429,722,16892,0,0,,0.0,0.0,-17.3,133.0,4.0,52.7,2706,2747,41,0.015151515151515152,7,7,0.0,0.0,-40.0,0.0,19.7,0.0,3.0,0.0,0.0,0.01032693395783878
39,1429,556,16621,0,0,,0.8999999999999986,53.4,77.49,145.0,3.0,0.8999999999999986,638,234,404,0.6332288401253918,0,0,1.0,40.0,0.0,20.0,0.0,-15.0,25.0,7.49,0.0,0.3701735059895064
39,1429,558,16621,0,0,,0.8999999999999986,53.4,77.49,145.0,5.0,0.8999999999999986,638,272,366,0.5736677115987461,0,0,1.0,40.0,0.0,20.0,0.0,-15.0,25.0,7.49,0.0,0.3700452153738602
39,1429,557,16621,0,0,,0.8999999999999986,53.4,77.49,145.0,4.0,0.8999999999999986,638,250,388,0.6081504702194357,0,0,1.0,40.0,0.0,20.0,0.0,-15.0,25.0,7.49,0.0,0.36990662799138563
39,1429,555,16621,0,0,,0.8999999999999986,53.4,77.49,145.0,2.0,0.8999999999999986,638,209,429,0.6724137931034483,0,0,1.0,40.0,0.0,20.0,0.0,-15.0,25.0,7.49,0.0,0.3698321852240946
39,1429,560,16621,0,0,,0.8999999999999986,53.4,77.49,145.0,6.0,0.8999999999999986,638,49,589,0.9231974921630094,0,0,1.0,40.0,0.0,20.0,0.0,-15.0,25.0,7.49,0.0,0.353782384507672
39,1429,566,16862,0,0,,0.8999999999999986,52.7,76.48,145.0,7.0,1.5999999999999943,638,360,278,0.43573667711598746,0,0,1.0,40.0,0.0,20.0,0.0,-15.0,25.0,6.48,0.0,0.3516162338482027
39,1429,567,16862,0,0,,0.8999999999999986,52.7,76.48,145.0,8.0,1.5999999999999943,638,278,360,0.5642633228840125,0,0,1.0,40.0,0.0,20.0,0.0,-15.0,25.0,6.48,0.0,0.34490806373326127
39,1429,673,16854,0,0,,0.8999999999999986,54.3,72.25,133.0,1.0,0.0,638,651,13,0.02037617554858934,7,7,0.0,40.0,0.0,20.0,9.25,0.0,3.0,0.0,0.0,0.3299462652533193
39,1429,747,16964,0,0,,0.8999999999999986,0.0,0.0,133.0,27.0,54.3,638,641,3,0.004702194357366771,10,10,0.0,0.0,-40.0,0.0,40.0,0.0,0.0,0.0,0.0,0.029905650667048003
39,1429,678,16854,0,0,,0.8999999999999986,0.0,-5.81,133.0,26.0,54.3,638,632,6,0.009404388714733543,7,7,0.0,0.0,-40.0,0.0,31.19,0.0,3.0,0.0,0.0,0.02011860905747381
39,1429,710,16953,0,0,,0.8999999999999986,36.1,48.0,133.0,9.0,18.199999999999996,638,228,410,0.6426332288401254,7,7,0.0,40.0,0.0,20.0,0.0,-15.0,3.0,0.0,0.0,0.018447484012455037
39,1429,701,16953,0,0,,0.8999999999999986,36.1,48.0,133.0,11.0,18.199999999999996,638,251,387,0.6065830721003135,7,7,0.0,40.0,0.0,20.0,0.0,-15.0,3.0,0.0,0.0,0.018358988932062198
39,1429,708,16953,0,0,,0.8999999999999986,36.1,48.0,133.0,10.0,18.199999999999996,638,228,410,0.6426332288401254,7,7,0.0,40.0,0.0,20.0,0.0,-15.0,3.0,0.0,0.0,0.01834305606332393
39,1429,674,16854,0,0,,0.8999999999999986,36.1,48.0,133.0,12.0,18.199999999999996,638,239,399,0.6253918495297806,7,7,0.0,40.0,0.0,20.0,0.0,-15.0,3.0,0.0,0.0,0.01819281015013997
39,1429,393,16263,0,0,,0.8999999999999986,0.0,-5.67,133.0,28.0,54.3,638,633,5,0.007836990595611285,14,-14,0.0,0.0,-40.0,0.0,34.33,0.0,0.0,0.0,0.0,0.016005282256943094
39,1429,773,16979,0,0,,0.8999999999999986,33.8,45.0,133.0,14.0,20.5,638,441,197,0.30877742946708464,10,10,0.0,40.0,0.0,20.0,0.0,-15.0,0.0,0.0,0.0,0.013466116812731781
39,1429,651,16815,0,0,,0.8999999999999986,0.0,-12.08,133.0,24.0,54.3,638,630,8,0.012539184952978056,6,6,0.0,0.0,-40.0,0.0,24.92,0.0,3.0,0.0,0.0,0.01344424331318504
39,1429,774,16979,0,0,,0.8999999999999986,33.8,45.0,133.0,15.0,20.5,638,243,395,0.6191222570532915,10,10,0.0,40.0,0.0,20.0,0.0,-15.0,0.0,0.0,0.0,0.012652029047954459
39,1429,436,16340,0,0,,0.8999999999999986,33.8,45.0,133.0,16.0,20.5,638,939,301,0.4717868338557994,10,-10,0.0,40.0,0.0,20.0,0.0,-15.0,0.0,0.0,0.0,0.012073437704536215
39,1429,413,16273,0,0,,0.8999999999999986,33.8,45.0,133.0,17.0,20.5,638,579,59,0.09247648902821316,14,-14,0.0,40.0,0.0,20.0,0.0,-15.0,0.0,0.0,0.0,0.011041222051588119
39,1429,407,16273,0,0,,0.8999999999999986,33.8,45.0,133.0,13.0,20.5,638,489,149,0.2335423197492163,14,-14,0.0,40.0,0.0,20.0,0.0,-15.0,0.0,0.0,0.0,0.011008969066243563
39,1429,411,16273,0,0,,0.8999999999999986,33.8,45.0,133.0,18.0,20.5,638,529,109,0.17084639498432602,14,-14,0.0,40.0,0.0,20.0,0.0,-15.0,0.0,0.0,0.0,0.010821977231543716
39,1429,410,16273,0,0,,0.8999999999999986,33.8,45.0,133.0,19.0,20.5,638,528,110,0.1724137931034483,14,-14,0.0,40.0,0.0,20.0,0.0,-15.0,0.0,0.0,0.0,0.010757157301932125
39,1429,408,16273,0,0,,0.8999999999999986,33.8,45.0,133.0,20.0,20.5,638,495,143,0.22413793103448276,14,-14,0.0,40.0,0.0,20.0,0.0,-15.0,0.0,0.0,0.0,0.010595031244772677
39,1429,515,16538,0,0,,0.8999999999999986,0.0,-20.12,133.0,21.0,54.3,638,650,12,0.018808777429467086,3,-3,0.0,0.0,-40.0,0.0,12.38,0.0,7.5,0.0,0.0,0.007274098995828421
39,1429,612,16756,0,0,,0.8999999999999986,0.0,-34.02,133.0,22.0,54.3,638,623,15,0.023510971786833857,4,4,0.0,0.0,-40.0,0.0,2.98,0.0,3.0,0.0,0.0,0.002998939966953138
39,1429,613,16756,0,0,,0.8999999999999986,0.0,-34.02,133.0,23.0,54.3,638,623,15,0.023510971786833857,4,4,0.0,0.0,-40.0,0.0,2.98,0.0,3.0,0.0,0.0,0.002981697842873084
39,1429,443,16357,0,0,,0.8999999999999986,0.0,-33.89,133.0,25.0,54.3,638,652,14,0.0219435736677116,10,-10,0.0,0.0,-40.0,0.0,6.11,0.0,0.0,0.0,0.0,0.0025060193516515438
40,1401,549,16576,1,1,top_clean_score_margin_weight_date,36.0,92.3,133.86,145.0,1.0,0.0,36900,36900,0,0.0,0,0,1.0,40.0,0.0,20.0,40.0,0.0,25.0,6.04,2.82,0.9902272490648014
40,1401,540,16553,0,1,,36.0,56.3,81.57,145.0,2.0,36.0,36900,19340,17560,0.47588075880758807,0,0,1.0,40.0,0.0,20.0,0.0,-15.0,25.0,11.57,0.0,0.14905906762318438
40,1401,544,16573,0,1,,36.0,54.0,78.33,145.0,4.0,38.3,36900,1480,35420,0.9598915989159892,0,0,1.0,40.0,0.0,20.0,0.0,-15.0,25.0,6.41,1.92,0.08298514891241837
40,1401,547,16573,0,1,,36.0,54.0,78.33,145.0,6.0,38.3,36900,740,36160,0.9799457994579945,0,0,1.0,40.0,0.0,20.0,0.0,-15.0,25.0,6.41,1.92,0.08123028370845017
40,1401,546,16573,0,1,,36.0,54.0,78.33,145.0,7.0,38.3,36900,820,36080,0.9777777777777777,0,0,1.0,40.0,0.0,20.0,0.0,-15.0,25.0,6.41,1.92,0.0808938533320175
40,1401,545,16573,0,1,,36.0,54.0,78.33,145.0,8.0,38.3,36900,860,36040,0.9766937669376694,0,0,1.0,40.0,0.0,20.0,0.0,-15.0,25.0,6.41,1.92,0.08051178776079698
40,1401,548,16573,0,1,,36.0,54.0,78.33,145.0,5.0,38.3,36900,-1404,38304,1.038048780487805,0,0,1.0,40.0,0.0,20.0,0.0,-15.0,25.0,6.41,1.92,0.07915258409517816
40,1401,550,16576,0,1,,36.0,55.5,76.04,137.0,3.0,36.8,36900,0,36900,1.0,0,0,1.0,40.0,0.0,20.0,0.0,-15.0,25.0,6.04,0.0,0.06377199939431238
40,1401,500,16552,0,1,,36.0,45.1,60.0,133.0,9.0,47.199999999999996,36900,49780,12880,0.34905149051490514,1,-1,0.0,40.0,0.0,20.0,0.0,-15.0,15.0,0.0,0.0,0.013479354180911484
40,1401,554,16594,0,1,,36.0,45.1,60.0,133.0,10.0,47.199999999999996,36900,22520,14380,0.3897018970189702,1,1,0.0,40.0,0.0,20.0,0.0,-15.0,15.0,0.0,0.0,0.013142660852210974
40,1401,535,16539,0,1,,36.0,45.1,60.0,133.0,11.0,47.199999999999996,36900,6460,30440,0.8249322493224932,1,-1,0.0,40.0,0.0,20.0,0.0,-15.0,15.0,0.0,0.0,0.010094007230786111
40,1401,486,16491,0,1,,36.0,0.1,0.16,133.0,38.0,92.2,36900,36580,320,0.008672086720867209,2,-2,0.0,0.0,-40.0,0.0,32.66,0.0,7.5,0.0,0.0,0.00705982877357553
40,1401,605,16748,0,1,,36.0,38.2,50.82,133.0,14.0,54.099999999999994,36900,38860,1960,0.053116531165311655,6,6,0.0,40.0,0.0,20.0,0.0,-15.0,3.0,0.0,2.82,0.005809830493235638
40,1401,645,16811,0,1,,36.0,38.5,51.26,133.0,13.0,53.8,36900,40300,3400,0.0921409214092141,7,7,0.0,40.0,0.0,20.0,0.0,-15.0,3.0,0.0,3.26,0.005683862018480103
40,1401,487,16493,0,1,,36.0,39.5,52.5,133.0,12.0,52.8,36900,10872,26028,0.7053658536585365,2,-2,0.0,40.0,0.0,20.0,0.0,-15.0,7.5,0.0,0.0,0.005512922451181996
40,1401,397,16272,0,1,,36.0,0.0,-1.92,133.0,39.0,92.3,36900,36680,220,0.005962059620596206,12,-12,0.0,0.0,-40.0,0.0,38.08,0.0,0.0,0.0,0.0,0.005092862434709335
40,1401,598,16719,0,1,,36.0,37.5,49.92,133.0,15.0,54.8,36900,29600,7300,0.1978319783197832,6,6,0.0,40.0,0.0,20.0,0.0,-15.0,3.0,0.0,1.92,0.0050063019871435
40,1401,478,16449,0,1,,36.0,36.1,48.0,133.0,17.0,56.199999999999996,36900,38700,1800,0.04878048780487805,5,-5,0.0,40.0,0.0,20.0,0.0,-15.0,3.0,0.0,0.0,0.00477707543865838
40,1401,644,16810,0,1,,36.0,36.1,48.0,133.0,18.0,56.199999999999996,36900,39540,2640,0.07154471544715447,7,7,0.0,40.0,0.0,20.0,0.0,-15.0,3.0,0.0,0.0,0.004554224711720333
40,1401,473,16435,0,1,,36.0,36.5,48.58,133.0,16.0,55.8,36900,17760,19140,0.5186991869918699,6,-6,0.0,40.0,0.0,20.0,0.0,-15.0,3.0,0.0,0.58,0.0036405761105330592
40,1401,731,17011,0,1,,36.0,36.0,47.82,133.0,19.0,56.3,36900,27840,9060,0.24552845528455283,12,12,0.0,40.0,0.0,20.0,0.0,-15.0,0.0,0.0,2.82,0.00324746466376854
40,1401,423,16303,0,1,,36.0,35.3,46.92,133.0,26.0,57.0,36900,30608,6292,0.1705149051490515,9,-9,0.0,40.0,0.0,20.0,0.0,-15.0,0.0,0.0,1.92,0.0031764353040411378
40,1401,433,16324,0,1,,36.0,34.3,45.58,133.0,29.0,58.0,36900,47620,10720,0.2905149051490515,9,-9,0.0,40.0,0.0,20.0,0.0,-15.0,0.0,0.0,0.58,0.002680469018287718
40,1401,775,17016,0,1,,36.0,33.8,45.0,133.0,37.0,58.5,36900,31860,5040,0.13658536585365855,13,13,0.0,40.0,0.0,20.0,0.0,-15.0,0.0,0.0,0.0,0.002513295347363167
40,1401,660,16821,0,1,,36.0,33.8,45.0,133.0,30.0,58.5,36900,19060,17840,0.4834688346883469,8,8,0.0,40.0,0.0,20.0,0.0,-15.0,0.0,0.0,0.0,0.0025050668333752857
40,1401,657,16817,0,1,,36.0,35.3,46.92,133.0,21.0,57.0,36900,940,35960,0.9745257452574526,8,8,0.0,40.0,0.0,20.0,0.0,-15.0,0.0,0.0,1.92,0.0022470218912958913
40,1401,659,16817,0,1,,36.0,35.3,46.92,133.0,20.0,57.0,36900,-810,37710,1.0219512195121951,8,8,0.0,40.0,0.0,20.0,0.0,-15.0,0.0,0.0,1.92,0.0021983880940049474
40,1401,656,16817,0,1,,36.0,35.3,46.92,133.0,27.0,57.0,36900,1240,35660,0.9663956639566396,8,8,0.0,40.0,0.0,20.0,0.0,-15.0,0.0,0.0,1.92,0.0021808684060121994
40,1401,658,16817,0,1,,36.0,35.3,46.92,133.0,28.0,57.0,36900,880,36020,0.9761517615176152,8,8,0.0,40.0,0.0,20.0,0.0,-15.0,0.0,0.0,1.92,0.0021560195607944178
40,1401,368,16197,0,1,,36.0,33.8,45.0,133.0,32.0,58.5,36900,47700,10800,0.2926829268292683,14,-14,0.0,40.0,0.0,20.0,0.0,-15.0,0.0,0.0,0.0,0.0020832771106561406
40,1401,431,16318,0,1,,36.0,35.3,46.92,133.0,23.0,57.0,36900,620,36280,0.9831978319783198,9,-9,0.0,40.0,0.0,20.0,0.0,-15.0,0.0,0.0,1.92,0.002012505083054017
40,1401,430,16318,0,1,,36.0,35.3,46.92,133.0,24.0,57.0,36900,660,36240,0.9821138211382113,9,-9,0.0,40.0,0.0,20.0,0.0,-15.0,0.0,0.0,1.92,0.0020021883358276858
40,1401,432,16318,0,1,,36.0,35.3,46.92,133.0,22.0,57.0,36900,-300,37200,1.008130081300813,9,-9,0.0,40.0,0.0,20.0,0.0,-15.0,0.0,0.0,1.92,0.0019949357451410884
40,1401,429,16318,0,1,,36.0,35.3,46.92,133.0,25.0,57.0,36900,720,36180,0.9804878048780488,9,-9,0.0,40.0,0.0,20.0,0.0,-15.0,0.0,0.0,1.92,0.0019925541031648813
40,1401,677,16854,0,1,,36.0,33.8,45.0,133.0,31.0,58.5,36900,1442,35458,0.9609214092140922,9,9,0.0,40.0,0.0,20.0,0.0,-15.0,0.0,0.0,0.0,0.001826539643915556
40,1401,450,16357,0,1,,36.0,33.8,45.0,133.0,33.0,58.5,36900,1942,34958,0.9473712737127371,8,-8,0.0,40.0,0.0,20.0,0.0,-15.0,0.0,0.0,0.0,0.0017779545283010284
40,1401,449,16357,0,1,,36.0,33.8,45.0,133.0,34.0,58.5,36900,1703,35197,0.9538482384823849,8,-8,0.0,40.0,0.0,20.0,0.0,-15.0,0.0,0.0,0.0,0.0017610537437429319
40,1401,444,16357,0,1,,36.0,33.8,45.0,133.0,36.0,58.5,36900,2367,34533,0.9358536585365854,8,-8,0.0,40.0,0.0,20.0,0.0,-15.0,0.0,0.0,0.0,0.001759206502872759
40,1401,447,16357,0,1,,36.0,33.8,45.0,133.0,35.0,58.5,36900,1629,35271,0.9558536585365853,8,-8,0.0,40.0,0.0,20.0,0.0,-15.0,0.0,0.0,0.0,0.0017488691570938862
41,1405,539,16591,1,1,top_clean_score_margin_weight_date,38.00000000000001,90.4,131.02,145.0,1.0,0.0,17400,17400,0,0.0,0,0,1.0,40.0,0.0,20.0,40.0,0.0,25.0,6.02,0.0,0.9908700770358805
41,1405,538,16590,0,1,,38.00000000000001,52.4,76.04,145.0,2.0,38.00000000000001,17400,21020,3620,0.20804597701149424,0,0,1.0,40.0,0.0,20.0,0.0,-15.0,25.0,6.04,0.0,0.1394621831921593
41,1405,495,16522,0,1,,38.00000000000001,39.5,52.5,133.0,4.0,50.900000000000006,17400,13360,4040,0.23218390804597702,2,-2,0.0,40.0,0.0,20.0,0.0,-15.0,7.5,0.0,0.0,0.010104543876894767
41,1405,559,16621,0,1,,38.00000000000001,39.5,52.5,133.0,3.0,50.900000000000006,17400,320,17080,0.9816091954022989,2,2,0.0,40.0,0.0,20.0,0.0,-15.0,7.5,0.0,0.0,0.007829350562497346
41,1405,593,16698,0,1,,38.00000000000001,36.1,48.0,133.0,21.0,54.300000000000004,17400,14140,3260,0.18735632183908046,5,5,0.0,40.0,0.0,20.0,0.0,-15.0,3.0,0.0,0.0,0.005875427923276395
41,1405,476,16432,0,1,,38.00000000000001,36.1,48.0,133.0,24.0,54.300000000000004,17400,18960,1560,0.0896551724137931,5,-5,0.0,40.0,0.0,20.0,0.0,-15.0,3.0,0.0,0.0,0.0057864712509480215
41,1405,607,16750,0,1,,38.00000000000001,36.1,48.0,133.0,19.0,54.300000000000004,17400,20980,3580,0.2057471264367816,6,6,0.0,40.0,0.0,20.0,0.0,-15.0,3.0,0.0,0.0,0.005724445829644688
41,1405,581,16712,0,1,,38.00000000000001,36.1,48.0,133.0,22.0,54.300000000000004,17400,22600,5200,0.2988505747126437,5,5,0.0,40.0,0.0,20.0,0.0,-15.0,3.0,0.0,0.0,0.00561398557751435
41,1405,594,16698,0,1,,38.00000000000001,36.1,48.0,133.0,20.0,54.300000000000004,17400,7040,10360,0.5954022988505747,5,5,0.0,40.0,0.0,20.0,0.0,-15.0,3.0,0.0,0.0,0.005086300347690889
41,1405,471,16456,0,1,,38.00000000000001,36.1,48.0,133.0,25.0,54.300000000000004,17400,11020,6380,0.36666666666666664,6,-6,0.0,40.0,0.0,20.0,0.0,-15.0,3.0,0.0,0.0,0.00499837051200041
41,1405,617,16756,0,1,,38.00000000000001,36.1,48.0,133.0,5.0,54.300000000000004,17400,759,16641,0.9563793103448276,6,6,0.0,40.0,0.0,20.0,0.0,-15.0,3.0,0.0,0.0,0.004704352221842712
41,1405,612,16756,0,1,,38.00000000000001,36.1,48.0,133.0,6.0,54.300000000000004,17400,623,16777,0.9641954022988506,6,6,0.0,40.0,0.0,20.0,0.0,-15.0,3.0,0.0,0.0,0.004663922142568042
41,1405,614,16756,0,1,,38.00000000000001,36.1,48.0,133.0,7.0,54.300000000000004,17400,721,16679,0.9585632183908046,6,6,0.0,40.0,0.0,20.0,0.0,-15.0,3.0,0.0,0.0,0.00464676942158429
41,1405,615,16756,0,1,,38.00000000000001,36.1,48.0,133.0,8.0,54.300000000000004,17400,721,16679,0.9585632183908046,6,6,0.0,40.0,0.0,20.0,0.0,-15.0,3.0,0.0,0.0,0.004620097159249802
41,1405,616,16756,0,1,,38.00000000000001,36.1,48.0,133.0,9.0,54.300000000000004,17400,729,16671,0.958103448275862,6,6,0.0,40.0,0.0,20.0,0.0,-15.0,3.0,0.0,0.0,0.004594354313490189
41,1405,618,16756,0,1,,38.00000000000001,36.1,48.0,133.0,10.0,54.300000000000004,17400,759,16641,0.9563793103448276,6,6,0.0,40.0,0.0,20.0,0.0,-15.0,3.0,0.0,0.0,0.0045708798857028235
41,1405,619,16756,0,1,,38.00000000000001,36.1,48.0,133.0,11.0,54.300000000000004,17400,820,16580,0.9528735632183908,6,6,0.0,40.0,0.0,20.0,0.0,-15.0,3.0,0.0,0.0,0.004550506497369342
41,1405,620,16756,0,1,,38.00000000000001,36.1,48.0,133.0,12.0,54.300000000000004,17400,820,16580,0.9528735632183908,6,6,0.0,40.0,0.0,20.0,0.0,-15.0,3.0,0.0,0.0,0.004524384268600455
41,1405,621,16756,0,1,,38.00000000000001,36.1,48.0,133.0,13.0,54.300000000000004,17400,1058,16342,0.9391954022988506,6,6,0.0,40.0,0.0,20.0,0.0,-15.0,3.0,0.0,0.0,0.0045211059720281915
41,1405,622,16756,0,1,,38.00000000000001,36.1,48.0,133.0,14.0,54.300000000000004,17400,1110,16290,0.9362068965517242,6,6,0.0,40.0,0.0,20.0,0.0,-15.0,3.0,0.0,0.0,0.004500096979662692
41,1405,623,16756,0,1,,38.00000000000001,36.1,48.0,133.0,15.0,54.300000000000004,17400,1110,16290,0.9362068965517242,6,6,0.0,40.0,0.0,20.0,0.0,-15.0,3.0,0.0,0.0,0.004474262826577703
41,1405,624,16756,0,1,,38.00000000000001,36.1,48.0,133.0,16.0,54.300000000000004,17400,1152,16248,0.9337931034482758,6,6,0.0,40.0,0.0,20.0,0.0,-15.0,3.0,0.0,0.0,0.004452528923106789
41,1405,625,16756,0,1,,38.00000000000001,36.1,48.0,133.0,17.0,54.300000000000004,17400,1152,16248,0.9337931034482758,6,6,0.0,40.0,0.0,20.0,0.0,-15.0,3.0,0.0,0.0,0.004426966634307312
41,1405,613,16756,0,1,,38.00000000000001,36.1,48.0,133.0,18.0,54.300000000000004,17400,623,16777,0.9641954022988506,6,6,0.0,40.0,0.0,20.0,0.0,-15.0,3.0,0.0,0.0,0.004352585360126707
41,1405,664,16844,0,1,,38.00000000000001,33.8,45.0,133.0,38.0,56.60000000000001,17400,19900,2500,0.14367816091954022,8,8,0.0,40.0,0.0,20.0,0.0,-15.0,0.0,0.0,0.0,0.0038137457462658762
41,1405,441,16352,0,1,,38.00000000000001,33.8,45.0,133.0,41.0,56.60000000000001,17400,13460,3940,0.2264367816091954,8,-8,0.0,40.0,0.0,20.0,0.0,-15.0,0.0,0.0,0.0,0.003439494309416671
41,1405,485,16465,0,1,,38.00000000000001,36.1,48.0,133.0,23.0,54.300000000000004,17400,47060,29660,1.7045977011494253,5,-5,0.0,40.0,0.0,20.0,0.0,-15.0,3.0,0.0,0.0,0.0032334567549449984
41,1405,661,16825,0,1,,38.00000000000001,33.8,45.0,133.0,39.0,56.60000000000001,17400,27640,10240,0.5885057471264368,8,8,0.0,40.0,0.0,20.0,0.0,-15.0,0.0,0.0,0.0,0.003224634102370305
41,1405,396,16394,0,1,,38.00000000000001,33.8,45.0,133.0,44.0,56.60000000000001,17400,14660,2740,0.15747126436781608,12,-12,0.0,40.0,0.0,20.0,0.0,-15.0,0.0,0.0,0.0,0.002971932288653126
41,1405,668,16854,0,1,,38.00000000000001,33.8,45.0,133.0,26.0,56.60000000000001,17400,428,16972,0.9754022988505747,9,9,0.0,40.0,0.0,20.0,0.0,-15.0,0.0,0.0,0.0,0.0029129332367482798
41,1405,679,16854,0,1,,38.00000000000001,33.8,45.0,133.0,27.0,56.60000000000001,17400,598,16802,0.965632183908046,9,9,0.0,40.0,0.0,20.0,0.0,-15.0,0.0,0.0,0.0,0.0029066302228152887
41,1405,680,16854,0,1,,38.00000000000001,33.8,45.0,133.0,28.0,56.60000000000001,17400,571,16829,0.967183908045977,9,9,0.0,40.0,0.0,20.0,0.0,-15.0,0.0,0.0,0.0,0.002888265226979291
41,1405,681,16854,0,1,,38.00000000000001,33.8,45.0,133.0,29.0,56.60000000000001,17400,450,16950,0.9741379310344828,9,9,0.0,40.0,0.0,20.0,0.0,-15.0,0.0,0.0,0.0,0.0028643078512594826
41,1405,678,16854,0,1,,38.00000000000001,33.8,45.0,133.0,33.0,56.60000000000001,17400,632,16768,0.9636781609195403,9,9,0.0,40.0,0.0,20.0,0.0,-15.0,0.0,0.0,0.0,0.002809801759438302
41,1405,670,16854,0,1,,38.00000000000001,33.8,45.0,133.0,34.0,56.60000000000001,17400,440,16960,0.9747126436781609,9,9,0.0,40.0,0.0,20.0,0.0,-15.0,0.0,0.0,0.0,0.002782306078118588
41,1405,669,16854,0,1,,38.00000000000001,33.8,45.0,133.0,35.0,56.60000000000001,17400,113,17287,0.9935057471264368,9,9,0.0,40.0,0.0,20.0,0.0,-15.0,0.0,0.0,0.0,0.0027472117410245415
41,1405,667,16854,0,1,,38.00000000000001,33.8,45.0,133.0,37.0,56.60000000000001,17400,433,16967,0.9751149425287357,9,9,0.0,40.0,0.0,20.0,0.0,-15.0,0.0,0.0,0.0,0.002734175196440656
41,1405,371,16203,0,1,,38.00000000000001,33.8,45.0,133.0,36.0,56.60000000000001,17400,23160,5760,0.3310344827586207,14,-14,0.0,40.0,0.0,20.0,0.0,-15.0,0.0,0.0,0.0,0.0027062893845515483
41,1405,386,16255,0,1,,38.00000000000001,33.8,45.0,133.0,40.0,56.60000000000001,17400,10720,6680,0.3839080459770115,13,-13,0.0,40.0,0.0,20.0,0.0,-15.0,0.0,0.0,0.0,0.002691935123207774
41,1405,769,16979,0,1,,38.00000000000001,33.8,45.0,133.0,30.0,56.60000000000001,17400,1113,16287,0.9360344827586207,12,12,0.0,40.0,0.0,20.0,0.0,-15.0,0.0,0.0,0.0,0.002626113049214537
41,1405,770,16979,0,1,,38.00000000000001,33.8,45.0,133.0,31.0,56.60000000000001,17400,841,16559,0.9516666666666667,12,12,0.0,40.0,0.0,20.0,0.0,-15.0,0.0,0.0,0.0,0.002596006758679178
41,1405,425,16305,0,1,,38.00000000000001,33.8,45.0,133.0,42.0,56.60000000000001,17400,2100,15300,0.8793103448275862,9,-9,0.0,40.0,0.0,20.0,0.0,-15.0,0.0,0.0,0.0,0.00258681824043584
41,1405,771,16979,0,1,,38.00000000000001,33.8,45.0,133.0,32.0,56.60000000000001,17400,840,16560,0.9517241379310345,12,12,0.0,40.0,0.0,20.0,0.0,-15.0,0.0,0.0,0.0,0.002581020583613297
41,1405,772,16979,0,1,,38.00000000000001,33.8,45.0,133.0,45.0,56.60000000000001,17400,804,16596,0.9537931034482758,12,12,0.0,40.0,0.0,20.0,0.0,-15.0,0.0,0.0,0.0,0.0023927091086476705
41,1405,397,16272,0,1,,38.00000000000001,33.8,45.0,133.0,43.0,56.60000000000001,17400,36680,19280,1.1080459770114943,12,-12,0.0,40.0,0.0,20.0,0.0,-15.0,0.0,0.0,0.0,0.0021149320663511953
41,1405,473,16435,0,1,,38.00000000000001,0.0,-21.59,133.0,46.0,90.4,17400,17760,360,0.020689655172413793,6,-6,0.0,0.0,-40.0,0.0,8.62,0.0,3.0,0.0,6.79,0.0012334297961965352
42,1404,538,16590,1,1,top_clean_score_margin_weight_date,13.0,90.4,131.01,145.0,1.0,0.0,21020,21020,0,0.0,0,0,1.0,40.0,0.0,20.0,40.0,0.0,25.0,6.01,0.0,0.9905525425404943
42,1404,607,16750,0,1,,13.0,77.4,103.0,133.0,2.0,13.0,21020,20980,40,0.0019029495718363464,6,6,0.0,40.0,0.0,20.0,40.0,0.0,3.0,0.0,0.0,0.8307803440131241
42,1404,539,16591,0,1,,13.0,52.4,75.99,145.0,3.0,38.00000000000001,21020,17400,3620,0.17221693625118933,0,0,1.0,40.0,0.0,20.0,0.0,-15.0,25.0,5.99,0.0,0.13508848214750116
42,1404,495,16522,0,1,,13.0,39.5,52.5,133.0,4.0,50.900000000000006,21020,13360,7660,0.3644148430066603,2,-2,0.0,40.0,0.0,20.0,0.0,-15.0,7.5,0.0,0.0,0.009175697815043312
42,1404,559,16621,0,1,,13.0,39.5,52.5,133.0,5.0,50.900000000000006,21020,320,20700,0.9847764034253093,2,2,0.0,40.0,0.0,20.0,0.0,-15.0,7.5,0.0,0.0,0.007189041532442412
42,1404,581,16712,0,1,,13.0,36.1,48.0,133.0,22.0,54.300000000000004,21020,22600,1580,0.07516650808753568,5,5,0.0,40.0,0.0,20.0,0.0,-15.0,3.0,0.0,0.0,0.005870083318842333
42,1404,476,16432,0,1,,13.0,36.1,48.0,133.0,24.0,54.300000000000004,21020,18960,2060,0.09800190294957184,5,-5,0.0,40.0,0.0,20.0,0.0,-15.0,3.0,0.0,0.0,0.005553547987498555
42,1404,593,16698,0,1,,13.0,36.1,48.0,133.0,21.0,54.300000000000004,21020,14140,6880,0.3273073263558516,5,5,0.0,40.0,0.0,20.0,0.0,-15.0,3.0,0.0,0.0,0.005325961024419591
42,1404,594,16698,0,1,,13.0,36.1,48.0,133.0,20.0,54.300000000000004,21020,7040,13980,0.665080875356803,5,5,0.0,40.0,0.0,20.0,0.0,-15.0,3.0,0.0,0.0,0.004668026372047782
42,1404,471,16456,0,1,,13.0,36.1,48.0,133.0,25.0,54.300000000000004,21020,11020,10000,0.47573739295908657,6,-6,0.0,40.0,0.0,20.0,0.0,-15.0,3.0,0.0,0.0,0.0045553998721351956
42,1404,613,16756,0,1,,13.0,36.1,48.0,133.0,6.0,54.300000000000004,21020,623,20397,0.970361560418649,6,6,0.0,40.0,0.0,20.0,0.0,-15.0,3.0,0.0,0.0,0.004328667000462982
42,1404,615,16756,0,1,,13.0,36.1,48.0,133.0,7.0,54.300000000000004,21020,721,20299,0.9656993339676498,6,6,0.0,40.0,0.0,20.0,0.0,-15.0,3.0,0.0,0.0,0.004312000879065709
42,1404,616,16756,0,1,,13.0,36.1,48.0,133.0,8.0,54.300000000000004,21020,729,20291,0.9653187440532826,6,6,0.0,40.0,0.0,20.0,0.0,-15.0,3.0,0.0,0.0,0.004287907176241873
42,1404,618,16756,0,1,,13.0,36.1,48.0,133.0,9.0,54.300000000000004,21020,759,20261,0.9638915318744053,6,6,0.0,40.0,0.0,20.0,0.0,-15.0,3.0,0.0,0.0,0.004265767387192553
42,1404,617,16756,0,1,,13.0,36.1,48.0,133.0,10.0,54.300000000000004,21020,759,20261,0.9638915318744053,6,6,0.0,40.0,0.0,20.0,0.0,-15.0,3.0,0.0,0.0,0.004241272741924096
42,1404,619,16756,0,1,,13.0,36.1,48.0,133.0,11.0,54.300000000000004,21020,820,20200,0.9609895337773549,6,6,0.0,40.0,0.0,20.0,0.0,-15.0,3.0,0.0,0.0,0.004221910601825485
42,1404,620,16756,0,1,,13.0,36.1,48.0,133.0,12.0,54.300000000000004,21020,820,20200,0.9609895337773549,6,6,0.0,40.0,0.0,20.0,0.0,-15.0,3.0,0.0,0.0,0.004197666726843916
42,1404,621,16756,0,1,,13.0,36.1,48.0,133.0,13.0,54.300000000000004,21020,1058,19962,0.9496669838249286,6,6,0.0,40.0,0.0,20.0,0.0,-15.0,3.0,0.0,0.0,0.004192873791458477
42,1404,622,16756,0,1,,13.0,36.1,48.0,133.0,14.0,54.300000000000004,21020,1110,19910,0.9471931493815414,6,6,0.0,40.0,0.0,20.0,0.0,-15.0,3.0,0.0,0.0,0.004173003088675107
42,1404,623,16756,0,1,,13.0,36.1,48.0,133.0,15.0,54.300000000000004,21020,1110,19910,0.9471931493815414,6,6,0.0,40.0,0.0,20.0,0.0,-15.0,3.0,0.0,0.0,0.004149038889731427
42,1404,624,16756,0,1,,13.0,36.1,48.0,133.0,16.0,54.300000000000004,21020,1152,19868,0.9451950523311132,6,6,0.0,40.0,0.0,20.0,0.0,-15.0,3.0,0.0,0.0,0.004128574101524703
42,1404,625,16756,0,1,,13.0,36.1,48.0,133.0,17.0,54.300000000000004,21020,1152,19868,0.9451950523311132,6,6,0.0,40.0,0.0,20.0,0.0,-15.0,3.0,0.0,0.0,0.004104863992089328
42,1404,614,16756,0,1,,13.0,36.1,48.0,133.0,18.0,54.300000000000004,21020,721,20299,0.9656993339676498,6,6,0.0,40.0,0.0,20.0,0.0,-15.0,3.0,0.0,0.0,0.004047306653392123
42,1404,612,16756,0,1,,13.0,36.1,48.0,133.0,19.0,54.300000000000004,21020,623,20397,0.970361560418649,6,6,0.0,40.0,0.0,20.0,0.0,-15.0,3.0,0.0,0.0,0.004016417798258465
42,1404,664,16844,0,1,,13.0,33.8,45.0,133.0,38.0,56.60000000000001,21020,19900,1120,0.0532825880114177,8,8,0.0,40.0,0.0,20.0,0.0,-15.0,0.0,0.0,0.0,0.003801371784516253
42,1404,485,16465,0,1,,13.0,36.1,48.0,133.0,23.0,54.300000000000004,21020,47060,26040,1.2388201712654614,5,-5,0.0,40.0,0.0,20.0,0.0,-15.0,3.0,0.0,0.0,0.0035296400154196475
42,1404,661,16825,0,1,,13.0,33.8,45.0,133.0,39.0,56.60000000000001,21020,27640,6620,0.3149381541389153,8,8,0.0,40.0,0.0,20.0,0.0,-15.0,0.0,0.0,0.0,0.0034020655520765257
42,1404,441,16352,0,1,,13.0,33.8,45.0,133.0,41.0,56.60000000000001,21020,13460,7560,0.35965746907706947,8,-8,0.0,40.0,0.0,20.0,0.0,-15.0,0.0,0.0,0.0,0.0031208437495107454
42,1404,371,16203,0,1,,13.0,33.8,45.0,133.0,35.0,56.60000000000001,21020,23160,2140,0.10180780209324453,14,-14,0.0,40.0,0.0,20.0,0.0,-15.0,0.0,0.0,0.0,0.0028492906070904595
42,1404,680,16854,0,1,,13.0,33.8,45.0,133.0,27.0,56.60000000000001,21020,571,20449,0.9728353948620362,9,9,0.0,40.0,0.0,20.0,0.0,-15.0,0.0,0.0,0.0,0.002696055522057617
42,1404,396,16394,0,1,,13.0,33.8,45.0,133.0,44.0,56.60000000000001,21020,14660,6360,0.30256898192197906,12,-12,0.0,40.0,0.0,20.0,0.0,-15.0,0.0,0.0,0.0,0.0026908045137138546
42,1404,669,16854,0,1,,13.0,33.8,45.0,133.0,26.0,56.60000000000001,21020,113,20907,0.9946241674595623,9,9,0.0,40.0,0.0,20.0,0.0,-15.0,0.0,0.0,0.0,0.0026876309444621607
42,1404,681,16854,0,1,,13.0,33.8,45.0,133.0,28.0,56.60000000000001,21020,450,20570,0.9785918173168411,9,9,0.0,40.0,0.0,20.0,0.0,-15.0,0.0,0.0,0.0,0.002674256470815364
42,1404,679,16854,0,1,,13.0,33.8,45.0,133.0,32.0,56.60000000000001,21020,598,20422,0.9715509039010466,9,9,0.0,40.0,0.0,20.0,0.0,-15.0,0.0,0.0,0.0,0.0026207872064299325
42,1404,678,16854,0,1,,13.0,33.8,45.0,133.0,33.0,56.60000000000001,21020,632,20388,0.9699333967649857,9,9,0.0,40.0,0.0,20.0,0.0,-15.0,0.0,0.0,0.0,0.0026074353573277546
42,1404,670,16854,0,1,,13.0,33.8,45.0,133.0,34.0,56.60000000000001,21020,440,20580,0.9790675547098002,9,9,0.0,40.0,0.0,20.0,0.0,-15.0,0.0,0.0,0.0,0.0025827857358036023
42,1404,668,16854,0,1,,13.0,33.8,45.0,133.0,36.0,56.60000000000001,21020,428,20592,0.9796384395813511,9,9,0.0,40.0,0.0,20.0,0.0,-15.0,0.0,0.0,0.0,0.002552564464818609
42,1404,667,16854,0,1,,13.0,33.8,45.0,133.0,37.0,56.60000000000001,21020,433,20587,0.9794005708848715,9,9,0.0,40.0,0.0,20.0,0.0,-15.0,0.0,0.0,0.0,0.0025381287644804552
42,1404,386,16255,0,1,,13.0,33.8,45.0,133.0,40.0,56.60000000000001,21020,10720,10300,0.4900095147478592,13,-13,0.0,40.0,0.0,20.0,0.0,-15.0,0.0,0.0,0.0,0.0024541568997710978
42,1404,769,16979,0,1,,13.0,33.8,45.0,133.0,29.0,56.60000000000001,21020,1113,19907,0.9470504281636537,12,12,0.0,40.0,0.0,20.0,0.0,-15.0,0.0,0.0,0.0,0.002448973358057893
42,1404,770,16979,0,1,,13.0,33.8,45.0,133.0,30.0,56.60000000000001,21020,841,20179,0.9599904852521408,12,12,0.0,40.0,0.0,20.0,0.0,-15.0,0.0,0.0,0.0,0.002422050007433185
42,1404,771,16979,0,1,,13.0,33.8,45.0,133.0,31.0,56.60000000000001,21020,840,20180,0.9600380589914367,12,12,0.0,40.0,0.0,20.0,0.0,-15.0,0.0,0.0,0.0,0.00240806985242655
42,1404,425,16305,0,1,,13.0,33.8,45.0,133.0,42.0,56.60000000000001,21020,2100,18920,0.9000951474785919,9,-9,0.0,40.0,0.0,20.0,0.0,-15.0,0.0,0.0,0.0,0.00239428983191325
42,1404,397,16272,0,1,,13.0,33.8,45.0,133.0,43.0,56.60000000000001,21020,36680,15660,0.7450047573739296,12,-12,0.0,40.0,0.0,20.0,0.0,-15.0,0.0,0.0,0.0,0.0022671680687658766
42,1404,772,16979,0,1,,13.0,33.8,45.0,133.0,45.0,56.60000000000001,21020,804,20216,0.9617507136060894,12,12,0.0,40.0,0.0,20.0,0.0,-15.0,0.0,0.0,0.0,0.0022196445499534185
43,1395,500,16552,1,1,top_clean_score_margin_weight_date,41.2,90.4,131.03,145.0,1.0,0.0,49780,49780,0,0.0,0,0,1.0,40.0,0.0,20.0,40.0,0.0,25.0,6.03,0.0,0.9876754362469489
43,1395,535,16539,0,1,,41.2,49.2,71.28,145.0,2.0,41.2,49780,6460,43320,0.8702290076335878,0,0,1.0,40.0,0.0,20.0,0.0,-15.0,25.0,1.28,0.0,0.04243723510061033
43,1395,549,16576,0,1,,41.2,47.2,62.82,133.0,4.0,43.2,49780,36900,12880,0.25873844917637606,1,1,0.0,40.0,0.0,20.0,0.0,-15.0,15.0,0.0,2.82,0.01581517836199229
43,1395,540,16553,0,1,,41.2,45.1,60.0,133.0,10.0,45.300000000000004,49780,19340,30440,0.6114905584572118,1,1,0.0,40.0,0.0,20.0,0.0,-15.0,15.0,0.0,0.0,0.009942479041449686
43,1395,545,16573,0,1,,41.2,46.6,61.92,133.0,5.0,43.800000000000004,49780,860,48920,0.98272398553636,1,1,0.0,40.0,0.0,20.0,0.0,-15.0,15.0,0.0,1.92,0.008874202168927517
43,1395,547,16573,0,1,,41.2,46.6,61.92,133.0,6.0,43.800000000000004,49780,740,49040,0.9851345922057051,1,1,0.0,40.0,0.0,20.0,0.0,-15.0,15.0,0.0,1.92,0.008808182529823174
43,1395,544,16573,0,1,,41.2,46.6,61.92,133.0,9.0,43.800000000000004,49780,1480,48300,0.9702691844114102,1,1,0.0,40.0,0.0,20.0,0.0,-15.0,15.0,0.0,1.92,0.008751143180046654
43,1395,546,16573,0,1,,41.2,46.6,61.92,133.0,8.0,43.800000000000004,49780,820,48960,0.9835275210928084,1,1,0.0,40.0,0.0,20.0,0.0,-15.0,15.0,0.0,1.92,0.008717850941305595
43,1395,487,16493,0,1,,41.2,45.1,60.0,133.0,11.0,45.300000000000004,49780,10872,38908,0.7815990357573323,1,-1,0.0,40.0,0.0,20.0,0.0,-15.0,15.0,0.0,0.0,0.00868737315604565
43,1395,548,16573,0,1,,41.2,46.6,61.92,133.0,7.0,43.800000000000004,49780,-1404,51184,1.0282040980313378,1,1,0.0,40.0,0.0,20.0,0.0,-15.0,15.0,0.0,1.92,0.008490436694360696
43,1395,550,16576,0,1,,41.2,48.0,60.0,125.0,3.0,42.400000000000006,49780,0,49780,1.0,1,1,0.0,40.0,0.0,20.0,0.0,-15.0,15.0,0.0,0.0,0.006905229097865647
43,1395,554,16594,0,1,,41.2,39.5,52.5,133.0,12.0,50.900000000000006,49780,22520,27260,0.5476094817195661,2,2,0.0,40.0,0.0,20.0,0.0,-15.0,7.5,0.0,0.0,0.0053103213636668395
43,1395,605,16748,0,1,,41.2,38.2,50.82,133.0,13.0,52.2,49780,38860,10920,0.21936520691040579,7,7,0.0,40.0,0.0,20.0,0.0,-15.0,3.0,0.0,2.82,0.004664788592017745
43,1395,478,16449,0,1,,41.2,36.1,48.0,133.0,21.0,54.300000000000004,49780,38700,11080,0.22257934913619928,4,-4,0.0,40.0,0.0,20.0,0.0,-15.0,3.0,0.0,0.0,0.003977648020768888
43,1395,598,16719,0,1,,41.2,37.5,49.92,133.0,14.0,52.900000000000006,49780,29600,20180,0.4053836882282041,7,7,0.0,40.0,0.0,20.0,0.0,-15.0,3.0,0.0,1.92,0.003823461467511693
43,1395,645,16811,0,1,,41.2,36.3,48.26,133.0,16.0,54.10000000000001,49780,40300,9480,0.19043792687826436,8,8,0.0,40.0,0.0,20.0,0.0,-15.0,0.0,0.0,3.26,0.0036243014574487207
43,1395,473,16435,0,1,,41.2,36.5,48.58,133.0,15.0,53.900000000000006,49780,17760,32020,0.6432302129369225,5,-5,0.0,40.0,0.0,20.0,0.0,-15.0,3.0,0.0,0.58,0.0030260779797495366
43,1395,433,16324,0,1,,41.2,34.3,45.58,133.0,37.0,56.10000000000001,49780,47620,2160,0.043390920048212135,8,-8,0.0,40.0,0.0,20.0,0.0,-15.0,0.0,0.0,0.58,0.002852119111988444
43,1395,644,16810,0,1,,41.2,33.8,45.0,133.0,39.0,56.60000000000001,49780,39540,10240,0.20570510245078344,8,8,0.0,40.0,0.0,20.0,0.0,-15.0,0.0,0.0,0.0,0.0025432059550301042
43,1395,423,16303,0,1,,41.2,35.3,46.92,133.0,30.0,55.10000000000001,49780,30608,19172,0.3851345922057051,8,-8,0.0,40.0,0.0,20.0,0.0,-15.0,0.0,0.0,1.92,0.0025243320012216706
43,1395,731,17011,0,1,,41.2,36.0,47.82,133.0,22.0,54.400000000000006,49780,27840,21940,0.4407392527119325,13,13,0.0,40.0,0.0,20.0,0.0,-15.0,0.0,0.0,2.82,0.0024279072938390807
43,1395,368,16197,0,1,,41.2,33.8,45.0,133.0,38.0,56.60000000000001,49780,47700,2080,0.041783848935315386,13,-13,0.0,40.0,0.0,20.0,0.0,-15.0,0.0,0.0,0.0,0.002247911987876475
43,1395,444,16357,0,1,,41.2,36.1,48.0,133.0,17.0,54.300000000000004,49780,2367,47413,0.9524507834471675,7,-7,0.0,40.0,0.0,20.0,0.0,-15.0,3.0,0.0,0.0,0.0021373854375858646
43,1395,337,16185,0,1,,41.2,34.3,45.58,133.0,36.0,56.10000000000001,49780,42600,7180,0.14423463238248294,14,-14,0.0,40.0,0.0,20.0,0.0,-15.0,0.0,0.0,0.58,0.0021154555745412067
43,1395,447,16357,0,1,,41.2,36.1,48.0,133.0,18.0,54.300000000000004,49780,1629,48151,0.96727601446364,7,-7,0.0,40.0,0.0,20.0,0.0,-15.0,3.0,0.0,0.0,0.002102377282110848
43,1395,449,16357,0,1,,41.2,36.1,48.0,133.0,19.0,54.300000000000004,49780,1703,48077,0.9657894736842105,7,-7,0.0,40.0,0.0,20.0,0.0,-15.0,3.0,0.0,0.0,0.0020925321188140205
43,1395,450,16357,0,1,,41.2,36.1,48.0,133.0,20.0,54.300000000000004,49780,1942,47838,0.9609883487344315,7,-7,0.0,40.0,0.0,20.0,0.0,-15.0,3.0,0.0,0.0,0.002087741901333301
43,1395,660,16821,0,1,,41.2,33.8,45.0,133.0,40.0,56.60000000000001,49780,19060,30720,0.6171153073523503,9,9,0.0,40.0,0.0,20.0,0.0,-15.0,0.0,0.0,0.0,0.0018181294224776478
43,1395,658,16817,0,1,,41.2,35.3,46.92,133.0,26.0,55.10000000000001,49780,880,48900,0.9823222177581358,9,9,0.0,40.0,0.0,20.0,0.0,-15.0,0.0,0.0,1.92,0.0017153051723980662
43,1395,657,16817,0,1,,41.2,35.3,46.92,133.0,27.0,55.10000000000001,49780,940,48840,0.9811169144234633,9,9,0.0,40.0,0.0,20.0,0.0,-15.0,0.0,0.0,1.92,0.001706921454864648
43,1395,656,16817,0,1,,41.2,35.3,46.92,133.0,28.0,55.10000000000001,49780,1240,48540,0.9750903977501004,9,9,0.0,40.0,0.0,20.0,0.0,-15.0,0.0,0.0,1.92,0.001704526076157368
43,1395,659,16817,0,1,,41.2,35.3,46.92,133.0,25.0,55.10000000000001,49780,-810,50590,1.0162715950180796,9,9,0.0,40.0,0.0,20.0,0.0,-15.0,0.0,0.0,1.92,0.0016832924511368081
43,1395,429,16318,0,1,,41.2,35.3,46.92,133.0,31.0,55.10000000000001,49780,720,49060,0.9855363599839293,8,-8,0.0,40.0,0.0,20.0,0.0,-15.0,0.0,0.0,1.92,0.0016242913700636828
43,1395,430,16318,0,1,,41.2,35.3,46.92,133.0,32.0,55.10000000000001,49780,660,49120,0.9867416633186018,8,-8,0.0,40.0,0.0,20.0,0.0,-15.0,0.0,0.0,1.92,0.0016135291749041476
43,1395,431,16318,0,1,,41.2,35.3,46.92,133.0,33.0,55.10000000000001,49780,620,49160,0.9875451988750502,8,-8,0.0,40.0,0.0,20.0,0.0,-15.0,0.0,0.0,1.92,0.0016033051541341785
43,1395,432,16318,0,1,,41.2,35.3,46.92,133.0,34.0,55.10000000000001,49780,-300,50080,1.0060265166733628,8,-8,0.0,40.0,0.0,20.0,0.0,-15.0,0.0,0.0,1.92,0.00157285577719124
43,1395,677,16854,0,1,,41.2,33.8,45.0,133.0,41.0,56.60000000000001,49780,1442,48338,0.9710325431900362,10,10,0.0,40.0,0.0,20.0,0.0,-15.0,0.0,0.0,0.0,0.0013548364889151008
43,1395,332,16161,0,1,,41.2,35.3,46.92,133.0,23.0,55.10000000000001,49780,1000,48780,0.9799116110887907,14,-14,0.0,40.0,0.0,20.0,0.0,-15.0,0.0,0.0,1.92,0.001354745380842514
43,1395,333,16161,0,1,,41.2,35.3,46.92,133.0,24.0,55.10000000000001,49780,820,48960,0.9835275210928084,14,-14,0.0,40.0,0.0,20.0,0.0,-15.0,0.0,0.0,1.92,0.0013434160146613952
43,1395,334,16161,0,1,,41.2,35.3,46.92,133.0,29.0,55.10000000000001,49780,800,48980,0.9839292888710326,14,-14,0.0,40.0,0.0,20.0,0.0,-15.0,0.0,0.0,1.92,0.0013047951792231483
43,1395,331,16161,0,1,,41.2,35.3,46.92,133.0,35.0,55.10000000000001,49780,1720,48060,0.96544797107272,14,-14,0.0,40.0,0.0,20.0,0.0,-15.0,0.0,0.0,1.92,0.0012773598009783586
44,1394,499,16551,1,1,top_clean_score_margin_weight_date,54.300000000000004,90.4,131.04,145.0,1.0,0.0,30460,30460,0,0.0,0,0,1.0,40.0,0.0,20.0,40.0,0.0,25.0,6.04,0.0,0.9897032441587623
44,1394,423,16303,0,1,,54.300000000000004,0.0,0.0,133.0,7.0,90.4,30460,30608,148,0.0048588312541037425,8,-8,0.0,0.0,-40.0,0.0,40.0,0.0,0.0,0.0,0.0,0.009193260985115735
44,1394,472,16434,0,1,,54.300000000000004,36.1,48.0,133.0,2.0,54.300000000000004,30460,35920,5460,0.1792514773473408,5,-5,0.0,40.0,0.0,20.0,0.0,-15.0,3.0,0.0,0.0,0.0054877962947352255
44,1394,606,16749,0,1,,54.300000000000004,36.1,48.0,133.0,3.0,54.300000000000004,30460,34200,3740,0.12278397898883782,7,7,0.0,40.0,0.0,20.0,0.0,-15.0,3.0,0.0,0.0,0.005453532161762222
44,1394,388,16257,0,1,,54.300000000000004,33.8,45.0,133.0,5.0,56.60000000000001,30460,27380,3080,0.10111621799080761,12,-12,0.0,40.0,0.0,20.0,0.0,-15.0,0.0,0.0,0.0,0.0033140222246295405
44,1394,387,16256,0,1,,54.300000000000004,33.8,45.0,133.0,4.0,56.60000000000001,30460,23680,6780,0.22258699934340118,12,-12,0.0,40.0,0.0,20.0,0.0,-15.0,0.0,0.0,0.0,0.003132283185435748
44,1394,730,17010,0,1,,54.300000000000004,33.8,45.0,133.0,6.0,56.60000000000001,30460,40340,9880,0.32435981615233095,13,13,0.0,40.0,0.0,20.0,0.0,-15.0,0.0,0.0,0.0,0.0030993880849371235
45,1383,485,16465,1,1,top_clean_score_margin_weight_date,34.50000000000001,90.4,131.01,145.0,1.0,0.0,47060,47060,0,0.0,0,0,1.0,40.0,0.0,20.0,40.0,0.0,25.0,6.01,0.0,0.98796933856702
45,1383,476,16432,0,1,,34.50000000000001,55.9,81.09,145.0,2.0,34.50000000000001,47060,18960,28100,0.5971100722481938,0,0,1.0,40.0,0.0,20.0,0.0,-15.0,25.0,11.09,0.0,0.12255788064452189
45,1383,471,16456,0,1,,34.50000000000001,45.1,60.0,133.0,3.0,45.300000000000004,47060,11020,36040,0.7658308542286443,1,-1,0.0,40.0,0.0,20.0,0.0,-15.0,15.0,0.0,0.0,0.009651173426244379
45,1383,495,16522,0,1,,34.50000000000001,39.5,52.5,133.0,5.0,50.900000000000006,47060,13360,33700,0.7161070973225669,3,3,0.0,40.0,0.0,20.0,0.0,-15.0,7.5,0.0,0.0,0.004969403083901645
45,1383,441,16352,0,1,,34.50000000000001,39.5,52.5,133.0,4.0,50.900000000000006,47060,13460,33600,0.7139821504462388,3,-3,0.0,40.0,0.0,20.0,0.0,-15.0,7.5,0.0,0.0,0.00490349809089992
45,1383,397,16272,0,1,,34.50000000000001,36.1,48.0,133.0,8.0,54.300000000000004,47060,36680,10380,0.22056948576285593,7,-7,0.0,40.0,0.0,20.0,0.0,-15.0,3.0,0.0,0.0,0.003948955350760806
45,1383,433,16324,0,1,,34.50000000000001,0.0,-4.01,133.0,37.0,90.4,47060,47620,560,0.011899702507437314,4,-4,0.0,0.0,-40.0,0.0,26.2,0.0,3.0,0.0,6.79,0.003769540058770181
45,1383,538,16590,0,1,,34.50000000000001,36.1,48.0,133.0,11.0,54.300000000000004,47060,21020,26040,0.5533361665958351,5,5,0.0,40.0,0.0,20.0,0.0,-15.0,3.0,0.0,0.0,0.0034443718644161896
45,1383,539,16591,0,1,,34.50000000000001,36.1,48.0,133.0,6.0,54.300000000000004,47060,17400,29660,0.630259243518912,5,5,0.0,40.0,0.0,20.0,0.0,-15.0,3.0,0.0,0.0,0.0033608144411532205
45,1383,396,16394,0,1,,34.50000000000001,36.1,48.0,133.0,7.0,54.300000000000004,47060,14660,32400,0.6884827879303017,7,-7,0.0,40.0,0.0,20.0,0.0,-15.0,3.0,0.0,0.0,0.0028706162791551568
45,1383,425,16305,0,1,,34.50000000000001,36.1,48.0,133.0,9.0,54.300000000000004,47060,2100,44960,0.9553761155971101,4,-4,0.0,40.0,0.0,20.0,0.0,-15.0,3.0,0.0,0.0,0.0026469200673203165
45,1383,559,16621,0,1,,34.50000000000001,36.1,48.0,133.0,10.0,54.300000000000004,47060,320,46740,0.9932001699957501,7,7,0.0,40.0,0.0,20.0,0.0,-15.0,3.0,0.0,0.0,0.0023958624668870753
45,1383,661,16825,0,1,,34.50000000000001,33.8,45.0,133.0,23.0,56.60000000000001,47060,27640,19420,0.41266468338291545,13,13,0.0,40.0,0.0,20.0,0.0,-15.0,0.0,0.0,0.0,0.002127670003907701
45,1383,581,16712,0,1,,34.50000000000001,33.8,45.0,133.0,32.0,56.60000000000001,47060,22600,24460,0.5197620059498512,10,10,0.0,40.0,0.0,20.0,0.0,-15.0,0.0,0.0,0.0,0.0020623278256886764
45,1383,371,16203,0,1,,34.50000000000001,33.8,45.0,133.0,34.0,56.60000000000001,47060,23160,23900,0.5078623034424139,9,-9,0.0,40.0,0.0,20.0,0.0,-15.0,0.0,0.0,0.0,0.0019944510984363476
45,1383,607,16750,0,1,,34.50000000000001,33.8,45.0,133.0,29.0,56.60000000000001,47060,20980,26080,0.5541861453463663,11,11,0.0,40.0,0.0,20.0,0.0,-15.0,0.0,0.0,0.0,0.0019847802479126667
45,1383,593,16698,0,1,,34.50000000000001,33.8,45.0,133.0,25.0,56.60000000000001,47060,14140,32920,0.6995325116872079,10,10,0.0,40.0,0.0,20.0,0.0,-15.0,0.0,0.0,0.0,0.0018951892925085309
45,1383,368,16197,0,1,,34.50000000000001,0.0,-16.32,133.0,38.0,90.4,47060,47700,640,0.013599660008499787,9,-9,0.0,0.0,-40.0,0.0,22.8,0.0,0.0,0.0,0.88,0.0018645107409356507
45,1383,308,16089,0,1,,34.50000000000001,33.8,45.0,133.0,17.0,56.60000000000001,47060,22440,24620,0.5231619209519762,14,-14,0.0,40.0,0.0,20.0,0.0,-15.0,0.0,0.0,0.0,0.0017946914527075806
45,1383,664,16844,0,1,,34.50000000000001,33.8,45.0,133.0,36.0,56.60000000000001,47060,19900,27160,0.5771355716107097,13,13,0.0,40.0,0.0,20.0,0.0,-15.0,0.0,0.0,0.0,0.0017606759266378701
45,1383,386,16255,0,1,,34.50000000000001,33.8,45.0,133.0,33.0,56.60000000000001,47060,10720,36340,0.7722056948576286,8,-8,0.0,40.0,0.0,20.0,0.0,-15.0,0.0,0.0,0.0,0.0017350565175341072
45,1383,594,16698,0,1,,34.50000000000001,33.8,45.0,133.0,30.0,56.60000000000001,47060,7040,40020,0.8504037399065023,10,10,0.0,40.0,0.0,20.0,0.0,-15.0,0.0,0.0,0.0,0.0016579703870981811
45,1383,617,16756,0,1,,34.50000000000001,33.8,45.0,133.0,12.0,56.60000000000001,47060,759,46301,0.9838716532086698,11,11,0.0,40.0,0.0,20.0,0.0,-15.0,0.0,0.0,0.0,0.0016241949031061908
45,1383,618,16756,0,1,,34.50000000000001,33.8,45.0,133.0,13.0,56.60000000000001,47060,759,46301,0.9838716532086698,11,11,0.0,40.0,0.0,20.0,0.0,-15.0,0.0,0.0,0.0,0.0016148439447710688
45,1383,335,16170,0,1,,34.50000000000001,33.8,45.0,133.0,35.0,56.60000000000001,47060,11860,35200,0.7479813004674883,10,-10,0.0,40.0,0.0,20.0,0.0,-15.0,0.0,0.0,0.0,0.0016146218870838305
45,1383,619,16756,0,1,,34.50000000000001,33.8,45.0,133.0,14.0,56.60000000000001,47060,820,46240,0.9825754356141096,11,11,0.0,40.0,0.0,20.0,0.0,-15.0,0.0,0.0,0.0,0.0016069940750966926
45,1383,620,16756,0,1,,34.50000000000001,33.8,45.0,133.0,15.0,56.60000000000001,47060,820,46240,0.9825754356141096,11,11,0.0,40.0,0.0,20.0,0.0,-15.0,0.0,0.0,0.0,0.0015977419884056626
45,1383,621,16756,0,1,,34.50000000000001,33.8,45.0,133.0,16.0,56.60000000000001,47060,1058,46002,0.9775180620484488,11,11,0.0,40.0,0.0,20.0,0.0,-15.0,0.0,0.0,0.0,0.0015941376702453775
45,1383,615,16756,0,1,,34.50000000000001,33.8,45.0,133.0,18.0,56.60000000000001,47060,721,46339,0.9846791330216744,11,11,0.0,40.0,0.0,20.0,0.0,-15.0,0.0,0.0,0.0,0.0015680088391011756
45,1383,622,16756,0,1,,34.50000000000001,33.8,45.0,133.0,19.0,56.60000000000001,47060,1110,45950,0.9764130896727582,11,11,0.0,40.0,0.0,20.0,0.0,-15.0,0.0,0.0,0.0,0.0015679650510731981
45,1383,623,16756,0,1,,34.50000000000001,33.8,45.0,133.0,20.0,56.60000000000001,47060,1110,45950,0.9764130896727582,11,11,0.0,40.0,0.0,20.0,0.0,-15.0,0.0,0.0,0.0,0.0015589373187099799
45,1383,624,16756,0,1,,34.50000000000001,33.8,45.0,133.0,21.0,56.60000000000001,47060,1152,45908,0.9755206119847004,11,11,0.0,40.0,0.0,20.0,0.0,-15.0,0.0,0.0,0.0,0.0015509234305859068
45,1383,625,16756,0,1,,34.50000000000001,33.8,45.0,133.0,22.0,56.60000000000001,47060,1152,45908,0.9755206119847004,11,11,0.0,40.0,0.0,20.0,0.0,-15.0,0.0,0.0,0.0,0.0015419936657027316
45,1383,616,16756,0,1,,34.50000000000001,33.8,45.0,133.0,24.0,56.60000000000001,47060,729,46331,0.9845091372715682,11,11,0.0,40.0,0.0,20.0,0.0,-15.0,0.0,0.0,0.0,0.0015147925060424437
45,1383,614,16756,0,1,,34.50000000000001,33.8,45.0,133.0,26.0,56.60000000000001,47060,721,46339,0.9846791330216744,11,11,0.0,40.0,0.0,20.0,0.0,-15.0,0.0,0.0,0.0,0.0014972215985310203
45,1383,613,16756,0,1,,34.50000000000001,33.8,45.0,133.0,27.0,56.60000000000001,47060,623,46437,0.986761580960476,11,11,0.0,40.0,0.0,20.0,0.0,-15.0,0.0,0.0,0.0,0.0014864469803401318
45,1383,612,16756,0,1,,34.50000000000001,33.8,45.0,133.0,28.0,56.60000000000001,47060,623,46437,0.986761580960476,11,11,0.0,40.0,0.0,20.0,0.0,-15.0,0.0,0.0,0.0,0.0014778879025586246
45,1383,328,16155,0,1,,34.50000000000001,33.8,45.0,133.0,31.0,56.60000000000001,47060,1083,45977,0.9769868253293668,10,-10,0.0,40.0,0.0,20.0,0.0,-15.0,0.0,0.0,0.0,0.0014091577574349258
46,1382,476,16432,0,0,,4.800000000000004,54.7,79.26,145.0,1.0,0.0,56280,18960,37320,0.6631130063965884,0,0,1.0,40.0,0.0,20.0,0.0,-15.0,25.0,9.26,0.0,0.21468993391676153
46,1382,485,16465,0,0,,4.800000000000004,49.9,72.37,145.0,2.0,4.800000000000004,56280,47060,9220,0.16382373845060413,0,0,1.0,40.0,0.0,20.0,0.0,-15.0,25.0,2.37,0.0,0.17566073386094205
46,1382,471,16456,0,0,,4.800000000000004,45.1,60.0,133.0,3.0,9.600000000000001,56280,11020,45260,0.8041933191186923,1,-1,0.0,40.0,0.0,20.0,0.0,-15.0,15.0,0.0,0.0,0.022009426770569353
46,1382,495,16522,0,0,,4.800000000000004,39.5,52.5,133.0,5.0,15.200000000000003,56280,13360,42920,0.7626154939587776,3,3,0.0,40.0,0.0,20.0,0.0,-15.0,7.5,0.0,0.0,0.011385378758472522
46,1382,441,16352,0,0,,4.800000000000004,39.5,52.5,133.0,4.0,15.200000000000003,56280,13460,42820,0.7608386638237384,3,-3,0.0,40.0,0.0,20.0,0.0,-15.0,7.5,0.0,0.0,0.011234656804986094
46,1382,397,16272,0,0,,4.800000000000004,36.1,48.0,133.0,7.0,18.6,56280,36680,19600,0.3482587064676617,7,-7,0.0,40.0,0.0,20.0,0.0,-15.0,3.0,0.0,0.0,0.008982005111430375
46,1382,538,16590,0,0,,4.800000000000004,36.1,48.0,133.0,9.0,18.6,56280,21020,35260,0.6265103056147833,5,5,0.0,40.0,0.0,20.0,0.0,-15.0,3.0,0.0,0.0,0.007960727248459634
46,1382,539,16591,0,0,,4.800000000000004,36.1,48.0,133.0,10.0,18.6,56280,17400,38880,0.6908315565031983,5,5,0.0,40.0,0.0,20.0,0.0,-15.0,3.0,0.0,0.0,0.007522230599757949
46,1382,396,16394,0,0,,4.800000000000004,36.1,48.0,133.0,6.0,18.6,56280,14660,41620,0.7395167022032694,7,-7,0.0,40.0,0.0,20.0,0.0,-15.0,3.0,0.0,0.0,0.006627509629726247
46,1382,425,16305,0,0,,4.800000000000004,36.1,48.0,133.0,8.0,18.6,56280,2100,54180,0.9626865671641791,4,-4,0.0,40.0,0.0,20.0,0.0,-15.0,3.0,0.0,0.0,0.006160295473063077
46,1382,559,16621,0,0,,4.800000000000004,36.1,48.0,133.0,11.0,18.6,56280,320,55960,0.994314143567875,7,7,0.0,40.0,0.0,20.0,0.0,-15.0,3.0,0.0,0.0,0.005520119446609088
46,1382,661,16825,0,0,,4.800000000000004,33.8,45.0,133.0,22.0,20.900000000000006,56280,27640,28640,0.5088841506751954,13,13,0.0,40.0,0.0,20.0,0.0,-15.0,0.0,0.0,0.0,0.004877851935604722
46,1382,581,16712,0,0,,4.800000000000004,33.8,45.0,133.0,32.0,20.900000000000006,56280,22600,33680,0.5984363894811656,10,10,0.0,40.0,0.0,20.0,0.0,-15.0,0.0,0.0,0.0,0.004715941333721561
46,1382,371,16203,0,0,,4.800000000000004,33.8,45.0,133.0,34.0,20.900000000000006,56280,23160,33120,0.5884861407249466,9,-9,0.0,40.0,0.0,20.0,0.0,-15.0,0.0,0.0,0.0,0.004559551647211483
46,1382,607,16750,0,0,,4.800000000000004,33.8,45.0,133.0,29.0,20.900000000000006,56280,20980,35300,0.6272210376687989,11,11,0.0,40.0,0.0,20.0,0.0,-15.0,0.0,0.0,0.0,0.004543602774420233
46,1382,593,16698,0,0,,4.800000000000004,33.8,45.0,133.0,31.0,20.900000000000006,56280,14140,42140,0.7487562189054726,10,10,0.0,40.0,0.0,20.0,0.0,-15.0,0.0,0.0,0.0,0.004209372990998353
46,1382,308,16089,0,0,,4.800000000000004,33.8,45.0,133.0,17.0,20.900000000000006,56280,22440,33840,0.6012793176972282,14,-14,0.0,40.0,0.0,20.0,0.0,-15.0,0.0,0.0,0.0,0.004105757016234847
46,1382,664,16844,0,0,,4.800000000000004,33.8,45.0,133.0,36.0,20.900000000000006,56280,19900,36380,0.646410803127221,13,13,0.0,40.0,0.0,20.0,0.0,-15.0,0.0,0.0,0.0,0.004034432469807446
46,1382,386,16255,0,0,,4.800000000000004,33.8,45.0,133.0,33.0,20.900000000000006,56280,10720,45560,0.8095238095238095,8,-8,0.0,40.0,0.0,20.0,0.0,-15.0,0.0,0.0,0.0,0.003998440706747998
46,1382,594,16698,0,0,,4.800000000000004,33.8,45.0,133.0,24.0,20.900000000000006,56280,7040,49240,0.8749111584932481,10,10,0.0,40.0,0.0,20.0,0.0,-15.0,0.0,0.0,0.0,0.003964559027371399
46,1382,622,16756,0,0,,4.800000000000004,33.8,45.0,133.0,12.0,20.900000000000006,56280,1110,55170,0.9802771855010661,11,11,0.0,40.0,0.0,20.0,0.0,-15.0,0.0,0.0,0.0,0.0037853003749911103
46,1382,618,16756,0,0,,4.800000000000004,33.8,45.0,133.0,13.0,20.900000000000006,56280,759,55521,0.9865138592750533,11,11,0.0,40.0,0.0,20.0,0.0,-15.0,0.0,0.0,0.0,0.0037449443858159483
46,1382,619,16756,0,0,,4.800000000000004,33.8,45.0,133.0,14.0,20.900000000000006,56280,820,55460,0.9854299928926794,11,11,0.0,40.0,0.0,20.0,0.0,-15.0,0.0,0.0,0.0,0.0037266383158009397
46,1382,335,16170,0,0,,4.800000000000004,33.8,45.0,133.0,35.0,20.900000000000006,56280,11860,44420,0.7892679459843639,10,-10,0.0,40.0,0.0,20.0,0.0,-15.0,0.0,0.0,0.0,0.0037188674553458906
46,1382,620,16756,0,0,,4.800000000000004,33.8,45.0,133.0,15.0,20.900000000000006,56280,820,55460,0.9854299928926794,11,11,0.0,40.0,0.0,20.0,0.0,-15.0,0.0,0.0,0.0,0.003705227906998314
46,1382,621,16756,0,0,,4.800000000000004,33.8,45.0,133.0,16.0,20.900000000000006,56280,1058,55222,0.9812011371712864,11,11,0.0,40.0,0.0,20.0,0.0,-15.0,0.0,0.0,0.0,0.003696344016892316
46,1382,623,16756,0,0,,4.800000000000004,33.8,45.0,133.0,18.0,20.900000000000006,56280,1110,55170,0.9802771855010661,11,11,0.0,40.0,0.0,20.0,0.0,-15.0,0.0,0.0,0.0,0.0036566762212182427
46,1382,624,16756,0,0,,4.800000000000004,33.8,45.0,133.0,20.0,20.900000000000006,56280,1152,55128,0.9795309168443497,11,11,0.0,40.0,0.0,20.0,0.0,-15.0,0.0,0.0,0.0,0.003616921672220996
46,1382,616,16756,0,0,,4.800000000000004,33.8,45.0,133.0,19.0,20.900000000000006,56280,729,55551,0.9870469083155651,11,11,0.0,40.0,0.0,20.0,0.0,-15.0,0.0,0.0,0.0,0.0036161539302104286
46,1382,625,16756,0,0,,4.800000000000004,33.8,45.0,133.0,21.0,20.900000000000006,56280,1152,55128,0.9795309168443497,11,11,0.0,40.0,0.0,20.0,0.0,-15.0,0.0,0.0,0.0,0.0035961393359013162
46,1382,617,16756,0,0,,4.800000000000004,33.8,45.0,133.0,23.0,20.900000000000006,56280,759,55521,0.9865138592750533,11,11,0.0,40.0,0.0,20.0,0.0,-15.0,0.0,0.0,0.0,0.0035352510348606904
46,1382,615,16756,0,0,,4.800000000000004,33.8,45.0,133.0,25.0,20.900000000000006,56280,721,55559,0.9871890547263682,11,11,0.0,40.0,0.0,20.0,0.0,-15.0,0.0,0.0,0.0,0.0034928624521584134
46,1382,614,16756,0,0,,4.800000000000004,33.8,45.0,133.0,26.0,20.900000000000006,56280,721,55559,0.9871890547263682,11,11,0.0,40.0,0.0,20.0,0.0,-15.0,0.0,0.0,0.0,0.0034727904586320285
46,1382,613,16756,0,0,,4.800000000000004,33.8,45.0,133.0,27.0,20.900000000000006,56280,623,55657,0.9889303482587065,11,11,0.0,40.0,0.0,20.0,0.0,-15.0,0.0,0.0,0.0,0.003448056506699091
46,1382,612,16756,0,0,,4.800000000000004,33.8,45.0,133.0,28.0,20.900000000000006,56280,623,55657,0.9889303482587065,11,11,0.0,40.0,0.0,20.0,0.0,-15.0,0.0,0.0,0.0,0.003428241108066537
46,1382,328,16155,0,0,,4.800000000000004,33.8,45.0,133.0,30.0,20.900000000000006,56280,1083,55197,0.9807569296375267,10,-10,0.0,40.0,0.0,20.0,0.0,-15.0,0.0,0.0,0.0,0.003287070458142681
47,1387,476,16432,1,1,top_clean_score_margin_weight_date,42.3,90.6,131.34,145.0,1.0,0.0,18960,18960,0,0.0,0,0,1.0,40.0,0.0,20.0,40.0,0.0,25.0,6.34,0.0,0.9909431511294166
47,1387,485,16465,0,1,,42.3,48.3,70.0,145.0,2.0,42.3,18960,47060,28100,1.4820675105485233,0,0,1.0,40.0,0.0,20.0,0.0,-15.0,25.0,0.0,0.0,0.052782726344853065
47,1387,471,16456,0,1,,42.3,45.1,60.0,133.0,3.0,45.49999999999999,18960,11020,7940,0.41877637130801687,1,-1,0.0,40.0,0.0,20.0,0.0,-15.0,15.0,0.0,0.0,0.017953489528822975
47,1387,495,16522,0,1,,42.3,39.5,52.5,133.0,4.0,51.099999999999994,18960,13360,5600,0.29535864978902954,3,3,0.0,40.0,0.0,20.0,0.0,-15.0,7.5,0.0,0.0,0.00945740806178561
47,1387,441,16352,0,1,,42.3,39.5,52.5,133.0,5.0,51.099999999999994,18960,13460,5500,0.290084388185654,3,-3,0.0,40.0,0.0,20.0,0.0,-15.0,7.5,0.0,0.0,0.009231330868925969
47,1387,660,16821,0,1,,42.3,1.2,1.53,133.0,37.0,89.39999999999999,18960,19060,100,0.005274261603375527,13,13,0.0,0.0,-40.0,0.0,39.45,0.0,0.0,0.0,2.08,0.008312107265375773
47,1387,539,16591,0,1,,42.3,36.1,48.0,133.0,10.0,54.49999999999999,18960,17400,1560,0.08227848101265822,5,5,0.0,40.0,0.0,20.0,0.0,-15.0,3.0,0.0,0.0,0.006365578962105686
47,1387,538,16590,0,1,,42.3,36.1,48.0,133.0,9.0,54.49999999999999,18960,21020,2060,0.10864978902953587,5,5,0.0,40.0,0.0,20.0,0.0,-15.0,3.0,0.0,0.0,0.006340722689513846
47,1387,396,16394,0,1,,42.3,36.1,48.0,133.0,6.0,54.49999999999999,18960,14660,4300,0.22679324894514769,7,-7,0.0,40.0,0.0,20.0,0.0,-15.0,3.0,0.0,0.0,0.005513373971522659
47,1387,425,16305,0,1,,42.3,36.1,48.0,133.0,8.0,54.49999999999999,18960,2100,16860,0.8892405063291139,4,-4,0.0,40.0,0.0,20.0,0.0,-15.0,3.0,0.0,0.0,0.004740856579713345
47,1387,559,16621,0,1,,42.3,36.1,48.0,133.0,11.0,54.49999999999999,18960,320,18640,0.9831223628691983,7,7,0.0,40.0,0.0,20.0,0.0,-15.0,3.0,0.0,0.0,0.004200964045118719
47,1387,397,16272,0,1,,42.3,36.1,48.0,133.0,7.0,54.49999999999999,18960,36680,17720,0.9345991561181435,7,-7,0.0,40.0,0.0,20.0,0.0,-15.0,3.0,0.0,0.0,0.004191620854872609
47,1387,607,16750,0,1,,42.3,33.8,45.0,133.0,29.0,56.8,18960,20980,2020,0.10654008438818566,11,11,0.0,40.0,0.0,20.0,0.0,-15.0,0.0,0.0,0.0,0.0036213998507487652
47,1387,581,16712,0,1,,42.3,33.8,45.0,133.0,32.0,56.8,18960,22600,3640,0.19198312236286919,10,10,0.0,40.0,0.0,20.0,0.0,-15.0,0.0,0.0,0.0,0.003556202193216011
47,1387,593,16698,0,1,,42.3,33.8,45.0,133.0,31.0,56.8,18960,14140,4820,0.2542194092827004,10,10,0.0,40.0,0.0,20.0,0.0,-15.0,0.0,0.0,0.0,0.003489043315611621
47,1387,371,16203,0,1,,42.3,33.8,45.0,133.0,34.0,56.8,18960,23160,4200,0.22151898734177214,9,-9,0.0,40.0,0.0,20.0,0.0,-15.0,0.0,0.0,0.0,0.0033728704899666216
47,1387,664,16844,0,1,,42.3,33.8,45.0,133.0,36.0,56.8,18960,19900,940,0.049578059071729956,13,13,0.0,40.0,0.0,20.0,0.0,-15.0,0.0,0.0,0.0,0.003336326290408195
47,1387,386,16255,0,1,,42.3,33.8,45.0,133.0,33.0,56.8,18960,10720,8240,0.4345991561181435,8,-8,0.0,40.0,0.0,20.0,0.0,-15.0,0.0,0.0,0.0,0.003244525862397497
47,1387,594,16698,0,1,,42.3,33.8,45.0,133.0,25.0,56.8,18960,7040,11920,0.6286919831223629,10,10,0.0,40.0,0.0,20.0,0.0,-15.0,0.0,0.0,0.0,0.003126330743862561
47,1387,308,16089,0,1,,42.3,33.8,45.0,133.0,18.0,56.8,18960,22440,3480,0.18354430379746836,14,-14,0.0,40.0,0.0,20.0,0.0,-15.0,0.0,0.0,0.0,0.003094716698781748
47,1387,661,16825,0,1,,42.3,33.8,45.0,133.0,23.0,56.8,18960,27640,8680,0.4578059071729958,13,13,0.0,40.0,0.0,20.0,0.0,-15.0,0.0,0.0,0.0,0.003077828642847165
47,1387,335,16170,0,1,,42.3,33.8,45.0,133.0,35.0,56.8,18960,11860,7100,0.3744725738396624,10,-10,0.0,40.0,0.0,20.0,0.0,-15.0,0.0,0.0,0.0,0.0030389247397433735
47,1387,622,16756,0,1,,42.3,33.8,45.0,133.0,12.0,56.8,18960,1110,17850,0.9414556962025317,11,11,0.0,40.0,0.0,20.0,0.0,-15.0,0.0,0.0,0.0,0.0028936681886032344
47,1387,619,16756,0,1,,42.3,33.8,45.0,133.0,13.0,56.8,18960,820,18140,0.9567510548523207,11,11,0.0,40.0,0.0,20.0,0.0,-15.0,0.0,0.0,0.0,0.002860108869258447
47,1387,618,16756,0,1,,42.3,33.8,45.0,133.0,14.0,56.8,18960,759,18201,0.9599683544303798,11,11,0.0,40.0,0.0,20.0,0.0,-15.0,0.0,0.0,0.0,0.0028401364697836565
47,1387,617,16756,0,1,,42.3,33.8,45.0,133.0,15.0,56.8,18960,759,18201,0.9599683544303798,11,11,0.0,40.0,0.0,20.0,0.0,-15.0,0.0,0.0,0.0,0.0028238047855551588
47,1387,620,16756,0,1,,42.3,33.8,45.0,133.0,16.0,56.8,18960,820,18140,0.9567510548523207,11,11,0.0,40.0,0.0,20.0,0.0,-15.0,0.0,0.0,0.0,0.0028110526211956024
47,1387,621,16756,0,1,,42.3,33.8,45.0,133.0,17.0,56.8,18960,1058,17902,0.9441983122362869,11,11,0.0,40.0,0.0,20.0,0.0,-15.0,0.0,0.0,0.0,0.0028084514159930677
47,1387,623,16756,0,1,,42.3,33.8,45.0,133.0,19.0,56.8,18960,1110,17850,0.9414556962025317,11,11,0.0,40.0,0.0,20.0,0.0,-15.0,0.0,0.0,0.0,0.002779182272030804
47,1387,624,16756,0,1,,42.3,33.8,45.0,133.0,21.0,56.8,18960,1152,17808,0.9392405063291139,11,11,0.0,40.0,0.0,20.0,0.0,-15.0,0.0,0.0,0.0,0.0027496579135636856
47,1387,615,16756,0,1,,42.3,33.8,45.0,133.0,20.0,56.8,18960,721,18239,0.9619725738396624,11,11,0.0,40.0,0.0,20.0,0.0,-15.0,0.0,0.0,0.0,0.0027414204377720877
47,1387,625,16756,0,1,,42.3,33.8,45.0,133.0,22.0,56.8,18960,1152,17808,0.9392405063291139,11,11,0.0,40.0,0.0,20.0,0.0,-15.0,0.0,0.0,0.0,0.002733845083272685
47,1387,616,16756,0,1,,42.3,33.8,45.0,133.0,24.0,56.8,18960,729,18231,0.9615506329113924,11,11,0.0,40.0,0.0,20.0,0.0,-15.0,0.0,0.0,0.0,0.0026793345800282106
47,1387,614,16756,0,1,,42.3,33.8,45.0,133.0,26.0,56.8,18960,721,18239,0.9619725738396624,11,11,0.0,40.0,0.0,20.0,0.0,-15.0,0.0,0.0,0.0,0.0026481729368193737
47,1387,613,16756,0,1,,42.3,33.8,45.0,133.0,27.0,56.8,18960,623,18337,0.9671413502109705,11,11,0.0,40.0,0.0,20.0,0.0,-15.0,0.0,0.0,0.0,0.002627697804899149
47,1387,612,16756,0,1,,42.3,33.8,45.0,133.0,28.0,56.8,18960,623,18337,0.9671413502109705,11,11,0.0,40.0,0.0,20.0,0.0,-15.0,0.0,0.0,0.0,0.002612584509681037
47,1387,328,16155,0,1,,42.3,33.8,45.0,133.0,30.0,56.8,18960,1083,17877,0.9428797468354431,10,-10,0.0,40.0,0.0,20.0,0.0,-15.0,0.0,0.0,0.0,0.0025120799039997804
47,1387,540,16553,0,1,,42.3,0.0,-22.1,133.0,38.0,90.6,18960,19340,380,0.020042194092827006,5,5,0.0,0.0,-40.0,0.0,9.92,0.0,3.0,0.0,4.98,0.0014366311833570102
48,1386,471,16456,1,1,top_clean_score_margin_weight_date,33.9,86.5,115.0,133.0,1.0,0.0,11020,11020,0,0.0,1,-1,0.0,40.0,0.0,20.0,40.0,0.0,15.0,0.0,0.0,0.951657754528782
48,1386,476,16432,0,1,,33.9,52.6,76.33,145.0,2.0,33.9,11020,18960,7940,0.720508166969147,0,0,1.0,40.0,0.0,20.0,0.0,-15.0,25.0,6.33,0.0,0.14703525329475942
48,1386,485,16465,0,1,,33.9,48.3,70.0,145.0,3.0,38.2,11020,47060,36040,3.2704174228675136,0,0,1.0,40.0,0.0,20.0,0.0,-15.0,25.0,0.0,0.0,0.04294511129517635
48,1386,495,16522,0,1,,33.9,39.5,52.5,133.0,5.0,47.0,11020,13360,2340,0.21234119782214156,3,3,0.0,40.0,0.0,20.0,0.0,-15.0,7.5,0.0,0.0,0.011973469532955692
48,1386,441,16352,0,1,,33.9,39.5,52.5,133.0,4.0,47.0,11020,13460,2440,0.22141560798548093,3,-3,0.0,40.0,0.0,20.0,0.0,-15.0,7.5,0.0,0.0,0.011767160951394748
48,1386,539,16591,0,1,,33.9,36.1,48.0,133.0,6.0,50.4,11020,17400,6380,0.5789473684210527,5,5,0.0,40.0,0.0,20.0,0.0,-15.0,3.0,0.0,0.0,0.0068658241762558385
48,1386,396,16394,0,1,,33.9,36.1,48.0,133.0,11.0,50.4,11020,14660,3640,0.33030852994555354,7,-7,0.0,40.0,0.0,20.0,0.0,-15.0,3.0,0.0,0.0,0.006423999901488342
48,1386,425,16305,0,1,,33.9,36.1,48.0,133.0,9.0,50.4,11020,2100,8920,0.809437386569873,4,-4,0.0,40.0,0.0,20.0,0.0,-15.0,3.0,0.0,0.0,0.006318618649654417
48,1386,538,16590,0,1,,33.9,36.1,48.0,133.0,7.0,50.4,11020,21020,10000,0.9074410163339383,5,5,0.0,40.0,0.0,20.0,0.0,-15.0,3.0,0.0,0.0,0.006196391661531764
48,1386,559,16621,0,1,,33.9,36.1,48.0,133.0,8.0,50.4,11020,320,10700,0.9709618874773139,7,7,0.0,40.0,0.0,20.0,0.0,-15.0,3.0,0.0,0.0,0.005662199108310317
48,1386,487,16493,0,1,,33.9,0.0,-8.48,133.0,37.0,86.5,11020,10872,148,0.013430127041742287,3,3,0.0,0.0,-40.0,0.0,23.14,0.0,7.5,0.0,0.88,0.005376422508532537
48,1386,386,16255,0,1,,33.9,33.8,45.0,133.0,33.0,52.7,11020,10720,300,0.02722323049001815,8,-8,0.0,40.0,0.0,20.0,0.0,-15.0,0.0,0.0,0.0,0.004611415002609345
48,1386,593,16698,0,1,,33.9,33.8,45.0,133.0,25.0,52.7,11020,14140,3120,0.2831215970961887,10,10,0.0,40.0,0.0,20.0,0.0,-15.0,0.0,0.0,0.0,0.004440109998774735
48,1386,594,16698,0,1,,33.9,33.8,45.0,133.0,30.0,52.7,11020,7040,3980,0.36116152450090744,10,10,0.0,40.0,0.0,20.0,0.0,-15.0,0.0,0.0,0.0,0.004211879803023885
48,1386,335,16170,0,1,,33.9,33.8,45.0,133.0,35.0,52.7,11020,11860,840,0.07622504537205081,10,-10,0.0,40.0,0.0,20.0,0.0,-15.0,0.0,0.0,0.0,0.004160312080156324
48,1386,621,16756,0,1,,33.9,33.8,45.0,133.0,12.0,52.7,11020,1058,9962,0.9039927404718693,11,11,0.0,40.0,0.0,20.0,0.0,-15.0,0.0,0.0,0.0,0.003850147712791982
48,1386,620,16756,0,1,,33.9,33.8,45.0,133.0,13.0,52.7,11020,820,10200,0.925589836660617,11,11,0.0,40.0,0.0,20.0,0.0,-15.0,0.0,0.0,0.0,0.0038034590129733398
48,1386,619,16756,0,1,,33.9,33.8,45.0,133.0,14.0,52.7,11020,820,10200,0.925589836660617,11,11,0.0,40.0,0.0,20.0,0.0,-15.0,0.0,0.0,0.0,0.003781608926563813
48,1386,618,16756,0,1,,33.9,33.8,45.0,133.0,15.0,52.7,11020,759,10261,0.9311252268602541,11,11,0.0,40.0,0.0,20.0,0.0,-15.0,0.0,0.0,0.0,0.003753683097901143
48,1386,617,16756,0,1,,33.9,33.8,45.0,133.0,16.0,52.7,11020,759,10261,0.9311252268602541,11,11,0.0,40.0,0.0,20.0,0.0,-15.0,0.0,0.0,0.0,0.0037321178925598273
48,1386,623,16756,0,1,,33.9,33.8,45.0,133.0,18.0,52.7,11020,1110,9910,0.8992740471869328,11,11,0.0,40.0,0.0,20.0,0.0,-15.0,0.0,0.0,0.0,0.0037245653679736468
48,1386,622,16756,0,1,,33.9,33.8,45.0,133.0,19.0,52.7,11020,1110,9910,0.8992740471869328,11,11,0.0,40.0,0.0,20.0,0.0,-15.0,0.0,0.0,0.0,0.003703166824473065
48,1386,624,16756,0,1,,33.9,33.8,45.0,133.0,21.0,52.7,11020,1152,9868,0.8954627949183304,11,11,0.0,40.0,0.0,20.0,0.0,-15.0,0.0,0.0,0.0,0.0036648995024705176
48,1386,625,16756,0,1,,33.9,33.8,45.0,133.0,22.0,52.7,11020,1152,9868,0.8954627949183304,11,11,0.0,40.0,0.0,20.0,0.0,-15.0,0.0,0.0,0.0,0.003643842500271599
48,1386,615,16756,0,1,,33.9,33.8,45.0,133.0,20.0,52.7,11020,721,10299,0.9345735027223231,11,11,0.0,40.0,0.0,20.0,0.0,-15.0,0.0,0.0,0.0,0.003643335914633125
48,1386,397,16272,0,1,,33.9,36.1,48.0,133.0,10.0,50.4,11020,36680,25660,2.3284936479128855,7,-7,0.0,40.0,0.0,20.0,0.0,-15.0,3.0,0.0,0.0,0.0035812999852850584
48,1386,616,16756,0,1,,33.9,33.8,45.0,133.0,24.0,52.7,11020,729,10291,0.9338475499092559,11,11,0.0,40.0,0.0,20.0,0.0,-15.0,0.0,0.0,0.0,0.003561088951565316
48,1386,614,16756,0,1,,33.9,33.8,45.0,133.0,26.0,52.7,11020,721,10299,0.9345735027223231,11,11,0.0,40.0,0.0,20.0,0.0,-15.0,0.0,0.0,0.0,0.0035195186575308454
48,1386,607,16750,0,1,,33.9,33.8,45.0,133.0,29.0,52.7,11020,20980,9960,0.9038112522686026,11,11,0.0,40.0,0.0,20.0,0.0,-15.0,0.0,0.0,0.0,0.0034991370187362927
48,1386,613,16756,0,1,,33.9,33.8,45.0,133.0,27.0,52.7,11020,623,10397,0.9434664246823956,11,11,0.0,40.0,0.0,20.0,0.0,-15.0,0.0,0.0,0.0,0.0034900247350019894
48,1386,612,16756,0,1,,33.9,33.8,45.0,133.0,28.0,52.7,11020,623,10397,0.9434664246823956,11,11,0.0,40.0,0.0,20.0,0.0,-15.0,0.0,0.0,0.0,0.0034699689918443752
48,1386,581,16712,0,1,,33.9,33.8,45.0,133.0,32.0,52.7,11020,22600,11580,1.0508166969147006,10,10,0.0,40.0,0.0,20.0,0.0,-15.0,0.0,0.0,0.0,0.003398826729495833
48,1386,328,16155,0,1,,33.9,33.8,45.0,133.0,31.0,52.7,11020,1083,9937,0.9017241379310345,10,-10,0.0,40.0,0.0,20.0,0.0,-15.0,0.0,0.0,0.0,0.003327714665902037
48,1386,664,16844,0,1,,33.9,33.8,45.0,133.0,36.0,52.7,11020,19900,8880,0.8058076225045372,13,13,0.0,40.0,0.0,20.0,0.0,-15.0,0.0,0.0,0.0,0.0032472071148686305
48,1386,371,16203,0,1,,33.9,33.8,45.0,133.0,34.0,52.7,11020,23160,12140,1.1016333938294012,9,-9,0.0,40.0,0.0,20.0,0.0,-15.0,0.0,0.0,0.0,0.0032114379871176105
48,1386,308,16089,0,1,,33.9,33.8,45.0,133.0,17.0,52.7,11020,22440,11420,1.0362976406533575,14,-14,0.0,40.0,0.0,20.0,0.0,-15.0,0.0,0.0,0.0,0.0029780173638012503
48,1386,661,16825,0,1,,33.9,33.8,45.0,133.0,23.0,52.7,11020,27640,16620,1.5081669691470054,13,13,0.0,40.0,0.0,20.0,0.0,-15.0,0.0,0.0,0.0,0.0028432853917544593
49,1380,473,16435,1,1,top_clean_score_margin_weight_date,45.699999999999996,90.8,131.71,145.0,1.0,0.0,17760,17760,0,0.0,0,0,1.0,40.0,0.0,20.0,40.0,0.0,25.0,6.13,0.58,0.9911034469592802
49,1380,478,16449,0,1,,45.699999999999996,45.1,60.0,133.0,2.0,45.699999999999996,17760,38700,20940,1.179054054054054,1,1,0.0,40.0,0.0,20.0,0.0,-15.0,15.0,0.0,0.0,0.013962828723112782
49,1380,423,16303,0,1,,45.699999999999996,40.9,54.42,133.0,3.0,49.9,17760,30608,12848,0.7234234234234235,3,-3,0.0,40.0,0.0,20.0,0.0,-15.0,7.5,0.0,1.92,0.009071415063644462
49,1380,431,16318,0,1,,45.699999999999996,40.9,54.42,133.0,5.0,49.9,17760,620,17140,0.9650900900900901,3,-3,0.0,40.0,0.0,20.0,0.0,-15.0,7.5,0.0,1.92,0.008176029586871525
49,1380,429,16318,0,1,,45.699999999999996,40.9,54.42,133.0,6.0,49.9,17760,720,17040,0.9594594594594594,3,-3,0.0,40.0,0.0,20.0,0.0,-15.0,7.5,0.0,1.92,0.008146241692183958
49,1380,430,16318,0,1,,45.699999999999996,40.9,54.42,133.0,7.0,49.9,17760,660,17100,0.9628378378378378,3,-3,0.0,40.0,0.0,20.0,0.0,-15.0,7.5,0.0,1.92,0.008089513623685124
49,1380,432,16318,0,1,,45.699999999999996,40.9,54.42,133.0,4.0,49.9,17760,-300,18060,1.0168918918918919,3,-3,0.0,40.0,0.0,20.0,0.0,-15.0,7.5,0.0,1.92,0.008066743756522958
49,1380,444,16357,0,1,,45.699999999999996,39.5,52.5,133.0,9.0,51.3,17760,2367,15393,0.866722972972973,2,-2,0.0,40.0,0.0,20.0,0.0,-15.0,7.5,0.0,0.0,0.007642049575212563
49,1380,447,16357,0,1,,45.699999999999996,39.5,52.5,133.0,10.0,51.3,17760,1629,16131,0.9082770270270271,2,-2,0.0,40.0,0.0,20.0,0.0,-15.0,7.5,0.0,0.0,0.0074821591673190566
49,1380,449,16357,0,1,,45.699999999999996,39.5,52.5,133.0,11.0,51.3,17760,1703,16057,0.9041103603603604,2,-2,0.0,40.0,0.0,20.0,0.0,-15.0,7.5,0.0,0.0,0.007450835012717865
49,1380,450,16357,0,1,,45.699999999999996,39.5,52.5,133.0,12.0,51.3,17760,1942,15818,0.8906531531531532,2,-2,0.0,40.0,0.0,20.0,0.0,-15.0,7.5,0.0,0.0,0.007445242980430941
49,1380,540,16553,0,1,,45.699999999999996,36.1,48.0,133.0,23.0,54.699999999999996,17760,19340,1580,0.08896396396396396,6,6,0.0,40.0,0.0,20.0,0.0,-15.0,3.0,0.0,0.0,0.00574880633568081
49,1380,433,16324,0,1,,45.699999999999996,39.9,53.08,133.0,8.0,50.9,17760,47620,29860,1.6813063063063063,3,-3,0.0,40.0,0.0,20.0,0.0,-15.0,7.5,0.0,0.58,0.005700003241792667
49,1380,487,16493,0,1,,45.699999999999996,36.1,48.0,133.0,24.0,54.699999999999996,17760,10872,6888,0.3878378378378378,4,4,0.0,40.0,0.0,20.0,0.0,-15.0,3.0,0.0,0.0,0.005447060059436935
49,1380,554,16594,0,1,,45.699999999999996,36.1,48.0,133.0,25.0,54.699999999999996,17760,22520,4760,0.268018018018018,7,7,0.0,40.0,0.0,20.0,0.0,-15.0,3.0,0.0,0.0,0.0051556330984681535
49,1380,549,16576,0,1,,45.699999999999996,38.2,50.82,133.0,14.0,52.599999999999994,17760,36900,19140,1.0777027027027026,6,6,0.0,40.0,0.0,20.0,0.0,-15.0,3.0,0.0,2.82,0.005031579854491618
49,1380,544,16573,0,1,,45.699999999999996,37.5,49.92,133.0,17.0,53.3,17760,1480,16280,0.9166666666666666,6,6,0.0,40.0,0.0,20.0,0.0,-15.0,3.0,0.0,1.92,0.0049299819506032315
49,1380,546,16573,0,1,,45.699999999999996,37.5,49.92,133.0,15.0,53.3,17760,820,16940,0.9538288288288288,6,6,0.0,40.0,0.0,20.0,0.0,-15.0,3.0,0.0,1.92,0.004918637829506541
49,1380,547,16573,0,1,,45.699999999999996,37.5,49.92,133.0,16.0,53.3,17760,740,17020,0.9583333333333334,6,6,0.0,40.0,0.0,20.0,0.0,-15.0,3.0,0.0,1.92,0.004882231035049999
49,1380,535,16539,0,1,,45.699999999999996,36.1,48.0,133.0,22.0,54.699999999999996,17760,6460,11300,0.6362612612612613,5,5,0.0,40.0,0.0,20.0,0.0,-15.0,3.0,0.0,0.0,0.004867796521337915
49,1380,545,16573,0,1,,45.699999999999996,37.5,49.92,133.0,19.0,53.3,17760,860,16900,0.9515765765765766,6,6,0.0,40.0,0.0,20.0,0.0,-15.0,3.0,0.0,1.92,0.004810726992614702
49,1380,548,16573,0,1,,45.699999999999996,37.5,49.92,133.0,18.0,53.3,17760,-1404,19164,1.079054054054054,6,6,0.0,40.0,0.0,20.0,0.0,-15.0,3.0,0.0,1.92,0.004614531081708356
49,1380,550,16576,0,1,,45.699999999999996,38.4,48.0,125.0,13.0,52.4,17760,0,17760,1.0,6,6,0.0,40.0,0.0,20.0,0.0,-15.0,3.0,0.0,0.0,0.003702020830822988
49,1380,598,16719,0,1,,45.699999999999996,35.3,46.92,133.0,31.0,55.5,17760,29600,11840,0.6666666666666666,12,12,0.0,40.0,0.0,20.0,0.0,-15.0,0.0,0.0,1.92,0.0032212835444909754
49,1380,500,16552,0,1,,45.699999999999996,36.1,48.0,133.0,21.0,54.699999999999996,17760,49780,32020,1.802927927927928,5,5,0.0,40.0,0.0,20.0,0.0,-15.0,3.0,0.0,0.0,0.0031954976663003203
49,1380,331,16161,0,1,,45.699999999999996,35.3,46.92,133.0,27.0,55.5,17760,1720,16040,0.9031531531531531,9,-9,0.0,40.0,0.0,20.0,0.0,-15.0,0.0,0.0,1.92,0.0031119628209094687
49,1380,334,16161,0,1,,45.699999999999996,35.3,46.92,133.0,28.0,55.5,17760,800,16960,0.954954954954955,9,-9,0.0,40.0,0.0,20.0,0.0,-15.0,0.0,0.0,1.92,0.00303495739714841
49,1380,333,16161,0,1,,45.699999999999996,35.3,46.92,133.0,29.0,55.5,17760,820,16940,0.9538288288288288,9,-9,0.0,40.0,0.0,20.0,0.0,-15.0,0.0,0.0,1.92,0.003018774591636779
49,1380,332,16161,0,1,,45.699999999999996,35.3,46.92,133.0,30.0,55.5,17760,1000,16760,0.9436936936936937,9,-9,0.0,40.0,0.0,20.0,0.0,-15.0,0.0,0.0,1.92,0.003012769122405174
49,1380,605,16748,0,1,,45.699999999999996,36.0,47.82,133.0,26.0,54.8,17760,38860,21100,1.188063063063063,12,12,0.0,40.0,0.0,20.0,0.0,-15.0,0.0,0.0,2.82,0.0029015993865703035
49,1380,645,16811,0,1,,45.699999999999996,36.3,48.26,133.0,20.0,54.5,17760,40300,22540,1.2691441441441442,13,13,0.0,40.0,0.0,20.0,0.0,-15.0,0.0,0.0,3.26,0.002899823897306014
49,1380,307,16073,0,1,,45.699999999999996,33.8,45.0,133.0,35.0,57.0,17760,21264,3504,0.1972972972972973,14,-14,0.0,40.0,0.0,20.0,0.0,-15.0,0.0,0.0,0.0,0.002813516701584542
49,1380,337,16185,0,1,,45.699999999999996,34.3,45.58,133.0,32.0,56.5,17760,42600,24840,1.3986486486486487,9,-9,0.0,40.0,0.0,20.0,0.0,-15.0,0.0,0.0,0.58,0.0023222304284586087
49,1380,644,16810,0,1,,45.699999999999996,33.8,45.0,133.0,34.0,57.0,17760,39540,21780,1.2263513513513513,13,13,0.0,40.0,0.0,20.0,0.0,-15.0,0.0,0.0,0.0,0.0022011396989249023
49,1380,368,16197,0,1,,45.699999999999996,33.8,45.0,133.0,33.0,57.0,17760,47700,29940,1.6858108108108107,8,-8,0.0,40.0,0.0,20.0,0.0,-15.0,0.0,0.0,0.0,0.00207288491563613
49,1380,539,16591,0,1,,45.699999999999996,0.0,-27.54,133.0,36.0,90.8,17760,17400,360,0.02027027027027027,6,6,0.0,0.0,-40.0,0.0,9.46,0.0,3.0,0.0,0.0,0.001226890680032005
50,1379,472,16434,1,1,top_clean_score_margin_weight_date,54.4,90.5,131.18,145.0,1.0,0.0,35920,35920,0,0.0,0,0,1.0,40.0,0.0,20.0,40.0,0.0,25.0,6.18,0.0,0.9892775250015519
50,1379,499,16551,0,1,,54.4,36.1,48.0,133.0,4.0,54.4,35920,30460,5460,0.1520044543429844,5,5,0.0,40.0,0.0,20.0,0.0,-15.0,3.0,0.0,0.0,0.005338988747578611
50,1379,388,16257,0,1,,54.4,36.1,48.0,133.0,3.0,54.4,35920,27380,8540,0.23775055679287305,7,-7,0.0,40.0,0.0,20.0,0.0,-15.0,3.0,0.0,0.0,0.004574880075301792
50,1379,387,16256,0,1,,54.4,36.1,48.0,133.0,2.0,54.4,35920,23680,12240,0.34075723830734966,7,-7,0.0,40.0,0.0,20.0,0.0,-15.0,3.0,0.0,0.0,0.004338464677349507
50,1379,606,16749,0,1,,54.4,33.8,45.0,133.0,6.0,56.7,35920,34200,1720,0.04788418708240535,12,12,0.0,40.0,0.0,20.0,0.0,-15.0,0.0,0.0,0.0,0.003473872840291852
50,1379,304,16088,0,1,,54.4,33.8,45.0,133.0,5.0,56.7,35920,25760,10160,0.2828507795100223,14,-14,0.0,40.0,0.0,20.0,0.0,-15.0,0.0,0.0,0.0,0.0026040774097991284
50,1379,486,16491,0,1,,54.4,0.0,-23.75,133.0,8.0,90.5,35920,36580,660,0.018374164810690423,4,4,0.0,0.0,-40.0,0.0,13.25,0.0,3.0,0.0,0.0,0.0017135793149537547
50,1379,397,16272,0,1,,54.4,0.0,-29.32,133.0,7.0,90.5,35920,36680,760,0.021158129175946547,6,-6,0.0,0.0,-40.0,0.0,7.68,0.0,3.0,0.0,0.0,0.0010370897256009469
51,1378,471,16456,0,0,,7.299999999999997,52.4,76.0,145.0,1.0,0.0,50820,11020,39800,0.7831562377016923,0,0,1.0,40.0,0.0,20.0,0.0,-15.0,25.0,6.0,0.0,0.177543580861777
51,1378,485,16465,0,0,,7.299999999999997,45.1,60.0,133.0,2.0,7.299999999999997,50820,47060,3760,0.0739866194411649,1,1,0.0,40.0,0.0,20.0,0.0,-15.0,15.0,0.0,0.0,0.044081622246314435
51,1378,476,16432,0,0,,7.299999999999997,45.1,60.0,133.0,3.0,7.299999999999997,50820,18960,31860,0.6269185360094451,1,1,0.0,40.0,0.0,20.0,0.0,-15.0,15.0,0.0,0.0,0.029589589007454356
51,1378,441,16352,0,0,,7.299999999999997,39.5,52.5,133.0,5.0,12.899999999999999,50820,13460,37360,0.7351436442345534,2,-2,0.0,40.0,0.0,20.0,0.0,-15.0,7.5,0.0,0.0,0.013896264618401976
51,1378,425,16305,0,0,,7.299999999999997,39.5,52.5,133.0,4.0,12.899999999999999,50820,2100,48720,0.9586776859504132,3,-3,0.0,40.0,0.0,20.0,0.0,-15.0,7.5,0.0,0.0,0.011430955995322997
51,1378,397,16272,0,0,,7.299999999999997,36.1,48.0,133.0,8.0,16.299999999999997,50820,36680,14140,0.27823691460055094,6,-6,0.0,40.0,0.0,20.0,0.0,-15.0,3.0,0.0,0.0,0.011202968783954825
51,1378,538,16590,0,0,,7.299999999999997,36.1,48.0,133.0,10.0,16.299999999999997,50820,21020,29800,0.5863833136560409,6,6,0.0,40.0,0.0,20.0,0.0,-15.0,3.0,0.0,0.0,0.009213505395485887
51,1378,495,16522,0,0,,7.299999999999997,36.1,48.0,133.0,9.0,16.299999999999997,50820,13360,37460,0.7371113734750099,4,4,0.0,40.0,0.0,20.0,0.0,-15.0,3.0,0.0,0.0,0.008839374529069854
51,1378,539,16591,0,0,,7.299999999999997,36.1,48.0,133.0,11.0,16.299999999999997,50820,17400,33420,0.6576151121605667,6,6,0.0,40.0,0.0,20.0,0.0,-15.0,3.0,0.0,0.0,0.008696002239141003
51,1378,396,16394,0,0,,7.299999999999997,36.1,48.0,133.0,7.0,16.299999999999997,50820,14660,36160,0.7115308933490752,6,-6,0.0,40.0,0.0,20.0,0.0,-15.0,3.0,0.0,0.0,0.008210013550231184
51,1378,386,16255,0,0,,7.299999999999997,36.1,48.0,133.0,6.0,16.299999999999997,50820,10720,40100,0.7890594254230617,7,-7,0.0,40.0,0.0,20.0,0.0,-15.0,3.0,0.0,0.0,0.007508042107640551
51,1378,371,16203,0,0,,7.299999999999997,33.8,45.0,133.0,32.0,18.6,50820,23160,27660,0.5442739079102715,8,-8,0.0,40.0,0.0,20.0,0.0,-15.0,0.0,0.0,0.0,0.005765941705937771
51,1378,581,16712,0,0,,7.299999999999997,33.8,45.0,133.0,24.0,18.6,50820,22600,28220,0.555293191656828,11,11,0.0,40.0,0.0,20.0,0.0,-15.0,0.0,0.0,0.0,0.005754055554668472
51,1378,607,16750,0,0,,7.299999999999997,33.8,45.0,133.0,27.0,18.6,50820,20980,29840,0.5871704053522235,12,12,0.0,40.0,0.0,20.0,0.0,-15.0,0.0,0.0,0.0,0.005352998030911909
51,1378,308,16089,0,0,,7.299999999999997,33.8,45.0,133.0,17.0,18.6,50820,22440,28380,0.5584415584415584,13,-13,0.0,40.0,0.0,20.0,0.0,-15.0,0.0,0.0,0.0,0.005132047930668383
51,1378,593,16698,0,0,,7.299999999999997,33.8,45.0,133.0,29.0,18.6,50820,14140,36680,0.721763085399449,11,11,0.0,40.0,0.0,20.0,0.0,-15.0,0.0,0.0,0.0,0.004948073069699306
51,1378,335,16170,0,0,,7.299999999999997,33.8,45.0,133.0,33.0,18.6,50820,11860,38960,0.7666273120818575,9,-9,0.0,40.0,0.0,20.0,0.0,-15.0,0.0,0.0,0.0,0.004685940389756404
51,1378,594,16698,0,0,,7.299999999999997,33.8,45.0,133.0,28.0,18.6,50820,7040,43780,0.8614718614718615,11,11,0.0,40.0,0.0,20.0,0.0,-15.0,0.0,0.0,0.0,0.004491472989172068
51,1378,559,16621,0,0,,7.299999999999997,33.8,45.0,133.0,31.0,18.6,50820,320,50500,0.9937032664305392,8,8,0.0,40.0,0.0,20.0,0.0,-15.0,0.0,0.0,0.0,0.004404971065362184
51,1378,620,16756,0,0,,7.299999999999997,33.8,45.0,133.0,12.0,18.6,50820,820,50000,0.9838646202282566,12,12,0.0,40.0,0.0,20.0,0.0,-15.0,0.0,0.0,0.0,0.004361306066116805
51,1378,616,16756,0,0,,7.299999999999997,33.8,45.0,133.0,13.0,18.6,50820,729,50091,0.985655253837072,12,12,0.0,40.0,0.0,20.0,0.0,-15.0,0.0,0.0,0.0,0.0043305659910158265
51,1378,617,16756,0,0,,7.299999999999997,33.8,45.0,133.0,14.0,18.6,50820,759,50061,0.9850649350649351,12,12,0.0,40.0,0.0,20.0,0.0,-15.0,0.0,0.0,0.0,0.004307568175134916
51,1378,618,16756,0,0,,7.299999999999997,33.8,45.0,133.0,15.0,18.6,50820,759,50061,0.9850649350649351,12,12,0.0,40.0,0.0,20.0,0.0,-15.0,0.0,0.0,0.0,0.00428283453617109
51,1378,619,16756,0,0,,7.299999999999997,33.8,45.0,133.0,16.0,18.6,50820,820,50000,0.9838646202282566,12,12,0.0,40.0,0.0,20.0,0.0,-15.0,0.0,0.0,0.0,0.004261998325043465
51,1378,621,16756,0,0,,7.299999999999997,33.8,45.0,133.0,18.0,18.6,50820,1058,49762,0.9791814246359701,12,12,0.0,40.0,0.0,20.0,0.0,-15.0,0.0,0.0,0.0,0.00422771079895715
51,1378,622,16756,0,0,,7.299999999999997,33.8,45.0,133.0,19.0,18.6,50820,1110,49710,0.9781582054309327,12,12,0.0,40.0,0.0,20.0,0.0,-15.0,0.0,0.0,0.0,0.0042065943659698535
51,1378,614,16756,0,0,,7.299999999999997,33.8,45.0,133.0,20.0,18.6,50820,721,50099,0.9858126721763085,12,12,0.0,40.0,0.0,20.0,0.0,-15.0,0.0,0.0,0.0,0.004158986414750187
51,1378,623,16756,0,0,,7.299999999999997,33.8,45.0,133.0,21.0,18.6,50820,1110,49710,0.9781582054309327,12,12,0.0,40.0,0.0,20.0,0.0,-15.0,0.0,0.0,0.0,0.004158419918704089
51,1378,624,16756,0,0,,7.299999999999997,33.8,45.0,133.0,22.0,18.6,50820,1152,49668,0.977331759149941,12,12,0.0,40.0,0.0,20.0,0.0,-15.0,0.0,0.0,0.0,0.004137050070061017
51,1378,615,16756,0,0,,7.299999999999997,33.8,45.0,133.0,23.0,18.6,50820,721,50099,0.9858126721763085,12,12,0.0,40.0,0.0,20.0,0.0,-15.0,0.0,0.0,0.0,0.004087743301845141
51,1378,328,16155,0,0,,7.299999999999997,33.8,45.0,133.0,30.0,18.6,50820,1083,49737,0.978689492325856,9,-9,0.0,40.0,0.0,20.0,0.0,-15.0,0.0,0.0,0.0,0.004079980889392629
51,1378,613,16756,0,0,,7.299999999999997,33.8,45.0,133.0,25.0,18.6,50820,623,50197,0.987741046831956,12,12,0.0,40.0,0.0,20.0,0.0,-15.0,0.0,0.0,0.0,0.0040352034289989685
51,1378,612,16756,0,0,,7.299999999999997,33.8,45.0,133.0,26.0,18.6,50820,623,50197,0.987741046831956,12,12,0.0,40.0,0.0,20.0,0.0,-15.0,0.0,0.0,0.0,0.004012027380487687
51,1378,625,16756,0,0,,7.299999999999997,33.8,45.0,133.0,34.0,18.6,50820,1152,49668,0.977331759149941,12,12,0.0,40.0,0.0,20.0,0.0,-15.0,0.0,0.0,0.0,0.003860747832985227
51,1378,500,16552,0,0,,7.299999999999997,0.0,-20.53,133.0,35.0,52.4,50820,49780,1040,0.02046438410074774,5,5,0.0,0.0,-40.0,0.0,9.07,0.0,3.0,0.0,7.4,0.003214804310604867
52,1375,460,16387,1,1,top_clean_score_margin_weight_date,56.60000000000001,90.4,131.01,145.0,1.0,0.0,23980,23980,0,0.0,0,0,1.0,40.0,0.0,20.0,40.0,0.0,25.0,6.01,0.0,0.9902890679821741
52,1375,580,16646,0,1,,56.60000000000001,0.0,0.0,133.0,4.0,90.4,23980,23920,60,0.0025020850708924102,9,9,0.0,0.0,-40.0,0.0,40.0,0.0,0.0,0.0,0.0,0.010179121774069568
52,1375,387,16256,0,1,,56.60000000000001,0.0,-12.02,133.0,3.0,90.4,23980,23680,300,0.012510425354462052,6,-6,0.0,0.0,-40.0,0.0,24.98,0.0,3.0,0.0,0.0,0.004165007242407102
52,1375,321,16129,0,1,,56.60000000000001,33.8,45.0,133.0,2.0,56.60000000000001,23980,20040,3940,0.16430358632193495,9,-9,0.0,40.0,0.0,20.0,0.0,-15.0,0.0,0.0,0.0,0.003939322917122552
53,1377,456,16365,0,0,,2.5,54.4,78.9,145.0,1.0,0.0,38140,897,37243,0.9764813843733613,0,0,1.0,40.0,0.0,20.0,0.0,-15.0,25.0,8.9,0.0,0.2298448326025018
53,1377,458,16379,0,0,,2.5,51.6,74.89,145.0,3.0,2.799999999999997,38140,4260,33880,0.8883062401678028,0,0,1.0,40.0,0.0,20.0,0.0,-15.0,25.0,4.89,0.0,0.1762664208631161
53,1377,457,16376,0,0,,2.5,51.9,75.24,145.0,2.0,2.5,38140,940,37200,0.9753539590980598,0,0,1.0,40.0,0.0,20.0,0.0,-15.0,25.0,5.24,0.0,0.17473982091810783
53,1377,439,16347,0,0,,2.5,45.1,60.0,133.0,8.0,9.299999999999997,38140,4426,33714,0.88395385422129,1,-1,0.0,40.0,0.0,20.0,0.0,-15.0,15.0,0.0,0.0,0.02844031671101162
53,1377,437,16347,0,0,,2.5,45.1,60.0,133.0,5.0,9.299999999999997,38140,2216,35924,0.9418982695332984,1,-1,0.0,40.0,0.0,20.0,0.0,-15.0,15.0,0.0,0.0,0.027966126604136634
53,1377,465,16393,0,0,,2.5,45.1,60.0,133.0,6.0,9.299999999999997,38140,1082,37058,0.9716308337703199,1,1,0.0,40.0,0.0,20.0,0.0,-15.0,15.0,0.0,0.0,0.02751650482524933
53,1377,470,16393,0,0,,2.5,45.1,60.0,133.0,9.0,9.299999999999997,38140,2123,36017,0.9443366544310435,1,1,0.0,40.0,0.0,20.0,0.0,-15.0,15.0,0.0,0.0,0.027489020760266623
53,1377,442,16354,0,0,,2.5,45.1,60.0,133.0,4.0,9.299999999999997,38140,140,38000,0.9963293130571579,1,-1,0.0,40.0,0.0,20.0,0.0,-15.0,15.0,0.0,0.0,0.027247607370837538
53,1377,461,16393,0,0,,2.5,45.1,60.0,133.0,7.0,9.299999999999997,38140,169,37971,0.9955689564761405,1,1,0.0,40.0,0.0,20.0,0.0,-15.0,15.0,0.0,0.0,0.026983756029177124
53,1377,484,16463,0,0,,2.5,39.5,52.5,133.0,11.0,14.899999999999999,38140,280,37860,0.9926586261143157,2,2,0.0,40.0,0.0,20.0,0.0,-15.0,7.5,0.0,0.0,0.013745331477783675
53,1377,427,16316,0,0,,2.5,39.5,52.5,133.0,10.0,14.899999999999999,38140,280,37860,0.9926586261143157,2,-2,0.0,40.0,0.0,20.0,0.0,-15.0,7.5,0.0,0.0,0.013637256407110863
53,1377,426,16307,0,0,,2.5,39.5,52.5,133.0,12.0,14.899999999999999,38140,140,38000,0.9963293130571579,2,-2,0.0,40.0,0.0,20.0,0.0,-15.0,7.5,0.0,0.0,0.01345337748636537
53,1377,478,16449,0,0,,2.5,0.0,-11.87,133.0,41.0,54.4,38140,38700,560,0.014682747771368642,2,2,0.0,0.0,-40.0,0.0,20.63,0.0,7.5,0.0,0.0,0.008631510324724671
53,1377,493,16499,0,0,,2.5,36.1,48.0,133.0,14.0,18.299999999999997,38140,340,37800,0.9910854745673833,5,5,0.0,40.0,0.0,20.0,0.0,-15.0,3.0,0.0,0.0,0.008424658917327923
53,1377,422,16288,0,0,,2.5,36.1,48.0,133.0,13.0,18.299999999999997,38140,50,38090,0.9986890403775563,5,-5,0.0,40.0,0.0,20.0,0.0,-15.0,3.0,0.0,0.0,0.008151550045400436
53,1377,515,16538,0,0,,2.5,36.1,48.0,133.0,16.0,18.299999999999997,38140,650,37490,0.9829575249082328,6,6,0.0,40.0,0.0,20.0,0.0,-15.0,3.0,0.0,0.0,0.00810911428475857
53,1377,536,16541,0,0,,2.5,36.1,48.0,133.0,17.0,18.299999999999997,38140,230,37910,0.9939695857367593,6,6,0.0,40.0,0.0,20.0,0.0,-15.0,3.0,0.0,0.0,0.008010231650560386
53,1377,421,16288,0,0,,2.5,36.1,48.0,133.0,18.0,18.299999999999997,38140,100,38040,0.9973780807551127,5,-5,0.0,40.0,0.0,20.0,0.0,-15.0,3.0,0.0,0.0,0.007927214923170823
53,1377,553,16582,0,0,,2.5,36.1,48.0,133.0,15.0,18.299999999999997,38140,120,38020,0.9968536969061353,7,7,0.0,40.0,0.0,20.0,0.0,-15.0,3.0,0.0,0.0,0.007837726852316975
53,1377,389,16263,0,0,,2.5,36.1,48.0,133.0,22.0,18.299999999999997,38140,150,37990,0.9960671211326692,5,-5,0.0,40.0,0.0,20.0,0.0,-15.0,3.0,0.0,0.0,0.0077533715630655475
53,1377,379,16238,0,0,,2.5,36.1,48.0,133.0,19.0,18.299999999999997,38140,1440,36700,0.9622443628736235,6,-6,0.0,40.0,0.0,20.0,0.0,-15.0,3.0,0.0,0.0,0.007744886517236567
53,1377,377,16229,0,0,,2.5,36.1,48.0,133.0,20.0,18.299999999999997,38140,520,37620,0.9863660199265862,6,-6,0.0,40.0,0.0,20.0,0.0,-15.0,3.0,0.0,0.0,0.007591121960650808
53,1377,369,16197,0,0,,2.5,36.1,48.0,133.0,21.0,18.299999999999997,38140,2500,35640,0.9344520188778186,7,-7,0.0,40.0,0.0,20.0,0.0,-15.0,3.0,0.0,0.0,0.007490703427544012
53,1377,578,16642,0,0,,2.5,33.8,45.0,133.0,24.0,20.6,38140,1078,37062,0.9717357105401153,9,9,0.0,40.0,0.0,20.0,0.0,-15.0,0.0,0.0,0.0,0.005492707215104758
53,1377,579,16642,0,0,,2.5,33.8,45.0,133.0,25.0,20.6,38140,1226,36914,0.9678552700576822,9,9,0.0,40.0,0.0,20.0,0.0,-15.0,0.0,0.0,0.0,0.005473824248956834
53,1377,577,16639,0,0,,2.5,33.8,45.0,133.0,23.0,20.6,38140,260,37880,0.9931830099632931,9,9,0.0,40.0,0.0,20.0,0.0,-15.0,0.0,0.0,0.0,0.005454371031983033
53,1377,329,16155,0,0,,2.5,33.8,45.0,133.0,34.0,20.6,38140,4356,33784,0.885789197692711,8,-8,0.0,40.0,0.0,20.0,0.0,-15.0,0.0,0.0,0.0,0.005332322489788336
53,1377,306,16073,0,0,,2.5,33.8,45.0,133.0,30.0,20.6,38140,14176,23964,0.6283167278447824,13,-13,0.0,40.0,0.0,20.0,0.0,-15.0,0.0,0.0,0.0,0.005246593270158294
53,1377,336,16177,0,0,,2.5,33.8,45.0,133.0,32.0,20.6,38140,1520,36620,0.9601468274777137,8,-8,0.0,40.0,0.0,20.0,0.0,-15.0,0.0,0.0,0.0,0.005160632657651561
53,1377,338,16189,0,0,,2.5,33.8,45.0,133.0,31.0,20.6,38140,280,37860,0.9926586261143157,8,-8,0.0,40.0,0.0,20.0,0.0,-15.0,0.0,0.0,0.0,0.0050909781558867735
53,1377,326,16149,0,0,,2.5,33.8,45.0,133.0,35.0,20.6,38140,1020,37120,0.9732564237021499,8,-8,0.0,40.0,0.0,20.0,0.0,-15.0,0.0,0.0,0.0,0.005032908090988504
53,1377,330,16156,0,0,,2.5,33.8,45.0,133.0,33.0,20.6,38140,180,37960,0.995280545359203,8,-8,0.0,40.0,0.0,20.0,0.0,-15.0,0.0,0.0,0.0,0.005024881593172075
53,1377,325,16137,0,0,,2.5,33.8,45.0,133.0,36.0,20.6,38140,2820,35320,0.9260618772941793,9,-9,0.0,40.0,0.0,20.0,0.0,-15.0,0.0,0.0,0.0,0.004952234416854411
53,1377,582,16670,0,0,,2.5,33.8,45.0,133.0,26.0,20.6,38140,880,37260,0.9769271106449922,12,12,0.0,40.0,0.0,20.0,0.0,-15.0,0.0,0.0,0.0,0.0049232207114597365
53,1377,604,16735,0,0,,2.5,33.8,45.0,133.0,28.0,20.6,38140,2200,35940,0.9423177766124803,13,13,0.0,40.0,0.0,20.0,0.0,-15.0,0.0,0.0,0.0,0.0048134637557572316
53,1377,603,16722,0,0,,2.5,33.8,45.0,133.0,27.0,20.6,38140,240,37900,0.9937073938122706,13,13,0.0,40.0,0.0,20.0,0.0,-15.0,0.0,0.0,0.0,0.004695418034407614
53,1377,643,16755,0,0,,2.5,33.8,45.0,133.0,40.0,20.6,38140,1977,36163,0.948164656528579,13,13,0.0,40.0,0.0,20.0,0.0,-15.0,0.0,0.0,0.0,0.00447658009787405
53,1377,309,16098,0,0,,2.5,33.8,45.0,133.0,39.0,20.6,38140,4460,33680,0.8830624016780283,12,-12,0.0,40.0,0.0,20.0,0.0,-15.0,0.0,0.0,0.0,0.004448955413300901
53,1377,314,16108,0,0,,2.5,33.8,45.0,133.0,37.0,20.6,38140,598,37542,0.9843209229155742,12,-12,0.0,40.0,0.0,20.0,0.0,-15.0,0.0,0.0,0.0,0.004237165977047151
53,1377,313,16103,0,0,,2.5,33.8,45.0,133.0,38.0,20.6,38140,66,38074,0.9982695332983744,12,-12,0.0,40.0,0.0,20.0,0.0,-15.0,0.0,0.0,0.0,0.004177986043265679
53,1377,298,16058,0,0,,2.5,33.8,45.0,133.0,29.0,20.6,38140,320,37820,0.9916098584163607,14,-14,0.0,40.0,0.0,20.0,0.0,-15.0,0.0,0.0,0.0,0.0040901840011951145
53,1377,605,16748,0,0,,2.5,0.0,-20.86,133.0,42.0,54.4,38140,38860,720,0.018877818563188254,13,13,0.0,0.0,-40.0,0.0,12.24,0.0,0.0,0.0,6.9,0.0027927667836902758
54,1372,433,16324,1,1,top_clean_score_margin_weight_date,13.399999999999991,90.8,131.59,145.0,1.0,0.0,47620,47620,0,0.0,0,0,1.0,40.0,0.0,20.0,40.0,0.0,25.0,6.01,0.58,0.9881845847287406
54,1372,368,16197,0,1,,13.399999999999991,77.4,103.0,133.0,2.0,13.399999999999991,47620,47700,80,0.0016799664006719867,5,-5,0.0,40.0,0.0,20.0,40.0,0.0,3.0,0.0,0.0,0.7903383306411692
54,1372,423,16303,0,1,,13.399999999999991,57.8,83.79,145.0,3.0,33.0,47620,30608,17012,0.35724485510289794,0,0,1.0,40.0,0.0,20.0,0.0,-15.0,25.0,11.87,1.92,0.16306190001400836
54,1372,430,16318,0,1,,13.399999999999991,54.2,78.65,145.0,4.0,36.599999999999994,47620,660,46960,0.9861402771944561,0,0,1.0,40.0,0.0,20.0,0.0,-15.0,25.0,6.73,1.92,0.07156214941994979
54,1372,431,16318,0,1,,13.399999999999991,54.2,78.65,145.0,6.0,36.599999999999994,47620,620,47000,0.9869802603947921,0,0,1.0,40.0,0.0,20.0,0.0,-15.0,25.0,6.73,1.92,0.07075864672704925
54,1372,429,16318,0,1,,13.399999999999991,54.2,78.65,145.0,7.0,36.599999999999994,47620,720,46900,0.9848803023939521,0,0,1.0,40.0,0.0,20.0,0.0,-15.0,25.0,6.73,1.92,0.070475896515835
54,1372,432,16318,0,1,,13.399999999999991,54.2,78.65,145.0,5.0,36.599999999999994,47620,-300,47920,1.00629987400252,0,0,1.0,40.0,0.0,20.0,0.0,-15.0,25.0,6.73,1.92,0.07024832175851604
54,1372,450,16357,0,1,,13.399999999999991,45.1,60.0,133.0,8.0,45.699999999999996,47620,1942,45678,0.9592188156236875,1,1,0.0,40.0,0.0,20.0,0.0,-15.0,15.0,0.0,0.0,0.008078953237804994
54,1372,444,16357,0,1,,13.399999999999991,45.1,60.0,133.0,10.0,45.699999999999996,47620,2367,45253,0.9502939941201176,1,1,0.0,40.0,0.0,20.0,0.0,-15.0,15.0,0.0,0.0,0.00803661093178803
54,1372,447,16357,0,1,,13.399999999999991,45.1,60.0,133.0,9.0,45.699999999999996,47620,1629,45991,0.9657916841663167,1,1,0.0,40.0,0.0,20.0,0.0,-15.0,15.0,0.0,0.0,0.007996033790981768
54,1372,449,16357,0,1,,13.399999999999991,45.1,60.0,133.0,11.0,45.699999999999996,47620,1703,45917,0.9642377152456951,1,1,0.0,40.0,0.0,20.0,0.0,-15.0,15.0,0.0,0.0,0.007913371605998852
54,1372,473,16435,0,1,,13.399999999999991,39.9,53.08,133.0,12.0,50.9,47620,17760,29860,0.6270474590508189,3,3,0.0,40.0,0.0,20.0,0.0,-15.0,7.5,0.0,0.58,0.005150260638255149
54,1372,478,16449,0,1,,13.399999999999991,36.1,48.0,133.0,18.0,54.699999999999996,47620,38700,8920,0.1873162536749265,4,4,0.0,40.0,0.0,20.0,0.0,-15.0,3.0,0.0,0.0,0.004323378365549635
54,1372,337,16185,0,1,,13.399999999999991,36.5,48.58,133.0,17.0,54.3,47620,42600,5020,0.10541789164216715,6,-6,0.0,40.0,0.0,20.0,0.0,-15.0,3.0,0.0,0.58,0.004295337434254357
54,1372,485,16465,0,1,,13.399999999999991,0.0,-10.52,133.0,33.0,90.8,47620,47060,560,0.011759764804703907,4,4,0.0,0.0,-40.0,0.0,26.48,0.0,3.0,0.0,0.0,0.0034249570139424906
54,1372,549,16576,0,1,,13.399999999999991,36.0,47.82,133.0,21.0,54.8,47620,36900,10720,0.2251154976900462,9,9,0.0,40.0,0.0,20.0,0.0,-15.0,0.0,0.0,2.82,0.0032862582169440268
54,1372,500,16552,0,1,,13.399999999999991,33.8,45.0,133.0,30.0,57.0,47620,49780,2160,0.04535909281814364,8,8,0.0,40.0,0.0,20.0,0.0,-15.0,0.0,0.0,0.0,0.0030395519126311115
54,1372,487,16493,0,1,,13.399999999999991,36.1,48.0,133.0,19.0,54.699999999999996,47620,10872,36748,0.771692566148677,7,7,0.0,40.0,0.0,20.0,0.0,-15.0,3.0,0.0,0.0,0.0025964480797370758
54,1372,334,16161,0,1,,13.399999999999991,37.5,49.92,133.0,13.0,53.3,47620,800,46820,0.9832003359932802,6,-6,0.0,40.0,0.0,20.0,0.0,-15.0,3.0,0.0,1.92,0.0025885032945754407
54,1372,331,16161,0,1,,13.399999999999991,37.5,49.92,133.0,16.0,53.3,47620,1720,45900,0.9638807223855523,6,-6,0.0,40.0,0.0,20.0,0.0,-15.0,3.0,0.0,1.92,0.0025787644036677332
54,1372,333,16161,0,1,,13.399999999999991,37.5,49.92,133.0,14.0,53.3,47620,820,46800,0.9827803443931121,6,-6,0.0,40.0,0.0,20.0,0.0,-15.0,3.0,0.0,1.92,0.002574372256181649
54,1372,332,16161,0,1,,13.399999999999991,37.5,49.92,133.0,15.0,53.3,47620,1000,46620,0.9790004199916001,6,-6,0.0,40.0,0.0,20.0,0.0,-15.0,3.0,0.0,1.92,0.002566352414516396
54,1372,228,15979,0,1,,13.399999999999991,34.3,45.58,133.0,27.0,56.5,47620,34460,13160,0.27635447291054177,14,-14,0.0,40.0,0.0,20.0,0.0,-15.0,0.0,0.0,0.58,0.002055895533956368
54,1372,540,16553,0,1,,13.399999999999991,33.8,45.0,133.0,28.0,57.0,47620,19340,28280,0.5938681226375473,9,9,0.0,40.0,0.0,20.0,0.0,-15.0,0.0,0.0,0.0,0.0020273196981952656
54,1372,554,16594,0,1,,13.399999999999991,33.8,45.0,133.0,32.0,57.0,47620,22520,25100,0.5270894582108357,10,10,0.0,40.0,0.0,20.0,0.0,-15.0,0.0,0.0,0.0,0.0020111732943501703
54,1372,545,16573,0,1,,13.399999999999991,35.3,46.92,133.0,22.0,55.5,47620,860,46760,0.9819403611927762,9,9,0.0,40.0,0.0,20.0,0.0,-15.0,0.0,0.0,1.92,0.0018129767454194607
54,1372,547,16573,0,1,,13.399999999999991,35.3,46.92,133.0,24.0,55.5,47620,740,46880,0.9844603107937842,9,9,0.0,40.0,0.0,20.0,0.0,-15.0,0.0,0.0,1.92,0.0017890011654682553
54,1372,544,16573,0,1,,13.399999999999991,35.3,46.92,133.0,26.0,55.5,47620,1480,46140,0.9689206215875682,9,9,0.0,40.0,0.0,20.0,0.0,-15.0,0.0,0.0,1.92,0.0017878388805135745
54,1372,307,16073,0,1,,13.399999999999991,33.8,45.0,133.0,31.0,57.0,47620,21264,26356,0.553464930701386,11,-11,0.0,40.0,0.0,20.0,0.0,-15.0,0.0,0.0,0.0,0.001783521577599379
54,1372,546,16573,0,1,,13.399999999999991,35.3,46.92,133.0,25.0,55.5,47620,820,46800,0.9827803443931121,9,9,0.0,40.0,0.0,20.0,0.0,-15.0,0.0,0.0,1.92,0.0017807995296292697
54,1372,548,16573,0,1,,13.399999999999991,35.3,46.92,133.0,23.0,55.5,47620,-1404,49024,1.0294834103317934,9,9,0.0,40.0,0.0,20.0,0.0,-15.0,0.0,0.0,1.92,0.0017434412160255216
54,1372,535,16539,0,1,,13.399999999999991,33.8,45.0,133.0,29.0,57.0,47620,6460,41160,0.8643427131457371,8,8,0.0,40.0,0.0,20.0,0.0,-15.0,0.0,0.0,0.0,0.0017212235360668893
54,1372,550,16576,0,1,,13.399999999999991,36.0,45.0,125.0,20.0,54.8,47620,0,47620,1.0,9,9,0.0,40.0,0.0,20.0,0.0,-15.0,0.0,0.0,0.0,0.0013545752932563044
55,1369,388,16257,1,1,top_clean_score_margin_weight_date,38.00000000000001,90.4,131.03,145.0,1.0,0.0,27380,27380,0,0.0,0,0,1.0,40.0,0.0,20.0,40.0,0.0,25.0,6.03,0.0,0.9899882243862117
55,1369,387,16256,0,1,,38.00000000000001,52.4,76.04,145.0,2.0,38.00000000000001,27380,23680,3700,0.13513513513513514,0,0,1.0,40.0,0.0,20.0,0.0,-15.0,25.0,6.04,0.0,0.12986509626850312
55,1369,304,16088,0,1,,38.00000000000001,36.1,48.0,133.0,3.0,54.300000000000004,27380,25760,1620,0.0591672753834916,7,-7,0.0,40.0,0.0,20.0,0.0,-15.0,3.0,0.0,0.0,0.00553244643548596
55,1369,472,16434,0,1,,38.00000000000001,36.1,48.0,133.0,4.0,54.300000000000004,27380,35920,8540,0.3119065010956903,7,7,0.0,40.0,0.0,20.0,0.0,-15.0,3.0,0.0,0.0,0.005125891122623898
55,1369,499,16551,0,1,,38.00000000000001,33.8,45.0,133.0,7.0,56.60000000000001,27380,30460,3080,0.11249086924762601,12,12,0.0,40.0,0.0,20.0,0.0,-15.0,0.0,0.0,0.0,0.0036567037948267403
55,1369,225,15884,0,1,,38.00000000000001,33.8,45.0,133.0,6.0,56.60000000000001,27380,38520,11140,0.40686632578524473,13,-13,0.0,40.0,0.0,20.0,0.0,-15.0,0.0,0.0,0.0,0.002836266412940893
55,1369,224,15883,0,1,,38.00000000000001,33.8,45.0,133.0,5.0,56.60000000000001,27380,39680,12300,0.44923301680058436,13,-13,0.0,40.0,0.0,20.0,0.0,-15.0,0.0,0.0,0.0,0.002796214886873418
56,1368,387,16256,1,1,top_clean_score_margin_weight_date,38.00000000000001,90.4,131.03,145.0,1.0,0.0,23680,23680,0,0.0,0,0,1.0,40.0,0.0,20.0,40.0,0.0,25.0,6.03,0.0,0.9903265227899424
56,1368,388,16257,0,1,,38.00000000000001,52.4,76.02,145.0,2.0,38.00000000000001,23680,27380,3700,0.15625,0,0,1.0,40.0,0.0,20.0,0.0,-15.0,25.0,6.02,0.0,0.13337738323868517
56,1368,304,16088,0,1,,38.00000000000001,36.1,48.0,133.0,3.0,54.300000000000004,23680,25760,2080,0.08783783783783784,7,-7,0.0,40.0,0.0,20.0,0.0,-15.0,3.0,0.0,0.0,0.005671882342222069
56,1368,472,16434,0,1,,38.00000000000001,36.1,48.0,133.0,4.0,54.300000000000004,23680,35920,12240,0.5168918918918919,7,7,0.0,40.0,0.0,20.0,0.0,-15.0,3.0,0.0,0.0,0.004917809211123417
56,1368,460,16387,0,1,,38.00000000000001,0.0,-12.34,133.0,9.0,90.4,23680,23980,300,0.01266891891891892,6,6,0.0,0.0,-40.0,0.0,24.66,0.0,3.0,0.0,0.0,0.004109036444903379
56,1368,499,16551,0,1,,38.00000000000001,33.8,45.0,133.0,7.0,56.60000000000001,23680,30460,6780,0.28631756756756754,12,12,0.0,40.0,0.0,20.0,0.0,-15.0,0.0,0.0,0.0,0.0035274863448347123
56,1368,225,15884,0,1,,38.00000000000001,33.8,45.0,133.0,6.0,56.60000000000001,23680,38520,14840,0.6266891891891891,13,-13,0.0,40.0,0.0,20.0,0.0,-15.0,0.0,0.0,0.0,0.0027137217170599727
56,1368,224,15883,0,1,,38.00000000000001,33.8,45.0,133.0,5.0,56.60000000000001,23680,39680,16000,0.6756756756756757,13,-13,0.0,40.0,0.0,20.0,0.0,-15.0,0.0,0.0,0.0,0.002672255047707935
56,1368,371,16203,0,1,,38.00000000000001,0.0,-18.92,133.0,8.0,90.4,23680,23160,520,0.02195945945945946,1,-1,0.0,0.0,-40.0,0.0,6.08,0.0,15.0,0.0,0.0,0.0021059640982110835
57,1360,337,16185,1,1,top_clean_score_margin_weight_date,34.699999999999996,90.8,131.6,145.0,1.0,0.0,42600,42600,0,0.0,0,0,1.0,40.0,0.0,20.0,40.0,0.0,25.0,6.02,0.58,0.9887281289227227
57,1360,331,16161,0,1,,34.699999999999996,56.1,81.39,145.0,3.0,34.699999999999996,42600,1720,40880,0.9596244131455399,0,0,1.0,40.0,0.0,20.0,0.0,-15.0,25.0,9.47,1.92,0.10122642242264655
57,1360,334,16161,0,1,,34.699999999999996,56.1,81.39,145.0,2.0,34.699999999999996,42600,800,41800,0.9812206572769953,0,0,1.0,40.0,0.0,20.0,0.0,-15.0,25.0,9.47,1.92,0.1004835082795901
57,1360,332,16161,0,1,,34.699999999999996,56.1,81.39,145.0,4.0,34.699999999999996,42600,1000,41600,0.9765258215962441,0,0,1.0,40.0,0.0,20.0,0.0,-15.0,25.0,9.47,1.92,0.09971527941336844
57,1360,333,16161,0,1,,34.699999999999996,56.1,81.39,145.0,5.0,34.699999999999996,42600,820,41780,0.9807511737089202,0,0,1.0,40.0,0.0,20.0,0.0,-15.0,25.0,9.47,1.92,0.09895323236352066
57,1360,368,16197,0,1,,34.699999999999996,45.1,60.0,133.0,6.0,45.699999999999996,42600,47700,5100,0.11971830985915492,1,1,0.0,40.0,0.0,20.0,0.0,-15.0,15.0,0.0,0.0,0.015455409786153711
57,1360,433,16324,0,1,,34.699999999999996,36.5,48.58,133.0,12.0,54.3,42600,47620,5020,0.11784037558685447,6,6,0.0,40.0,0.0,20.0,0.0,-15.0,3.0,0.0,0.58,0.004822698260544172
57,1360,423,16303,0,1,,34.699999999999996,37.5,49.92,133.0,11.0,53.3,42600,30608,11992,0.28150234741784036,6,6,0.0,40.0,0.0,20.0,0.0,-15.0,3.0,0.0,1.92,0.004746458397576481
57,1360,307,16073,0,1,,34.699999999999996,36.1,48.0,133.0,14.0,54.699999999999996,42600,21264,21336,0.5008450704225352,5,-5,0.0,40.0,0.0,20.0,0.0,-15.0,3.0,0.0,0.0,0.003583077788158982
57,1360,250,16024,0,1,,34.699999999999996,0.0,-10.47,133.0,26.0,90.8,42600,43100,500,0.011737089201877934,7,-7,0.0,0.0,-40.0,0.0,26.53,0.0,3.0,0.0,0.0,0.0032531480532141874
57,1360,478,16449,0,1,,34.699999999999996,33.8,45.0,133.0,20.0,57.0,42600,38700,3900,0.09154929577464789,10,10,0.0,40.0,0.0,20.0,0.0,-15.0,0.0,0.0,0.0,0.00308066121601471
57,1360,228,15979,0,1,,34.699999999999996,34.3,45.58,133.0,18.0,56.5,42600,34460,8140,0.19107981220657277,8,-8,0.0,40.0,0.0,20.0,0.0,-15.0,0.0,0.0,0.58,0.003069116925368935
57,1360,431,16318,0,1,,34.699999999999996,37.5,49.92,133.0,8.0,53.3,42600,620,41980,0.9854460093896713,6,6,0.0,40.0,0.0,20.0,0.0,-15.0,3.0,0.0,1.92,0.0030675707094963063
57,1360,430,16318,0,1,,34.699999999999996,37.5,49.92,133.0,9.0,53.3,42600,660,41940,0.9845070422535211,6,6,0.0,40.0,0.0,20.0,0.0,-15.0,3.0,0.0,1.92,0.0030517833765547433
57,1360,432,16318,0,1,,34.699999999999996,37.5,49.92,133.0,7.0,53.3,42600,-300,42900,1.0070422535211268,6,6,0.0,40.0,0.0,20.0,0.0,-15.0,3.0,0.0,1.92,0.00304261862781455
57,1360,429,16318,0,1,,34.699999999999996,37.5,49.92,133.0,10.0,53.3,42600,720,41880,0.9830985915492958,6,6,0.0,40.0,0.0,20.0,0.0,-15.0,3.0,0.0,1.92,0.003036996806217318
57,1360,447,16357,0,1,,34.699999999999996,36.1,48.0,133.0,13.0,54.699999999999996,42600,1629,40971,0.9617605633802817,7,7,0.0,40.0,0.0,20.0,0.0,-15.0,3.0,0.0,0.0,0.0026002540872066228
57,1360,449,16357,0,1,,34.699999999999996,36.1,48.0,133.0,15.0,54.699999999999996,42600,1703,40897,0.9600234741784037,7,7,0.0,40.0,0.0,20.0,0.0,-15.0,3.0,0.0,0.0,0.002573311858632392
57,1360,444,16357,0,1,,34.699999999999996,36.1,48.0,133.0,17.0,54.699999999999996,42600,2367,40233,0.9444366197183098,7,7,0.0,40.0,0.0,20.0,0.0,-15.0,3.0,0.0,0.0,0.0025695165947921764
57,1360,450,16357,0,1,,34.699999999999996,36.1,48.0,133.0,16.0,54.699999999999996,42600,1942,40658,0.9544131455399061,7,7,0.0,40.0,0.0,20.0,0.0,-15.0,3.0,0.0,0.0,0.0025677926136246296
57,1360,473,16435,0,1,,34.699999999999996,34.3,45.58,133.0,19.0,56.5,42600,17760,24840,0.5830985915492958,9,9,0.0,40.0,0.0,20.0,0.0,-15.0,0.0,0.0,0.58,0.002425219937476343
57,1360,169,15803,0,1,,34.699999999999996,33.8,45.0,133.0,21.0,57.0,42600,25020,17580,0.4126760563380282,12,-12,0.0,40.0,0.0,20.0,0.0,-15.0,0.0,0.0,0.0,0.0021515459485529245
57,1360,487,16493,0,1,,34.699999999999996,33.8,45.0,133.0,25.0,57.0,42600,10872,31728,0.7447887323943662,13,13,0.0,40.0,0.0,20.0,0.0,-15.0,0.0,0.0,0.0,0.0017850231274897052
57,1360,181,15836,0,1,,34.699999999999996,33.8,45.0,133.0,22.0,57.0,42600,720,41880,0.9830985915492958,12,-12,0.0,40.0,0.0,20.0,0.0,-15.0,0.0,0.0,0.0,0.0014798409501902087
57,1360,183,15836,0,1,,34.699999999999996,33.8,45.0,133.0,23.0,57.0,42600,680,41920,0.984037558685446,12,-12,0.0,40.0,0.0,20.0,0.0,-15.0,0.0,0.0,0.0,0.0014704274065378796
57,1360,182,15836,0,1,,34.699999999999996,33.8,45.0,133.0,24.0,57.0,42600,700,41900,0.9835680751173709,12,-12,0.0,40.0,0.0,20.0,0.0,-15.0,0.0,0.0,0.0,0.0014624040267197194
58,1361,326,16149,0,0,,0.8999999999999986,51.8,75.07,145.0,1.0,0.0,39200,1020,38180,0.9739795918367347,0,0,1.0,40.0,0.0,20.0,0.0,-15.0,25.0,5.07,0.0,0.1814176591766557
58,1361,329,16155,0,0,,0.8999999999999986,50.9,73.84,145.0,2.0,0.8999999999999986,39200,4356,34844,0.8888775510204082,0,0,1.0,40.0,0.0,20.0,0.0,-15.0,25.0,3.84,0.0,0.17113224663576482
58,1361,330,16156,0,0,,0.8999999999999986,50.7,73.49,145.0,3.0,1.0999999999999943,39200,180,39020,0.9954081632653061,0,0,1.0,40.0,0.0,20.0,0.0,-15.0,25.0,3.49,0.0,0.15729204261669613
58,1361,336,16177,0,0,,0.8999999999999986,48.4,70.25,145.0,4.0,3.3999999999999986,39200,1520,37680,0.9612244897959183,0,0,1.0,40.0,0.0,20.0,0.0,-15.0,25.0,0.25,0.0,0.12264717182913693
58,1361,338,16189,0,0,,0.8999999999999986,48.3,70.0,145.0,5.0,3.5,39200,280,38920,0.9928571428571429,0,0,1.0,40.0,0.0,20.0,0.0,-15.0,25.0,0.0,0.0,0.11796704956669724
58,1361,325,16137,0,0,,0.8999999999999986,45.1,60.0,133.0,6.0,6.699999999999996,39200,2820,36380,0.9280612244897959,1,-1,0.0,40.0,0.0,20.0,0.0,-15.0,15.0,0.0,0.0,0.029553948841397303
58,1361,369,16197,0,0,,0.8999999999999986,45.1,60.0,133.0,7.0,6.699999999999996,39200,2500,36700,0.9362244897959183,1,1,0.0,40.0,0.0,20.0,0.0,-15.0,15.0,0.0,0.0,0.029443241828866894
58,1361,379,16238,0,0,,0.8999999999999986,39.5,52.5,133.0,10.0,12.299999999999997,39200,1440,37760,0.963265306122449,2,2,0.0,40.0,0.0,20.0,0.0,-15.0,7.5,0.0,0.0,0.014833847653803712
58,1361,377,16229,0,0,,0.8999999999999986,39.5,52.5,133.0,9.0,12.299999999999997,39200,520,38680,0.986734693877551,2,2,0.0,40.0,0.0,20.0,0.0,-15.0,7.5,0.0,0.0,0.014709768278458046
58,1361,422,16288,0,0,,0.8999999999999986,39.5,52.5,133.0,8.0,12.299999999999997,39200,50,39150,0.9987244897959183,3,3,0.0,40.0,0.0,20.0,0.0,-15.0,7.5,0.0,0.0,0.014234670105200877
58,1361,389,16263,0,0,,0.8999999999999986,39.5,52.5,133.0,11.0,12.299999999999997,39200,150,39050,0.9961734693877551,3,3,0.0,40.0,0.0,20.0,0.0,-15.0,7.5,0.0,0.0,0.014014732368545077
58,1361,421,16288,0,0,,0.8999999999999986,39.5,52.5,133.0,12.0,12.299999999999997,39200,100,39100,0.9974489795918368,3,3,0.0,40.0,0.0,20.0,0.0,-15.0,7.5,0.0,0.0,0.01392435946504548
58,1361,306,16073,0,0,,0.8999999999999986,36.1,48.0,133.0,17.0,15.699999999999996,39200,14176,25024,0.6383673469387755,5,-5,0.0,40.0,0.0,20.0,0.0,-15.0,3.0,0.0,0.0,0.010443582169130083
58,1361,309,16098,0,0,,0.8999999999999986,36.1,48.0,133.0,16.0,15.699999999999996,39200,4460,34740,0.8862244897959184,4,-4,0.0,40.0,0.0,20.0,0.0,-15.0,3.0,0.0,0.0,0.009397015442562663
58,1361,314,16108,0,0,,0.8999999999999986,36.1,48.0,133.0,15.0,15.699999999999996,39200,598,38602,0.9847448979591836,4,-4,0.0,40.0,0.0,20.0,0.0,-15.0,3.0,0.0,0.0,0.008904931853755602
58,1361,427,16316,0,0,,0.8999999999999986,36.1,48.0,133.0,13.0,15.699999999999996,39200,280,38920,0.9928571428571429,6,6,0.0,40.0,0.0,20.0,0.0,-15.0,3.0,0.0,0.0,0.008649347320370258
58,1361,313,16103,0,0,,0.8999999999999986,36.1,48.0,133.0,20.0,15.699999999999996,39200,66,39134,0.9983163265306122,4,-4,0.0,40.0,0.0,20.0,0.0,-15.0,3.0,0.0,0.0,0.008582623279884767
58,1361,426,16307,0,0,,0.8999999999999986,36.1,48.0,133.0,14.0,15.699999999999996,39200,140,39060,0.9964285714285714,6,6,0.0,40.0,0.0,20.0,0.0,-15.0,3.0,0.0,0.0,0.008581353886175888
58,1361,439,16347,0,0,,0.8999999999999986,36.1,48.0,133.0,22.0,15.699999999999996,39200,4426,34774,0.8870918367346938,7,7,0.0,40.0,0.0,20.0,0.0,-15.0,3.0,0.0,0.0,0.008484978731130811
58,1361,437,16347,0,0,,0.8999999999999986,36.1,48.0,133.0,23.0,15.699999999999996,39200,2216,36984,0.943469387755102,7,7,0.0,40.0,0.0,20.0,0.0,-15.0,3.0,0.0,0.0,0.008153728997757088
58,1361,298,16058,0,0,,0.8999999999999986,36.1,48.0,133.0,18.0,15.699999999999996,39200,320,38880,0.9918367346938776,6,-6,0.0,40.0,0.0,20.0,0.0,-15.0,3.0,0.0,0.0,0.008072085061459103
58,1361,442,16354,0,0,,0.8999999999999986,36.1,48.0,133.0,21.0,15.699999999999996,39200,140,39060,0.9964285714285714,7,7,0.0,40.0,0.0,20.0,0.0,-15.0,3.0,0.0,0.0,0.007987841459927064
58,1361,249,15994,0,0,,0.8999999999999986,36.1,48.0,133.0,19.0,15.699999999999996,39200,860,38340,0.9780612244897959,7,-7,0.0,40.0,0.0,20.0,0.0,-15.0,3.0,0.0,0.0,0.0077883841020603825
58,1361,478,16449,0,0,,0.8999999999999986,0.0,-15.51,133.0,55.0,51.8,39200,38700,500,0.012755102040816327,10,10,0.0,0.0,-40.0,0.0,24.49,0.0,0.0,0.0,0.0,0.006321421780535289
58,1361,458,16379,0,0,,0.8999999999999986,33.8,45.0,133.0,25.0,18.0,39200,4260,34940,0.8913265306122449,8,8,0.0,40.0,0.0,20.0,0.0,-15.0,0.0,0.0,0.0,0.0062435607215771466
58,1361,224,15883,0,0,,0.8999999999999986,0.0,-14.49,133.0,53.0,51.8,39200,39680,480,0.012244897959183673,11,-11,0.0,0.0,-40.0,0.0,25.51,0.0,0.0,0.0,0.0,0.006184806065982241
58,1361,457,16376,0,0,,0.8999999999999986,33.8,45.0,133.0,27.0,18.0,39200,940,38260,0.9760204081632653,8,8,0.0,40.0,0.0,20.0,0.0,-15.0,0.0,0.0,0.0,0.005863399961162139
58,1361,456,16365,0,0,,0.8999999999999986,33.8,45.0,133.0,28.0,18.0,39200,897,38303,0.9771173469387755,8,8,0.0,40.0,0.0,20.0,0.0,-15.0,0.0,0.0,0.0,0.005825910293320383
58,1361,470,16393,0,0,,0.8999999999999986,33.8,45.0,133.0,26.0,18.0,39200,2123,37077,0.9458418367346939,9,9,0.0,40.0,0.0,20.0,0.0,-15.0,0.0,0.0,0.0,0.005819243781138264
58,1361,461,16393,0,0,,0.8999999999999986,33.8,45.0,133.0,24.0,18.0,39200,169,39031,0.9956887755102041,9,9,0.0,40.0,0.0,20.0,0.0,-15.0,0.0,0.0,0.0,0.00571134363102842
58,1361,465,16393,0,0,,0.8999999999999986,33.8,45.0,133.0,30.0,18.0,39200,1082,38118,0.9723979591836734,9,9,0.0,40.0,0.0,20.0,0.0,-15.0,0.0,0.0,0.0,0.005596103788354585
58,1361,235,15935,0,0,,0.8999999999999986,33.8,45.0,133.0,51.0,18.0,39200,10240,28960,0.7387755102040816,8,-8,0.0,40.0,0.0,20.0,0.0,-15.0,0.0,0.0,0.0,0.005582919376576001
58,1361,484,16463,0,0,,0.8999999999999986,33.8,45.0,133.0,29.0,18.0,39200,280,38920,0.9928571428571429,10,10,0.0,40.0,0.0,20.0,0.0,-15.0,0.0,0.0,0.0,0.005386010023220437
58,1361,236,15937,0,0,,0.8999999999999986,33.8,45.0,133.0,33.0,18.0,39200,320,38880,0.9918367346938776,8,-8,0.0,40.0,0.0,20.0,0.0,-15.0,0.0,0.0,0.0,0.005311083195140197
58,1361,229,15921,0,0,,0.8999999999999986,33.8,45.0,133.0,50.0,18.0,39200,4200,35000,0.8928571428571429,8,-8,0.0,40.0,0.0,20.0,0.0,-15.0,0.0,0.0,0.0,0.005114217951751841
58,1361,226,15911,0,0,,0.8999999999999986,33.8,45.0,133.0,49.0,18.0,39200,340,38860,0.9913265306122448,8,-8,0.0,40.0,0.0,20.0,0.0,-15.0,0.0,0.0,0.0,0.004845460112222365
58,1361,33,15677,0,0,,0.8999999999999986,33.8,45.0,133.0,31.0,18.0,39200,6500,32700,0.8341836734693877,14,-14,0.0,40.0,0.0,20.0,0.0,-15.0,0.0,0.0,0.0,0.004692774161241553
58,1361,36,15713,0,0,,0.8999999999999986,33.8,45.0,133.0,34.0,18.0,39200,6100,33100,0.8443877551020408,14,-14,0.0,40.0,0.0,20.0,0.0,-15.0,0.0,0.0,0.0,0.00458395448948441
58,1361,155,15778,0,0,,0.8999999999999986,33.8,45.0,133.0,44.0,18.0,39200,6280,32920,0.8397959183673469,13,-13,0.0,40.0,0.0,20.0,0.0,-15.0,0.0,0.0,0.0,0.004509935944121637
58,1361,186,15865,0,0,,0.8999999999999986,33.8,45.0,133.0,46.0,18.0,39200,960,38240,0.9755102040816327,11,-11,0.0,40.0,0.0,20.0,0.0,-15.0,0.0,0.0,0.0,0.004434471419193651
58,1361,187,15865,0,0,,0.8999999999999986,33.8,45.0,133.0,47.0,18.0,39200,540,38660,0.9862244897959184,11,-11,0.0,40.0,0.0,20.0,0.0,-15.0,0.0,0.0,0.0,0.004380430614446056
58,1361,89,15734,0,0,,0.8999999999999986,33.8,45.0,133.0,36.0,18.0,39200,852,38348,0.978265306122449,13,-13,0.0,40.0,0.0,20.0,0.0,-15.0,0.0,0.0,0.0,0.004341825608371097
58,1361,194,15874,0,0,,0.8999999999999986,33.8,45.0,133.0,48.0,18.0,39200,26,39174,0.9993367346938775,11,-11,0.0,40.0,0.0,20.0,0.0,-15.0,0.0,0.0,0.0,0.004320751274385411
58,1361,493,16499,0,0,,0.8999999999999986,33.8,45.0,133.0,52.0,18.0,39200,340,38860,0.9913265306122448,13,13,0.0,40.0,0.0,20.0,0.0,-15.0,0.0,0.0,0.0,0.004295031790282995
58,1361,91,15734,0,0,,0.8999999999999986,33.8,45.0,133.0,37.0,18.0,39200,462,38738,0.9882142857142857,13,-13,0.0,40.0,0.0,20.0,0.0,-15.0,0.0,0.0,0.0,0.004290902047163008
58,1361,92,15734,0,0,,0.8999999999999986,33.8,45.0,133.0,38.0,18.0,39200,551,38649,0.9859438775510204,13,-13,0.0,40.0,0.0,20.0,0.0,-15.0,0.0,0.0,0.0,0.004272148078988012
58,1361,168,15802,0,0,,0.8999999999999986,33.8,45.0,133.0,45.0,18.0,39200,640,38560,0.9836734693877551,12,-12,0.0,40.0,0.0,20.0,0.0,-15.0,0.0,0.0,0.0,0.004270366355601608
58,1361,93,15734,0,0,,0.8999999999999986,33.8,45.0,133.0,39.0,18.0,39200,847,38353,0.9783928571428572,13,-13,0.0,40.0,0.0,20.0,0.0,-15.0,0.0,0.0,0.0,0.004267133459489482
58,1361,105,15734,0,0,,0.8999999999999986,33.8,45.0,133.0,41.0,18.0,39200,1505,37695,0.9616071428571429,13,-13,0.0,40.0,0.0,20.0,0.0,-15.0,0.0,0.0,0.0,0.004261475415179455
58,1361,35,15703,0,0,,0.8999999999999986,33.8,45.0,133.0,32.0,18.0,39200,400,38800,0.9897959183673469,14,-14,0.0,40.0,0.0,20.0,0.0,-15.0,0.0,0.0,0.0,0.004245310884312403
58,1361,103,15734,0,0,,0.8999999999999986,33.8,45.0,133.0,40.0,18.0,39200,678,38522,0.9827040816326531,13,-13,0.0,40.0,0.0,20.0,0.0,-15.0,0.0,0.0,0.0,0.0042315409963024795
58,1361,140,15755,0,0,,0.8999999999999986,33.8,45.0,133.0,42.0,18.0,39200,800,38400,0.9795918367346939,13,-13,0.0,40.0,0.0,20.0,0.0,-15.0,0.0,0.0,0.0,0.004190993697058376
58,1361,37,15718,0,0,,0.8999999999999986,33.8,45.0,133.0,35.0,18.0,39200,280,38920,0.9928571428571429,14,-14,0.0,40.0,0.0,20.0,0.0,-15.0,0.0,0.0,0.0,0.0041648471954374815
58,1361,153,15766,0,0,,0.8999999999999986,33.8,45.0,133.0,43.0,18.0,39200,120,39080,0.996938775510204,13,-13,0.0,40.0,0.0,20.0,0.0,-15.0,0.0,0.0,0.0,0.004123269211350708
58,1361,225,15884,0,0,,0.8999999999999986,0.0,-24.69,133.0,54.0,51.8,39200,38520,680,0.017346938775510204,11,-11,0.0,0.0,-40.0,0.0,15.31,0.0,0.0,0.0,0.0,0.0029445833283837713
59,1353,308,16089,0,0,,15.799999999999997,55.3,80.15,145.0,1.0,0.0,54200,22440,31760,0.5859778597785977,0,0,1.0,40.0,0.0,20.0,0.0,-15.0,25.0,10.15,0.0,0.24269324829193595
59,1353,250,16024,0,0,,15.799999999999997,39.5,52.5,133.0,3.0,15.799999999999997,54200,43100,11100,0.2047970479704797,3,-3,0.0,40.0,0.0,20.0,0.0,-15.0,7.5,0.0,0.0,0.01761577476370251
59,1353,294,16050,0,0,,15.799999999999997,39.5,52.5,133.0,2.0,15.799999999999997,54200,15280,38920,0.7180811808118082,2,-2,0.0,40.0,0.0,20.0,0.0,-15.0,7.5,0.0,0.0,0.012438163525877325
59,1353,397,16272,0,0,,15.799999999999997,36.1,48.0,133.0,4.0,19.199999999999996,54200,36680,17520,0.32324723247232473,7,7,0.0,40.0,0.0,20.0,0.0,-15.0,3.0,0.0,0.0,0.009869647824090673
59,1353,371,16203,0,0,,15.799999999999997,36.1,48.0,133.0,7.0,19.199999999999996,54200,23160,31040,0.5726937269372694,5,5,0.0,40.0,0.0,20.0,0.0,-15.0,3.0,0.0,0.0,0.008531297839704612
59,1353,238,15945,0,0,,15.799999999999997,36.1,48.0,133.0,10.0,19.199999999999996,54200,18440,35760,0.6597785977859778,4,-4,0.0,40.0,0.0,20.0,0.0,-15.0,3.0,0.0,0.0,0.007875712713124365
59,1353,335,16170,0,0,,15.799999999999997,36.1,48.0,133.0,8.0,19.199999999999996,54200,11860,42340,0.781180811808118,4,4,0.0,40.0,0.0,20.0,0.0,-15.0,3.0,0.0,0.0,0.007457868879980208
59,1353,396,16394,0,0,,15.799999999999997,36.1,48.0,133.0,5.0,19.199999999999996,54200,14660,39540,0.729520295202952,7,7,0.0,40.0,0.0,20.0,0.0,-15.0,3.0,0.0,0.0,0.007181941288744431
59,1353,386,16255,0,0,,15.799999999999997,36.1,48.0,133.0,6.0,19.199999999999996,54200,10720,43480,0.8022140221402214,6,6,0.0,40.0,0.0,20.0,0.0,-15.0,3.0,0.0,0.0,0.006968897297371549
59,1353,184,15847,0,0,,15.799999999999997,36.1,48.0,133.0,11.0,19.199999999999996,54200,17860,36340,0.670479704797048,7,-7,0.0,40.0,0.0,20.0,0.0,-15.0,3.0,0.0,0.0,0.006921481414969229
59,1353,328,16155,0,0,,15.799999999999997,36.1,48.0,133.0,9.0,19.199999999999996,54200,1083,53117,0.9800184501845018,4,4,0.0,40.0,0.0,20.0,0.0,-15.0,3.0,0.0,0.0,0.006363057949149377
59,1353,146,15759,0,0,,15.799999999999997,33.8,45.0,133.0,18.0,21.5,54200,28260,25940,0.4785977859778598,9,-9,0.0,40.0,0.0,20.0,0.0,-15.0,0.0,0.0,0.0,0.005526716079325798
59,1353,179,15833,0,0,,15.799999999999997,33.8,45.0,133.0,16.0,21.5,54200,20800,33400,0.6162361623616236,8,-8,0.0,40.0,0.0,20.0,0.0,-15.0,0.0,0.0,0.0,0.005225168871903269
59,1353,34,15696,0,0,,15.799999999999997,33.8,45.0,133.0,13.0,21.5,54200,24780,29420,0.5428044280442804,10,-10,0.0,40.0,0.0,20.0,0.0,-15.0,0.0,0.0,0.0,0.005209041677301372
59,1353,441,16352,0,0,,15.799999999999997,33.8,45.0,133.0,14.0,21.5,54200,13460,40740,0.7516605166051661,11,11,0.0,40.0,0.0,20.0,0.0,-15.0,0.0,0.0,0.0,0.0045747563563688295
59,1353,167,15789,0,0,,15.799999999999997,33.8,45.0,133.0,17.0,21.5,54200,8180,46020,0.8490774907749078,8,-8,0.0,40.0,0.0,20.0,0.0,-15.0,0.0,0.0,0.0,0.004341251553468342
59,1353,10,15574,0,0,,15.799999999999997,33.8,45.0,133.0,12.0,21.5,54200,17040,37160,0.6856088560885609,14,-14,0.0,40.0,0.0,20.0,0.0,-15.0,0.0,0.0,0.0,0.004022855271682267
59,1353,425,16305,0,0,,15.799999999999997,33.8,45.0,133.0,15.0,21.5,54200,2100,52100,0.9612546125461254,10,10,0.0,40.0,0.0,20.0,0.0,-15.0,0.0,0.0,0.0,0.003993728536308185
59,1353,471,16456,0,0,,15.799999999999997,33.8,45.0,133.0,30.0,21.5,54200,11020,43180,0.7966789667896679,13,13,0.0,40.0,0.0,20.0,0.0,-15.0,0.0,0.0,0.0,0.0037823988964936035
59,1353,54,15723,0,0,,15.799999999999997,33.8,45.0,133.0,19.0,21.5,54200,286,53914,0.9947232472324723,10,-10,0.0,40.0,0.0,20.0,0.0,-15.0,0.0,0.0,0.0,0.0035507850385567957
59,1353,53,15723,0,0,,15.799999999999997,33.8,45.0,133.0,20.0,21.5,54200,338,53862,0.9937638376383764,10,-10,0.0,40.0,0.0,20.0,0.0,-15.0,0.0,0.0,0.0,0.0035329977251916268
59,1353,52,15723,0,0,,15.799999999999997,33.8,45.0,133.0,21.0,21.5,54200,368,53832,0.993210332103321,10,-10,0.0,40.0,0.0,20.0,0.0,-15.0,0.0,0.0,0.0,0.0035141975718926397
59,1353,51,15723,0,0,,15.799999999999997,33.8,45.0,133.0,22.0,21.5,54200,403,53797,0.9925645756457565,10,-10,0.0,40.0,0.0,20.0,0.0,-15.0,0.0,0.0,0.0,0.0034957461216040217
59,1353,50,15723,0,0,,15.799999999999997,33.8,45.0,133.0,23.0,21.5,54200,526,53674,0.9902952029520296,10,-10,0.0,40.0,0.0,20.0,0.0,-15.0,0.0,0.0,0.0,0.0034817537837182016
59,1353,49,15723,0,0,,15.799999999999997,33.8,45.0,133.0,24.0,21.5,54200,597,53603,0.9889852398523985,10,-10,0.0,40.0,0.0,20.0,0.0,-15.0,0.0,0.0,0.0,0.003465249001804124
59,1353,48,15723,0,0,,15.799999999999997,33.8,45.0,133.0,25.0,21.5,54200,603,53597,0.9888745387453874,10,-10,0.0,40.0,0.0,20.0,0.0,-15.0,0.0,0.0,0.0,0.0034456296863215855
59,1353,47,15723,0,0,,15.799999999999997,33.8,45.0,133.0,26.0,21.5,54200,613,53587,0.988690036900369,10,-10,0.0,40.0,0.0,20.0,0.0,-15.0,0.0,0.0,0.0,0.003426316336806479
59,1353,46,15723,0,0,,15.799999999999997,33.8,45.0,133.0,27.0,21.5,54200,673,53527,0.9875830258302583,10,-10,0.0,40.0,0.0,20.0,0.0,-15.0,0.0,0.0,0.0,0.003409539024369959
59,1353,45,15723,0,0,,15.799999999999997,33.8,45.0,133.0,28.0,21.5,54200,691,53509,0.9872509225092251,10,-10,0.0,40.0,0.0,20.0,0.0,-15.0,0.0,0.0,0.0,0.003390813774227251
59,1353,44,15723,0,0,,15.799999999999997,33.8,45.0,133.0,29.0,21.5,54200,1008,53192,0.9814022140221402,10,-10,0.0,40.0,0.0,20.0,0.0,-15.0,0.0,0.0,0.0,0.003386588493091947
60,1352,308,16089,0,0,,15.700000000000003,55.2,80.1,145.0,1.0,0.0,41080,22440,18640,0.4537487828627069,0,0,1.0,40.0,0.0,20.0,0.0,-15.0,25.0,10.1,0.0,0.29896576436164085
60,1352,250,16024,0,0,,15.700000000000003,39.5,52.5,133.0,3.0,15.700000000000003,41080,43100,2020,0.049172346640701074,3,-3,0.0,40.0,0.0,20.0,0.0,-15.0,7.5,0.0,0.0,0.022598189238309977
60,1352,294,16050,0,0,,15.700000000000003,39.5,52.5,133.0,2.0,15.700000000000003,41080,15280,25800,0.6280428432327166,2,-2,0.0,40.0,0.0,20.0,0.0,-15.0,7.5,0.0,0.0,0.016496845972996693
60,1352,397,16272,0,0,,15.700000000000003,36.1,48.0,133.0,4.0,19.1,41080,36680,4400,0.10710808179162609,7,7,0.0,40.0,0.0,20.0,0.0,-15.0,3.0,0.0,0.0,0.013394617174862601
60,1352,371,16203,0,0,,15.700000000000003,36.1,48.0,133.0,7.0,19.1,41080,23160,17920,0.436222005842259,5,5,0.0,40.0,0.0,20.0,0.0,-15.0,3.0,0.0,0.0,0.01142268078176889
60,1352,238,15945,0,0,,15.700000000000003,36.1,48.0,133.0,10.0,19.1,41080,18440,22640,0.5511197663096398,4,-4,0.0,40.0,0.0,20.0,0.0,-15.0,3.0,0.0,0.0,0.010495751291760655
60,1352,335,16170,0,0,,15.700000000000003,36.1,48.0,133.0,8.0,19.1,41080,11860,29220,0.7112950340798442,4,4,0.0,40.0,0.0,20.0,0.0,-15.0,3.0,0.0,0.0,0.009872628264882654
60,1352,396,16394,0,0,,15.700000000000003,36.1,48.0,133.0,5.0,19.1,41080,14660,26420,0.6431353456669913,7,7,0.0,40.0,0.0,20.0,0.0,-15.0,3.0,0.0,0.0,0.009535902595043444
60,1352,184,15847,0,0,,15.700000000000003,36.1,48.0,133.0,11.0,19.1,41080,17860,23220,0.565238558909445,7,-7,0.0,40.0,0.0,20.0,0.0,-15.0,3.0,0.0,0.0,0.00922146753672171
60,1352,386,16255,0,0,,15.700000000000003,36.1,48.0,133.0,6.0,19.1,41080,10720,30360,0.73904576436222,6,6,0.0,40.0,0.0,20.0,0.0,-15.0,3.0,0.0,0.0,0.00921588574144647
60,1352,328,16155,0,0,,15.700000000000003,36.1,48.0,133.0,9.0,19.1,41080,1083,39997,0.973636806231743,4,4,0.0,40.0,0.0,20.0,0.0,-15.0,3.0,0.0,0.0,0.008332454309989626
60,1352,146,15759,0,0,,15.700000000000003,33.8,45.0,133.0,18.0,21.400000000000006,41080,28260,12820,0.3120740019474197,9,-9,0.0,40.0,0.0,20.0,0.0,-15.0,0.0,0.0,0.0,0.007446828780593609
60,1352,34,15696,0,0,,15.700000000000003,33.8,45.0,133.0,13.0,21.400000000000006,41080,24780,16300,0.3967867575462512,10,-10,0.0,40.0,0.0,20.0,0.0,-15.0,0.0,0.0,0.0,0.0069941792152149376
60,1352,179,15833,0,0,,15.700000000000003,33.8,45.0,133.0,16.0,21.400000000000006,41080,20800,20280,0.4936708860759494,8,-8,0.0,40.0,0.0,20.0,0.0,-15.0,0.0,0.0,0.0,0.0069867831549199925
60,1352,441,16352,0,0,,15.700000000000003,33.8,45.0,133.0,14.0,21.400000000000006,41080,13460,27620,0.6723466407010711,11,11,0.0,40.0,0.0,20.0,0.0,-15.0,0.0,0.0,0.0,0.006071818736302541
60,1352,167,15789,0,0,,15.700000000000003,33.8,45.0,133.0,17.0,21.400000000000006,41080,8180,32900,0.8008763388510224,8,-8,0.0,40.0,0.0,20.0,0.0,-15.0,0.0,0.0,0.0,0.0057307138550049845
60,1352,10,15574,0,0,,15.700000000000003,33.8,45.0,133.0,12.0,21.400000000000006,41080,17040,24040,0.5851996105160662,14,-14,0.0,40.0,0.0,20.0,0.0,-15.0,0.0,0.0,0.0,0.005360254969550834
60,1352,425,16305,0,0,,15.700000000000003,33.8,45.0,133.0,15.0,21.400000000000006,41080,2100,38980,0.9488802336903602,10,10,0.0,40.0,0.0,20.0,0.0,-15.0,0.0,0.0,0.0,0.005239223158218201
60,1352,471,16456,0,0,,15.700000000000003,33.8,45.0,133.0,30.0,21.400000000000006,41080,11020,30060,0.7317429406037,13,13,0.0,40.0,0.0,20.0,0.0,-15.0,0.0,0.0,0.0,0.0050087093855290124
60,1352,54,15723,0,0,,15.700000000000003,33.8,45.0,133.0,19.0,21.400000000000006,41080,286,40794,0.9930379746835443,10,-10,0.0,40.0,0.0,20.0,0.0,-15.0,0.0,0.0,0.0,0.004649977226941265
60,1352,53,15723,0,0,,15.700000000000003,33.8,45.0,133.0,20.0,21.400000000000006,41080,338,40742,0.9917721518987341,10,-10,0.0,40.0,0.0,20.0,0.0,-15.0,0.0,0.0,0.0,0.004626960272756817
60,1352,52,15723,0,0,,15.700000000000003,33.8,45.0,133.0,21.0,21.400000000000006,41080,368,40712,0.9910418695228822,10,-10,0.0,40.0,0.0,20.0,0.0,-15.0,0.0,0.0,0.0,0.004602509798225245
60,1352,51,15723,0,0,,15.700000000000003,33.8,45.0,133.0,22.0,21.400000000000006,41080,403,40677,0.9901898734177215,10,-10,0.0,40.0,0.0,20.0,0.0,-15.0,0.0,0.0,0.0,0.004578537613627165
60,1352,50,15723,0,0,,15.700000000000003,33.8,45.0,133.0,23.0,21.400000000000006,41080,526,40554,0.9871957156767284,10,-10,0.0,40.0,0.0,20.0,0.0,-15.0,0.0,0.0,0.0,0.004560816495463538
60,1352,49,15723,0,0,,15.700000000000003,33.8,45.0,133.0,24.0,21.400000000000006,41080,597,40483,0.9854673807205453,10,-10,0.0,40.0,0.0,20.0,0.0,-15.0,0.0,0.0,0.0,0.004539556246105062
60,1352,48,15723,0,0,,15.700000000000003,33.8,45.0,133.0,25.0,21.400000000000006,41080,603,40477,0.9853213242453749,10,-10,0.0,40.0,0.0,20.0,0.0,-15.0,0.0,0.0,0.0,0.004513910308306659
60,1352,47,15723,0,0,,15.700000000000003,33.8,45.0,133.0,26.0,21.400000000000006,41080,613,40467,0.9850778967867575,10,-10,0.0,40.0,0.0,20.0,0.0,-15.0,0.0,0.0,0.0,0.004488682882656992
60,1352,46,15723,0,0,,15.700000000000003,33.8,45.0,133.0,27.0,21.400000000000006,41080,673,40407,0.9836173320350535,10,-10,0.0,40.0,0.0,20.0,0.0,-15.0,0.0,0.0,0.0,0.004467006644650149
60,1352,45,15723,0,0,,15.700000000000003,33.8,45.0,133.0,28.0,21.400000000000006,41080,691,40389,0.9831791626095423,10,-10,0.0,40.0,0.0,20.0,0.0,-15.0,0.0,0.0,0.0,0.004442583120760766
60,1352,44,15723,0,0,,15.700000000000003,33.8,45.0,133.0,29.0,21.400000000000006,41080,1008,40072,0.9754625121713729,10,-10,0.0,40.0,0.0,20.0,0.0,-15.0,0.0,0.0,0.0,0.004438521483057357
61,1356,321,16129,0,0,,47.0,80.8,107.5,133.0,1.0,0.0,20040,20040,0,0.0,3,3,0.0,40.0,0.0,20.0,40.0,0.0,7.5,0.0,0.0,0.9139541900031538
61,1356,297,16051,0,0,,47.0,4.2,5.52,133.0,4.0,76.6,20040,19920,120,0.005988023952095809,2,-2,0.0,0.0,-40.0,0.0,38.02,0.0,7.5,0.0,0.0,0.025548886009489062
61,1356,460,16387,0,0,,47.0,33.8,45.0,133.0,3.0,47.0,20040,23980,3940,0.1966067864271457,12,12,0.0,40.0,0.0,20.0,0.0,-15.0,0.0,0.0,0.0,0.005156644198753919
61,1356,29,15726,0,0,,47.0,33.8,45.0,133.0,2.0,47.0,20040,26800,6760,0.3373253493013972,11,-11,0.0,40.0,0.0,20.0,0.0,-15.0,0.0,0.0,0.0,0.004697581279087461
62,1339,308,16089,0,0,,0.0,45.1,60.0,133.0,1.0,0.0,50860,22440,28420,0.5587888320880849,1,1,0.0,40.0,0.0,20.0,0.0,-15.0,15.0,0.0,0.0,0.038490141249698434
62,1339,294,16050,0,0,,0.0,45.1,60.0,133.0,2.0,0.0,50860,15280,35580,0.6995674400314589,1,-1,0.0,40.0,0.0,20.0,0.0,-15.0,15.0,0.0,0.0,0.03440010109942124
62,1339,250,16024,0,0,,0.0,39.5,52.5,133.0,3.0,5.600000000000001,50860,43100,7760,0.1525756979944947,2,-2,0.0,40.0,0.0,20.0,0.0,-15.0,7.5,0.0,0.0,0.02633211848260618
62,1339,238,15945,0,0,,0.0,39.5,52.5,133.0,4.0,5.600000000000001,50860,18440,32420,0.6374360990955564,3,-3,0.0,40.0,0.0,20.0,0.0,-15.0,7.5,0.0,0.0,0.017764541179970617
62,1339,371,16203,0,0,,0.0,36.1,48.0,133.0,8.0,9.0,50860,23160,27700,0.5446323240267401,6,6,0.0,40.0,0.0,20.0,0.0,-15.0,3.0,0.0,0.0,0.011831502899630975
62,1339,179,15833,0,0,,0.0,36.1,48.0,133.0,6.0,9.0,50860,20800,30060,0.5910342115611482,7,-7,0.0,40.0,0.0,20.0,0.0,-15.0,3.0,0.0,0.0,0.010688820218755586
62,1339,184,15847,0,0,,0.0,36.1,48.0,133.0,11.0,9.0,50860,17860,33000,0.6488399528116398,6,-6,0.0,40.0,0.0,20.0,0.0,-15.0,3.0,0.0,0.0,0.01034641961123662
62,1339,335,16170,0,0,,0.0,36.1,48.0,133.0,9.0,9.0,50860,11860,39000,0.766810853322847,5,5,0.0,40.0,0.0,20.0,0.0,-15.0,3.0,0.0,0.0,0.010322251073626727
62,1339,397,16272,0,0,,0.0,33.8,45.0,133.0,13.0,11.300000000000004,50860,36680,14180,0.2788045615414864,8,8,0.0,40.0,0.0,20.0,0.0,-15.0,0.0,0.0,0.0,0.010164352362523952
62,1339,386,16255,0,0,,0.0,36.1,48.0,133.0,7.0,9.0,50860,10720,40140,0.7892253244199764,7,7,0.0,40.0,0.0,20.0,0.0,-15.0,3.0,0.0,0.0,0.009644955200597844
62,1339,167,15789,0,0,,0.0,36.1,48.0,133.0,5.0,9.0,50860,8180,42680,0.8391663389697208,7,-7,0.0,40.0,0.0,20.0,0.0,-15.0,3.0,0.0,0.0,0.008967172204322594
62,1339,328,16155,0,0,,0.0,36.1,48.0,133.0,10.0,9.0,50860,1083,49777,0.9787062524577271,5,5,0.0,40.0,0.0,20.0,0.0,-15.0,3.0,0.0,0.0,0.008790416082460915
62,1339,146,15759,0,0,,0.0,33.8,45.0,133.0,17.0,11.300000000000004,50860,28260,22600,0.4443570585922139,8,-8,0.0,40.0,0.0,20.0,0.0,-15.0,0.0,0.0,0.0,0.008333291391464413
62,1339,34,15696,0,0,,0.0,33.8,45.0,133.0,16.0,11.300000000000004,50860,24780,26080,0.5127801808887141,9,-9,0.0,40.0,0.0,20.0,0.0,-15.0,0.0,0.0,0.0,0.007671597232748611
62,1339,396,16394,0,0,,0.0,33.8,45.0,133.0,14.0,11.300000000000004,50860,14660,36200,0.711757766417617,8,8,0.0,40.0,0.0,20.0,0.0,-15.0,0.0,0.0,0.0,0.007362217372785429
62,1339,10,15574,0,0,,0.0,33.8,45.0,133.0,15.0,11.300000000000004,50860,17040,33820,0.6649626425481715,13,-13,0.0,40.0,0.0,20.0,0.0,-15.0,0.0,0.0,0.0,0.005918162197193411
62,1339,441,16352,0,0,,0.0,33.8,45.0,133.0,29.0,11.300000000000004,50860,13460,37400,0.7353519465198585,12,12,0.0,40.0,0.0,20.0,0.0,-15.0,0.0,0.0,0.0,0.005850761637679831
62,1339,425,16305,0,0,,0.0,33.8,45.0,133.0,12.0,11.300000000000004,50860,2100,48760,0.9587101848210775,11,11,0.0,40.0,0.0,20.0,0.0,-15.0,0.0,0.0,0.0,0.005652004357697872
62,1339,54,15723,0,0,,0.0,33.8,45.0,133.0,18.0,11.300000000000004,50860,286,50574,0.9943767204089657,9,-9,0.0,40.0,0.0,20.0,0.0,-15.0,0.0,0.0,0.0,0.005327298879313678
62,1339,53,15723,0,0,,0.0,33.8,45.0,133.0,19.0,11.300000000000004,50860,338,50522,0.9933543059378687,9,-9,0.0,40.0,0.0,20.0,0.0,-15.0,0.0,0.0,0.0,0.005300718740566943
62,1339,52,15723,0,0,,0.0,33.8,45.0,133.0,20.0,11.300000000000004,50860,368,50492,0.9927644514353127,9,-9,0.0,40.0,0.0,20.0,0.0,-15.0,0.0,0.0,0.0,0.00527259570087238
62,1339,51,15723,0,0,,0.0,33.8,45.0,133.0,21.0,11.300000000000004,50860,403,50457,0.9920762878489973,9,-9,0.0,40.0,0.0,20.0,0.0,-15.0,0.0,0.0,0.0,0.005244999666833522
62,1339,50,15723,0,0,,0.0,33.8,45.0,133.0,22.0,11.300000000000004,50860,526,50334,0.9896578843885175,9,-9,0.0,40.0,0.0,20.0,0.0,-15.0,0.0,0.0,0.0,0.005224180144529549
62,1339,49,15723,0,0,,0.0,33.8,45.0,133.0,23.0,11.300000000000004,50860,597,50263,0.9882618953991349,9,-9,0.0,40.0,0.0,20.0,0.0,-15.0,0.0,0.0,0.0,0.00519953789580276
62,1339,48,15723,0,0,,0.0,33.8,45.0,133.0,24.0,11.300000000000004,50860,603,50257,0.9881439244986236,9,-9,0.0,40.0,0.0,20.0,0.0,-15.0,0.0,0.0,0.0,0.005170157094995357
62,1339,47,15723,0,0,,0.0,33.8,45.0,133.0,25.0,11.300000000000004,50860,613,50247,0.987947306331105,9,-9,0.0,40.0,0.0,20.0,0.0,-15.0,0.0,0.0,0.0,0.005141238366648336
62,1339,46,15723,0,0,,0.0,33.8,45.0,133.0,26.0,11.300000000000004,50860,673,50187,0.986767597325993,9,-9,0.0,40.0,0.0,20.0,0.0,-15.0,0.0,0.0,0.0,0.0051161727098317
62,1339,45,15723,0,0,,0.0,33.8,45.0,133.0,27.0,11.300000000000004,50860,691,50169,0.9864136846244593,9,-9,0.0,40.0,0.0,20.0,0.0,-15.0,0.0,0.0,0.0,0.005088142094286126
62,1339,44,15723,0,0,,0.0,33.8,45.0,133.0,28.0,11.300000000000004,50860,1008,49852,0.9801808887141172,9,-9,0.0,40.0,0.0,20.0,0.0,-15.0,0.0,0.0,0.0,0.005082158105354962
63,1350,304,16088,1,1,top_clean_score_margin_weight_date,54.300000000000004,90.4,131.03,145.0,1.0,0.0,25760,25760,0,0.0,0,0,1.0,40.0,0.0,20.0,40.0,0.0,25.0,6.03,0.0,0.9901377620700761
63,1350,388,16257,0,1,,54.300000000000004,36.1,48.0,133.0,5.0,54.300000000000004,25760,27380,1620,0.06288819875776397,7,7,0.0,40.0,0.0,20.0,0.0,-15.0,3.0,0.0,0.0,0.00582371268774402
63,1350,387,16256,0,1,,54.300000000000004,36.1,48.0,133.0,4.0,54.300000000000004,25760,23680,2080,0.08074534161490683,7,7,0.0,40.0,0.0,20.0,0.0,-15.0,3.0,0.0,0.0,0.005807310074387008
63,1350,225,15884,0,1,,54.300000000000004,36.1,48.0,133.0,3.0,54.300000000000004,25760,38520,12760,0.4953416149068323,6,-6,0.0,40.0,0.0,20.0,0.0,-15.0,3.0,0.0,0.0,0.0047965980099320665
63,1350,224,15883,0,1,,54.300000000000004,36.1,48.0,133.0,2.0,54.300000000000004,25760,39680,13920,0.5403726708074534,6,-6,0.0,40.0,0.0,20.0,0.0,-15.0,3.0,0.0,0.0,0.004726764745080758
63,1350,11,15588,0,1,,54.300000000000004,33.8,45.0,133.0,6.0,56.60000000000001,25760,37940,12180,0.47282608695652173,13,-13,0.0,40.0,0.0,20.0,0.0,-15.0,0.0,0.0,0.0,0.0028144332312583144
64,1344,251,16042,0,0,,0.7999999999999972,11.3,15.0,133.0,7.0,34.599999999999994,10500,10520,20,0.0019047619047619048,1,-1,0.0,0.0,-40.0,0.0,40.0,0.0,15.0,0.0,0.0,0.1599469976660234
64,1344,316,16108,0,0,,0.7999999999999972,45.9,61.0,133.0,1.0,0.0,10500,187,10313,0.9821904761904762,1,1,0.0,40.0,0.0,20.0,0.0,-15.0,15.0,0.0,1.0,0.06465749944722453
64,1344,280,16052,0,0,,0.7999999999999972,45.1,60.0,133.0,2.0,0.7999999999999972,10500,521,9979,0.9503809523809523,1,-1,0.0,40.0,0.0,20.0,0.0,-15.0,15.0,0.0,0.0,0.0605525355200378
64,1344,311,16103,0,0,,0.7999999999999972,45.1,60.0,133.0,4.0,0.7999999999999972,10500,2,10498,0.9998095238095238,1,1,0.0,40.0,0.0,20.0,0.0,-15.0,15.0,0.0,0.0,0.05947036301540129
64,1344,299,16061,0,0,,0.7999999999999972,45.1,60.0,133.0,3.0,0.7999999999999972,10500,20,10480,0.9980952380952381,1,-1,0.0,40.0,0.0,20.0,0.0,-15.0,15.0,0.0,0.0,0.059436435127087565
64,1344,385,16253,0,0,,0.7999999999999972,2.3,3.0,133.0,8.0,43.6,10500,10500,0,0.0,7,7,0.0,0.0,-40.0,0.0,40.0,0.0,3.0,0.0,0.0,0.05387564957400515
64,1344,211,15879,0,0,,0.7999999999999972,36.1,48.0,133.0,6.0,9.799999999999997,10500,433,10067,0.9587619047619048,6,-6,0.0,40.0,0.0,20.0,0.0,-15.0,3.0,0.0,0.0,0.018364661218877837
64,1344,188,15874,0,0,,0.7999999999999972,36.1,48.0,133.0,5.0,9.799999999999997,10500,52,10448,0.9950476190476191,6,-6,0.0,40.0,0.0,20.0,0.0,-15.0,3.0,0.0,0.0,0.01827708290244916
64,1344,386,16255,0,0,,0.7999999999999972,0.0,-28.9,133.0,10.0,45.9,10500,10720,220,0.02095238095238095,7,7,0.0,0.0,-40.0,0.0,8.1,0.0,3.0,0.0,0.0,0.004896534101263457
64,1344,235,15935,0,0,,0.7999999999999972,0.0,-32.02,133.0,9.0,45.9,10500,10240,260,0.024761904761904763,3,-3,0.0,0.0,-40.0,0.0,0.48,0.0,7.5,0.0,0.0,0.003836375252451725
65,1338,294,16050,0,0,,5.899999999999999,51.0,73.93,145.0,1.0,0.0,56280,15280,41000,0.728500355366027,0,0,1.0,40.0,0.0,20.0,0.0,-15.0,25.0,3.93,0.0,0.14959461110134858
65,1338,250,16024,0,0,,5.899999999999999,45.1,60.0,133.0,2.0,5.899999999999999,56280,43100,13180,0.2341862117981521,1,-1,0.0,40.0,0.0,20.0,0.0,-15.0,15.0,0.0,0.0,0.03817885789984478
65,1338,308,16089,0,0,,5.899999999999999,39.5,52.5,133.0,3.0,11.5,56280,22440,33840,0.6012793176972282,2,2,0.0,40.0,0.0,20.0,0.0,-15.0,7.5,0.0,0.0,0.014994484760689274
65,1338,238,15945,0,0,,5.899999999999999,39.5,52.5,133.0,4.0,11.5,56280,18440,37840,0.6723525230987918,2,-2,0.0,40.0,0.0,20.0,0.0,-15.0,7.5,0.0,0.0,0.013908654019924034
65,1338,146,15759,0,0,,5.899999999999999,36.1,48.0,133.0,10.0,14.899999999999999,56280,28260,28020,0.4978678038379531,7,-7,0.0,40.0,0.0,20.0,0.0,-15.0,3.0,0.0,0.0,0.008720857391640633
65,1338,371,16203,0,0,,5.899999999999999,36.1,48.0,133.0,7.0,14.899999999999999,56280,23160,33120,0.5884861407249466,7,7,0.0,40.0,0.0,20.0,0.0,-15.0,3.0,0.0,0.0,0.00866318436429051
65,1338,179,15833,0,0,,5.899999999999999,36.1,48.0,133.0,6.0,14.899999999999999,56280,20800,35480,0.6304193319118693,6,-6,0.0,40.0,0.0,20.0,0.0,-15.0,3.0,0.0,0.0,0.00834910491649683
65,1338,184,15847,0,0,,5.899999999999999,36.1,48.0,133.0,11.0,14.899999999999999,56280,17860,38420,0.6826581378820185,5,-5,0.0,40.0,0.0,20.0,0.0,-15.0,3.0,0.0,0.0,0.008088985108930724
65,1338,335,16170,0,0,,5.899999999999999,36.1,48.0,133.0,8.0,14.899999999999999,56280,11860,44420,0.7892679459843639,6,6,0.0,40.0,0.0,20.0,0.0,-15.0,3.0,0.0,0.0,0.007583599207466817
65,1338,397,16272,0,0,,5.899999999999999,33.8,45.0,133.0,13.0,17.200000000000003,56280,36680,19600,0.3482587064676617,9,9,0.0,40.0,0.0,20.0,0.0,-15.0,0.0,0.0,0.0,0.0073631648420537255
65,1338,167,15789,0,0,,5.899999999999999,36.1,48.0,133.0,5.0,14.899999999999999,56280,8180,48100,0.8546552949538024,6,-6,0.0,40.0,0.0,20.0,0.0,-15.0,3.0,0.0,0.0,0.00703127126832548
65,1338,328,16155,0,0,,5.899999999999999,36.1,48.0,133.0,9.0,14.899999999999999,56280,1083,55197,0.9807569296375267,6,6,0.0,40.0,0.0,20.0,0.0,-15.0,3.0,0.0,0.0,0.006478862580649038
65,1338,34,15696,0,0,,5.899999999999999,33.8,45.0,133.0,17.0,17.200000000000003,56280,24780,31500,0.5597014925373134,8,-8,0.0,40.0,0.0,20.0,0.0,-15.0,0.0,0.0,0.0,0.00594607749159779
65,1338,396,16394,0,0,,5.899999999999999,33.8,45.0,133.0,14.0,17.200000000000003,56280,14660,41620,0.7395167022032694,9,9,0.0,40.0,0.0,20.0,0.0,-15.0,0.0,0.0,0.0,0.0053685807296281725
65,1338,386,16255,0,0,,5.899999999999999,33.8,45.0,133.0,15.0,17.200000000000003,56280,10720,45560,0.8095238095238095,8,8,0.0,40.0,0.0,20.0,0.0,-15.0,0.0,0.0,0.0,0.005211523459742888
65,1338,10,15574,0,0,,5.899999999999999,33.8,45.0,133.0,16.0,17.200000000000003,56280,17040,39240,0.697228144989339,12,-12,0.0,40.0,0.0,20.0,0.0,-15.0,0.0,0.0,0.0,0.004597125722013844
65,1338,441,16352,0,0,,5.899999999999999,33.8,45.0,133.0,29.0,17.200000000000003,56280,13460,42820,0.7608386638237384,13,13,0.0,40.0,0.0,20.0,0.0,-15.0,0.0,0.0,0.0,0.004266375313563203
65,1338,54,15723,0,0,,5.899999999999999,33.8,45.0,133.0,18.0,17.200000000000003,56280,286,55994,0.9949182658137882,8,-8,0.0,40.0,0.0,20.0,0.0,-15.0,0.0,0.0,0.0,0.004184960922572112
65,1338,53,15723,0,0,,5.899999999999999,33.8,45.0,133.0,19.0,17.200000000000003,56280,338,55942,0.9939943141435679,8,-8,0.0,40.0,0.0,20.0,0.0,-15.0,0.0,0.0,0.0,0.00416398388069122
65,1338,52,15723,0,0,,5.899999999999999,33.8,45.0,133.0,20.0,17.200000000000003,56280,368,55912,0.9934612651030561,8,-8,0.0,40.0,0.0,20.0,0.0,-15.0,0.0,0.0,0.0,0.00414182500162054
65,1338,425,16305,0,0,,5.899999999999999,33.8,45.0,133.0,12.0,17.200000000000003,56280,2100,54180,0.9626865671641791,12,12,0.0,40.0,0.0,20.0,0.0,-15.0,0.0,0.0,0.0,0.004136956552194502
65,1338,51,15723,0,0,,5.899999999999999,33.8,45.0,133.0,21.0,17.200000000000003,56280,403,55877,0.9928393745557925,8,-8,0.0,40.0,0.0,20.0,0.0,-15.0,0.0,0.0,0.0,0.004120074367095902
65,1338,50,15723,0,0,,5.899999999999999,33.8,45.0,133.0,22.0,17.200000000000003,56280,526,55754,0.9906538734896944,8,-8,0.0,40.0,0.0,20.0,0.0,-15.0,0.0,0.0,0.0,0.004103532349040671
65,1338,49,15723,0,0,,5.899999999999999,33.8,45.0,133.0,23.0,17.200000000000003,56280,597,55683,0.9893923240938166,8,-8,0.0,40.0,0.0,20.0,0.0,-15.0,0.0,0.0,0.0,0.0040840571521970175
65,1338,48,15723,0,0,,5.899999999999999,33.8,45.0,133.0,24.0,17.200000000000003,56280,603,55677,0.9892857142857143,8,-8,0.0,40.0,0.0,20.0,0.0,-15.0,0.0,0.0,0.0,0.0040609456429215015
65,1338,47,15723,0,0,,5.899999999999999,33.8,45.0,133.0,25.0,17.200000000000003,56280,613,55667,0.9891080312722104,8,-8,0.0,40.0,0.0,20.0,0.0,-15.0,0.0,0.0,0.0,0.004038192437229424
65,1338,46,15723,0,0,,5.899999999999999,33.8,45.0,133.0,26.0,17.200000000000003,56280,673,55607,0.9880419331911869,8,-8,0.0,40.0,0.0,20.0,0.0,-15.0,0.0,0.0,0.0,0.004018401956043454
65,1338,45,15723,0,0,,5.899999999999999,33.8,45.0,133.0,27.0,17.200000000000003,56280,691,55589,0.9877221037668799,8,-8,0.0,40.0,0.0,20.0,0.0,-15.0,0.0,0.0,0.0,0.003996337535951129
65,1338,44,15723,0,0,,5.899999999999999,33.8,45.0,133.0,28.0,17.200000000000003,56280,1008,55272,0.982089552238806,8,-8,0.0,40.0,0.0,20.0,0.0,-15.0,0.0,0.0,0.0,0.003991207839918425
66,1335,250,16024,1,1,top_clean_score_margin_weight_date,45.300000000000004,90.4,131.02,145.0,1.0,0.0,43100,43100,0,0.0,0,0,1.0,40.0,0.0,20.0,40.0,0.0,25.0,6.02,0.0,0.9884092808678918
66,1335,238,15945,0,1,,45.300000000000004,45.1,60.0,133.0,3.0,45.300000000000004,43100,18440,24660,0.5721577726218098,1,-1,0.0,40.0,0.0,20.0,0.0,-15.0,15.0,0.0,0.0,0.01172752242455838
66,1335,294,16050,0,1,,45.300000000000004,45.1,60.0,133.0,2.0,45.300000000000004,43100,15280,27820,0.6454756380510441,1,1,0.0,40.0,0.0,20.0,0.0,-15.0,15.0,0.0,0.0,0.011326781293317757
66,1335,308,16089,0,1,,45.300000000000004,39.5,52.5,133.0,4.0,50.900000000000006,43100,22440,20660,0.4793503480278422,3,3,0.0,40.0,0.0,20.0,0.0,-15.0,7.5,0.0,0.0,0.006238340326619333
66,1335,146,15759,0,1,,45.300000000000004,36.1,48.0,133.0,6.0,54.300000000000004,43100,28260,14840,0.3443155452436195,6,-6,0.0,40.0,0.0,20.0,0.0,-15.0,3.0,0.0,0.0,0.004013430463817369
66,1335,337,16185,0,1,,45.300000000000004,0.0,-3.41,133.0,29.0,90.4,43100,42600,500,0.01160092807424594,7,7,0.0,0.0,-40.0,0.0,26.8,0.0,3.0,0.0,6.79,0.003999851358049091
66,1335,179,15833,0,1,,45.300000000000004,36.1,48.0,133.0,10.0,54.300000000000004,43100,20800,22300,0.5174013921113689,5,-5,0.0,40.0,0.0,20.0,0.0,-15.0,3.0,0.0,0.0,0.0036422519602332857
66,1335,184,15847,0,1,,45.300000000000004,36.1,48.0,133.0,9.0,54.300000000000004,43100,17860,25240,0.585614849187935,4,-4,0.0,40.0,0.0,20.0,0.0,-15.0,3.0,0.0,0.0,0.0036420488570715376
66,1335,34,15696,0,1,,45.300000000000004,36.1,48.0,133.0,11.0,54.300000000000004,43100,24780,18320,0.42505800464037125,7,-7,0.0,40.0,0.0,20.0,0.0,-15.0,3.0,0.0,0.0,0.003560172154868057
66,1335,335,16170,0,1,,45.300000000000004,36.1,48.0,133.0,7.0,54.300000000000004,43100,11860,31240,0.7248259860788863,7,7,0.0,40.0,0.0,20.0,0.0,-15.0,3.0,0.0,0.0,0.0031454891964188283
66,1335,167,15789,0,1,,45.300000000000004,36.1,48.0,133.0,5.0,54.300000000000004,43100,8180,34920,0.8102088167053364,5,-5,0.0,40.0,0.0,20.0,0.0,-15.0,3.0,0.0,0.0,0.003098645118123073
66,1335,397,16272,0,1,,45.300000000000004,33.8,45.0,133.0,24.0,56.60000000000001,43100,36680,6420,0.14895591647331788,10,10,0.0,40.0,0.0,20.0,0.0,-15.0,0.0,0.0,0.0,0.002918510220016074
66,1335,328,16155,0,1,,45.300000000000004,36.1,48.0,133.0,8.0,54.300000000000004,43100,1083,42017,0.9748723897911833,7,7,0.0,40.0,0.0,20.0,0.0,-15.0,3.0,0.0,0.0,0.002657760666218401
66,1335,371,16203,0,1,,45.300000000000004,33.8,45.0,133.0,27.0,56.60000000000001,43100,23160,19940,0.4626450116009281,8,8,0.0,40.0,0.0,20.0,0.0,-15.0,0.0,0.0,0.0,0.00249177923678514
66,1335,54,15723,0,1,,45.300000000000004,36.1,48.0,133.0,12.0,54.300000000000004,43100,286,42814,0.9933642691415313,7,-7,0.0,40.0,0.0,20.0,0.0,-15.0,3.0,0.0,0.0,0.0024454809132319344
66,1335,53,15723,0,1,,45.300000000000004,36.1,48.0,133.0,13.0,54.300000000000004,43100,338,42762,0.9921577726218097,7,-7,0.0,40.0,0.0,20.0,0.0,-15.0,3.0,0.0,0.0,0.0024333237099172927
66,1335,52,15723,0,1,,45.300000000000004,36.1,48.0,133.0,14.0,54.300000000000004,43100,368,42732,0.991461716937355,7,-7,0.0,40.0,0.0,20.0,0.0,-15.0,3.0,0.0,0.0,0.0024204222846793675
66,1335,51,15723,0,1,,45.300000000000004,36.1,48.0,133.0,15.0,54.300000000000004,43100,403,42697,0.9906496519721578,7,-7,0.0,40.0,0.0,20.0,0.0,-15.0,3.0,0.0,0.0,0.0024077709507011784
66,1335,50,15723,0,1,,45.300000000000004,36.1,48.0,133.0,16.0,54.300000000000004,43100,526,42574,0.9877958236658932,7,-7,0.0,40.0,0.0,20.0,0.0,-15.0,3.0,0.0,0.0,0.0023983717461034696
66,1335,49,15723,0,1,,45.300000000000004,36.1,48.0,133.0,17.0,54.300000000000004,43100,597,42503,0.9861484918793504,7,-7,0.0,40.0,0.0,20.0,0.0,-15.0,3.0,0.0,0.0,0.002387133237313638
66,1335,48,15723,0,1,,45.300000000000004,36.1,48.0,133.0,18.0,54.300000000000004,43100,603,42497,0.9860092807424594,7,-7,0.0,40.0,0.0,20.0,0.0,-15.0,3.0,0.0,0.0,0.002373615399108874
66,1335,47,15723,0,1,,45.300000000000004,36.1,48.0,133.0,19.0,54.300000000000004,43100,613,42487,0.9857772621809745,7,-7,0.0,40.0,0.0,20.0,0.0,-15.0,3.0,0.0,0.0,0.002360316551702884
66,1335,46,15723,0,1,,45.300000000000004,36.1,48.0,133.0,20.0,54.300000000000004,43100,673,42427,0.984385150812065,7,-7,0.0,40.0,0.0,20.0,0.0,-15.0,3.0,0.0,0.0,0.002348865585887825
66,1335,45,15723,0,1,,45.300000000000004,36.1,48.0,133.0,21.0,54.300000000000004,43100,691,42409,0.9839675174013921,7,-7,0.0,40.0,0.0,20.0,0.0,-15.0,3.0,0.0,0.0,0.0023359873861772623
66,1335,44,15723,0,1,,45.300000000000004,36.1,48.0,133.0,22.0,54.300000000000004,43100,1008,42092,0.9766125290023202,7,-7,0.0,40.0,0.0,20.0,0.0,-15.0,3.0,0.0,0.0,0.002333697362145043
66,1335,396,16394,0,1,,45.300000000000004,33.8,45.0,133.0,25.0,56.60000000000001,43100,14660,28440,0.6598607888631091,10,10,0.0,40.0,0.0,20.0,0.0,-15.0,0.0,0.0,0.0,0.002080671679571533
66,1335,386,16255,0,1,,45.300000000000004,33.8,45.0,133.0,23.0,56.60000000000001,43100,10720,32380,0.7512761020881671,9,9,0.0,40.0,0.0,20.0,0.0,-15.0,0.0,0.0,0.0,0.0020470830511306513
66,1335,10,15574,0,1,,45.300000000000004,33.8,45.0,133.0,26.0,56.60000000000001,43100,17040,26060,0.6046403712296984,11,-11,0.0,40.0,0.0,20.0,0.0,-15.0,0.0,0.0,0.0,0.001926083604715056
66,1335,425,16305,0,1,,45.300000000000004,33.8,45.0,133.0,28.0,56.60000000000001,43100,2100,41000,0.951276102088167,13,13,0.0,40.0,0.0,20.0,0.0,-15.0,0.0,0.0,0.0,0.0015377718921870587
67,1334,250,16024,0,0,,5.899999999999999,51.0,74.01,145.0,1.0,0.0,46520,43100,3420,0.07351676698194325,0,0,1.0,40.0,0.0,20.0,0.0,-15.0,25.0,4.01,0.0,0.24760943932716564
67,1334,238,15945,0,0,,5.899999999999999,45.1,60.0,133.0,3.0,5.899999999999999,46520,18440,28080,0.6036113499570077,1,-1,0.0,40.0,0.0,20.0,0.0,-15.0,15.0,0.0,0.0,0.03322704641493438
67,1334,294,16050,0,0,,5.899999999999999,45.1,60.0,133.0,2.0,5.899999999999999,46520,15280,31240,0.6715391229578676,1,1,0.0,40.0,0.0,20.0,0.0,-15.0,15.0,0.0,0.0,0.03214534406133731
67,1334,308,16089,0,0,,5.899999999999999,39.5,52.5,133.0,4.0,11.5,46520,22440,24080,0.5176268271711092,3,3,0.0,40.0,0.0,20.0,0.0,-15.0,7.5,0.0,0.0,0.01783534714970116
67,1334,146,15759,0,0,,5.899999999999999,36.1,48.0,133.0,6.0,14.899999999999999,46520,28260,18260,0.3925193465176268,6,-6,0.0,40.0,0.0,20.0,0.0,-15.0,3.0,0.0,0.0,0.011502209608123483
67,1334,184,15847,0,0,,5.899999999999999,36.1,48.0,133.0,9.0,14.899999999999999,46520,17860,28660,0.616079105760963,4,-4,0.0,40.0,0.0,20.0,0.0,-15.0,3.0,0.0,0.0,0.010477798521377155
67,1334,179,15833,0,0,,5.899999999999999,36.1,48.0,133.0,10.0,14.899999999999999,46520,20800,25720,0.5528804815133276,5,-5,0.0,40.0,0.0,20.0,0.0,-15.0,3.0,0.0,0.0,0.010469131058839745
67,1334,34,15696,0,0,,5.899999999999999,36.1,48.0,133.0,11.0,14.899999999999999,46520,24780,21740,0.46732588134135855,7,-7,0.0,40.0,0.0,20.0,0.0,-15.0,3.0,0.0,0.0,0.010222555612136886
67,1334,335,16170,0,0,,5.899999999999999,36.1,48.0,133.0,7.0,14.899999999999999,46520,11860,34660,0.7450558899398109,7,7,0.0,40.0,0.0,20.0,0.0,-15.0,3.0,0.0,0.0,0.00907407958263235
67,1334,167,15789,0,0,,5.899999999999999,36.1,48.0,133.0,5.0,14.899999999999999,46520,8180,38340,0.8241616509028374,5,-5,0.0,40.0,0.0,20.0,0.0,-15.0,3.0,0.0,0.0,0.008949636789796716
67,1334,397,16272,0,0,,5.899999999999999,33.8,45.0,133.0,25.0,17.200000000000003,46520,36680,9840,0.2115219260533104,10,10,0.0,40.0,0.0,20.0,0.0,-15.0,0.0,0.0,0.0,0.008312416087264513
67,1334,328,16155,0,0,,5.899999999999999,36.1,48.0,133.0,8.0,14.899999999999999,46520,1083,45437,0.9767196904557179,7,7,0.0,40.0,0.0,20.0,0.0,-15.0,3.0,0.0,0.0,0.007699109835752334
67,1334,371,16203,0,0,,5.899999999999999,33.8,45.0,133.0,28.0,17.200000000000003,46520,23160,23360,0.5021496130696474,8,8,0.0,40.0,0.0,20.0,0.0,-15.0,0.0,0.0,0.0,0.007131627357912068
67,1334,54,15723,0,0,,5.899999999999999,36.1,48.0,133.0,12.0,14.899999999999999,46520,286,46234,0.9938521066208083,7,-7,0.0,40.0,0.0,20.0,0.0,-15.0,3.0,0.0,0.0,0.007088732772388629
67,1334,53,15723,0,0,,5.899999999999999,36.1,48.0,133.0,13.0,14.899999999999999,46520,338,46182,0.9927343078245916,7,-7,0.0,40.0,0.0,20.0,0.0,-15.0,3.0,0.0,0.0,0.0070535452849141604
67,1334,52,15723,0,0,,5.899999999999999,36.1,48.0,133.0,14.0,14.899999999999999,46520,368,46152,0.9920894239036974,7,-7,0.0,40.0,0.0,20.0,0.0,-15.0,3.0,0.0,0.0,0.00701625641121292
67,1334,51,15723,0,0,,5.899999999999999,36.1,48.0,133.0,15.0,14.899999999999999,46520,403,46117,0.9913370593293207,7,-7,0.0,40.0,0.0,20.0,0.0,-15.0,3.0,0.0,0.0,0.006979677507135065
67,1334,50,15723,0,0,,5.899999999999999,36.1,48.0,133.0,16.0,14.899999999999999,46520,526,45994,0.9886930352536544,7,-7,0.0,40.0,0.0,20.0,0.0,-15.0,3.0,0.0,0.0,0.0069522976219418865
67,1334,49,15723,0,0,,5.899999999999999,36.1,48.0,133.0,17.0,14.899999999999999,46520,597,45923,0.9871668099742047,7,-7,0.0,40.0,0.0,20.0,0.0,-15.0,3.0,0.0,0.0,0.006919719852285156
67,1334,48,15723,0,0,,5.899999999999999,36.1,48.0,133.0,18.0,14.899999999999999,46520,603,45917,0.9870378331900258,7,-7,0.0,40.0,0.0,20.0,0.0,-15.0,3.0,0.0,0.0,0.006880699507264353
67,1334,47,15723,0,0,,5.899999999999999,36.1,48.0,133.0,19.0,14.899999999999999,46520,613,45907,0.9868228718830611,7,-7,0.0,40.0,0.0,20.0,0.0,-15.0,3.0,0.0,0.0,0.006842301024818945
67,1334,46,15723,0,0,,5.899999999999999,36.1,48.0,133.0,20.0,14.899999999999999,46520,673,45847,0.9855331040412726,7,-7,0.0,40.0,0.0,20.0,0.0,-15.0,3.0,0.0,0.0,0.0068091311804279854
67,1334,45,15723,0,0,,5.899999999999999,36.1,48.0,133.0,21.0,14.899999999999999,46520,691,45829,0.985146173688736,7,-7,0.0,40.0,0.0,20.0,0.0,-15.0,3.0,0.0,0.0,0.00677192779114535
67,1334,44,15723,0,0,,5.899999999999999,36.1,48.0,133.0,22.0,14.899999999999999,46520,1008,45512,0.9783319002579536,7,-7,0.0,40.0,0.0,20.0,0.0,-15.0,3.0,0.0,0.0,0.0067646721430646515
67,1334,396,16394,0,0,,5.899999999999999,33.8,45.0,133.0,23.0,17.200000000000003,46520,14660,31860,0.6848667239896818,10,10,0.0,40.0,0.0,20.0,0.0,-15.0,0.0,0.0,0.0,0.006078819969950355
67,1334,386,16255,0,0,,5.899999999999999,33.8,45.0,133.0,27.0,17.200000000000003,46520,10720,35800,0.7695614789337919,9,9,0.0,40.0,0.0,20.0,0.0,-15.0,0.0,0.0,0.0,0.005785145541902483
67,1334,10,15574,0,0,,5.899999999999999,33.8,45.0,133.0,26.0,17.200000000000003,46520,17040,29480,0.6337059329320722,11,-11,0.0,40.0,0.0,20.0,0.0,-15.0,0.0,0.0,0.0,0.00556048926535637
67,1334,425,16305,0,0,,5.899999999999999,33.8,45.0,133.0,24.0,17.200000000000003,46520,2100,44420,0.9548581255374032,13,13,0.0,40.0,0.0,20.0,0.0,-15.0,0.0,0.0,0.0,0.004566783687533082
67,1334,433,16324,0,0,,5.899999999999999,0.0,-30.5,133.0,29.0,51.0,46520,47620,1100,0.023645743766122097,13,13,0.0,0.0,-40.0,0.0,2.71,0.0,0.0,0.0,6.79,0.0015337775164600712
68,1332,228,15979,1,1,top_clean_score_margin_weight_date,51.3,90.8,131.6,145.0,1.0,0.0,34460,34460,0,0.0,0,0,1.0,40.0,0.0,20.0,40.0,0.0,25.0,6.02,0.58,0.9895482986493327
68,1332,307,16073,0,1,,51.3,39.5,52.5,133.0,2.0,51.3,34460,21264,13196,0.38293673824724317,3,3,0.0,40.0,0.0,20.0,0.0,-15.0,7.5,0.0,0.0,0.0074627059048188275
68,1332,169,15803,0,1,,51.3,36.1,48.0,133.0,4.0,54.699999999999996,34460,25020,9440,0.2739408009286129,4,-4,0.0,40.0,0.0,20.0,0.0,-15.0,3.0,0.0,0.0,0.005048225443484119
68,1332,12,15683,0,1,,51.3,36.5,48.58,133.0,3.0,54.3,34460,28880,5580,0.16192687173534534,7,-7,0.0,40.0,0.0,20.0,0.0,-15.0,3.0,0.0,0.58,0.00498471741200685
68,1332,337,16185,0,1,,51.3,34.3,45.58,133.0,12.0,56.5,34460,42600,8140,0.23621590249564714,8,8,0.0,40.0,0.0,20.0,0.0,-15.0,0.0,0.0,0.58,0.0036000163040009964
68,1332,181,15836,0,1,,51.3,36.1,48.0,133.0,5.0,54.699999999999996,34460,720,33740,0.9791062100986652,4,-4,0.0,40.0,0.0,20.0,0.0,-15.0,3.0,0.0,0.0,0.0033932865318149997
68,1332,182,15836,0,1,,51.3,36.1,48.0,133.0,6.0,54.699999999999996,34460,700,33760,0.97968659315148,4,-4,0.0,40.0,0.0,20.0,0.0,-15.0,3.0,0.0,0.0,0.0033726970818530443
68,1332,183,15836,0,1,,51.3,36.1,48.0,133.0,7.0,54.699999999999996,34460,680,33780,0.9802669762042948,4,-4,0.0,40.0,0.0,20.0,0.0,-15.0,3.0,0.0,0.0,0.003352232142306187
68,1332,368,16197,0,1,,51.3,33.8,45.0,133.0,13.0,57.0,34460,47700,13240,0.3842135809634359,9,9,0.0,40.0,0.0,20.0,0.0,-15.0,0.0,0.0,0.0,0.0030707685775340898
68,1332,331,16161,0,1,,51.3,35.3,46.92,133.0,8.0,55.5,34460,1720,32740,0.9500870574579222,8,8,0.0,40.0,0.0,20.0,0.0,-15.0,0.0,0.0,1.92,0.0026923229812271183
68,1332,332,16161,0,1,,51.3,35.3,46.92,133.0,9.0,55.5,34460,1000,33460,0.9709808473592572,8,8,0.0,40.0,0.0,20.0,0.0,-15.0,0.0,0.0,1.92,0.002645922350495106
68,1332,333,16161,0,1,,51.3,35.3,46.92,133.0,10.0,55.5,34460,820,33640,0.9762042948345908,8,8,0.0,40.0,0.0,20.0,0.0,-15.0,0.0,0.0,1.92,0.0026230751767727326
68,1332,334,16161,0,1,,51.3,35.3,46.92,133.0,11.0,55.5,34460,800,33660,0.9767846778874056,8,8,0.0,40.0,0.0,20.0,0.0,-15.0,0.0,0.0,1.92,0.0026071469136877733
69,1329,225,15884,1,1,top_clean_score_margin_weight_date,28.10000000000001,90.4,131.02,145.0,1.0,0.0,38520,38520,0,0.0,0,0,1.0,40.0,0.0,20.0,40.0,0.0,25.0,6.02,0.0,0.9888913972032138
69,1329,11,15588,0,1,,28.10000000000001,62.3,82.89,133.0,2.0,28.10000000000001,38520,37940,580,0.015057113187954309,7,-7,0.0,40.0,0.0,20.0,19.89,0.0,3.0,0.0,0.0,0.2782147652134862
69,1329,224,15883,0,1,,28.10000000000001,52.5,76.09,145.0,3.0,37.900000000000006,38520,39680,1160,0.030114226375908618,0,0,1.0,40.0,0.0,20.0,0.0,-15.0,25.0,6.09,0.0,0.12376569438963907
69,1329,304,16088,0,1,,28.10000000000001,36.1,48.0,133.0,4.0,54.300000000000004,38520,25760,12760,0.3312564901349948,6,6,0.0,40.0,0.0,20.0,0.0,-15.0,3.0,0.0,0.0,0.004527916212264896
69,1329,388,16257,0,1,,28.10000000000001,33.8,45.0,133.0,6.0,56.60000000000001,38520,27380,11140,0.28920041536863966,13,13,0.0,40.0,0.0,20.0,0.0,-15.0,0.0,0.0,0.0,0.002846007384300863
69,1329,387,16256,0,1,,28.10000000000001,33.8,45.0,133.0,5.0,56.60000000000001,38520,23680,14840,0.3852544132917965,13,13,0.0,40.0,0.0,20.0,0.0,-15.0,0.0,0.0,0.0,0.0027020240440684524
70,1328,224,15883,1,1,top_clean_score_margin_weight_date,38.00000000000001,90.4,131.08,145.0,1.0,0.0,39680,39680,0,0.0,0,0,1.0,40.0,0.0,20.0,40.0,0.0,25.0,6.08,0.0,0.9888073608305371
70,1328,225,15884,0,1,,38.00000000000001,52.4,76.01,145.0,2.0,38.00000000000001,39680,38520,1160,0.029233870967741934,0,0,1.0,40.0,0.0,20.0,0.0,-15.0,25.0,6.01,0.0,0.1221344925735045
70,1328,11,15588,0,1,,38.00000000000001,36.1,48.0,133.0,3.0,54.300000000000004,39680,37940,1740,0.043850806451612906,7,-7,0.0,40.0,0.0,20.0,0.0,-15.0,3.0,0.0,0.0,0.004939298867534268
70,1328,304,16088,0,1,,38.00000000000001,36.1,48.0,133.0,4.0,54.300000000000004,39680,25760,13920,0.35080645161290325,6,6,0.0,40.0,0.0,20.0,0.0,-15.0,3.0,0.0,0.0,0.0044072201946163455
70,1328,388,16257,0,1,,38.00000000000001,33.8,45.0,133.0,6.0,56.60000000000001,39680,27380,12300,0.30997983870967744,13,13,0.0,40.0,0.0,20.0,0.0,-15.0,0.0,0.0,0.0,0.0027694153102152804
70,1328,387,16256,0,1,,38.00000000000001,33.8,45.0,133.0,5.0,56.60000000000001,39680,23680,16000,0.4032258064516129,13,13,0.0,40.0,0.0,20.0,0.0,-15.0,0.0,0.0,0.0,0.00263060720684005
71,1367,195,15873,0,0,,0.0,45.1,60.0,133.0,1.0,0.0,2030,522,1508,0.7428571428571429,1,1,0.0,40.0,0.0,20.0,0.0,-15.0,15.0,0.0,0.0,0.07611908516187191
71,1367,196,15873,0,0,,0.0,45.1,60.0,133.0,2.0,0.0,2030,520,1510,0.7438423645320197,1,1,0.0,40.0,0.0,20.0,0.0,-15.0,15.0,0.0,0.0,0.07569956293937578
71,1367,198,15873,0,0,,0.0,45.1,60.0,133.0,4.0,0.0,2030,538,1492,0.734975369458128,1,1,0.0,40.0,0.0,20.0,0.0,-15.0,15.0,0.0,0.0,0.07501736126967387
71,1367,197,15873,0,0,,0.0,45.1,60.0,133.0,3.0,0.0,2030,450,1580,0.7783251231527094,1,1,0.0,40.0,0.0,20.0,0.0,-15.0,15.0,0.0,0.0,0.07481643382390965
71,1367,339,16195,0,0,,0.0,0.0,-8.72,133.0,5.0,45.1,2030,2011,19,0.00935960591133005,13,13,0.0,0.0,-40.0,0.0,31.28,0.0,0.0,0.0,0.0,0.021349137156572884
72,1367,204,15873,1,1,top_clean_score_margin_weight_date,80.9,86.5,115.0,133.0,1.0,0.0,255,255,0,0.0,1,1,0.0,40.0,0.0,20.0,40.0,0.0,15.0,0.0,0.0,0.9563865730493911
72,1367,66,15723,0,1,,80.9,5.6,7.5,133.0,2.0,80.9,255,256,1,0.00392156862745098,2,-2,0.0,0.0,-40.0,0.0,40.0,0.0,7.5,0.0,0.0,0.03272615853484944
72,1367,38,15723,0,1,,80.9,1.4,1.81,133.0,3.0,85.1,255,257,2,0.00784313725490196,2,-2,0.0,0.0,-40.0,0.0,34.31,0.0,7.5,0.0,0.0,0.01733963649503112
72,1367,286,16052,0,1,,80.9,0.0,-18.37,133.0,5.0,86.5,255,251,4,0.01568627450980392,6,6,0.0,0.0,-40.0,0.0,18.63,0.0,3.0,0.0,0.0,0.0038055501030178976
72,1367,83,15734,0,1,,80.9,0.0,-22.06,133.0,4.0,86.5,255,261,6,0.023529411764705882,1,-1,0.0,0.0,-40.0,0.0,2.94,0.0,15.0,0.0,0.0,0.0024080278133814586
73,1367,203,15873,0,0,,0.0,45.1,60.0,133.0,1.0,0.0,2940,1512,1428,0.4857142857142857,1,1,0.0,40.0,0.0,20.0,0.0,-15.0,15.0,0.0,0.0,0.07884185872309338
73,1367,206,15873,0,0,,0.0,45.1,60.0,133.0,2.0,0.0,2940,1428,1512,0.5142857142857142,1,1,0.0,40.0,0.0,20.0,0.0,-15.0,15.0,0.0,0.0,0.07798968144560776
73,1367,43,15723,0,0,,0.0,1.9,2.53,133.0,4.0,43.2,2940,2918,22,0.007482993197278911,2,-2,0.0,0.0,-40.0,0.0,35.03,0.0,7.5,0.0,0.0,0.057756860277427546
73,1367,350,16195,0,0,,0.0,33.8,45.0,133.0,3.0,11.300000000000004,2940,1756,1184,0.40272108843537413,13,13,0.0,40.0,0.0,20.0,0.0,-15.0,0.0,0.0,0.0,0.016158110173871473
74,1367,157,15871,0,0,,0.0,45.1,60.0,133.0,2.0,0.0,3758,718,3040,0.8089409260244811,1,-1,0.0,40.0,0.0,20.0,0.0,-15.0,15.0,0.0,0.0,0.07217120322226912
74,1367,158,15871,0,0,,0.0,45.1,60.0,133.0,3.0,0.0,3758,784,2974,0.7913783927621075,1,-1,0.0,40.0,0.0,20.0,0.0,-15.0,15.0,0.0,0.0,0.07204197587892334
74,1367,156,15871,0,0,,0.0,45.1,60.0,133.0,1.0,0.0,3758,584,3174,0.844598190526876,1,-1,0.0,40.0,0.0,20.0,0.0,-15.0,15.0,0.0,0.0,0.07203491056323304
74,1367,159,15871,0,0,,0.0,45.1,60.0,133.0,4.0,0.0,3758,806,2952,0.785524215007983,1,-1,0.0,40.0,0.0,20.0,0.0,-15.0,15.0,0.0,0.0,0.07174176479683994
74,1367,160,15871,0,0,,0.0,45.1,60.0,133.0,5.0,0.0,3758,866,2892,0.7695582756785524,1,-1,0.0,40.0,0.0,20.0,0.0,-15.0,15.0,0.0,0.0,0.07158996967389658
74,1367,217,15878,0,0,,0.0,0.0,-3.74,133.0,8.0,45.1,3758,3812,54,0.014369345396487493,1,1,0.0,0.0,-40.0,0.0,21.26,0.0,15.0,0.0,0.0,0.027777497978949
74,1367,319,16108,0,0,,0.0,33.8,45.0,133.0,7.0,11.300000000000004,3758,407,3351,0.8916977115486961,8,8,0.0,40.0,0.0,20.0,0.0,-15.0,0.0,0.0,0.0,0.016434681879014666
74,1367,317,16108,0,0,,0.0,33.8,45.0,133.0,6.0,11.300000000000004,3758,141,3617,0.9624800425758382,8,8,0.0,40.0,0.0,20.0,0.0,-15.0,0.0,0.0,0.0,0.01627796480735492
75,1367,161,15871,1,1,top_clean_score_margin_weight_date,41.4,86.5,115.0,133.0,1.0,0.0,974,974,0,0.0,1,-1,0.0,40.0,0.0,20.0,40.0,0.0,15.0,0.0,0.0,0.9558141000528734
75,1367,186,15865,0,1,,41.4,0.0,-3.75,133.0,4.0,86.5,974,960,14,0.014373716632443531,1,1,0.0,0.0,-40.0,0.0,21.25,0.0,15.0,0.0,0.0,0.008986729583391334
75,1367,139,16140,0,1,,41.4,45.1,60.0,133.0,2.0,41.4,974,11610,10636,10.919917864476385,1,-1,0.0,40.0,0.0,20.0,0.0,-15.0,15.0,0.0,0.0,0.003667724973814481
75,1367,324,16268,0,1,,41.4,33.8,45.0,133.0,3.0,52.7,974,9558,8584,8.813141683778234,11,11,0.0,40.0,0.0,20.0,0.0,-15.0,0.0,0.0,0.0,0.0011129970309458064
76,1367,199,15873,0,0,,0.0,45.1,60.0,133.0,1.0,0.0,774,164,610,0.7881136950904393,1,1,0.0,40.0,0.0,20.0,0.0,-15.0,15.0,0.0,0.0,0.07708266245334738
76,1367,202,15873,0,0,,0.0,45.1,60.0,133.0,4.0,0.0,774,232,542,0.7002583979328165,1,1,0.0,40.0,0.0,20.0,0.0,-15.0,15.0,0.0,0.0,0.07701377157771896
76,1367,200,15873,0,0,,0.0,45.1,60.0,133.0,2.0,0.0,774,182,592,0.7648578811369509,1,1,0.0,40.0,0.0,20.0,0.0,-15.0,15.0,0.0,0.0,0.0769797762348045
76,1367,201,15873,0,0,,0.0,45.1,60.0,133.0,3.0,0.0,774,196,578,0.7467700258397932,1,1,0.0,40.0,0.0,20.0,0.0,-15.0,15.0,0.0,0.0,0.07680866042947868
76,1367,158,15871,0,0,,0.0,0.0,-0.84,133.0,23.0,45.1,774,784,10,0.012919896640826873,1,-1,0.0,0.0,-40.0,0.0,24.16,0.0,15.0,0.0,0.0,0.031956277065920066
76,1367,275,16052,0,0,,0.0,36.1,48.0,133.0,5.0,9.0,774,624,150,0.1937984496124031,6,6,0.0,40.0,0.0,20.0,0.0,-15.0,3.0,0.0,0.0,0.027333398958221674
76,1367,273,16052,0,0,,0.0,36.1,48.0,133.0,13.0,9.0,774,800,26,0.03359173126614987,6,6,0.0,40.0,0.0,20.0,0.0,-15.0,3.0,0.0,0.0,0.02690103893198716
76,1367,272,16052,0,0,,0.0,36.1,48.0,133.0,16.0,9.0,774,823,49,0.06330749354005168,6,6,0.0,40.0,0.0,20.0,0.0,-15.0,3.0,0.0,0.0,0.026308406820817545
76,1367,274,16052,0,0,,0.0,36.1,48.0,133.0,14.0,9.0,774,644,130,0.16795865633074936,6,6,0.0,40.0,0.0,20.0,0.0,-15.0,3.0,0.0,0.0,0.026105329575616915
76,1367,281,16052,0,0,,0.0,36.1,48.0,133.0,12.0,9.0,774,452,322,0.4160206718346253,6,6,0.0,40.0,0.0,20.0,0.0,-15.0,3.0,0.0,0.0,0.025237826014770242
76,1367,283,16052,0,0,,0.0,36.1,48.0,133.0,11.0,9.0,774,325,449,0.5801033591731266,6,6,0.0,40.0,0.0,20.0,0.0,-15.0,3.0,0.0,0.0,0.02463459430554444
76,1367,289,16052,0,0,,0.0,36.1,48.0,133.0,7.0,9.0,774,201,573,0.7403100775193798,6,6,0.0,40.0,0.0,20.0,0.0,-15.0,3.0,0.0,0.0,0.024473206712298128
76,1367,292,16052,0,0,,0.0,36.1,48.0,133.0,6.0,9.0,774,175,599,0.7739018087855297,6,6,0.0,40.0,0.0,20.0,0.0,-15.0,3.0,0.0,0.0,0.024461747949388768
76,1367,285,16052,0,0,,0.0,36.1,48.0,133.0,10.0,9.0,774,266,508,0.6563307493540051,6,6,0.0,40.0,0.0,20.0,0.0,-15.0,3.0,0.0,0.0,0.024432856696222863
76,1367,287,16052,0,0,,0.0,36.1,48.0,133.0,9.0,9.0,774,228,546,0.7054263565891473,6,6,0.0,40.0,0.0,20.0,0.0,-15.0,3.0,0.0,0.0,0.02435263801189696
76,1367,288,16052,0,0,,0.0,36.1,48.0,133.0,8.0,9.0,774,153,621,0.8023255813953488,6,6,0.0,40.0,0.0,20.0,0.0,-15.0,3.0,0.0,0.0,0.024062471821741607
76,1367,291,16052,0,0,,0.0,36.1,48.0,133.0,15.0,9.0,774,182,592,0.7648578811369509,6,6,0.0,40.0,0.0,20.0,0.0,-15.0,3.0,0.0,0.0,0.023288261715114448
76,1367,266,16052,0,0,,0.0,36.1,48.0,133.0,17.0,9.0,774,1367,593,0.7661498708010336,6,6,0.0,40.0,0.0,20.0,0.0,-15.0,3.0,0.0,0.0,0.02302429515038988
76,1367,261,16052,0,0,,0.0,36.1,48.0,133.0,18.0,9.0,774,147,627,0.810077519379845,6,6,0.0,40.0,0.0,20.0,0.0,-15.0,3.0,0.0,0.0,0.02270899321813947
76,1367,290,16052,0,0,,0.0,36.1,48.0,133.0,20.0,9.0,774,194,580,0.7493540051679587,6,6,0.0,40.0,0.0,20.0,0.0,-15.0,3.0,0.0,0.0,0.02270357096002371
76,1367,293,16052,0,0,,0.0,36.1,48.0,133.0,19.0,9.0,774,166,608,0.7855297157622739,6,6,0.0,40.0,0.0,20.0,0.0,-15.0,3.0,0.0,0.0,0.022682238676274266
76,1367,74,15723,0,0,,0.0,0.0,-10.92,133.0,24.0,45.1,774,763,11,0.014211886304909561,2,-2,0.0,0.0,-40.0,0.0,21.58,0.0,7.5,0.0,0.0,0.018611955686504696
76,1367,352,16195,0,0,,0.0,33.8,45.0,133.0,21.0,11.300000000000004,774,435,339,0.437984496124031,13,13,0.0,40.0,0.0,20.0,0.0,-15.0,0.0,0.0,0.0,0.014923429623431577
76,1367,75,15723,0,0,,0.0,0.0,-26.32,133.0,22.0,45.1,774,756,18,0.023255813953488372,2,-2,0.0,0.0,-40.0,0.0,3.49,0.0,7.5,0.0,2.69,0.005476690033380395
77,1367,205,15873,1,1,top_clean_score_margin_weight_date,82.39999999999999,88.1,117.18,133.0,1.0,0.0,230,230,0,0.0,1,1,0.0,40.0,0.0,20.0,40.0,0.0,15.0,0.0,2.18,0.9600377328796501
77,1367,202,15873,0,1,,82.39999999999999,5.7,7.61,133.0,2.0,82.39999999999999,230,232,2,0.008695652173913044,1,1,0.0,0.0,-40.0,0.0,32.61,0.0,15.0,0.0,0.0,0.026797993273852357
77,1367,287,16052,0,1,,82.39999999999999,0.0,-4.39,133.0,11.0,88.1,230,228,2,0.008695652173913044,6,6,0.0,0.0,-40.0,0.0,32.61,0.0,3.0,0.0,0.0,0.009587560955735456
77,1367,215,15878,0,1,,82.39999999999999,0.0,-21.75,133.0,15.0,88.1,230,364,134,0.5826086956521739,1,1,0.0,0.0,-40.0,18.25,0.0,-15.0,15.0,0.0,0.0,0.0005307182157725909
77,1367,220,15878,0,1,,82.39999999999999,0.0,-21.75,133.0,14.0,88.1,230,70,160,0.6956521739130435,1,1,0.0,0.0,-40.0,18.25,0.0,-15.0,15.0,0.0,0.0,0.0005230049005832022
77,1367,216,15878,0,1,,82.39999999999999,0.0,-21.75,133.0,4.0,88.1,230,553,323,1.4043478260869566,1,1,0.0,0.0,-40.0,18.25,0.0,-15.0,15.0,0.0,0.0,0.00048767063692860637
77,1367,213,15878,0,1,,82.39999999999999,0.0,-21.75,133.0,17.0,88.1,230,553,323,1.4043478260869566,1,1,0.0,0.0,-40.0,18.25,0.0,-15.0,15.0,0.0,0.0,0.00045236654194056187
77,1367,42,15723,0,1,,82.39999999999999,0.0,-29.25,133.0,24.0,88.1,230,290,60,0.2608695652173913,2,-2,0.0,0.0,-40.0,18.25,0.0,-15.0,7.5,0.0,0.0,0.00036926942394392107
77,1367,39,15723,0,1,,82.39999999999999,0.0,-29.25,133.0,3.0,88.1,230,627,397,1.7260869565217392,2,-2,0.0,0.0,-40.0,18.25,0.0,-15.0,7.5,0.0,0.0,0.00032011632588048607
77,1367,41,15723,0,1,,82.39999999999999,0.0,-29.25,133.0,25.0,88.1,230,530,300,1.3043478260869565,2,-2,0.0,0.0,-40.0,18.25,0.0,-15.0,7.5,0.0,0.0,0.0003041600660601084
77,1367,40,15723,0,1,,82.39999999999999,0.0,-29.25,133.0,16.0,88.1,230,611,381,1.6565217391304348,2,-2,0.0,0.0,-40.0,18.25,0.0,-15.0,7.5,0.0,0.0,0.0003006874574244989
77,1367,78,15723,0,1,,82.39999999999999,0.0,-29.25,133.0,18.0,88.1,230,700,470,2.0434782608695654,2,-2,0.0,0.0,-40.0,18.25,0.0,-15.0,7.5,0.0,0.0,0.00027719392114412155
77,1367,77,15723,0,1,,82.39999999999999,0.0,-29.25,133.0,19.0,88.1,230,704,474,2.0608695652173914,2,-2,0.0,0.0,-40.0,18.25,0.0,-15.0,7.5,0.0,0.0,0.0002747327856582834
77,1367,76,15723,0,1,,82.39999999999999,0.0,-29.25,133.0,20.0,88.1,230,733,503,2.1869565217391305,2,-2,0.0,0.0,-40.0,18.25,0.0,-15.0,7.5,0.0,0.0,0.000267007295541533
77,1367,75,15723,0,1,,82.39999999999999,0.0,-29.25,133.0,21.0,88.1,230,756,526,2.2869565217391306,2,-2,0.0,0.0,-40.0,18.25,0.0,-15.0,7.5,0.0,0.0,0.0002607228440113385
77,1367,74,15723,0,1,,82.39999999999999,0.0,-29.25,133.0,22.0,88.1,230,763,533,2.3173913043478263,2,-2,0.0,0.0,-40.0,18.25,0.0,-15.0,7.5,0.0,0.0,0.0002578007048709844
77,1367,73,15723,0,1,,82.39999999999999,0.0,-29.25,133.0,23.0,88.1,230,819,589,2.5608695652173914,2,-2,0.0,0.0,-40.0,18.25,0.0,-15.0,7.5,0.0,0.0,0.00024530198399022883
77,1367,360,16195,0,1,,82.39999999999999,0.0,-37.76,133.0,5.0,88.1,230,309,79,0.34347826086956523,13,13,0.0,0.0,-40.0,17.24,0.0,-15.0,0.0,0.0,0.0,0.00020633362221794005
77,1367,359,16195,0,1,,82.39999999999999,0.0,-37.76,133.0,6.0,88.1,230,325,95,0.41304347826086957,13,13,0.0,0.0,-40.0,17.24,0.0,-15.0,0.0,0.0,0.0,0.00020258601391889887
77,1367,358,16195,0,1,,82.39999999999999,0.0,-37.76,133.0,7.0,88.1,230,334,104,0.45217391304347826,13,13,0.0,0.0,-40.0,17.24,0.0,-15.0,0.0,0.0,0.0,0.0002000013897052941
77,1367,357,16195,0,1,,82.39999999999999,0.0,-37.76,133.0,8.0,88.1,230,327,97,0.4217391304347826,13,13,0.0,0.0,-40.0,17.24,0.0,-15.0,0.0,0.0,0.0,0.00019994290114495246
77,1367,344,16195,0,1,,82.39999999999999,0.0,-37.76,133.0,10.0,88.1,230,359,129,0.5608695652173913,13,13,0.0,0.0,-40.0,17.24,0.0,-15.0,0.0,0.0,0.0,0.00019274573364248603
77,1367,345,16195,0,1,,82.39999999999999,0.0,-37.76,133.0,9.0,88.1,230,375,145,0.6304347826086957,13,13,0.0,0.0,-40.0,17.24,0.0,-15.0,0.0,0.0,0.0,0.0001914460766617662
77,1367,361,16195,0,1,,82.39999999999999,0.0,-37.76,133.0,26.0,88.1,230,339,109,0.47391304347826085,13,13,0.0,0.0,-40.0,17.24,0.0,-15.0,0.0,0.0,0.0,0.0001784915616277946
77,1367,258,16153,0,1,,82.39999999999999,0.0,-33.75,133.0,12.0,88.1,230,2199,1969,8.560869565217391,6,6,0.0,0.0,-40.0,18.25,0.0,-15.0,3.0,0.0,0.0,6.51369315736932e-05
77,1367,257,16153,0,1,,82.39999999999999,0.0,-33.75,133.0,13.0,88.1,230,2549,2319,10.082608695652175,6,6,0.0,0.0,-40.0,18.25,0.0,-15.0,3.0,0.0,0.0,4.921442895181513e-05
78,1323,169,15803,0,0,,3.5999999999999943,54.3,78.79,145.0,1.0,0.0,41480,25020,16460,0.396817743490839,0,0,1.0,40.0,0.0,20.0,0.0,-15.0,25.0,8.79,0.0,0.28554273822213905
78,1323,181,15836,0,0,,3.5999999999999943,50.7,73.57,145.0,2.0,3.5999999999999943,41480,720,40760,0.982642237222758,0,0,1.0,40.0,0.0,20.0,0.0,-15.0,25.0,3.57,0.0,0.14443578374539756
78,1323,182,15836,0,0,,3.5999999999999943,50.7,73.57,145.0,3.0,3.5999999999999943,41480,700,40780,0.9831243972999035,0,0,1.0,40.0,0.0,20.0,0.0,-15.0,25.0,3.57,0.0,0.1436849237824719
78,1323,183,15836,0,0,,3.5999999999999943,50.7,73.57,145.0,4.0,3.5999999999999943,41480,680,40800,0.9836065573770492,0,0,1.0,40.0,0.0,20.0,0.0,-15.0,25.0,3.57,0.0,0.14293731508697702
78,1323,12,15683,0,0,,3.5999999999999943,39.9,53.08,133.0,5.0,14.399999999999999,41480,28880,12600,0.3037608486017358,3,-3,0.0,40.0,0.0,20.0,0.0,-15.0,7.5,0.0,0.58,0.020162793788187545
78,1323,228,15979,0,0,,3.5999999999999943,36.5,48.58,133.0,6.0,17.799999999999997,41480,34460,7020,0.16923818707810992,4,4,0.0,40.0,0.0,20.0,0.0,-15.0,3.0,0.0,0.58,0.014800400940158697
78,1323,307,16073,0,0,,3.5999999999999943,36.1,48.0,133.0,7.0,18.199999999999996,41480,21264,20216,0.487367405978785,7,7,0.0,40.0,0.0,20.0,0.0,-15.0,3.0,0.0,0.0,0.010598701426762534
78,1323,337,16185,0,0,,3.5999999999999943,34.3,45.58,133.0,12.0,20.0,41480,42600,1120,0.02700096432015429,12,12,0.0,40.0,0.0,20.0,0.0,-15.0,0.0,0.0,0.58,0.009486515047457164
78,1323,368,16197,0,0,,3.5999999999999943,33.8,45.0,133.0,13.0,20.5,41480,47700,6220,0.14995178399228543,13,13,0.0,40.0,0.0,20.0,0.0,-15.0,0.0,0.0,0.0,0.00813479181139164
78,1323,331,16161,0,0,,3.5999999999999943,35.3,46.92,133.0,8.0,19.0,41480,1720,39760,0.9585342333654774,12,12,0.0,40.0,0.0,20.0,0.0,-15.0,0.0,0.0,1.92,0.005872796104315511
78,1323,332,16161,0,0,,3.5999999999999943,35.3,46.92,133.0,9.0,19.0,41480,1000,40480,0.9758919961427194,12,12,0.0,40.0,0.0,20.0,0.0,-15.0,0.0,0.0,1.92,0.005775510741298947
78,1323,333,16161,0,0,,3.5999999999999943,35.3,46.92,133.0,10.0,19.0,41480,820,40660,0.9802314368370298,12,12,0.0,40.0,0.0,20.0,0.0,-15.0,0.0,0.0,1.92,0.005726690679658117
78,1323,334,16161,0,0,,3.5999999999999943,35.3,46.92,133.0,11.0,19.0,41480,800,40680,0.9807135969141755,12,12,0.0,40.0,0.0,20.0,0.0,-15.0,0.0,0.0,1.92,0.005692122607407317
79,1363,139,16140,1,1,top_clean_score_margin_weight_date,41.9,89.3,118.83,133.0,1.0,0.0,11610,11610,0,0.0,1,-1,0.0,40.0,0.0,20.0,40.0,0.0,15.0,0.0,3.83,0.958271820797323
79,1363,161,15871,0,1,,41.9,47.4,63.01,133.0,2.0,41.9,11610,974,10636,0.9161068044788975,1,-1,0.0,40.0,0.0,20.0,0.0,-15.0,15.0,0.0,3.01,0.021601373593068764
79,1363,324,16268,0,1,,41.9,36.7,48.83,133.0,3.0,52.599999999999994,11610,9558,2052,0.17674418604651163,11,11,0.0,40.0,0.0,20.0,0.0,-15.0,0.0,0.0,3.83,0.0058958394126869
79,1363,335,16170,0,1,,41.9,0.0,-33.07,133.0,4.0,89.3,11610,11860,250,0.02153316106804479,12,12,0.0,0.0,-40.0,0.0,6.93,0.0,0.0,0.0,0.0,0.0009892615897969977
80,1363,138,16140,1,1,top_clean_score_margin_weight_date,47.0,86.5,115.0,133.0,1.0,0.0,1290,1290,0,0.0,1,-1,0.0,40.0,0.0,20.0,40.0,0.0,15.0,0.0,0.0,0.9556887118832919
80,1363,55,15723,0,1,,47.0,39.5,52.5,133.0,3.0,47.0,1290,1111,179,0.1387596899224806,2,-2,0.0,40.0,0.0,20.0,0.0,-15.0,7.5,0.0,0.0,0.01398334771903844
80,1363,31,15665,0,1,,47.0,39.5,52.5,133.0,2.0,47.0,1290,1579,289,0.224031007751938,3,-3,0.0,40.0,0.0,20.0,0.0,-15.0,7.5,0.0,0.0,0.013320784312903991
80,1363,346,16195,0,1,,47.0,0.0,0.0,133.0,7.0,86.5,1290,1294,4,0.0031007751937984496,13,13,0.0,0.0,-40.0,0.0,40.0,0.0,0.0,0.0,0.0,0.012181788480584323
80,1363,133,15741,0,1,,47.0,0.0,-1.36,133.0,5.0,86.5,1290,1273,17,0.01317829457364341,1,-1,0.0,0.0,-40.0,0.0,23.64,0.0,15.0,0.0,0.0,0.01049924347203394
80,1363,322,16268,0,1,,47.0,33.8,45.0,133.0,4.0,52.7,1290,579,711,0.5511627906976744,11,11,0.0,40.0,0.0,20.0,0.0,-15.0,0.0,0.0,0.0,0.005201698778892033
80,1363,267,16052,0,1,,47.0,0.0,-30.41,133.0,6.0,86.5,1290,1318,28,0.021705426356589147,6,6,0.0,0.0,-40.0,0.0,6.59,0.0,3.0,0.0,0.0,0.0015724921818539373
81,1320,146,15759,0,0,,8.399999999999999,53.5,77.51,145.0,1.0,0.0,61060,28260,32800,0.5371765476580412,0,0,1.0,40.0,0.0,20.0,0.0,-15.0,25.0,7.51,0.0,0.19832801755790722
81,1320,34,15696,0,0,,8.399999999999999,45.1,60.0,133.0,7.0,8.399999999999999,61060,24780,36280,0.5941696691778579,1,-1,0.0,40.0,0.0,20.0,0.0,-15.0,15.0,0.0,0.0,0.024338638724098312
81,1320,179,15833,0,0,,8.399999999999999,45.1,60.0,133.0,4.0,8.399999999999999,61060,20800,40260,0.6593514575827055,1,1,0.0,40.0,0.0,20.0,0.0,-15.0,15.0,0.0,0.0,0.023608847734910992
81,1320,167,15789,0,0,,8.399999999999999,45.1,60.0,133.0,5.0,8.399999999999999,61060,8180,52880,0.8660334097608909,1,1,0.0,40.0,0.0,20.0,0.0,-15.0,15.0,0.0,0.0,0.019766547332149685
81,1320,53,15723,0,0,,8.399999999999999,45.1,60.0,133.0,2.0,8.399999999999999,61060,338,60722,0.994464461185719,1,-1,0.0,40.0,0.0,20.0,0.0,-15.0,15.0,0.0,0.0,0.017940895890181364
81,1320,50,15723,0,0,,8.399999999999999,45.1,60.0,133.0,3.0,8.399999999999999,61060,526,60534,0.9913855224369472,1,-1,0.0,40.0,0.0,20.0,0.0,-15.0,15.0,0.0,0.0,0.017885220607452325
81,1320,54,15723,0,0,,8.399999999999999,45.1,60.0,133.0,6.0,8.399999999999999,61060,286,60774,0.9953160825417622,1,-1,0.0,40.0,0.0,20.0,0.0,-15.0,15.0,0.0,0.0,0.017525350019598093
81,1320,52,15723,0,0,,8.399999999999999,45.1,60.0,133.0,8.0,8.399999999999999,61060,368,60692,0.9939731411726171,1,-1,0.0,40.0,0.0,20.0,0.0,-15.0,15.0,0.0,0.0,0.01734675921768496
81,1320,51,15723,0,0,,8.399999999999999,45.1,60.0,133.0,9.0,8.399999999999999,61060,403,60657,0.9933999344906649,1,-1,0.0,40.0,0.0,20.0,0.0,-15.0,15.0,0.0,0.0,0.01725671813276821
81,1320,49,15723,0,0,,8.399999999999999,45.1,60.0,133.0,10.0,8.399999999999999,61060,597,60463,0.9902227317392729,1,-1,0.0,40.0,0.0,20.0,0.0,-15.0,15.0,0.0,0.0,0.01720454182319084
81,1320,48,15723,0,0,,8.399999999999999,45.1,60.0,133.0,11.0,8.399999999999999,61060,603,60457,0.9901244677366525,1,-1,0.0,40.0,0.0,20.0,0.0,-15.0,15.0,0.0,0.0,0.017108432549470618
81,1320,47,15723,0,0,,8.399999999999999,45.1,60.0,133.0,12.0,8.399999999999999,61060,613,60447,0.9899606943989518,1,-1,0.0,40.0,0.0,20.0,0.0,-15.0,15.0,0.0,0.0,0.017013782612361698
81,1320,46,15723,0,0,,8.399999999999999,45.1,60.0,133.0,13.0,8.399999999999999,61060,673,60387,0.9889780543727481,1,-1,0.0,40.0,0.0,20.0,0.0,-15.0,15.0,0.0,0.0,0.016931234901034053
81,1320,45,15723,0,0,,8.399999999999999,45.1,60.0,133.0,14.0,8.399999999999999,61060,691,60369,0.988683262364887,1,-1,0.0,40.0,0.0,20.0,0.0,-15.0,15.0,0.0,0.0,0.01683939314379282
81,1320,44,15723,0,0,,8.399999999999999,45.1,60.0,133.0,15.0,8.399999999999999,61060,1008,60052,0.9834916475597772,1,-1,0.0,40.0,0.0,20.0,0.0,-15.0,15.0,0.0,0.0,0.016816759235676538
81,1320,184,15847,0,0,,8.399999999999999,39.5,52.5,133.0,16.0,14.0,61060,17860,43200,0.7075008188666885,2,2,0.0,40.0,0.0,20.0,0.0,-15.0,7.5,0.0,0.0,0.010995125306301753
81,1320,250,16024,0,0,,8.399999999999999,36.1,48.0,133.0,17.0,17.4,61060,43100,17960,0.2941369145103177,6,6,0.0,40.0,0.0,20.0,0.0,-15.0,3.0,0.0,0.0,0.009342684571172998
81,1320,238,15945,0,0,,8.399999999999999,36.1,48.0,133.0,20.0,17.4,61060,18440,42620,0.6980019652800524,5,5,0.0,40.0,0.0,20.0,0.0,-15.0,3.0,0.0,0.0,0.006740823905513989
81,1320,10,15574,0,0,,8.399999999999999,36.1,48.0,133.0,19.0,17.4,61060,17040,44020,0.7209302325581395,5,-5,0.0,40.0,0.0,20.0,0.0,-15.0,3.0,0.0,0.0,0.006425770054851727
81,1320,294,16050,0,0,,8.399999999999999,36.1,48.0,133.0,18.0,17.4,61060,15280,45780,0.7497543399934491,7,7,0.0,40.0,0.0,20.0,0.0,-15.0,3.0,0.0,0.0,0.006127455867369953
81,1320,308,16089,0,0,,8.399999999999999,33.8,45.0,133.0,21.0,19.700000000000003,61060,22440,38620,0.6324926301998035,9,9,0.0,40.0,0.0,20.0,0.0,-15.0,0.0,0.0,0.0,0.00483362881912515
81,1320,335,16170,0,0,,8.399999999999999,33.8,45.0,133.0,23.0,19.700000000000003,61060,11860,49200,0.8057648214870619,13,13,0.0,40.0,0.0,20.0,0.0,-15.0,0.0,0.0,0.0,0.003635428132654253
81,1320,328,16155,0,0,,8.399999999999999,33.8,45.0,133.0,22.0,19.700000000000003,61060,1083,59977,0.9822633475270226,13,13,0.0,40.0,0.0,20.0,0.0,-15.0,0.0,0.0,0.0,0.0031483984849819276
82,1318,34,15696,0,0,,2.3999999999999986,55.4,80.26,145.0,1.0,0.0,50700,24780,25920,0.5112426035502958,0,0,1.0,40.0,0.0,20.0,0.0,-15.0,25.0,10.26,0.0,0.2652504361942888
82,1318,52,15723,0,0,,2.3999999999999986,53.0,76.89,145.0,2.0,2.3999999999999986,50700,368,50332,0.992741617357002,0,0,1.0,40.0,0.0,20.0,0.0,-15.0,25.0,6.89,0.0,0.15499319876318413
82,1318,49,15723,0,0,,2.3999999999999986,53.0,76.89,145.0,3.0,2.3999999999999986,50700,597,50103,0.988224852071006,0,0,1.0,40.0,0.0,20.0,0.0,-15.0,25.0,6.89,0.0,0.15467163038778456
82,1318,54,15723,0,0,,2.3999999999999986,53.0,76.89,145.0,4.0,2.3999999999999986,50700,286,50414,0.9943589743589744,0,0,1.0,40.0,0.0,20.0,0.0,-15.0,25.0,6.89,0.0,0.15332968580591036
82,1318,53,15723,0,0,,2.3999999999999986,53.0,76.89,145.0,5.0,2.3999999999999986,50700,338,50362,0.9933333333333333,0,0,1.0,40.0,0.0,20.0,0.0,-15.0,25.0,6.89,0.0,0.1526780820143396
82,1318,51,15723,0,0,,2.3999999999999986,53.0,76.89,145.0,6.0,2.3999999999999986,50700,403,50297,0.992051282051282,0,0,1.0,40.0,0.0,20.0,0.0,-15.0,25.0,6.89,0.0,0.15205309213166823
82,1318,50,15723,0,0,,2.3999999999999986,53.0,76.89,145.0,7.0,2.3999999999999986,50700,526,50174,0.9896252465483235,0,0,1.0,40.0,0.0,20.0,0.0,-15.0,25.0,6.89,0.0,0.15153847973144424
82,1318,48,15723,0,0,,2.3999999999999986,53.0,76.89,145.0,8.0,2.3999999999999986,50700,603,50097,0.9881065088757397,0,0,1.0,40.0,0.0,20.0,0.0,-15.0,25.0,6.89,0.0,0.15093965835861994
82,1318,47,15723,0,0,,2.3999999999999986,53.0,76.89,145.0,9.0,2.3999999999999986,50700,613,50087,0.9879092702169625,0,0,1.0,40.0,0.0,20.0,0.0,-15.0,25.0,6.89,0.0,0.15021852403762972
82,1318,46,15723,0,0,,2.3999999999999986,53.0,76.89,145.0,10.0,2.3999999999999986,50700,673,50027,0.9867258382642998,0,0,1.0,40.0,0.0,20.0,0.0,-15.0,25.0,6.89,0.0,0.14959258637440115
82,1318,45,15723,0,0,,2.3999999999999986,53.0,76.89,145.0,11.0,2.3999999999999986,50700,691,50009,0.986370808678501,0,0,1.0,40.0,0.0,20.0,0.0,-15.0,25.0,6.89,0.0,0.14889148268565916
82,1318,44,15723,0,0,,2.3999999999999986,53.0,76.89,145.0,12.0,2.3999999999999986,50700,1008,49692,0.9801183431952663,0,0,1.0,40.0,0.0,20.0,0.0,-15.0,25.0,6.89,0.0,0.1487421038331305
82,1318,146,15759,0,0,,2.3999999999999986,45.1,60.0,133.0,13.0,10.299999999999997,50700,28260,22440,0.44260355029585796,1,1,0.0,40.0,0.0,20.0,0.0,-15.0,15.0,0.0,0.0,0.029393065449713297
82,1318,179,15833,0,0,,2.3999999999999986,39.5,52.5,133.0,15.0,15.899999999999999,50700,20800,29900,0.5897435897435898,2,2,0.0,40.0,0.0,20.0,0.0,-15.0,7.5,0.0,0.0,0.013603473945150468
82,1318,184,15847,0,0,,2.3999999999999986,39.5,52.5,133.0,16.0,15.899999999999999,50700,17860,32840,0.6477317554240631,3,3,0.0,40.0,0.0,20.0,0.0,-15.0,7.5,0.0,0.0,0.012567390867520572
82,1318,167,15789,0,0,,2.3999999999999986,39.5,52.5,133.0,14.0,15.899999999999999,50700,8180,42520,0.8386587771203156,2,2,0.0,40.0,0.0,20.0,0.0,-15.0,7.5,0.0,0.0,0.011416208295581974
82,1318,250,16024,0,0,,2.3999999999999986,36.1,48.0,133.0,17.0,19.299999999999997,50700,43100,7600,0.14990138067061143,7,7,0.0,40.0,0.0,20.0,0.0,-15.0,3.0,0.0,0.0,0.010841197194085049
82,1318,10,15574,0,0,,2.3999999999999986,36.1,48.0,133.0,18.0,19.299999999999997,50700,17040,33660,0.663905325443787,4,-4,0.0,40.0,0.0,20.0,0.0,-15.0,3.0,0.0,0.0,0.007923348799546226
82,1318,238,15945,0,0,,2.3999999999999986,36.1,48.0,133.0,19.0,19.299999999999997,50700,18440,32260,0.6362919132149901,6,6,0.0,40.0,0.0,20.0,0.0,-15.0,3.0,0.0,0.0,0.007756507232233436
82,1318,308,16089,0,0,,2.3999999999999986,33.8,45.0,133.0,21.0,21.6,50700,22440,28260,0.557396449704142,10,10,0.0,40.0,0.0,20.0,0.0,-15.0,0.0,0.0,0.0,0.005544764959793353
82,1318,294,16050,0,0,,2.3999999999999986,33.8,45.0,133.0,20.0,21.6,50700,15280,35420,0.6986193293885602,8,8,0.0,40.0,0.0,20.0,0.0,-15.0,0.0,0.0,0.0,0.005357029237419136
83,1317,29,15726,1,1,top_clean_score_margin_weight_date,52.7,86.5,115.0,133.0,1.0,0.0,26800,26800,0,0.0,1,-1,0.0,40.0,0.0,20.0,40.0,0.0,15.0,0.0,0.0,0.9443724203931692
83,1317,321,16129,0,1,,52.7,33.8,45.0,133.0,2.0,52.7,26800,20040,6760,0.25223880597014925,13,13,0.0,40.0,0.0,20.0,0.0,-15.0,0.0,0.0,0.0,0.0038403270202930213
84,1314,12,15683,1,1,top_clean_score_margin_weight_date,51.3,90.8,131.59,145.0,1.0,0.0,28880,28880,0,0.0,0,0,1.0,40.0,0.0,20.0,40.0,0.0,25.0,6.01,0.58,0.9900707871459907
84,1314,169,15803,0,1,,51.3,39.5,52.5,133.0,2.0,51.3,28880,25020,3860,0.13365650969529086,3,3,0.0,40.0,0.0,20.0,0.0,-15.0,7.5,0.0,0.0,0.009095775292132964
84,1314,181,15836,0,1,,51.3,39.5,52.5,133.0,3.0,51.3,28880,720,28160,0.9750692520775623,3,3,0.0,40.0,0.0,20.0,0.0,-15.0,7.5,0.0,0.0,0.005976354682564757
84,1314,182,15836,0,1,,51.3,39.5,52.5,133.0,4.0,51.3,28880,700,28180,0.9757617728531855,3,3,0.0,40.0,0.0,20.0,0.0,-15.0,7.5,0.0,0.0,0.005940067547541309
84,1314,183,15836,0,1,,51.3,39.5,52.5,133.0,5.0,51.3,28880,680,28200,0.9764542936288089,3,3,0.0,40.0,0.0,20.0,0.0,-15.0,7.5,0.0,0.0,0.00590399943153025
84,1314,228,15979,0,1,,51.3,36.5,48.58,133.0,6.0,54.3,28880,34460,5580,0.19321329639889195,7,7,0.0,40.0,0.0,20.0,0.0,-15.0,3.0,0.0,0.58,0.005392209541590129
84,1314,307,16073,0,1,,51.3,33.8,45.0,133.0,7.0,57.0,28880,21264,7616,0.26371191135734073,10,10,0.0,40.0,0.0,20.0,0.0,-15.0,0.0,0.0,0.0,0.0035150691551944957
84,1314,146,15759,0,1,,51.3,0.0,-25.44,133.0,8.0,90.8,28880,28260,620,0.02146814404432133,2,2,0.0,0.0,-40.0,0.0,7.06,0.0,7.5,0.0,0.0,0.001501676463972764
85,1311,11,15588,1,1,top_clean_score_margin_weight_date,28.400000000000006,90.4,131.02,145.0,1.0,0.0,37940,37940,0,0.0,0,0,1.0,40.0,0.0,20.0,40.0,0.0,25.0,6.02,0.0,0.9889510191819488
85,1311,225,15884,0,1,,28.400000000000006,62.0,82.43,133.0,2.0,28.400000000000006,37940,38520,580,0.015287295730100159,7,7,0.0,40.0,0.0,20.0,19.43,0.0,3.0,0.0,0.0,0.27899615370624303
85,1311,224,15883,0,1,,28.400000000000006,36.1,48.0,133.0,3.0,54.300000000000004,37940,39680,1740,0.045861887190300474,7,7,0.0,40.0,0.0,20.0,0.0,-15.0,3.0,0.0,0.0,0.005267306401196532
85,1311,304,16088,0,1,,28.400000000000006,33.8,45.0,133.0,4.0,56.60000000000001,37940,25760,12180,0.3210332103321033,13,13,0.0,40.0,0.0,20.0,0.0,-15.0,0.0,0.0,0.0,0.0028456943259715325
